flight_id,pred_descent
4784c2-NOZ191-11-01-17-02,347.98254
4784c2-NOZ191-11-13-13-36,312.40097
4784c2-NOZ191-11-29-17-09,299.17905
4784c2-NOZ270-11-14-07-26,292.01816
4784c2-NOZ270-11-30-07-26,301.4088
4784c2-NOZ270-12-02-07-24,298.84113
4784c2-NOZ271-11-14-06-15,284.63794
4784c2-NOZ271-12-02-06-14,304.40686
4784c2-NOZ271-12-03-07-52,287.38666
4784c2-NOZ278-12-02-19-03,301.0349
4784c2-NOZ2UC-11-07-16-07,294.3179
4784c2-NOZ2UC-11-08-16-03,315.45633
4784c2-NOZ345-11-12-11-17,337.3734
4784c2-NOZ345-11-26-11-13,348.63828
4784c2-NOZ346-11-27-14-53,346.77304
4784c2-NOZ347-11-27-16-44,374.68582
4784c2-NOZ4RZ-11-12-09-18,404.4535
4784c2-NOZ4RZ-11-26-09-20,344.29764
4784c2-NOZ50A-11-03-16-50,312.40097
4784c2-NOZ522-11-28-06-12,310.96274
4784c2-NOZ525-11-28-07-26,276.6248
4784c2-NOZ540-12-01-16-18,359.295
4784c2-NOZ546-11-01-18-20,320.51328
4784c2-NOZ549-11-01-19-33,288.59952
4784c2-NOZ55J-11-03-18-43,334.2004
4784c2-NOZ605-11-15-06-32,323.79846
4784c2-NOZ605-12-28-06-33,312.71454
4784c2-NOZ606-11-15-08-02,316.0462
4784c2-NOZ607-11-01-07-02,374.9605
4784c2-NOZ612-12-27-14-55,341.9977
4784c2-NOZ617-12-27-13-18,291.24442
4784c2-NOZ620-12-27-18-47,317.2381
4784c2-NOZ625-12-27-17-17,317.4029
4784c2-NOZ626-12-22-17-24,269.2687
4784c2-NOZ631-11-15-15-28,321.31848
4784c2-NOZ631-12-22-15-22,414.5986
4784c2-NOZ638-11-14-20-08,292.18155
4784c2-NOZ638-12-21-20-17,317.10486
4784c2-NOZ639-11-07-17-22,318.69803
4784c2-NOZ639-11-08-17-27,315.51123
4784c2-NOZ7C-11-14-08-44,339.91473
4784c2-NOZ7C-12-02-08-42,281.71417
4784c2-NOZ8C-11-13-21-07,272.58414
4784c2-NOZ9BH-11-01-15-38,320.28732
4784c2-NOZ9BH-11-13-12-09,350.2317
4784c2-NOZ9BH-11-29-15-45,322.8677
47873f-NOZ181-12-31-09-25,345.84003
47873f-NOZ191-12-28-17-25,322.1858
47873f-NOZ538-12-21-15-53,389.98297
47873f-NOZ543-12-21-17-15,340.55997
47873f-NOZ9BH-12-28-15-59,292.00006
478741-NOZ181-11-12-08-54,338.29404
478741-NOZ181-11-23-06-07,494.24014
478741-NOZ182-11-12-07-29,346.5213
478741-NOZ183-11-23-09-32,401.83508
478741-NOZ1BG-11-11-06-13,492.8963
478741-NOZ1BG-12-23-10-02,326.5921
478741-NOZ1TT-11-06-14-35,286.3643
478741-NOZ1TT-11-18-14-47,276.53986
478741-NOZ1TT-12-20-14-32,308.35764
478741-NOZ276-11-21-16-07,299.7941
478741-NOZ276-11-22-16-43,264.1417
478741-NOZ277-11-21-18-11,459.86493
478741-NOZ277-11-22-18-17,295.62668
478741-NOZ345-11-04-09-43,399.9569
478741-NOZ346-12-21-15-24,376.67856
478741-NOZ347-12-21-17-22,462.73038
478741-NOZ3VG-12-20-16-02,296.12033
478741-NOZ4HF-11-09-07-03,273.31885
478741-NOZ4RZ-11-04-07-46,332.626
478741-NOZ50A-11-04-16-47,339.74088
478741-NOZ523-11-01-06-30,366.96002
478741-NOZ523-11-02-06-31,510.59375
478741-NOZ523-12-15-06-54,295.49814
478741-NOZ526-11-01-08-06,303.99478
478741-NOZ526-11-02-08-01,322.6301
478741-NOZ526-12-15-08-18,262.2884
478741-NOZ530-11-14-09-50,296.44556
478741-NOZ531-11-14-11-12,382.39554
478741-NOZ532-11-01-11-02,294.13522
478741-NOZ532-11-02-10-59,328.03564
478741-NOZ534-11-14-12-41,272.616
478741-NOZ535-11-01-12-31,339.1902
478741-NOZ535-11-02-12-29,365.55136
478741-NOZ536-11-01-14-11,379.7922
478741-NOZ536-11-02-14-14,380.72202
478741-NOZ537-11-14-13-58,267.21005
478741-NOZ537-12-18-14-56,314.98917
478741-NOZ538-11-14-15-19,350.98352
478741-NOZ538-12-16-15-37,478.24246
478741-NOZ538-12-27-16-00,291.71225
478741-NOZ540-12-18-16-22,312.48798
478741-NOZ541-11-01-15-46,338.04926
478741-NOZ541-11-02-15-38,381.3758
478741-NOZ543-12-16-18-03,520.6658
478741-NOZ543-12-27-17-18,294.80936
478741-NOZ544-11-01-17-11,490.6089
478741-NOZ544-11-02-17-10,404.1732
478741-NOZ545-12-18-17-59,342.44336
478741-NOZ546-11-14-18-10,392.0152
478741-NOZ546-12-16-20-25,407.61868
478741-NOZ546-12-18-19-13,331.09058
478741-NOZ546-12-27-18-43,255.12006
478741-NOZ547-11-01-18-24,333.19763
478741-NOZ547-11-02-18-24,343.79236
478741-NOZ549-11-14-19-25,263.7695
478741-NOZ549-12-27-19-54,293.45172
478741-NOZ550-11-01-19-53,438.68002
478741-NOZ550-12-14-20-21,273.51495
478741-NOZ555-12-18-20-30,344.78424
478741-NOZ55J-11-04-18-38,360.47998
478741-NOZ56U-11-10-18-52,331.36636
478741-NOZ56U-12-22-20-29,362.26498
478741-NOZ5AY-11-01-09-21,316.7387
478741-NOZ5AY-11-02-09-34,357.7825
478741-NOZ5AY-12-15-09-30,276.1331
478741-NOZ5PY-11-06-16-03,329.8278
478741-NOZ5PY-11-18-16-23,324.26944
478741-NOZ601-11-07-05-45,327.5472
478741-NOZ601-11-09-05-35,266.8795
478741-NOZ602-11-08-06-06,319.49155
478741-NOZ607-11-10-07-01,438.50415
478741-NOZ608-11-07-09-47,309.84512
478741-NOZ608-11-09-09-45,299.36655
478741-NOZ609-11-08-07-27,310.20862
478741-NOZ611-11-07-08-26,313.64505
478741-NOZ611-11-09-08-30,295.21463
478741-NOZ612-11-07-12-35,322.80258
478741-NOZ612-11-09-12-26,305.27176
478741-NOZ617-11-07-11-01,285.60034
478741-NOZ617-11-09-11-04,259.14664
478741-NOZ620-11-09-15-20,396.95724
478741-NOZ625-11-07-14-08,300.12766
478741-NOZ625-11-09-13-59,331.55774
478741-NOZ628-11-06-17-28,312.45966
478741-NOZ628-11-18-18-08,334.5705
478741-NOZ632-11-09-18-00,299.90933
478741-NOZ637-11-09-16-42,325.37454
478741-NOZ638-11-06-20-18,315.2912
478741-NOZ638-11-08-20-09,295.97632
478741-NOZ645-11-06-18-48,300.26636
478741-NOZ645-11-18-20-23,287.7152
478741-NOZ6CF-11-03-08-05,489.83282
478741-NOZ6TM-11-22-19-40,318.04086
478741-NOZ8920-12-28-06-34,276.43597
478742-NOZ133-12-18-15-53,238.28021
478742-NOZ134-12-18-16-55,247.03041
478742-NOZ144-11-21-15-47,260.0887
478742-NOZ145-11-21-16-51,298.80093
478742-NOZ182-11-30-07-39,345.78613
478742-NOZ191-11-18-17-55,383.69342
478742-NOZ191-12-30-17-23,287.3912
478742-NOZ1BG-12-07-06-35,358.69485
478742-NOZ1BG-12-16-06-25,427.4464
478742-NOZ1BG-12-27-06-15,372.42825
478742-NOZ1TT-12-16-16-22,305.69287
478742-NOZ1TT-12-21-14-48,296.62625
478742-NOZ270-12-30-07-27,284.97336
478742-NOZ271-12-10-07-32,299.6016
478742-NOZ276-11-29-15-51,276.0936
478742-NOZ277-11-29-17-09,330.955
478742-NOZ278-12-09-19-00,280.84985
478742-NOZ2DC-11-11-06-06,235.70761
478742-NOZ2DC-11-14-05-58,256.68878
478742-NOZ2DC-11-15-06-02,263.2787
478742-NOZ346-12-11-14-41,346.7876
478742-NOZ347-12-11-16-32,383.29572
478742-NOZ3JE-11-11-06-55,241.4949
478742-NOZ3JE-11-15-06-57,224.75993
478742-NOZ3VG-12-21-16-18,305.67203
478742-NOZ50A-11-22-17-34,333.00626
478742-NOZ50A-12-22-17-29,393.19086
478742-NOZ522-11-17-06-10,274.2157
478742-NOZ524-12-02-07-07,288.6327
478742-NOZ524-12-17-08-41,317.96307
478742-NOZ525-11-17-07-25,295.90155
478742-NOZ525-12-04-11-30,348.1296
478742-NOZ530-11-29-09-52,320.8217
478742-NOZ531-11-29-11-06,293.26273
478742-NOZ531-12-17-10-15,391.8115
478742-NOZ532-12-17-12-13,362.27707
478742-NOZ534-11-29-12-36,321.7599
478742-NOZ534-12-04-13-25,333.47214
478742-NOZ534-12-09-13-30,300.5659
478742-NOZ537-11-29-13-58,255.16725
478742-NOZ537-12-04-14-45,300.65665
478742-NOZ537-12-09-14-40,308.03888
478742-NOZ537-12-20-14-13,431.3142
478742-NOZ540-11-17-16-15,334.91
478742-NOZ540-12-04-16-20,338.49945
478742-NOZ540-12-06-16-19,284.9902
478742-NOZ540-12-29-18-41,306.42038
478742-NOZ545-11-17-17-42,308.88242
478742-NOZ545-12-04-17-34,307.78268
478742-NOZ545-12-06-17-35,373.4962
478742-NOZ545-12-29-19-51,326.53232
478742-NOZ546-12-04-18-58,343.24393
478742-NOZ555-12-04-20-30,287.03415
478742-NOZ55J-11-22-19-16,401.4555
478742-NOZ55J-12-22-19-30,326.87692
478742-NOZ56U-12-06-19-08,403.68665
478742-NOZ56U-12-15-20-11,374.10382
478742-NOZ56U-12-26-23-04,347.88385
478742-NOZ607-11-16-06-59,338.75702
478742-NOZ608-11-13-09-56,278.26724
478742-NOZ611-11-13-08-28,352.46072
478742-NOZ617-11-13-11-14,332.93304
478742-NOZ620-11-13-15-29,343.5942
478742-NOZ625-11-13-14-00,402.71228
478742-NOZ628-12-16-20-11,293.5235
478742-NOZ628-12-21-17-45,333.5951
478742-NOZ632-11-13-18-15,305.49338
478742-NOZ637-11-13-16-52,322.04172
478742-NOZ638-11-10-20-24,307.444
478742-NOZ645-12-16-21-30,306.7297
478742-NOZ645-12-21-19-15,300.70996
478742-NOZ647-11-13-19-36,322.87924
478742-NOZ648-11-13-20-58,269.51688
478742-NOZ6TM-11-29-18-46,338.31503
478742-NOZ7C-12-30-08-36,311.95038
478742-NOZ9BH-11-18-16-32,308.54886
478742-NOZ9BH-12-30-15-48,330.48285
47875a-NOZ181-12-07-06-10,299.06323
47875a-NOZ181-12-14-06-41,502.648
47875a-NOZ182-12-14-08-07,293.10126
47875a-NOZ183-12-07-08-44,307.85623
47875a-NOZ183-12-14-09-21,296.14474
47875a-NOZ191-11-25-17-31,352.4345
47875a-NOZ191-12-07-17-06,319.7991
47875a-NOZ1TT-11-23-14-58,293.63803
47875a-NOZ1TT-12-02-14-51,281.87286
47875a-NOZ1YA-12-15-14-41,311.60382
47875a-NOZ270-11-11-07-19,302.33176
47875a-NOZ270-11-23-08-11,255.46529
47875a-NOZ270-12-16-08-06,242.79478
47875a-NOZ271-11-11-06-07,311.68988
47875a-NOZ271-12-16-06-19,310.3489
47875a-NOZ276-12-12-15-58,292.6358
47875a-NOZ276-12-13-16-21,309.7621
47875a-NOZ277-12-06-17-34,294.3353
47875a-NOZ277-12-12-17-22,284.17508
47875a-NOZ277-12-13-18-13,286.26953
47875a-NOZ278-11-10-18-57,277.33563
47875a-NOZ278-12-15-19-48,293.96555
47875a-NOZ2UC-11-15-16-06,275.77744
47875a-NOZ2UC-11-21-16-17,298.46503
47875a-NOZ2UC-11-28-16-11,304.03885
47875a-NOZ345-12-10-11-30,326.0144
47875a-NOZ345-12-15-10-31,380.32648
47875a-NOZ346-12-01-14-44,384.7856
47875a-NOZ347-12-01-16-37,373.5375
47875a-NOZ40A-12-15-13-29,360.03592
47875a-NOZ4RZ-12-10-09-40,314.88327
47875a-NOZ4RZ-12-15-07-54,469.51624
47875a-NOZ50A-12-14-17-07,340.65628
47875a-NOZ522-11-24-06-18,329.46436
47875a-NOZ525-11-24-07-29,304.68076
47875a-NOZ538-11-02-15-19,316.81122
47875a-NOZ538-12-05-16-27,370.11264
47875a-NOZ540-11-10-16-23,417.43234
47875a-NOZ540-12-15-16-10,327.50067
47875a-NOZ543-11-02-16-34,306.63904
47875a-NOZ543-12-05-17-40,278.60913
47875a-NOZ545-11-10-17-43,392.26465
47875a-NOZ545-12-15-17-22,309.65665
47875a-NOZ546-11-02-18-10,307.2718
47875a-NOZ546-12-05-19-04,279.1232
47875a-NOZ549-11-02-19-21,310.53644
47875a-NOZ549-12-05-20-17,265.06476
47875a-NOZ55J-12-14-18-57,373.28647
47875a-NOZ58Z-11-11-14-33,325.8074
47875a-NOZ5PY-11-23-16-14,265.79074
47875a-NOZ5PY-12-02-16-12,368.391
47875a-NOZ602-11-03-06-06,268.74536
47875a-NOZ609-11-03-07-31,307.539
47875a-NOZ628-11-23-18-02,253.26762
47875a-NOZ628-12-02-17-45,268.38345
47875a-NOZ639-11-15-17-22,335.00552
47875a-NOZ639-11-21-17-27,357.55618
47875a-NOZ639-11-28-17-22,329.63077
47875a-NOZ645-11-23-19-08,409.1557
47875a-NOZ645-12-02-18-54,388.69714
47875a-NOZ7C-11-11-08-44,317.76346
47875a-NOZ9BH-11-25-15-35,330.35602
47875a-NOZ9BH-12-07-15-46,328.2843
47875a-NOZ9PL-11-17-07-33,467.0424
47875c-NOZ132-11-01-13-55,375.6565
47875c-NOZ132-11-10-14-02,276.5132
47875c-NOZ133-11-10-15-08,260.6597
47875c-NOZ140-12-05-07-12,230.7701
47875c-NOZ140-12-19-07-25,246.81366
47875c-NOZ141-12-05-08-04,246.52525
47875c-NOZ141-12-19-08-20,242.98553
47875c-NOZ142-12-18-14-10,210.1367
47875c-NOZ143-12-18-15-15,270.80383
47875c-NOZ144-12-08-15-16,243.62874
47875c-NOZ181-11-28-05-59,338.6698
47875c-NOZ181-12-10-09-02,316.83914
47875c-NOZ182-11-28-07-41,323.15234
47875c-NOZ182-12-10-07-49,295.87897
47875c-NOZ183-11-28-08-56,330.67484
47875c-NOZ191-11-30-16-56,327.0113
47875c-NOZ191-12-13-17-22,328.0965
47875c-NOZ191-12-15-17-06,344.88208
47875c-NOZ1BG-12-15-07-11,486.69717
47875c-NOZ1YA-12-10-13-12,342.12103
47875c-NOZ2DC-11-03-06-03,259.236
47875c-NOZ2DC-11-04-05-59,223.78452
47875c-NOZ2DC-11-07-06-03,219.64352
47875c-NOZ2DC-11-09-06-02,218.96527
47875c-NOZ2DC-11-16-06-05,234.89685
47875c-NOZ2DC-11-21-06-00,304.3336
47875c-NOZ2DC-11-22-06-01,270.93478
47875c-NOZ2DC-11-23-05-57,285.7814
47875c-NOZ2DC-11-24-06-07,285.40335
47875c-NOZ2GH-11-06-14-59,304.26306
47875c-NOZ345-12-03-11-23,352.64783
47875c-NOZ3JE-11-02-07-00,232.57506
47875c-NOZ3JE-11-03-06-52,243.29509
47875c-NOZ3JE-11-04-07-04,260.56998
47875c-NOZ3JE-11-07-08-10,220.15533
47875c-NOZ3JE-11-09-07-01,239.76895
47875c-NOZ3JE-11-16-07-10,248.88019
47875c-NOZ3JE-11-21-07-04,224.62643
47875c-NOZ3JE-11-22-06-56,218.2402
47875c-NOZ3JE-11-23-06-55,221.66472
47875c-NOZ3JE-11-24-07-05,252.53105
47875c-NOZ40A-12-10-11-13,336.06293
47875c-NOZ4HF-11-08-06-59,308.652
47875c-NOZ4HF-11-10-07-03,305.63953
47875c-NOZ4RZ-12-03-09-20,366.854
47875c-NOZ522-11-29-06-02,311.49106
47875c-NOZ522-12-12-06-12,302.86246
47875c-NOZ525-11-29-07-15,304.3681
47875c-NOZ525-12-12-07-20,294.55362
47875c-NOZ530-12-14-09-58,277.22232
47875c-NOZ530-12-15-10-23,297.4523
47875c-NOZ531-12-14-11-06,252.24702
47875c-NOZ531-12-15-11-35,324.43152
47875c-NOZ534-12-14-12-43,271.8059
47875c-NOZ534-12-15-12-57,257.97327
47875c-NOZ537-12-14-13-53,271.82846
47875c-NOZ537-12-15-14-10,360.2308
47875c-NOZ538-12-30-15-16,279.399
47875c-NOZ543-12-30-16-47,336.373
47875c-NOZ545-12-14-17-26,317.0524
47875c-NOZ546-12-30-18-13,484.93472
47875c-NOZ56U-12-14-18-56,382.5139
47875c-NOZ601-11-08-05-36,291.6299
47875c-NOZ601-11-10-05-36,303.48322
47875c-NOZ607-11-11-07-08,310.70367
47875c-NOZ607-11-25-07-06,368.29843
47875c-NOZ608-11-08-09-39,317.99475
47875c-NOZ608-11-10-09-44,308.8094
47875c-NOZ60M-12-07-16-25,309.6054
47875c-NOZ611-11-08-08-24,321.65775
47875c-NOZ611-11-10-08-20,337.91565
47875c-NOZ612-11-08-12-21,309.33878
47875c-NOZ612-11-10-12-27,266.81638
47875c-NOZ614-11-20-13-57,286.14835
47875c-NOZ617-11-08-10-58,303.09042
47875c-NOZ617-11-10-11-10,330.4313
47875c-NOZ620-11-08-15-22,313.25137
47875c-NOZ620-11-23-15-51,292.79688
47875c-NOZ623-11-20-12-34,375.4708
47875c-NOZ624-11-06-16-21,285.50232
47875c-NOZ625-11-08-13-56,282.08154
47875c-NOZ625-11-23-14-03,316.209
47875c-NOZ626-11-02-16-45,292.3082
47875c-NOZ626-11-07-17-04,276.40277
47875c-NOZ626-11-09-16-42,315.20972
47875c-NOZ626-11-15-16-56,272.19955
47875c-NOZ626-11-16-16-41,333.90112
47875c-NOZ626-11-18-17-13,288.33612
47875c-NOZ626-11-20-17-08,317.0521
47875c-NOZ631-11-02-15-23,329.29474
47875c-NOZ631-11-07-15-30,307.05414
47875c-NOZ631-11-09-15-23,338.85895
47875c-NOZ631-11-16-15-24,344.284
47875c-NOZ631-11-18-15-40,323.7361
47875c-NOZ631-11-20-15-38,560.2515
47875c-NOZ632-11-08-18-00,304.70938
47875c-NOZ632-11-23-18-40,259.26343
47875c-NOZ634-11-20-20-06,331.2335
47875c-NOZ637-11-08-16-38,331.8988
47875c-NOZ637-11-23-17-03,308.41043
47875c-NOZ643-11-20-18-24,417.15317
47875c-NOZ64N-11-11-16-55,382.57318
47875c-NOZ6TM-11-27-20-11,321.2926
47875c-NOZ8820-11-17-13-44,226.79079
47875c-NOZ8821-11-17-16-52,343.27634
47875c-NOZ9BH-11-30-15-33,301.41714
47875c-NOZ9BH-12-15-15-40,350.4141
47875c-NOZ9WB-11-17-07-35,332.0422
47875c-NOZ9WB-11-18-07-29,311.94366
478772-NOZ181-12-20-07-39,304.39554
478772-NOZ191-11-04-17-33,320.8033
478772-NOZ191-11-17-16-57,392.27603
478772-NOZ191-12-08-17-41,378.56454
478772-NOZ191-12-19-18-25,441.44507
478772-NOZ191-12-20-17-20,290.53412
478772-NOZ194-11-06-19-12,308.0703
478772-NOZ195-11-06-20-33,364.33185
478772-NOZ1BG-11-15-06-20,376.83395
478772-NOZ1BG-11-17-06-06,402.30597
478772-NOZ1BG-12-08-06-31,401.80902
478772-NOZ271-12-21-06-16,285.2911
478772-NOZ276-11-24-16-07,281.6411
478772-NOZ277-11-24-17-25,302.6234
478772-NOZ278-12-20-19-12,244.70605
478772-NOZ2BE-11-11-12-46,344.58408
478772-NOZ2DC-12-27-06-26,297.021
478772-NOZ2UC-11-06-16-14,284.2904
478772-NOZ347-12-04-16-59,434.79282
478772-NOZ3JE-12-27-08-06,273.83426
478772-NOZ4HF-11-24-07-12,296.84854
478772-NOZ50A-11-15-16-37,324.5847
478772-NOZ50A-11-21-16-40,384.87625
478772-NOZ50A-12-06-16-57,339.19244
478772-NOZ521-11-29-05-31,299.14236
478772-NOZ521-11-30-05-36,298.3256
478772-NOZ521-12-01-05-26,302.11258
478772-NOZ521-12-02-05-28,325.48798
478772-NOZ522-11-22-06-24,287.5923
478772-NOZ522-12-13-06-10,370.8463
478772-NOZ523-11-26-06-03,336.66037
478772-NOZ523-11-28-06-30,407.32742
478772-NOZ524-11-26-07-35,349.6705
478772-NOZ524-11-29-06-59,284.7881
478772-NOZ524-11-30-07-04,324.03186
478772-NOZ524-12-01-07-01,323.71573
478772-NOZ525-11-22-07-33,285.94034
478772-NOZ525-12-13-07-24,302.88498
478772-NOZ526-11-28-07-57,281.22778
478772-NOZ530-11-16-09-52,287.27982
478772-NOZ530-11-17-09-59,337.42828
478772-NOZ530-11-21-10-13,292.26794
478772-NOZ530-11-27-09-32,372.01703
478772-NOZ530-12-08-09-49,290.3272
478772-NOZ531-11-16-11-09,317.00204
478772-NOZ531-11-17-11-19,283.07352
478772-NOZ531-11-21-11-21,333.99713
478772-NOZ531-11-26-08-51,335.62717
478772-NOZ531-11-27-08-01,338.62878
478772-NOZ531-12-08-11-08,556.9351
478772-NOZ532-11-26-10-17,306.73996
478772-NOZ532-11-27-12-17,338.19162
478772-NOZ532-11-28-10-57,296.17383
478772-NOZ534-11-16-12-39,326.44714
478772-NOZ534-11-17-12-47,286.04834
478772-NOZ534-11-21-12-42,328.46075
478772-NOZ534-12-08-12-46,292.5797
478772-NOZ534-12-16-14-07,331.42166
478772-NOZ535-11-27-14-01,510.5504
478772-NOZ535-11-28-12-31,310.63434
478772-NOZ536-11-28-14-16,312.45148
478772-NOZ536-12-18-14-57,273.3916
478772-NOZ537-11-16-14-04,333.7238
478772-NOZ537-11-17-14-14,343.65335
478772-NOZ537-11-21-13-57,412.48807
478772-NOZ537-12-08-14-18,282.42218
478772-NOZ537-12-16-17-54,305.4992
478772-NOZ538-11-01-15-14,351.81897
478772-NOZ538-11-25-15-19,335.5273
478772-NOZ538-11-27-15-30,313.2073
478772-NOZ540-12-07-16-29,386.23508
478772-NOZ541-11-28-15-43,361.02304
478772-NOZ541-12-18-16-17,295.29825
478772-NOZ543-11-01-16-34,316.15234
478772-NOZ543-11-25-16-42,474.08426
478772-NOZ543-11-27-16-52,399.4204
478772-NOZ544-11-27-18-21,365.92316
478772-NOZ544-11-28-17-17,340.70013
478772-NOZ545-12-07-17-39,315.42502
478772-NOZ546-11-25-18-20,349.69183
478772-NOZ549-11-27-19-47,325.75397
478772-NOZ550-11-27-21-05,370.9664
478772-NOZ55J-11-15-18-29,405.84543
478772-NOZ55J-11-21-18-28,339.3285
478772-NOZ55J-12-06-18-44,356.0583
478772-NOZ56U-11-14-19-13,365.75153
478772-NOZ56U-11-16-19-03,346.0982
478772-NOZ56U-12-07-19-08,366.44806
478772-NOZ5AY-11-27-10-57,346.4795
478772-NOZ5AY-11-28-09-20,319.4853
478772-NOZ5PR-11-18-16-00,296.37982
478772-NOZ601-11-24-05-35,338.1897
478772-NOZ602-11-09-07-05,294.96375
478772-NOZ602-11-16-06-02,303.67892
478772-NOZ602-12-06-06-05,328.8875
478772-NOZ608-11-24-10-05,296.77197
478772-NOZ608-12-28-10-15,362.86246
478772-NOZ609-11-09-08-18,250.64673
478772-NOZ609-11-16-07-25,348.84497
478772-NOZ609-12-06-07-23,736.0084
478772-NOZ611-11-24-08-28,440.54337
478772-NOZ611-12-28-08-43,387.3282
478772-NOZ612-11-24-12-43,246.22614
478772-NOZ617-11-24-11-21,298.08798
478772-NOZ617-12-28-11-39,336.935
478772-NOZ625-11-24-14-02,426.78653
478772-NOZ626-12-27-16-51,378.75232
478772-NOZ631-12-27-15-23,329.6182
478772-NOZ638-11-23-20-28,300.43866
478772-NOZ639-11-06-17-43,442.99515
478772-NOZ639-12-09-17-32,324.2082
478772-NOZ639-12-16-21-45,341.5569
478772-NOZ639-12-30-17-42,345.3852
478772-NOZ64N-12-23-17-53,306.01096
478772-NOZ6CF-11-11-08-14,360.58124
478772-NOZ6TC-11-11-17-22,355.08386
478772-NOZ6TM-12-19-20-36,321.37964
478772-NOZ9BH-11-17-15-36,303.59857
478772-NOZ9BH-12-08-15-49,325.15213
478772-NOZ9BH-12-19-16-57,307.85065
478772-NOZ9BH-12-20-15-53,311.2366
47878c-NOZ132-11-08-13-59,431.0973
47878c-NOZ132-11-11-14-02,385.5901
47878c-NOZ133-11-08-15-00,309.23273
47878c-NOZ133-11-11-15-05,427.66986
47878c-NOZ140-11-22-07-20,254.96548
47878c-NOZ140-11-23-06-59,258.44162
47878c-NOZ141-11-22-08-14,293.41827
47878c-NOZ141-11-23-07-58,301.1508
47878c-NOZ144-11-22-15-43,267.1521
47878c-NOZ145-11-22-16-41,237.37003
47878c-NOZ194-11-27-18-56,324.57495
47878c-NOZ195-11-27-20-17,313.0347
47878c-NOZ1BG-11-16-06-05,432.2337
47878c-NOZ1BG-12-14-06-01,339.22174
47878c-NOZ270-12-27-07-43,286.02148
47878c-NOZ2DC-11-10-05-57,250.56595
47878c-NOZ2DC-12-07-06-11,232.9732
47878c-NOZ2UC-11-27-16-10,361.18643
47878c-NOZ345-11-01-09-37,337.86395
47878c-NOZ345-12-28-09-49,309.99792
47878c-NOZ346-12-27-14-37,350.815
47878c-NOZ347-12-27-17-01,318.00082
47878c-NOZ3JE-11-10-06-57,272.6468
47878c-NOZ3JE-12-07-07-02,231.11644
47878c-NOZ4HF-11-03-06-59,314.7734
47878c-NOZ4HF-11-14-07-09,306.43893
47878c-NOZ4HF-12-06-07-23,268.3626
47878c-NOZ4HF-12-08-07-12,598.3846
47878c-NOZ4RZ-11-01-07-37,344.27316
47878c-NOZ4RZ-12-28-07-55,337.77002
47878c-NOZ530-11-15-09-58,278.66068
47878c-NOZ531-11-15-11-10,309.75323
47878c-NOZ534-11-15-12-42,309.82797
47878c-NOZ537-11-15-14-02,327.97964
47878c-NOZ540-11-15-16-04,321.58826
47878c-NOZ540-12-13-16-29,287.03827
47878c-NOZ545-11-15-17-31,304.6835
47878c-NOZ545-12-13-17-44,308.6823
47878c-NOZ56U-11-15-18-55,330.67154
47878c-NOZ56U-12-13-19-17,331.4648
47878c-NOZ601-11-03-05-34,314.59558
47878c-NOZ601-11-14-05-33,326.0716
47878c-NOZ601-12-06-05-32,315.48505
47878c-NOZ601-12-08-05-59,326.0444
47878c-NOZ602-11-17-06-04,295.45615
47878c-NOZ605-11-02-06-42,446.11206
47878c-NOZ605-11-07-06-35,365.36105
47878c-NOZ605-11-09-06-29,344.3605
47878c-NOZ605-11-11-06-32,420.1754
47878c-NOZ605-12-12-06-30,273.5713
47878c-NOZ606-11-02-08-04,368.11478
47878c-NOZ606-11-07-08-06,303.23587
47878c-NOZ606-11-09-07-59,298.00397
47878c-NOZ606-11-11-08-05,427.86853
47878c-NOZ606-12-12-08-07,439.11932
47878c-NOZ608-11-03-09-47,329.07953
47878c-NOZ608-11-14-09-46,290.9811
47878c-NOZ608-12-06-09-43,337.73315
47878c-NOZ608-12-08-09-51,283.2415
47878c-NOZ609-11-17-07-34,338.9648
47878c-NOZ611-11-03-08-23,373.5311
47878c-NOZ611-11-14-08-31,330.96335
47878c-NOZ611-12-06-08-28,362.81195
47878c-NOZ611-12-08-08-37,324.47128
47878c-NOZ612-11-03-12-32,271.4241
47878c-NOZ612-12-06-12-28,263.50702
47878c-NOZ612-12-08-12-38,310.64307
47878c-NOZ614-12-11-14-37,339.79758
47878c-NOZ617-11-03-11-06,310.93042
47878c-NOZ617-12-06-10-58,360.7293
47878c-NOZ617-12-08-11-10,345.04346
47878c-NOZ620-11-03-15-24,289.1177
47878c-NOZ620-12-06-15-30,312.58856
47878c-NOZ620-12-08-15-31,305.31702
47878c-NOZ623-12-11-13-06,277.88605
47878c-NOZ625-11-03-14-02,342.85773
47878c-NOZ625-12-06-13-50,323.2667
47878c-NOZ625-12-08-13-58,328.26474
47878c-NOZ626-11-04-17-02,305.5814
47878c-NOZ626-11-10-16-54,329.62637
47878c-NOZ626-12-07-16-46,368.1964
47878c-NOZ626-12-09-16-55,305.3345
47878c-NOZ631-11-04-15-32,328.8077
47878c-NOZ631-11-10-15-32,279.9172
47878c-NOZ631-12-07-15-31,327.7125
47878c-NOZ631-12-09-15-26,295.5142
47878c-NOZ632-11-03-18-07,253.62535
47878c-NOZ632-12-06-18-17,268.54654
47878c-NOZ632-12-08-18-11,301.08517
47878c-NOZ637-11-03-16-45,305.488
47878c-NOZ637-12-06-16-45,304.78915
47878c-NOZ637-12-08-16-51,353.12
47878c-NOZ638-11-01-20-00,291.8386
47878c-NOZ638-12-05-20-12,320.38507
47878c-NOZ639-11-27-17-32,331.95325
47878c-NOZ639-11-30-17-26,333.19257
47878c-NOZ7C-12-27-08-49,299.25894
47878c-NOZ8GN-11-18-07-11,337.40817
47878d-NOZ132-11-07-14-02,239.29678
47878d-NOZ132-11-29-13-57,250.60443
47878d-NOZ132-12-29-14-04,250.22328
47878d-NOZ133-11-07-14-53,260.13162
47878d-NOZ133-11-29-14-51,243.40395
47878d-NOZ133-12-29-14-58,295.4746
47878d-NOZ181-11-01-06-03,399.86368
47878d-NOZ181-12-09-06-38,436.69275
47878d-NOZ182-11-01-07-34,293.17926
47878d-NOZ182-12-09-08-06,293.94397
47878d-NOZ183-11-01-08-49,315.44128
47878d-NOZ183-12-04-08-06,302.725
47878d-NOZ183-12-09-09-28,299.1756
47878d-NOZ183-12-25-10-41,305.9329
47878d-NOZ191-11-23-17-18,322.37234
47878d-NOZ1BG-11-12-06-04,341.69876
47878d-NOZ1BG-12-06-06-15,644.4143
47878d-NOZ1TT-11-15-14-39,311.06314
47878d-NOZ1TT-11-25-14-47,337.1539
47878d-NOZ271-12-07-06-36,329.45856
47878d-NOZ272-12-04-15-46,269.94427
47878d-NOZ275-12-04-17-02,289.62494
47878d-NOZ276-12-18-13-42,292.2381
47878d-NOZ277-12-18-15-30,283.99423
47878d-NOZ278-12-06-19-16,269.6318
47878d-NOZ2KT-12-06-16-26,314.6835
47878d-NOZ345-11-15-09-32,374.22192
47878d-NOZ345-11-28-09-43,305.34805
47878d-NOZ346-11-09-14-35,354.38763
47878d-NOZ346-11-14-14-40,337.48203
47878d-NOZ347-11-09-16-32,327.94385
47878d-NOZ347-11-14-16-37,427.3437
47878d-NOZ3DB-11-18-18-19,332.30832
47878d-NOZ3J-11-18-15-26,429.80377
47878d-NOZ4RZ-11-15-07-36,350.10995
47878d-NOZ4RZ-11-28-07-46,352.39435
47878d-NOZ50A-11-08-16-41,395.36685
47878d-NOZ50A-11-27-16-42,367.73883
47878d-NOZ50A-12-27-16-50,320.66324
47878d-NOZ522-11-03-06-02,376.81186
47878d-NOZ522-11-23-06-34,251.22491
47878d-NOZ525-11-03-07-20,336.74274
47878d-NOZ525-11-23-07-42,301.08875
47878d-NOZ530-12-06-10-01,269.9556
47878d-NOZ531-12-06-11-11,306.2423
47878d-NOZ534-12-06-12-37,285.2307
47878d-NOZ537-12-06-13-53,330.91348
47878d-NOZ540-12-02-16-13,365.27518
47878d-NOZ545-12-02-17-26,301.01425
47878d-NOZ55J-11-08-18-37,368.06668
47878d-NOZ55J-11-27-18-49,371.75565
47878d-NOZ55J-12-27-18-42,334.44193
47878d-NOZ56U-11-11-19-08,360.1707
47878d-NOZ56U-12-05-18-58,358.1809
47878d-NOZ5PY-11-15-16-03,325.66403
47878d-NOZ5PY-11-25-16-11,316.03748
47878d-NOZ602-11-14-06-06,300.00446
47878d-NOZ602-12-20-07-11,322.2024
47878d-NOZ605-11-17-06-39,338.36212
47878d-NOZ606-11-17-08-05,341.71198
47878d-NOZ606-12-28-08-23,332.53943
47878d-NOZ607-11-08-07-00,334.25842
47878d-NOZ607-11-18-07-00,375.51575
47878d-NOZ607-11-30-06-58,289.30966
47878d-NOZ608-11-05-09-10,333.67017
47878d-NOZ608-11-06-09-44,344.2758
47878d-NOZ608-12-30-09-52,268.2532
47878d-NOZ609-11-14-07-27,319.0791
47878d-NOZ609-12-20-08-37,338.62296
47878d-NOZ611-11-06-08-27,477.92035
47878d-NOZ611-12-30-08-26,330.09793
47878d-NOZ612-11-06-12-42,298.3876
47878d-NOZ612-12-30-12-54,306.02423
47878d-NOZ617-11-06-11-08,402.68213
47878d-NOZ617-12-30-11-25,377.48608
47878d-NOZ620-11-06-15-31,275.30798
47878d-NOZ620-11-17-15-38,285.37302
47878d-NOZ620-12-30-15-55,453.27045
47878d-NOZ625-11-06-14-10,324.45053
47878d-NOZ625-11-17-14-06,331.8787
47878d-NOZ625-12-30-14-18,413.03403
47878d-NOZ628-11-15-17-29,274.6737
47878d-NOZ628-11-25-17-29,346.0337
47878d-NOZ632-11-06-18-21,300.40283
47878d-NOZ632-11-07-19-55,258.6057
47878d-NOZ632-11-17-18-25,323.02463
47878d-NOZ637-11-06-16-59,321.82925
47878d-NOZ637-11-07-18-29,287.32104
47878d-NOZ637-11-17-16-57,325.9777
47878d-NOZ638-11-28-20-07,305.9001
47878d-NOZ645-11-25-18-49,352.35318
47878d-NOZ647-11-06-19-40,293.3854
47878d-NOZ648-11-06-21-05,273.79196
47878d-NOZ6TM-12-02-19-02,330.9921
47878d-NOZ6TM-12-08-19-13,290.90964
47878d-NOZ9BH-11-23-15-55,305.59348
47878d-NOZ9BH-12-09-16-22,303.0118
47878d-NOZ9BH-12-21-15-45,303.51678
4787a0-NOZ140-11-09-07-08,363.13144
4787a0-NOZ141-11-09-08-10,266.25095
4787a0-NOZ142-11-13-12-12,315.3082
4787a0-NOZ143-11-13-14-38,282.36993
4787a0-NOZ144-11-07-15-51,243.39954
4787a0-NOZ144-11-09-15-50,241.264
4787a0-NOZ145-11-07-16-47,239.05716
4787a0-NOZ145-11-09-16-44,307.62906
4787a0-NOZ181-12-17-10-02,306.5886
4787a0-NOZ182-12-17-08-30,287.8678
4787a0-NOZ191-12-27-17-29,366.80554
4787a0-NOZ1BG-11-29-05-59,405.87253
4787a0-NOZ1BG-12-03-06-00,420.9405
4787a0-NOZ1BG-12-20-06-08,486.8276
4787a0-NOZ1TT-12-08-14-35,332.83704
4787a0-NOZ270-11-17-07-28,270.0729
4787a0-NOZ270-11-24-07-44,262.18674
4787a0-NOZ270-12-28-08-05,347.09695
4787a0-NOZ271-11-17-06-10,354.75757
4787a0-NOZ271-11-24-06-09,296.37854
4787a0-NOZ271-11-26-07-34,273.4667
4787a0-NOZ271-12-14-06-28,401.43137
4787a0-NOZ276-12-05-16-52,349.9022
4787a0-NOZ276-12-15-16-31,340.68112
4787a0-NOZ277-12-05-18-09,283.7066
4787a0-NOZ277-12-15-17-53,292.53397
4787a0-NOZ278-11-16-18-57,274.67227
4787a0-NOZ278-11-23-19-29,259.97998
4787a0-NOZ278-11-25-18-59,287.76227
4787a0-NOZ278-12-13-19-06,255.67734
4787a0-NOZ2DC-11-30-05-59,257.73608
4787a0-NOZ2DC-12-09-05-56,234.86482
4787a0-NOZ2GH-12-11-15-03,340.77374
4787a0-NOZ2UC-11-01-16-05,299.47464
4787a0-NOZ345-12-31-11-23,318.04373
4787a0-NOZ346-11-11-14-35,398.9204
4787a0-NOZ346-12-29-16-30,313.17685
4787a0-NOZ347-11-11-16-35,374.4204
4787a0-NOZ347-12-29-21-05,400.4338
4787a0-NOZ3JE-11-30-06-51,226.07655
4787a0-NOZ3JE-12-09-07-05,214.08284
4787a0-NOZ4RZ-12-31-09-26,344.53067
4787a0-NOZ50A-12-21-17-11,331.6466
4787a0-NOZ530-12-13-10-07,366.505
4787a0-NOZ531-12-13-11-17,274.89685
4787a0-NOZ534-12-13-12-54,311.38116
4787a0-NOZ537-12-13-14-17,289.9249
4787a0-NOZ538-11-03-15-25,302.81943
4787a0-NOZ538-12-26-15-59,297.2542
4787a0-NOZ538-12-28-15-34,326.18793
4787a0-NOZ543-11-03-16-54,324.4425
4787a0-NOZ543-12-26-17-12,346.8058
4787a0-NOZ546-11-03-18-19,266.6302
4787a0-NOZ546-12-28-18-39,311.00043
4787a0-NOZ549-11-03-19-32,283.79984
4787a0-NOZ549-12-28-19-47,312.38324
4787a0-NOZ55J-12-21-19-15,295.58832
4787a0-NOZ56U-11-28-18-54,345.41928
4787a0-NOZ56U-12-02-19-10,337.5356
4787a0-NOZ56U-12-19-20-06,328.3275
4787a0-NOZ607-12-01-07-02,332.23242
4787a0-NOZ607-12-12-07-06,307.44473
4787a0-NOZ608-12-10-08-59,290.83185
4787a0-NOZ609-12-10-07-36,326.18512
4787a0-NOZ624-12-11-16-33,294.8455
4787a0-NOZ626-11-30-16-41,294.35086
4787a0-NOZ628-12-08-17-41,304.522
4787a0-NOZ631-11-30-15-21,337.41718
4787a0-NOZ638-11-29-20-03,285.9031
4787a0-NOZ638-12-08-20-23,295.38162
4787a0-NOZ639-11-01-17-20,367.01532
4787a0-NOZ639-11-24-17-28,415.52982
4787a0-NOZ645-12-08-18-57,328.5292
4787a0-NOZ7C-11-17-08-46,251.57088
4787a0-NOZ7C-11-24-08-55,444.63144
4787a0-NOZ7C-12-28-09-40,300.36417
4787a0-NOZ93E-11-16-17-29,353.22205
4787b3-NOZ132-12-01-14-05,241.9976
4787b3-NOZ132-12-06-14-06,230.21793
4787b3-NOZ133-12-01-14-56,246.4418
4787b3-NOZ133-12-06-14-53,221.44687
4787b3-NOZ144-12-29-15-16,317.18713
4787b3-NOZ145-12-29-16-12,320.3223
4787b3-NOZ1BG-12-13-06-01,369.4361
4787b3-NOZ1TT-12-05-14-43,283.9819
4787b3-NOZ270-12-05-07-25,266.5783
4787b3-NOZ271-12-05-06-06,327.33298
4787b3-NOZ2DC-11-29-06-06,238.95049
4787b3-NOZ2DC-12-01-06-03,248.52762
4787b3-NOZ345-11-14-10-01,361.59607
4787b3-NOZ345-11-19-11-22,344.1292
4787b3-NOZ345-11-22-09-34,313.73135
4787b3-NOZ346-11-21-14-40,389.73834
4787b3-NOZ347-11-21-16-38,542.3925
4787b3-NOZ3JE-11-29-07-01,216.21085
4787b3-NOZ3JE-12-01-06-59,245.73796
4787b3-NOZ3VG-12-05-16-06,315.97812
4787b3-NOZ4HF-11-28-07-04,288.2028
4787b3-NOZ4HF-12-07-07-00,323.92465
4787b3-NOZ4RZ-11-14-07-35,320.3
4787b3-NOZ4RZ-11-19-09-22,319.91397
4787b3-NOZ4RZ-11-22-07-50,318.12033
4787b3-NOZ50A-11-13-16-35,519.2875
4787b3-NOZ50A-11-17-16-51,342.4948
4787b3-NOZ521-11-11-05-30,340.4742
4787b3-NOZ523-11-07-06-31,479.7737
4787b3-NOZ524-11-11-07-03,336.22144
4787b3-NOZ525-11-13-11-38,439.30048
4787b3-NOZ526-11-07-07-57,281.19238
4787b3-NOZ530-11-06-09-36,299.50006
4787b3-NOZ531-11-06-08-11,302.69513
4787b3-NOZ532-11-06-12-21,397.91162
4787b3-NOZ532-11-07-11-01,348.0481
4787b3-NOZ532-12-09-11-16,358.27963
4787b3-NOZ534-11-13-13-21,344.49042
4787b3-NOZ535-11-06-13-38,458.72607
4787b3-NOZ535-11-07-12-30,286.9259
4787b3-NOZ535-12-09-12-51,357.60376
4787b3-NOZ535-12-27-13-02,287.57297
4787b3-NOZ536-11-07-14-18,395.702
4787b3-NOZ536-12-09-14-27,337.0425
4787b3-NOZ536-12-27-14-39,351.32962
4787b3-NOZ537-11-13-14-43,364.62833
4787b3-NOZ538-11-04-15-41,263.46014
4787b3-NOZ538-11-06-15-06,331.79355
4787b3-NOZ541-11-07-15-45,297.39853
4787b3-NOZ541-12-09-15-54,283.99884
4787b3-NOZ541-12-27-15-56,291.6483
4787b3-NOZ543-11-04-17-13,382.6206
4787b3-NOZ543-11-06-16-42,392.37296
4787b3-NOZ544-11-06-18-14,327.6797
4787b3-NOZ544-11-07-17-09,390.4221
4787b3-NOZ546-11-04-18-45,423.5028
4787b3-NOZ549-11-06-19-36,316.53003
4787b3-NOZ550-11-06-21-03,346.26825
4787b3-NOZ55J-11-13-18-43,416.43552
4787b3-NOZ55J-11-17-18-44,360.16898
4787b3-NOZ56U-12-12-19-29,290.12363
4787b3-NOZ5AY-11-06-10-49,400.51517
4787b3-NOZ5AY-11-07-09-16,303.27072
4787b3-NOZ601-11-23-05-33,398.62054
4787b3-NOZ601-11-28-05-29,385.1957
4787b3-NOZ601-12-07-05-39,300.36533
4787b3-NOZ602-11-01-06-05,332.68423
4787b3-NOZ602-11-21-06-04,301.17334
4787b3-NOZ605-11-24-06-37,566.08844
4787b3-NOZ605-11-30-06-30,348.60553
4787b3-NOZ606-11-24-08-26,485.86566
4787b3-NOZ606-11-30-08-03,315.5308
4787b3-NOZ607-12-02-07-06,289.75272
4787b3-NOZ607-12-08-07-20,398.86905
4787b3-NOZ608-11-23-10-57,277.78693
4787b3-NOZ608-11-28-09-47,276.42505
4787b3-NOZ608-12-07-09-42,264.44882
4787b3-NOZ609-11-01-07-26,316.35336
4787b3-NOZ609-11-21-07-26,371.6257
4787b3-NOZ611-11-23-08-34,347.17227
4787b3-NOZ611-11-28-08-19,320.5174
4787b3-NOZ611-12-07-08-18,299.78265
4787b3-NOZ612-11-23-13-36,266.17618
4787b3-NOZ612-11-28-12-22,328.07727
4787b3-NOZ612-12-03-12-33,323.31757
4787b3-NOZ612-12-07-12-24,288.1117
4787b3-NOZ617-11-23-12-07,282.69705
4787b3-NOZ617-11-28-11-03,323.40207
4787b3-NOZ617-12-07-10-58,283.112
4787b3-NOZ620-11-27-16-12,314.2915
4787b3-NOZ620-11-28-15-21,303.48685
4787b3-NOZ620-12-07-15-52,264.81033
4787b3-NOZ625-11-27-14-32,332.82782
4787b3-NOZ625-11-28-14-01,334.1405
4787b3-NOZ625-12-03-14-02,340.36093
4787b3-NOZ625-12-07-14-04,370.58414
4787b3-NOZ626-11-23-17-40,282.08987
4787b3-NOZ626-11-24-17-03,285.0586
4787b3-NOZ626-11-25-16-58,321.74777
4787b3-NOZ628-12-05-17-29,305.00055
4787b3-NOZ631-11-23-15-28,391.17548
4787b3-NOZ631-11-24-15-21,297.36804
4787b3-NOZ631-11-25-15-41,345.2401
4787b3-NOZ632-11-27-18-52,278.97058
4787b3-NOZ632-11-28-18-10,351.07907
4787b3-NOZ637-11-27-17-31,362.22662
4787b3-NOZ637-11-28-16-39,298.78998
4787b3-NOZ637-12-07-16-55,310.20596
4787b3-NOZ638-11-22-20-25,283.3143
4787b3-NOZ647-11-27-20-17,342.30478
4787b3-NOZ648-11-27-21-37,317.56305
4787b3-NOZ6TM-12-21-19-56,325.37393
4787b3-NOZ7C-12-05-08-41,331.2526
4787b3-NOZ8C-12-04-21-08,312.6282
4787b3-NOZ9BH-12-04-12-17,371.02106
4791ac-NOZ132-11-17-14-04,219.44327
4791ac-NOZ133-11-17-15-09,235.4899
4791ac-NOZ140-11-10-07-06,357.3939
4791ac-NOZ140-11-11-07-13,263.65897
4791ac-NOZ141-11-10-08-06,231.32019
4791ac-NOZ141-11-11-08-08,355.59473
4791ac-NOZ144-11-24-15-12,266.87338
4791ac-NOZ145-11-24-16-08,238.72841
4791ac-NOZ183-11-20-07-53,336.67612
4791ac-NOZ191-11-16-17-08,347.2567
4791ac-NOZ1BG-11-08-06-25,327.58984
4791ac-NOZ1TT-11-27-14-34,345.46442
4791ac-NOZ1TT-11-29-14-36,332.38025
4791ac-NOZ270-11-18-07-22,235.99788
4791ac-NOZ270-11-22-09-01,290.61612
4791ac-NOZ271-11-22-07-54,333.92865
4791ac-NOZ272-11-20-15-39,300.20422
4791ac-NOZ275-11-20-16-48,310.88135
4791ac-NOZ278-11-21-19-01,282.3865
4791ac-NOZ2BE-11-13-12-33,404.14157
4791ac-NOZ2KT-12-23-16-32,322.40646
4791ac-NOZ2UC-12-12-16-22,271.76236
4791ac-NOZ345-11-13-10-22,385.65463
4791ac-NOZ345-11-23-09-57,309.02414
4791ac-NOZ345-12-09-10-04,385.59378
4791ac-NOZ346-11-22-14-28,322.94855
4791ac-NOZ347-11-22-16-32,347.62534
4791ac-NOZ357-12-23-23-01,321.43924
4791ac-NOZ4RZ-11-13-08-17,359.6368
4791ac-NOZ4RZ-11-23-08-25,351.91562
4791ac-NOZ4RZ-12-09-07-50,418.8266
4791ac-NOZ50A-12-09-17-14,334.24823
4791ac-NOZ50A-12-19-17-19,342.15576
4791ac-NOZ521-11-02-05-28,362.597
4791ac-NOZ521-11-03-05-26,380.2971
4791ac-NOZ522-11-15-06-01,292.1417
4791ac-NOZ522-12-15-06-32,290.42813
4791ac-NOZ522-12-22-06-16,312.69516
4791ac-NOZ523-11-04-06-31,339.3086
4791ac-NOZ523-11-06-06-30,299.36526
4791ac-NOZ524-11-02-07-11,329.75293
4791ac-NOZ524-11-03-07-01,368.201
4791ac-NOZ525-11-15-07-18,282.786
4791ac-NOZ525-12-15-07-45,333.44672
4791ac-NOZ525-12-22-07-30,320.51617
4791ac-NOZ526-11-04-08-04,316.12128
4791ac-NOZ530-11-01-09-55,307.77005
4791ac-NOZ532-11-04-11-06,289.97314
4791ac-NOZ535-11-04-12-52,322.32178
4791ac-NOZ536-11-04-14-25,357.08063
4791ac-NOZ538-11-30-15-21,348.96625
4791ac-NOZ540-11-18-16-19,332.50693
4791ac-NOZ540-11-21-16-10,386.1577
4791ac-NOZ541-11-04-16-15,378.1393
4791ac-NOZ543-11-30-16-41,341.05286
4791ac-NOZ544-11-04-17-41,240.41225
4791ac-NOZ545-11-18-17-31,329.31735
4791ac-NOZ545-11-21-17-25,403.4892
4791ac-NOZ546-11-30-18-18,310.19427
4791ac-NOZ549-11-30-19-31,290.7528
4791ac-NOZ55J-12-09-19-07,324.08685
4791ac-NOZ55J-12-19-19-51,327.16992
4791ac-NOZ56U-11-07-18-54,367.67358
4791ac-NOZ56U-12-23-20-48,351.45746
4791ac-NOZ5AY-11-04-09-20,337.6
4791ac-NOZ5PY-11-27-16-06,329.03308
4791ac-NOZ5PY-11-29-16-07,318.07877
4791ac-NOZ601-11-18-05-40,315.94965
4791ac-NOZ612-11-17-12-44,249.82259
4791ac-NOZ628-11-27-17-29,306.0832
4791ac-NOZ628-11-29-17-28,316.7458
4791ac-NOZ628-12-29-18-14,341.2396
4791ac-NOZ634-12-04-20-31,276.57138
4791ac-NOZ639-12-12-17-36,295.7011
4791ac-NOZ645-11-27-18-49,304.55627
4791ac-NOZ645-11-29-18-46,307.24423
4791ac-NOZ645-12-05-18-55,314.73303
4791ac-NOZ645-12-29-19-35,293.2363
4791ac-NOZ6TC-11-13-17-17,414.7663
4791ac-NOZ6TM-11-18-19-02,328.01547
4791ac-NOZ7C-11-18-08-40,311.3426
4791ac-NOZ7C-11-22-10-37,292.77258
4791ac-NOZ9BH-11-16-15-40,323.36368
4791dd-NOZ140-11-03-07-11,214.58722
4791dd-NOZ141-11-03-08-10,324.01068
4791dd-NOZ142-11-06-13-41,231.23097
4791dd-NOZ143-11-06-14-34,237.56978
4791dd-NOZ144-11-04-15-48,223.1537
4791dd-NOZ145-11-04-16-48,228.13039
4791dd-NOZ181-11-21-06-12,353.3169
4791dd-NOZ181-11-22-06-03,373.5206
4791dd-NOZ182-11-09-07-35,300.62253
4791dd-NOZ182-11-21-07-36,308.6613
4791dd-NOZ182-11-22-07-50,356.26172
4791dd-NOZ183-11-21-08-51,410.96927
4791dd-NOZ183-11-22-08-58,381.66724
4791dd-NOZ183-12-27-09-37,341.61096
4791dd-NOZ191-11-24-17-10,342.16785
4791dd-NOZ191-12-06-17-02,323.59613
4791dd-NOZ1BG-11-24-06-09,515.02185
4791dd-NOZ1TT-11-10-14-34,457.0778
4791dd-NOZ1TT-11-11-14-36,314.66998
4791dd-NOZ1TT-11-28-14-34,355.79556
4791dd-NOZ1TT-12-01-14-47,268.01285
4791dd-NOZ270-11-10-07-30,296.96973
4791dd-NOZ270-11-15-07-27,235.67435
4791dd-NOZ270-11-28-07-30,293.44165
4791dd-NOZ270-12-01-07-28,295.09177
4791dd-NOZ271-11-10-06-07,353.9008
4791dd-NOZ271-11-15-06-01,383.73386
4791dd-NOZ271-11-19-08-07,298.28192
4791dd-NOZ271-11-28-06-06,360.9208
4791dd-NOZ271-12-01-06-10,455.83
4791dd-NOZ271-12-22-06-11,409.18848
4791dd-NOZ276-11-08-15-55,289.88992
4791dd-NOZ276-12-11-13-44,289.32608
4791dd-NOZ277-11-08-17-21,374.09705
4791dd-NOZ277-12-11-14-56,271.60443
4791dd-NOZ278-11-09-18-57,277.28366
4791dd-NOZ278-11-14-18-58,290.18604
4791dd-NOZ278-11-18-19-20,287.5273
4791dd-NOZ278-11-30-18-57,271.8724
4791dd-NOZ278-12-21-20-03,251.32867
4791dd-NOZ2DC-12-05-06-14,201.96338
4791dd-NOZ345-11-16-09-30,334.98972
4791dd-NOZ345-11-17-11-53,363.36563
4791dd-NOZ345-12-13-09-38,359.45078
4791dd-NOZ345-12-22-09-54,346.61432
4791dd-NOZ346-11-15-14-34,328.35974
4791dd-NOZ347-11-15-16-31,397.58102
4791dd-NOZ3JE-12-05-07-01,265.8749
4791dd-NOZ4RZ-11-16-07-34,301.98526
4791dd-NOZ4RZ-11-17-07-49,382.05963
4791dd-NOZ4RZ-12-13-07-42,398.18646
4791dd-NOZ4RZ-12-22-07-46,341.55557
4791dd-NOZ50A-12-30-17-20,337.7053
4791dd-NOZ530-11-24-10-05,279.27484
4791dd-NOZ531-11-24-11-21,367.34326
4791dd-NOZ534-11-24-12-46,361.20865
4791dd-NOZ536-11-13-14-15,353.15417
4791dd-NOZ537-11-24-14-02,338.09344
4791dd-NOZ540-11-14-16-05,294.4907
4791dd-NOZ541-11-13-15-42,309.30765
4791dd-NOZ545-11-14-17-19,331.15137
4791dd-NOZ55J-12-30-19-49,367.6962
4791dd-NOZ56U-11-23-20-32,343.06656
4791dd-NOZ5PY-11-10-16-05,341.91586
4791dd-NOZ5PY-11-11-16-09,341.0831
4791dd-NOZ5PY-11-28-16-02,304.5926
4791dd-NOZ5PY-12-01-16-04,322.8808
4791dd-NOZ607-12-06-07-12,675.069
4791dd-NOZ608-12-04-09-59,261.96143
4791dd-NOZ611-12-04-08-38,294.48676
4791dd-NOZ612-12-04-12-46,291.74536
4791dd-NOZ617-12-04-11-11,281.75623
4791dd-NOZ620-12-04-15-35,317.82285
4791dd-NOZ625-12-04-14-16,277.85025
4791dd-NOZ626-12-02-17-01,325.8739
4791dd-NOZ626-12-05-16-46,329.51855
4791dd-NOZ628-11-10-17-30,342.34885
4791dd-NOZ628-11-11-17-30,370.83127
4791dd-NOZ628-11-28-17-28,291.31873
4791dd-NOZ631-12-02-15-27,321.83508
4791dd-NOZ631-12-05-15-21,275.3404
4791dd-NOZ632-12-04-18-14,291.34457
4791dd-NOZ637-12-04-16-50,321.1823
4791dd-NOZ638-12-01-20-15,300.39395
4791dd-NOZ645-11-10-18-57,408.86902
4791dd-NOZ645-11-11-18-53,342.49237
4791dd-NOZ645-11-28-18-42,325.22314
4791dd-NOZ647-12-04-19-27,279.39514
4791dd-NOZ648-12-04-21-03,289.33176
4791dd-NOZ6TM-11-08-18-48,313.72162
4791dd-NOZ6TM-11-20-20-20,353.5476
4791dd-NOZ6TM-11-21-18-46,357.56284
4791dd-NOZ7C-11-10-08-39,316.5041
4791dd-NOZ7C-11-15-08-35,271.5011
4791dd-NOZ7C-11-28-08-42,423.61853
4791dd-NOZ7C-12-01-08-38,290.2195
4791dd-NOZ8C-11-27-20-58,289.6324
4791dd-NOZ9BH-11-21-15-58,291.61713
4791dd-NOZ9BH-11-24-15-51,299.99817
4791dd-NOZ9BH-11-27-12-25,322.8994
47921c-NOZ132-11-04-14-08,258.2524
47921c-NOZ133-11-04-16-06,227.31024
47921c-NOZ140-12-13-11-57,227.7832
47921c-NOZ140-12-14-07-25,244.12659
47921c-NOZ141-12-13-13-10,294.36252
47921c-NOZ141-12-14-08-19,436.76395
47921c-NOZ144-11-23-16-00,227.49522
47921c-NOZ144-11-25-15-50,233.07921
47921c-NOZ144-11-28-15-40,375.16782
47921c-NOZ144-12-14-15-47,234.63322
47921c-NOZ145-11-23-17-00,233.36646
47921c-NOZ145-11-25-16-44,318.7912
47921c-NOZ1BG-11-18-06-08,416.02863
47921c-NOZ1TT-11-03-14-38,333.02975
47921c-NOZ345-12-08-09-39,379.96576
47921c-NOZ345-12-26-10-26,403.86743
47921c-NOZ346-11-20-14-43,420.41693
47921c-NOZ346-12-22-15-46,355.56354
47921c-NOZ347-11-20-16-44,420.0883
47921c-NOZ347-12-22-17-51,354.9762
47921c-NOZ44A-12-31-08-07,344.133
47921c-NOZ4HF-11-17-07-02,290.27405
47921c-NOZ4RZ-12-08-07-38,348.9824
47921c-NOZ4RZ-12-26-08-36,302.90015
47921c-NOZ50A-11-10-16-42,404.4971
47921c-NOZ50A-12-20-17-27,292.76392
47921c-NOZ50A-12-28-18-12,327.1389
47921c-NOZ521-11-14-05-33,284.14987
47921c-NOZ523-11-09-06-25,368.81793
47921c-NOZ523-11-15-06-24,303.64822
47921c-NOZ523-11-16-06-37,316.89597
47921c-NOZ524-11-14-06-56,298.5006
47921c-NOZ526-11-09-07-54,377.94806
47921c-NOZ526-11-15-08-01,334.853
47921c-NOZ526-11-16-07-59,300.08444
47921c-NOZ530-11-13-09-27,397.60492
47921c-NOZ531-11-13-07-54,329.0524
47921c-NOZ532-11-09-11-03,363.44675
47921c-NOZ532-11-13-12-39,299.0555
47921c-NOZ532-11-15-11-03,294.9542
47921c-NOZ532-11-16-10-59,299.6772
47921c-NOZ535-11-09-12-29,402.96085
47921c-NOZ535-11-13-13-57,431.30002
47921c-NOZ535-11-15-12-29,298.04904
47921c-NOZ535-11-16-12-36,278.9122
47921c-NOZ536-11-09-14-14,440.242
47921c-NOZ536-11-15-14-20,316.96487
47921c-NOZ538-11-11-15-33,327.09427
47921c-NOZ538-11-13-15-22,304.86734
47921c-NOZ541-11-09-15-39,364.60922
47921c-NOZ541-11-15-15-45,331.90308
47921c-NOZ543-11-11-16-55,346.3201
47921c-NOZ543-11-13-16-49,423.69308
47921c-NOZ544-11-09-17-09,357.22626
47921c-NOZ544-11-15-17-11,320.64337
47921c-NOZ546-11-11-18-17,421.92133
47921c-NOZ547-11-09-18-25,334.61295
47921c-NOZ547-11-15-18-31,291.7259
47921c-NOZ549-11-13-19-34,309.0246
47921c-NOZ550-11-08-19-59,330.01907
47921c-NOZ550-11-13-21-02,343.5323
47921c-NOZ550-11-15-19-54,323.12875
47921c-NOZ55J-11-10-18-45,383.31964
47921c-NOZ55J-12-20-19-28,339.74994
47921c-NOZ55J-12-28-20-30,380.63235
47921c-NOZ56U-11-17-19-00,306.7028
47921c-NOZ5AY-11-09-09-19,307.74747
47921c-NOZ5AY-11-13-11-05,322.55396
47921c-NOZ5AY-11-15-09-19,320.62195
47921c-NOZ5AY-11-16-09-18,296.6714
47921c-NOZ5PY-11-03-16-03,313.9575
47921c-NOZ601-11-17-05-32,394.65128
47921c-NOZ602-12-19-06-20,319.80765
47921c-NOZ602-12-21-06-37,275.33868
47921c-NOZ605-11-04-06-52,328.42255
47921c-NOZ606-11-04-08-16,309.82605
47921c-NOZ608-11-17-09-51,489.4896
47921c-NOZ609-11-05-07-39,306.3463
47921c-NOZ609-12-19-07-41,309.71896
47921c-NOZ609-12-21-08-01,322.27982
47921c-NOZ611-11-17-08-25,324.39377
47921c-NOZ628-11-03-17-31,284.15598
47921c-NOZ638-11-03-20-11,286.70395
47921c-NOZ638-11-16-20-09,321.0938
47921c-NOZ639-12-08-18-48,324.55405
47921c-NOZ645-11-03-18-48,311.83942
47921c-NOZ64N-12-15-17-01,303.25363
479227-NOZ132-11-15-14-05,239.10538
479227-NOZ132-11-21-14-05,260.08847
479227-NOZ133-11-15-15-05,255.39172
479227-NOZ133-11-21-14-52,317.73694
479227-NOZ140-11-15-07-16,288.85602
479227-NOZ141-11-15-08-09,261.63123
479227-NOZ1BG-11-01-06-04,470.298
479227-NOZ1BG-11-19-06-02,394.2031
479227-NOZ1BG-12-22-06-09,434.96036
479227-NOZ1TT-11-02-14-31,312.9386
479227-NOZ1TT-11-20-14-38,294.65265
479227-NOZ1TT-12-14-14-43,284.85855
479227-NOZ1TT-12-22-15-40,270.1225
479227-NOZ1TT-12-29-15-47,339.52112
479227-NOZ2FV-12-17-15-43,291.21347
479227-NOZ2UC-11-10-16-09,320.8936
479227-NOZ345-11-11-09-55,288.04602
479227-NOZ346-11-03-14-35,362.4592
479227-NOZ346-11-07-14-45,312.9792
479227-NOZ347-11-03-16-36,387.02136
479227-NOZ347-11-07-16-42,376.07965
479227-NOZ3J-11-17-15-46,309.17508
479227-NOZ3LH-12-15-20-00,286.83878
479227-NOZ3TV-12-17-17-11,274.52158
479227-NOZ3VG-12-22-17-14,301.71265
479227-NOZ3VG-12-29-17-13,316.6191
479227-NOZ47Y-11-16-19-32,344.27728
479227-NOZ4HF-11-16-07-12,277.47888
479227-NOZ4RZ-11-11-07-48,452.56293
479227-NOZ50A-11-11-16-37,341.32095
479227-NOZ50A-12-07-16-47,375.06656
479227-NOZ522-11-09-05-57,402.6299
479227-NOZ522-12-06-06-20,274.43073
479227-NOZ525-11-09-07-17,346.50443
479227-NOZ525-12-06-07-40,598.68713
479227-NOZ532-12-24-10-47,339.85867
479227-NOZ534-12-21-12-43,363.186
479227-NOZ537-12-21-14-04,445.9549
479227-NOZ538-12-12-15-53,275.05695
479227-NOZ538-12-20-15-34,439.7599
479227-NOZ540-11-13-16-18,439.68335
479227-NOZ540-11-23-17-01,318.7628
479227-NOZ540-12-21-16-24,323.37802
479227-NOZ543-12-12-17-09,288.21268
479227-NOZ543-12-20-16-53,319.3706
479227-NOZ545-11-13-17-36,329.75058
479227-NOZ545-11-23-18-23,323.07224
479227-NOZ545-12-21-17-48,357.35352
479227-NOZ546-11-13-19-03,294.80527
479227-NOZ546-12-12-18-25,276.35822
479227-NOZ549-12-12-19-35,277.189
479227-NOZ555-11-13-20-28,302.25076
479227-NOZ55J-11-11-18-36,364.1354
479227-NOZ55J-12-07-18-38,367.94965
479227-NOZ56U-11-18-19-10,332.03003
479227-NOZ56U-12-21-20-16,334.60034
479227-NOZ5PY-11-02-16-08,306.74844
479227-NOZ5PY-11-20-16-02,372.87482
479227-NOZ602-11-02-06-02,293.5294
479227-NOZ602-11-07-06-01,298.79395
479227-NOZ602-12-08-06-14,295.68277
479227-NOZ602-12-13-08-23,478.97757
479227-NOZ602-12-14-06-13,305.5336
479227-NOZ605-11-22-06-33,350.5861
479227-NOZ606-11-22-08-25,344.32077
479227-NOZ607-12-16-07-24,596.14954
479227-NOZ607-12-23-07-17,300.09802
479227-NOZ608-11-16-09-42,286.80087
479227-NOZ609-11-02-07-39,431.9642
479227-NOZ609-11-07-07-29,323.95184
479227-NOZ609-12-08-07-33,305.9247
479227-NOZ609-12-13-12-55,299.64346
479227-NOZ609-12-14-07-56,311.70935
479227-NOZ611-11-16-08-25,347.1312
479227-NOZ612-11-16-12-30,298.056
479227-NOZ612-11-26-12-31,318.55173
479227-NOZ612-12-17-12-50,265.41522
479227-NOZ617-11-16-11-06,337.36136
479227-NOZ620-11-16-15-35,275.1627
479227-NOZ625-11-16-14-09,348.41208
479227-NOZ625-11-26-13-57,315.4757
479227-NOZ625-12-17-14-07,289.58032
479227-NOZ628-11-02-17-29,311.07874
479227-NOZ628-11-20-17-35,267.0716
479227-NOZ628-12-14-17-29,283.8453
479227-NOZ628-12-22-18-53,280.33542
479227-NOZ637-11-16-16-47,296.48767
479227-NOZ638-11-20-20-41,323.6904
479227-NOZ638-12-22-21-57,336.66617
479227-NOZ639-11-10-17-35,545.38464
479227-NOZ645-11-02-18-46,412.00232
479227-NOZ645-11-15-19-05,291.40375
479227-NOZ645-11-20-18-52,372.77222
479227-NOZ645-12-14-18-48,315.2476
479227-NOZ645-12-22-20-20,318.7245
479227-NOZ6CF-11-19-08-28,322.8951
479227-NOZ8GN-11-17-07-09,378.41492
479227-NOZ8ME-11-16-18-20,288.14014
4792a6-NOZ132-11-14-14-05,218.72913
4792a6-NOZ133-11-14-15-26,230.68506
4792a6-NOZ140-11-30-07-02,258.346
4792a6-NOZ140-12-01-06-59,337.34494
4792a6-NOZ141-11-30-07-54,322.5967
4792a6-NOZ141-12-01-08-00,293.01126
4792a6-NOZ144-11-15-15-42,242.35478
4792a6-NOZ144-11-30-15-44,239.44539
4792a6-NOZ145-11-15-16-38,301.7604
4792a6-NOZ145-11-30-16-48,296.64917
4792a6-NOZ164-11-11-06-09,316.82162
4792a6-NOZ191-11-06-13-41,307.27722
4792a6-NOZ191-12-18-14-40,332.84973
4792a6-NOZ1BG-11-04-06-09,375.0748
4792a6-NOZ1KD-11-16-14-04,358.49393
4792a6-NOZ1TD-11-10-21-10,285.41956
4792a6-NOZ1TT-11-07-14-32,307.15768
4792a6-NOZ1TT-12-19-14-56,304.4883
4792a6-NOZ270-11-02-07-22,266.89044
4792a6-NOZ270-11-07-07-25,314.5468
4792a6-NOZ270-12-06-08-42,269.03436
4792a6-NOZ270-12-29-08-19,272.35092
4792a6-NOZ271-11-07-06-08,403.93216
4792a6-NOZ271-12-06-06-41,487.3888
4792a6-NOZ271-12-19-06-26,438.62628
4792a6-NOZ278-12-05-18-55,225.86234
4792a6-NOZ2DC-11-17-06-03,265.54877
4792a6-NOZ2DC-11-18-05-59,230.42429
4792a6-NOZ2GH-11-20-15-01,364.97275
4792a6-NOZ345-11-25-09-42,329.35095
4792a6-NOZ346-11-02-14-34,411.06393
4792a6-NOZ346-11-04-14-36,358.32953
4792a6-NOZ346-12-15-14-47,345.90057
4792a6-NOZ346-12-16-16-20,349.97293
4792a6-NOZ346-12-30-14-46,457.7472
4792a6-NOZ347-11-02-16-31,366.28995
4792a6-NOZ347-11-04-16-29,333.74576
4792a6-NOZ347-12-15-16-45,390.3599
4792a6-NOZ347-12-16-19-04,308.35367
4792a6-NOZ347-12-30-17-50,435.92566
4792a6-NOZ3JE-11-17-07-00,231.98218
4792a6-NOZ3JE-11-18-07-00,219.86243
4792a6-NOZ3VG-12-19-16-17,313.2376
4792a6-NOZ4RZ-11-25-07-39,323.8746
4792a6-NOZ50A-11-25-16-42,331.70767
4792a6-NOZ522-12-08-06-12,416.30307
4792a6-NOZ522-12-20-06-35,325.37997
4792a6-NOZ525-12-08-08-03,302.45044
4792a6-NOZ525-12-20-07-45,310.2564
4792a6-NOZ526-11-10-08-19,301.85712
4792a6-NOZ530-11-08-09-45,339.35294
4792a6-NOZ530-11-23-10-59,261.25012
4792a6-NOZ531-11-08-11-06,370.72006
4792a6-NOZ531-11-23-12-10,279.03073
4792a6-NOZ532-11-10-10-59,448.56702
4792a6-NOZ532-12-13-11-00,326.9338
4792a6-NOZ534-11-08-12-37,397.36023
4792a6-NOZ534-11-23-13-43,297.77557
4792a6-NOZ535-11-10-12-28,292.10992
4792a6-NOZ535-12-13-12-42,309.48245
4792a6-NOZ536-11-10-14-19,433.57483
4792a6-NOZ536-11-27-14-21,339.7305
4792a6-NOZ536-12-13-14-18,426.13052
4792a6-NOZ537-11-08-13-56,313.23434
4792a6-NOZ537-11-23-15-08,295.58072
4792a6-NOZ538-12-06-15-31,252.0794
4792a6-NOZ538-12-07-15-32,245.48335
4792a6-NOZ540-12-05-16-12,299.92966
4792a6-NOZ541-11-10-15-43,411.1545
4792a6-NOZ541-11-27-15-44,337.7082
4792a6-NOZ541-12-13-15-43,272.49823
4792a6-NOZ543-12-06-16-55,291.2351
4792a6-NOZ543-12-07-16-44,347.88483
4792a6-NOZ544-11-10-17-14,340.09177
4792a6-NOZ544-12-13-17-25,335.73425
4792a6-NOZ545-12-05-17-28,279.53238
4792a6-NOZ546-12-06-18-12,316.57654
4792a6-NOZ546-12-07-18-19,284.31088
4792a6-NOZ547-11-10-18-33,317.5081
4792a6-NOZ547-12-13-18-38,363.49197
4792a6-NOZ549-12-06-19-25,294.9781
4792a6-NOZ549-12-07-19-27,441.66107
4792a6-NOZ550-11-10-19-55,462.77563
4792a6-NOZ55J-11-25-18-41,348.06436
4792a6-NOZ56U-11-03-19-04,327.05402
4792a6-NOZ5AY-11-10-09-32,311.67828
4792a6-NOZ5PY-11-07-15-58,328.67572
4792a6-NOZ602-11-23-06-46,252.96045
4792a6-NOZ605-11-10-06-30,515.1301
4792a6-NOZ605-11-14-06-30,368.92557
4792a6-NOZ606-11-14-08-04,362.1781
4792a6-NOZ609-11-23-07-54,476.1763
4792a6-NOZ612-12-31-12-34,331.48993
4792a6-NOZ614-11-13-13-49,261.48306
4792a6-NOZ623-11-13-12-31,309.45544
4792a6-NOZ625-12-31-13-58,316.78024
4792a6-NOZ626-11-11-16-52,293.05557
4792a6-NOZ626-11-13-17-05,254.47939
4792a6-NOZ626-11-17-16-47,305.43396
4792a6-NOZ628-11-07-17-32,326.31985
4792a6-NOZ631-11-11-15-20,335.28342
4792a6-NOZ631-11-13-15-30,321.19577
4792a6-NOZ631-11-17-15-24,358.09433
4792a6-NOZ632-11-16-18-18,297.1798
4792a6-NOZ634-11-13-19-51,247.83083
4792a6-NOZ638-11-09-20-06,319.8084
4792a6-NOZ643-11-13-18-25,273.62308
4792a6-NOZ645-11-07-18-53,304.55728
4792a6-NOZ7C-11-02-08-37,352.06113
4792a6-NOZ7C-11-07-08-44,327.89304
4792a6-NOZ7C-12-06-09-57,273.6382
4792a6-NOZ7C-12-29-09-33,272.75214
4792a6-NOZ8C-11-06-21-23,295.39685
4792a6-NOZ8C-12-18-22-03,292.5832
4792a6-NOZ8ME-12-18-19-01,309.65665
4792a6-NOZ9BH-11-06-12-14,338.75797
4792a6-NOZ9BH-12-18-12-46,415.3723
4792d3-NOZ181-11-19-08-53,314.83133
4792d3-NOZ181-12-05-06-04,319.0207
4792d3-NOZ181-12-06-06-05,407.6698
4792d3-NOZ182-11-19-07-27,333.26248
4792d3-NOZ182-12-05-07-46,311.99323
4792d3-NOZ183-12-05-09-06,333.7658
4792d3-NOZ183-12-06-09-25,288.55124
4792d3-NOZ191-12-02-17-12,309.58725
4792d3-NOZ191-12-05-17-11,342.47015
4792d3-NOZ191-12-11-14-32,370.313
4792d3-NOZ1BG-11-05-06-05,362.6378
4792d3-NOZ1BG-11-26-06-06,465.44788
4792d3-NOZ1BG-11-30-06-00,377.37952
4792d3-NOZ1TT-11-21-14-43,396.23444
4792d3-NOZ1TT-12-12-14-37,265.7033
4792d3-NOZ1TT-12-18-14-45,323.31958
4792d3-NOZ1TT-12-28-14-40,291.94827
4792d3-NOZ270-11-21-08-03,268.17035
4792d3-NOZ270-12-12-07-34,254.89206
4792d3-NOZ271-11-21-06-19,408.95813
4792d3-NOZ271-11-23-06-08,362.30524
4792d3-NOZ271-12-12-06-04,350.27277
4792d3-NOZ276-11-18-16-09,290.57248
4792d3-NOZ276-12-09-17-36,248.78134
4792d3-NOZ277-11-18-18-14,297.5621
4792d3-NOZ277-12-09-19-02,289.76443
4792d3-NOZ278-11-22-19-15,283.64575
4792d3-NOZ2FV-12-10-16-13,299.2398
4792d3-NOZ2UC-12-15-16-34,300.4107
4792d3-NOZ345-11-03-09-51,367.04352
4792d3-NOZ345-12-20-10-33,340.61322
4792d3-NOZ346-12-07-14-47,374.33884
4792d3-NOZ346-12-08-14-58,336.91846
4792d3-NOZ346-12-19-14-55,340.94424
4792d3-NOZ347-12-07-16-43,361.178
4792d3-NOZ347-12-08-16-50,325.95392
4792d3-NOZ347-12-19-17-11,323.351
4792d3-NOZ3TV-12-10-17-26,278.92206
4792d3-NOZ3VG-12-12-16-03,356.9899
4792d3-NOZ3VG-12-18-16-06,299.45093
4792d3-NOZ3VG-12-28-16-06,356.3635
4792d3-NOZ40A-12-09-13-57,277.0446
4792d3-NOZ4RZ-11-03-07-58,355.7898
4792d3-NOZ4RZ-12-20-08-08,325.043
4792d3-NOZ50A-12-13-17-00,327.3876
4792d3-NOZ522-11-16-06-00,323.08655
4792d3-NOZ522-12-01-06-02,291.42377
4792d3-NOZ523-12-21-06-32,693.8441
4792d3-NOZ523-12-22-06-34,248.91258
4792d3-NOZ525-11-16-07-31,306.8201
4792d3-NOZ525-12-01-07-22,292.29272
4792d3-NOZ526-12-21-08-20,315.6548
4792d3-NOZ526-12-22-08-07,355.89056
4792d3-NOZ530-11-22-10-15,278.41153
4792d3-NOZ531-11-22-11-24,299.58762
4792d3-NOZ532-12-21-11-07,293.9479
4792d3-NOZ532-12-22-11-05,317.90576
4792d3-NOZ534-11-22-12-43,308.4353
4792d3-NOZ534-12-20-12-46,249.00174
4792d3-NOZ535-12-21-12-37,392.33084
4792d3-NOZ535-12-22-12-35,367.6543
4792d3-NOZ536-12-21-14-21,374.6549
4792d3-NOZ536-12-22-14-57,281.4423
4792d3-NOZ537-11-22-14-04,295.5713
4792d3-NOZ538-11-24-15-29,261.8805
4792d3-NOZ540-11-29-16-05,312.1764
4792d3-NOZ541-12-21-15-45,401.18375
4792d3-NOZ541-12-22-16-38,542.35297
4792d3-NOZ543-11-24-16-41,286.5346
4792d3-NOZ544-12-21-17-26,328.59625
4792d3-NOZ545-11-29-17-27,338.31116
4792d3-NOZ546-11-24-18-34,322.9427
4792d3-NOZ547-12-21-18-38,415.80057
4792d3-NOZ549-11-24-19-40,281.1953
4792d3-NOZ550-12-21-20-49,298.4498
4792d3-NOZ55J-12-13-18-42,310.68396
4792d3-NOZ56U-11-04-19-07,362.23337
4792d3-NOZ56U-11-25-19-07,365.28946
4792d3-NOZ56U-11-29-18-54,343.34476
4792d3-NOZ5AY-12-21-09-33,309.23038
4792d3-NOZ5AY-12-22-09-25,336.882
4792d3-NOZ5PY-11-21-16-11,332.41196
4792d3-NOZ5PY-11-30-15-53,298.88217
4792d3-NOZ602-11-24-06-29,312.5729
4792d3-NOZ602-11-29-06-08,328.82324
4792d3-NOZ605-12-15-07-09,336.63885
4792d3-NOZ606-12-15-08-39,271.13577
4792d3-NOZ607-12-19-07-13,323.51373
4792d3-NOZ609-11-24-07-48,329.58142
4792d3-NOZ609-11-29-07-24,306.60306
4792d3-NOZ625-12-10-14-57,269.67938
4792d3-NOZ628-11-21-17-41,307.03802
4792d3-NOZ628-11-30-17-26,283.64532
4792d3-NOZ628-12-12-17-39,294.80402
4792d3-NOZ628-12-18-17-31,334.43588
4792d3-NOZ628-12-28-17-38,311.13672
4792d3-NOZ638-12-14-20-23,324.30545
4792d3-NOZ638-12-18-20-14,292.09073
4792d3-NOZ639-11-17-17-31,366.2992
4792d3-NOZ639-12-15-17-49,406.17224
4792d3-NOZ645-11-21-18-52,334.25302
4792d3-NOZ645-11-30-18-42,277.28485
4792d3-NOZ645-12-12-18-57,318.69073
4792d3-NOZ645-12-18-18-54,336.78528
4792d3-NOZ645-12-28-18-53,402.03076
4792d3-NOZ68L-11-11-19-26,354.7449
4792d3-NOZ6TM-12-04-20-10,363.5991
4792d3-NOZ6TM-12-05-18-54,317.50522
4792d3-NOZ7C-11-21-09-10,399.84595
4792d3-NOZ8402-12-10-13-41,301.77567
4792d3-NOZ8921-12-15-10-33,294.62793
4792d3-NOZ8C-11-20-21-12,307.57053
4792d3-NOZ8C-12-11-21-51,283.02722
4792d3-NOZ9BH-11-20-12-29,320.5591
4792d3-NOZ9BH-12-02-15-44,337.57697
4792d3-NOZ9BH-12-05-15-56,305.8623
4792d3-NOZ9BH-12-11-12-51,347.79346
4792d3-NOZ9PL-11-18-07-35,344.9357
4792db-NOZ132-12-19-14-05,280.9723
4792db-NOZ132-12-20-13-57,285.8453
4792db-NOZ133-12-19-14-57,307.93945
4792db-NOZ133-12-20-14-54,219.35832
4792db-NOZ140-11-14-07-24,250.72801
4792db-NOZ141-11-14-08-18,339.81363
4792db-NOZ144-12-01-14-54,223.04657
4792db-NOZ144-12-02-15-46,262.27927
4792db-NOZ145-12-01-16-01,261.88
4792db-NOZ145-12-02-16-45,246.71364
4792db-NOZ181-11-16-06-02,340.6977
4792db-NOZ181-12-13-06-18,291.99573
4792db-NOZ182-11-16-07-36,327.0442
4792db-NOZ182-12-13-07-35,337.5583
4792db-NOZ183-11-16-08-48,392.15466
4792db-NOZ183-12-13-08-58,484.18472
4792db-NOZ191-11-08-17-02,348.79724
4792db-NOZ191-12-12-17-15,335.12918
4792db-NOZ1TT-11-22-14-45,256.36575
4792db-NOZ270-12-26-07-41,273.39862
4792db-NOZ276-11-04-16-09,283.203
4792db-NOZ276-11-15-16-01,286.94998
4792db-NOZ276-12-30-16-11,323.95538
4792db-NOZ277-11-04-17-29,357.75845
4792db-NOZ277-11-15-17-28,281.89288
4792db-NOZ277-12-30-17-25,382.1673
4792db-NOZ2BE-11-16-12-27,370.20444
4792db-NOZ2DC-12-15-06-22,259.59967
4792db-NOZ345-12-04-10-18,335.24536
4792db-NOZ345-12-05-10-09,502.8158
4792db-NOZ345-12-27-09-55,326.4294
4792db-NOZ345-12-29-10-09,322.17612
4792db-NOZ346-11-10-14-39,318.49203
4792db-NOZ347-11-10-16-34,346.93924
4792db-NOZ4HF-12-14-07-04,335.34387
4792db-NOZ4HF-12-16-07-13,281.24908
4792db-NOZ4RZ-12-04-08-17,381.0909
4792db-NOZ4RZ-12-05-07-41,364.15137
4792db-NOZ4RZ-12-27-07-51,330.89078
4792db-NOZ4RZ-12-29-08-12,331.86066
4792db-NOZ50A-11-01-16-32,357.93677
4792db-NOZ50A-11-02-16-38,377.75958
4792db-NOZ50A-11-24-16-59,313.4882
4792db-NOZ50A-11-30-16-27,343.53293
4792db-NOZ50A-12-04-16-35,374.9142
4792db-NOZ530-12-16-11-40,253.87799
4792db-NOZ531-12-16-13-13,338.86478
4792db-NOZ538-11-29-15-14,379.7589
4792db-NOZ540-12-23-16-21,278.36584
4792db-NOZ543-11-29-16-36,308.15085
4792db-NOZ545-12-23-17-34,297.37527
4792db-NOZ546-11-29-18-15,288.583
4792db-NOZ549-11-29-19-25,305.72202
4792db-NOZ55J-11-01-18-27,334.5775
4792db-NOZ55J-11-02-18-36,343.5911
4792db-NOZ55J-11-24-18-40,389.97015
4792db-NOZ55J-11-30-18-28,386.51752
4792db-NOZ55J-12-04-19-34,405.1117
4792db-NOZ5PY-11-22-16-07,468.5961
4792db-NOZ601-12-14-05-46,322.43906
4792db-NOZ601-12-16-05-49,339.57098
4792db-NOZ602-12-07-06-10,261.4706
4792db-NOZ605-12-21-06-40,505.3449
4792db-NOZ606-12-21-08-27,337.14746
4792db-NOZ607-12-22-07-04,273.7229
4792db-NOZ608-12-14-09-49,305.35458
4792db-NOZ609-12-07-07-19,280.6088
4792db-NOZ611-12-14-08-23,331.02286
4792db-NOZ611-12-16-08-48,366.65936
4792db-NOZ612-11-05-12-23,357.29898
4792db-NOZ612-11-19-12-25,451.1622
4792db-NOZ612-12-14-12-39,269.19388
4792db-NOZ612-12-16-15-18,447.33093
4792db-NOZ612-12-21-12-40,277.58765
4792db-NOZ617-12-14-11-18,338.3655
4792db-NOZ617-12-21-11-13,297.54706
4792db-NOZ620-12-16-19-41,297.2049
4792db-NOZ625-11-05-14-01,290.50598
4792db-NOZ625-11-19-13-54,307.427
4792db-NOZ625-12-14-14-02,311.82513
4792db-NOZ625-12-16-17-33,318.97366
4792db-NOZ626-12-15-16-50,284.19064
4792db-NOZ626-12-21-17-15,283.49753
4792db-NOZ628-11-22-18-10,286.17303
4792db-NOZ631-12-15-15-35,292.62213
4792db-NOZ631-12-21-15-24,317.51065
4792db-NOZ632-12-14-18-02,257.65475
4792db-NOZ632-12-16-22-56,287.86737
4792db-NOZ637-12-16-21-02,290.12598
4792db-NOZ638-12-13-20-27,314.45026
4792db-NOZ645-11-22-19-19,393.32776
4792db-NOZ6TM-11-15-18-45,328.5881
4792db-NOZ6TM-12-12-18-49,337.55493
4792db-NOZ7C-12-26-08-52,309.77982
4792db-NOZ9BH-11-08-15-34,318.09714
4792db-NOZ9BH-12-12-15-46,352.3883
47945c-NOZ132-12-23-13-58,227.9701
47945c-NOZ132-12-26-13-04,244.74678
47945c-NOZ132-12-27-14-24,254.93861
47945c-NOZ132-12-30-14-02,284.16342
47945c-NOZ133-12-23-14-56,232.55832
47945c-NOZ133-12-26-13-57,260.90344
47945c-NOZ133-12-27-15-40,252.33316
47945c-NOZ133-12-30-14-58,243.70078
47945c-NOZ144-12-13-15-57,236.30722
47945c-NOZ145-12-13-16-55,221.32358
47945c-NOZ181-11-03-06-05,494.16238
47945c-NOZ181-12-12-06-01,401.7211
47945c-NOZ182-11-03-07-36,292.5581
47945c-NOZ182-12-12-07-35,301.24802
47945c-NOZ183-11-03-08-58,428.5738
47945c-NOZ183-12-12-08-57,332.06628
47945c-NOZ1YA-12-08-15-01,416.35867
47945c-NOZ270-12-09-07-35,273.79773
47945c-NOZ271-12-09-06-21,266.7875
47945c-NOZ276-11-02-15-58,300.82153
47945c-NOZ277-11-02-17-25,274.0489
47945c-NOZ278-12-08-19-14,267.80026
47945c-NOZ27C-12-09-08-42,283.4059
47945c-NOZ2DC-12-20-05-59,260.866
47945c-NOZ2DC-12-22-05-58,241.78607
47945c-NOZ2DC-12-28-06-16,249.3765
47945c-NOZ2DC-12-29-06-02,258.36313
47945c-NOZ2PC-12-17-08-21,273.56647
47945c-NOZ2UC-11-25-16-13,274.3492
47945c-NOZ345-11-08-09-33,352.70416
47945c-NOZ345-12-06-10-57,311.87778
47945c-NOZ345-12-07-09-46,347.02066
47945c-NOZ346-12-05-14-53,328.02844
47945c-NOZ346-12-06-14-32,329.15173
47945c-NOZ347-12-05-16-59,345.70172
47945c-NOZ347-12-06-16-41,315.81784
47945c-NOZ3JE-12-20-06-57,270.01947
47945c-NOZ3JE-12-22-06-52,269.4137
47945c-NOZ3JE-12-28-07-05,266.36435
47945c-NOZ3JE-12-29-06-58,235.54515
47945c-NOZ40A-12-08-13-31,275.46976
47945c-NOZ4RZ-11-08-07-29,348.7134
47945c-NOZ4RZ-12-06-08-25,343.64615
47945c-NOZ4RZ-12-07-07-47,335.28085
47945c-NOZ521-11-04-05-29,309.7315
47945c-NOZ523-11-05-06-14,254.17221
47945c-NOZ524-11-04-07-15,303.81174
47945c-NOZ524-11-05-07-32,342.85806
47945c-NOZ525-11-06-11-27,346.06638
47945c-NOZ530-11-25-09-51,320.36337
47945c-NOZ531-11-05-08-48,328.00986
47945c-NOZ531-11-25-11-15,402.40265
47945c-NOZ531-11-30-11-05,296.74368
47945c-NOZ532-11-05-10-19,330.70496
47945c-NOZ534-11-06-13-14,386.1338
47945c-NOZ534-11-25-12-47,289.21436
47945c-NOZ534-11-30-12-34,313.3522
47945c-NOZ537-11-06-14-41,365.91428
47945c-NOZ537-11-25-14-06,377.02844
47945c-NOZ540-11-06-16-12,541.0065
47945c-NOZ545-11-06-17-38,393.82697
47945c-NOZ546-11-06-19-05,329.3145
47945c-NOZ550-11-03-21-24,266.24524
47945c-NOZ555-11-06-20-25,335.60828
47945c-NOZ602-11-30-06-12,327.57922
47945c-NOZ602-12-05-06-02,326.17734
47945c-NOZ605-12-19-06-33,402.53354
47945c-NOZ605-12-23-06-48,416.15146
47945c-NOZ605-12-27-07-09,270.1704
47945c-NOZ605-12-30-06-40,376.5516
47945c-NOZ606-12-19-08-20,285.47565
47945c-NOZ606-12-23-08-17,323.5142
47945c-NOZ606-12-27-08-47,403.64258
47945c-NOZ606-12-30-08-21,271.55264
47945c-NOZ608-12-17-11-07,422.50357
47945c-NOZ608-12-18-09-55,267.1977
47945c-NOZ608-12-24-09-38,259.5702
47945c-NOZ609-11-30-07-34,289.54843
47945c-NOZ609-12-05-07-27,285.953
47945c-NOZ609-12-17-09-37,315.33105
47945c-NOZ609-12-24-07-46,279.69345
47945c-NOZ609-12-31-07-23,308.00012
47945c-NOZ611-12-18-08-42,305.8591
47945c-NOZ612-12-18-12-28,338.1818
47945c-NOZ617-12-18-11-17,320.4743
47945c-NOZ620-12-18-15-31,308.05093
47945c-NOZ625-12-18-14-06,335.80518
47945c-NOZ626-12-26-17-27,311.71365
47945c-NOZ626-12-28-17-06,324.13663
47945c-NOZ631-12-26-15-50,356.1595
47945c-NOZ631-12-28-15-31,355.7126
47945c-NOZ632-12-18-18-15,294.34863
47945c-NOZ637-12-18-16-50,311.5181
47945c-NOZ639-11-25-17-31,335.1634
47945c-NOZ647-12-18-19-34,331.18216
47945c-NOZ648-12-18-21-16,309.54724
47945c-NOZ6TM-11-02-18-49,319.39938
47945c-NOZ6TM-12-11-20-15,316.67587
47947c-NOZ144-11-17-15-03,234.64273
47947c-NOZ145-11-17-16-08,306.3349
47947c-NOZ181-11-26-09-00,339.15656
47947c-NOZ182-11-02-07-34,319.61954
47947c-NOZ182-11-26-07-47,321.1918
47947c-NOZ191-11-11-17-13,281.9542
47947c-NOZ1BG-12-30-07-28,327.6428
47947c-NOZ1KD-11-18-14-22,342.58008
47947c-NOZ1TT-11-09-14-32,283.5965
47947c-NOZ270-12-14-08-19,272.5315
47947c-NOZ271-12-17-07-43,288.08997
47947c-NOZ276-11-01-16-02,285.6637
47947c-NOZ276-11-25-16-03,300.14725
47947c-NOZ276-12-28-16-18,290.96667
47947c-NOZ277-11-01-17-19,341.44662
47947c-NOZ277-11-25-17-28,268.52145
47947c-NOZ278-12-16-23-57,276.8684
47947c-NOZ2DC-12-02-06-04,258.47983
47947c-NOZ2DC-12-06-06-20,225.75337
47947c-NOZ346-11-06-14-30,371.27536
47947c-NOZ347-11-06-16-34,367.7937
47947c-NOZ3DB-11-16-18-14,307.62686
47947c-NOZ3JE-12-02-06-56,262.4896
47947c-NOZ3JE-12-06-07-13,248.62244
47947c-NOZ4HF-12-05-07-06,284.7867
47947c-NOZ51Q-11-18-08-38,329.02225
47947c-NOZ522-11-10-06-07,332.9543
47947c-NOZ525-11-10-07-22,387.43054
47947c-NOZ538-11-22-15-31,291.6807
47947c-NOZ538-11-28-15-18,322.68533
47947c-NOZ543-11-22-16-45,322.67133
47947c-NOZ543-11-28-16-34,346.96274
47947c-NOZ546-11-22-18-20,282.24905
47947c-NOZ546-11-28-18-18,429.80847
47947c-NOZ548-11-20-18-48,275.4729
47947c-NOZ549-11-22-19-31,369.4752
47947c-NOZ549-11-28-19-33,326.05887
47947c-NOZ553-11-20-20-03,323.64996
47947c-NOZ56U-12-29-20-08,313.33725
47947c-NOZ5PY-11-09-15-55,326.49603
47947c-NOZ601-11-22-05-32,305.76254
47947c-NOZ601-12-05-05-50,346.24927
47947c-NOZ605-11-08-06-27,339.61792
47947c-NOZ605-12-01-06-28,381.80136
47947c-NOZ606-11-08-08-02,353.36356
47947c-NOZ606-11-21-08-29,292.34012
47947c-NOZ606-12-01-07-59,430.98856
47947c-NOZ607-11-09-07-07,320.9444
47947c-NOZ607-12-07-07-33,327.24512
47947c-NOZ608-12-03-09-17,299.75494
47947c-NOZ608-12-05-09-46,323.4644
47947c-NOZ609-12-03-07-45,287.08698
47947c-NOZ611-12-05-08-19,287.1983
47947c-NOZ612-11-12-12-22,306.588
47947c-NOZ612-12-05-12-33,319.1873
47947c-NOZ617-12-05-11-05,336.29007
47947c-NOZ620-12-05-15-25,319.59897
47947c-NOZ625-11-12-13-58,301.1288
47947c-NOZ625-12-05-14-04,316.57397
47947c-NOZ626-11-08-16-53,267.88354
47947c-NOZ626-11-21-16-46,303.93723
47947c-NOZ628-11-09-17-40,290.3574
47947c-NOZ631-11-08-15-25,338.51657
47947c-NOZ631-11-21-15-29,340.58887
47947c-NOZ632-12-05-18-10,301.83655
47947c-NOZ637-12-05-16-54,284.83926
47947c-NOZ638-11-30-20-06,299.1281
47947c-NOZ645-11-09-18-56,273.2666
47947c-NOZ648-11-20-21-39,252.5072
47947c-NOZ64N-11-02-17-02,304.93307
47947c-NOZ68L-11-13-20-45,391.33163
47947c-NOZ6MH-11-18-11-32,328.0444
47947c-NOZ6TM-11-01-18-53,327.99
47947c-NOZ7C-12-14-09-36,309.78085
47947c-NOZ9BH-11-11-15-42,337.2663
47947c-NOZ9T-11-18-16-55,297.04535
4794f2-NOZ132-12-16-14-20,249.7716
4794f2-NOZ133-12-16-15-26,239.39995
4794f2-NOZ181-11-04-06-01,346.77536
4794f2-NOZ181-11-07-06-05,402.30365
4794f2-NOZ181-11-08-06-01,462.799
4794f2-NOZ182-11-08-07-33,309.0573
4794f2-NOZ183-11-04-09-01,291.42767
4794f2-NOZ183-11-07-08-49,386.61703
4794f2-NOZ183-11-08-08-46,298.25616
4794f2-NOZ183-12-11-08-39,292.5094
4794f2-NOZ191-11-07-17-04,317.84967
4794f2-NOZ191-11-10-17-06,317.67725
4794f2-NOZ191-11-22-17-06,355.30286
4794f2-NOZ191-12-01-17-04,337.93243
4794f2-NOZ191-12-22-17-29,415.05753
4794f2-NOZ1BG-11-10-06-01,686.5507
4794f2-NOZ1BG-11-28-06-05,389.52856
4794f2-NOZ1BG-12-01-06-05,367.796
4794f2-NOZ1TT-12-13-15-05,325.40497
4794f2-NOZ270-11-01-07-30,256.69308
4794f2-NOZ271-11-01-06-06,476.49292
4794f2-NOZ272-12-11-16-07,276.76862
4794f2-NOZ275-12-11-17-44,285.1831
4794f2-NOZ276-11-17-15-58,262.002
4794f2-NOZ276-11-23-18-36,250.33977
4794f2-NOZ277-11-17-17-35,323.27087
4794f2-NOZ277-11-23-19-44,295.33627
4794f2-NOZ2BE-11-02-12-35,434.7638
4794f2-NOZ2DC-12-19-06-00,265.06793
4794f2-NOZ345-11-02-09-29,332.636
4794f2-NOZ345-11-20-10-19,375.67102
4794f2-NOZ346-11-01-14-29,328.1142
4794f2-NOZ347-11-01-16-33,346.05795
4794f2-NOZ3JE-12-19-06-53,224.24437
4794f2-NOZ4RZ-11-02-07-35,335.75073
4794f2-NOZ4RZ-11-20-08-17,349.49915
4794f2-NOZ50A-11-16-16-42,346.17795
4794f2-NOZ50A-12-05-16-51,408.20844
4794f2-NOZ530-11-09-09-47,359.8857
4794f2-NOZ530-11-10-09-54,448.92545
4794f2-NOZ530-12-01-09-52,262.04962
4794f2-NOZ530-12-05-10-20,311.4526
4794f2-NOZ530-12-07-10-01,271.822
4794f2-NOZ531-11-09-11-05,343.16556
4794f2-NOZ531-11-10-11-04,297.78607
4794f2-NOZ531-12-01-11-05,283.2446
4794f2-NOZ531-12-05-11-28,314.83118
4794f2-NOZ531-12-07-11-14,309.63333
4794f2-NOZ534-11-09-12-35,434.735
4794f2-NOZ534-11-10-12-42,267.28488
4794f2-NOZ534-12-01-12-50,332.74084
4794f2-NOZ534-12-05-12-54,251.13687
4794f2-NOZ534-12-07-12-37,288.27274
4794f2-NOZ537-11-09-14-00,342.99426
4794f2-NOZ537-11-10-14-00,314.39838
4794f2-NOZ537-12-01-14-03,307.7347
4794f2-NOZ537-12-05-14-06,366.48212
4794f2-NOZ537-12-07-13-59,357.74564
4794f2-NOZ538-11-23-15-43,256.27103
4794f2-NOZ540-11-09-16-09,326.67776
4794f2-NOZ540-11-30-16-17,283.40982
4794f2-NOZ540-12-09-16-14,387.7059
4794f2-NOZ543-11-23-16-56,274.81705
4794f2-NOZ545-11-09-17-21,397.33844
4794f2-NOZ545-11-30-17-24,272.034
4794f2-NOZ545-12-09-17-41,350.75815
4794f2-NOZ55J-11-16-18-38,414.70163
4794f2-NOZ55J-12-05-18-55,319.74454
4794f2-NOZ56U-11-09-18-49,343.01126
4794f2-NOZ56U-11-27-20-09,346.9869
4794f2-NOZ56U-11-30-18-55,333.91464
4794f2-NOZ601-11-16-05-34,369.12195
4794f2-NOZ601-12-15-05-51,307.68906
4794f2-NOZ602-11-22-06-32,276.7979
4794f2-NOZ605-12-14-06-41,394.87753
4794f2-NOZ605-12-16-06-43,357.74054
4794f2-NOZ606-12-14-08-05,310.02777
4794f2-NOZ606-12-16-08-43,339.29095
4794f2-NOZ607-12-21-07-02,574.17505
4794f2-NOZ608-12-15-09-49,311.92584
4794f2-NOZ608-12-29-10-20,298.57263
4794f2-NOZ609-11-22-07-42,369.11563
4794f2-NOZ611-12-15-08-24,411.36453
4794f2-NOZ611-12-29-08-27,337.31824
4794f2-NOZ612-12-15-12-33,273.49655
4794f2-NOZ612-12-20-12-33,329.7688
4794f2-NOZ612-12-29-14-02,287.66965
4794f2-NOZ614-12-18-14-00,331.19623
4794f2-NOZ617-12-15-11-06,364.05865
4794f2-NOZ617-12-20-11-01,311.9608
4794f2-NOZ617-12-29-11-41,278.05887
4794f2-NOZ620-12-15-15-27,305.6662
4794f2-NOZ620-12-20-15-29,328.18005
4794f2-NOZ620-12-29-17-43,456.587
4794f2-NOZ623-12-18-12-35,319.24286
4794f2-NOZ625-12-15-14-05,308.6797
4794f2-NOZ625-12-20-14-00,351.87888
4794f2-NOZ625-12-29-15-29,564.9265
4794f2-NOZ626-12-18-17-02,316.6392
4794f2-NOZ626-12-19-17-41,274.36636
4794f2-NOZ626-12-30-17-00,299.26663
4794f2-NOZ631-12-18-15-35,387.59573
4794f2-NOZ631-12-19-15-34,480.82196
4794f2-NOZ631-12-30-15-40,319.04715
4794f2-NOZ632-12-15-18-11,268.68436
4794f2-NOZ632-12-20-18-23,289.32706
4794f2-NOZ634-12-18-20-02,334.90012
4794f2-NOZ637-12-15-16-43,333.6202
4794f2-NOZ637-12-20-16-48,328.7025
4794f2-NOZ638-11-15-20-22,282.68936
4794f2-NOZ643-12-18-18-24,310.5791
4794f2-NOZ6MH-11-19-10-08,317.91077
4794f2-NOZ6TM-11-03-19-00,295.83115
4794f2-NOZ6TM-11-06-20-05,309.77835
4794f2-NOZ6TM-11-07-18-44,322.87848
4794f2-NOZ6TM-12-09-19-05,337.6974
4794f2-NOZ7C-11-01-08-39,366.7566
4794f2-NOZ8404-12-16-19-37,309.73758
4794f2-NOZ9BH-11-07-15-34,329.84885
4794f2-NOZ9BH-11-10-15-30,350.31937
4794f2-NOZ9BH-11-22-15-41,298.4182
4794f2-NOZ9BH-12-01-15-33,336.80713
47956b-NOZ132-11-03-13-55,238.62325
47956b-NOZ133-11-03-15-03,241.00197
47956b-NOZ133-12-11-17-04,252.84962
47956b-NOZ133-12-22-15-10,229.62643
47956b-NOZ134-12-11-18-07,257.01187
47956b-NOZ183-12-16-13-11,352.13818
47956b-NOZ1BG-11-09-06-04,365.7236
47956b-NOZ1BG-11-21-06-22,344.65637
47956b-NOZ1TT-11-14-14-29,310.20642
47956b-NOZ276-11-11-16-01,302.87604
47956b-NOZ276-12-29-17-32,277.77356
47956b-NOZ277-11-11-17-31,455.60986
47956b-NOZ277-12-29-18-40,280.65134
47956b-NOZ2UC-12-05-16-06,301.25464
47956b-NOZ345-12-30-10-10,322.7689
47956b-NOZ346-11-23-15-21,311.26465
47956b-NOZ346-11-24-14-50,373.1021
47956b-NOZ347-11-23-17-11,356.02994
47956b-NOZ4HF-11-02-07-13,373.42087
47956b-NOZ4RZ-12-30-07-41,332.55447
47956b-NOZ50A-11-28-16-46,380.372
47956b-NOZ521-12-08-05-46,278.3895
47956b-NOZ521-12-09-05-45,354.95743
47956b-NOZ521-12-12-05-33,287.74402
47956b-NOZ521-12-13-05-27,319.6032
47956b-NOZ521-12-14-05-33,316.83023
47956b-NOZ521-12-15-05-51,324.80795
47956b-NOZ523-11-10-06-36,291.4727
47956b-NOZ523-12-16-07-43,315.92764
47956b-NOZ524-12-07-07-13,285.0246
47956b-NOZ524-12-08-07-00,305.58618
47956b-NOZ524-12-09-07-10,337.36618
47956b-NOZ524-12-12-07-09,324.7324
47956b-NOZ524-12-13-07-00,373.16934
47956b-NOZ524-12-14-07-06,329.48148
47956b-NOZ524-12-15-07-10,279.64105
47956b-NOZ530-11-18-09-51,303.92984
47956b-NOZ530-11-28-10-04,288.922
47956b-NOZ530-12-18-09-30,312.25412
47956b-NOZ531-11-18-11-17,261.2571
47956b-NOZ531-11-28-11-15,285.4144
47956b-NOZ531-12-18-08-07,318.41977
47956b-NOZ532-12-16-14-40,341.6388
47956b-NOZ534-11-18-12-53,289.7542
47956b-NOZ534-11-28-12-37,305.13553
47956b-NOZ535-12-16-17-00,370.38965
47956b-NOZ536-12-16-19-29,327.52267
47956b-NOZ537-11-18-14-09,313.12802
47956b-NOZ537-11-28-13-58,348.71158
47956b-NOZ538-11-10-15-21,387.96222
47956b-NOZ540-11-08-16-28,333.22006
47956b-NOZ541-12-16-20-57,304.33023
47956b-NOZ543-11-10-16-42,298.11243
47956b-NOZ544-12-16-22-58,339.85397
47956b-NOZ545-11-08-17-43,368.4546
47956b-NOZ546-11-10-18-12,449.44012
47956b-NOZ548-12-04-18-28,347.39697
47956b-NOZ549-11-10-19-30,319.96494
47956b-NOZ550-11-09-19-59,384.2654
47956b-NOZ553-12-04-19-43,289.49695
47956b-NOZ55J-11-28-18-42,342.12445
47956b-NOZ56U-11-08-19-06,341.80795
47956b-NOZ56U-11-20-20-23,331.53168
47956b-NOZ5AY-12-18-11-03,365.6767
47956b-NOZ5PY-11-14-15-56,309.5747
47956b-NOZ601-11-02-05-43,331.8684
47956b-NOZ605-11-01-06-41,345.74374
47956b-NOZ606-11-01-08-02,299.07007
47956b-NOZ607-11-04-07-03,346.96838
47956b-NOZ607-11-23-07-05,360.71915
47956b-NOZ608-11-02-09-54,295.5566
47956b-NOZ608-12-26-10-34,304.37088
47956b-NOZ611-11-02-08-37,356.107
47956b-NOZ611-12-26-08-27,329.5269
47956b-NOZ612-11-02-12-22,346.5216
47956b-NOZ612-12-26-13-27,312.732
47956b-NOZ617-11-02-11-05,292.28494
47956b-NOZ617-12-26-11-52,319.80002
47956b-NOZ620-11-02-15-22,285.91376
47956b-NOZ620-12-26-16-14,317.73193
47956b-NOZ625-11-02-13-57,325.6578
47956b-NOZ625-12-26-14-44,308.03168
47956b-NOZ626-11-01-16-55,331.16968
47956b-NOZ626-11-22-17-40,356.2578
47956b-NOZ628-11-14-17-39,342.71667
47956b-NOZ631-11-01-15-24,328.79312
47956b-NOZ632-11-02-17-57,316.45367
47956b-NOZ637-11-02-16-37,342.2127
47956b-NOZ637-12-26-17-34,311.11508
47956b-NOZ638-12-20-20-17,332.8467
47956b-NOZ639-11-18-17-33,410.26733
47956b-NOZ639-12-05-17-30,363.30533
47956b-NOZ645-11-14-19-11,294.62454
479d40-NOZ140-12-08-07-28,288.2685
479d40-NOZ140-12-09-07-09,342.84366
479d40-NOZ140-12-21-07-12,253.3808
479d40-NOZ141-12-08-08-30,230.54573
479d40-NOZ141-12-09-08-22,307.70477
479d40-NOZ141-12-21-08-08,371.66666
479d40-NOZ142-12-11-13-40,279.33118
479d40-NOZ143-12-11-14-39,315.60016
479d40-NOZ144-12-05-15-53,224.91068
479d40-NOZ144-12-12-16-10,434.15204
479d40-NOZ144-12-21-15-54,275.65698
479d40-NOZ144-12-22-15-28,229.8577
479d40-NOZ145-12-05-16-55,270.02875
479d40-NOZ145-12-12-17-22,235.46878
479d40-NOZ145-12-21-16-55,252.63113
479d40-NOZ145-12-22-16-36,311.48706
479d40-NOZ183-11-27-07-47,302.8678
479d40-NOZ1BG-12-02-06-07,454.7369
479d40-NOZ270-11-29-07-16,243.14978
479d40-NOZ271-11-29-06-01,295.38135
479d40-NOZ272-11-13-15-33,281.41693
479d40-NOZ272-11-27-15-37,269.9551
479d40-NOZ275-11-13-16-48,353.4994
479d40-NOZ275-11-27-16-53,322.03635
479d40-NOZ276-11-03-15-58,308.40265
479d40-NOZ277-11-03-17-22,338.2955
479d40-NOZ278-11-28-18-52,291.791
479d40-NOZ345-12-17-15-20,347.40775
479d40-NOZ346-11-29-14-44,346.1413
479d40-NOZ346-12-02-14-48,328.35678
479d40-NOZ347-11-29-16-40,322.1188
479d40-NOZ347-12-02-16-41,428.53436
479d40-NOZ4RZ-12-17-12-20,344.123
479d40-NOZ522-11-02-06-00,361.90707
479d40-NOZ525-11-02-07-20,299.9308
479d40-NOZ530-11-11-09-55,671.504
479d40-NOZ531-11-11-11-21,358.45224
479d40-NOZ534-11-11-12-41,527.7435
479d40-NOZ537-11-11-14-01,352.32697
479d40-NOZ538-11-07-15-22,376.12933
479d40-NOZ538-11-09-15-16,306.33432
479d40-NOZ538-11-15-15-14,285.14816
479d40-NOZ540-11-28-16-13,296.9747
479d40-NOZ543-11-07-16-40,308.03876
479d40-NOZ543-11-09-16-33,320.01923
479d40-NOZ543-11-15-16-45,312.1587
479d40-NOZ545-11-25-17-42,367.23502
479d40-NOZ545-11-28-17-25,396.8431
479d40-NOZ546-11-07-18-16,322.96796
479d40-NOZ546-11-09-18-16,364.1099
479d40-NOZ546-11-15-18-16,350.56235
479d40-NOZ549-11-07-19-36,277.60382
479d40-NOZ549-11-09-19-26,280.64545
479d40-NOZ549-11-15-19-27,298.31805
479d40-NOZ602-12-15-06-58,270.86685
479d40-NOZ608-12-31-08-51,332.70517
479d40-NOZ609-12-15-08-13,326.20395
479d40-NOZ6TM-11-25-19-09,321.94574
479d40-NOZ7C-11-29-08-44,290.90576
479d40-NOZ8ME-12-06-18-13,319.96204
479ee7-NOZ132-12-05-13-57,216.99529
479ee7-NOZ133-12-05-15-01,236.3106
479ee7-NOZ194-12-11-19-04,317.1374
479ee7-NOZ195-12-11-20-21,293.30566
479ee7-NOZ1TT-12-04-14-33,282.37396
479ee7-NOZ270-12-13-07-49,264.65808
479ee7-NOZ271-12-13-06-33,282.80154
479ee7-NOZ276-12-23-17-03,293.92996
479ee7-NOZ276-12-27-18-07,262.63608
479ee7-NOZ277-12-23-18-16,422.1292
479ee7-NOZ277-12-27-19-19,333.01672
479ee7-NOZ278-12-12-18-56,281.55194
479ee7-NOZ345-12-01-09-38,351.4442
479ee7-NOZ345-12-14-09-38,347.32245
479ee7-NOZ346-12-13-14-48,307.61234
479ee7-NOZ347-12-13-16-35,330.68036
479ee7-NOZ3LH-12-08-09-44,254.43826
479ee7-NOZ4DG-12-08-20-47,301.47333
479ee7-NOZ4RZ-12-01-07-45,368.7437
479ee7-NOZ4RZ-12-14-07-43,314.4657
479ee7-NOZ50A-12-08-16-54,330.25787
479ee7-NOZ50A-12-29-17-57,308.43927
479ee7-NOZ540-12-12-16-25,317.43317
479ee7-NOZ545-12-12-17-43,283.06866
479ee7-NOZ55J-12-08-18-49,434.13898
479ee7-NOZ55J-12-29-23-25,319.93823
479ee7-NOZ5PY-12-04-15-54,308.1266
479ee7-NOZ605-12-05-06-42,300.01904
479ee7-NOZ605-12-06-06-42,796.2639
479ee7-NOZ605-12-07-06-38,440.64023
479ee7-NOZ605-12-08-07-09,332.51642
479ee7-NOZ606-12-05-08-06,304.13947
479ee7-NOZ606-12-06-08-23,275.91553
479ee7-NOZ606-12-07-08-01,360.02905
479ee7-NOZ606-12-08-08-20,332.05154
479ee7-NOZ607-12-09-07-00,357.00098
479ee7-NOZ626-12-06-16-53,291.8162
479ee7-NOZ628-12-04-17-24,296.69275
479ee7-NOZ631-12-06-15-30,353.6707
479ee7-NOZ638-12-04-20-19,328.2702
479ee7-NOZ639-12-11-17-40,347.1501
479ee7-NOZ645-12-04-18-47,334.81708
479ee7-NOZ7C-12-13-08-58,307.95255
47a039-NOZ132-11-18-14-04,255.93166
47a039-NOZ133-11-18-15-01,248.37561
47a039-NOZ140-11-29-07-00,359.19568
47a039-NOZ140-12-02-07-15,229.05952
47a039-NOZ140-12-16-07-36,241.12163
47a039-NOZ141-11-29-08-04,314.60562
47a039-NOZ141-12-02-08-11,232.50621
47a039-NOZ141-12-16-08-44,257.35883
47a039-NOZ142-12-04-13-32,225.4527
47a039-NOZ143-12-04-14-29,294.27454
47a039-NOZ144-11-29-15-48,254.35129
47a039-NOZ144-12-15-16-04,253.86032
47a039-NOZ145-11-29-16-42,315.57336
47a039-NOZ145-12-15-16-57,268.04608
47a039-NOZ181-11-10-06-26,507.75452
47a039-NOZ182-11-10-07-53,337.2552
47a039-NOZ183-11-10-09-17,310.16278
47a039-NOZ1BG-12-12-06-06,480.11288
47a039-NOZ1BG-12-21-06-54,352.5241
47a039-NOZ1BG-12-28-06-35,333.78986
47a039-NOZ1BG-12-31-06-19,362.36588
47a039-NOZ1TT-11-04-14-44,283.51593
47a039-NOZ1TT-11-17-14-40,262.71048
47a039-NOZ1TT-11-24-14-46,313.73
47a039-NOZ1TT-12-06-14-43,427.89117
47a039-NOZ1TT-12-07-14-52,308.32956
47a039-NOZ271-11-16-06-01,294.48465
47a039-NOZ272-11-06-15-24,299.42267
47a039-NOZ275-11-06-16-46,344.20126
47a039-NOZ276-11-09-15-58,294.34033
47a039-NOZ276-11-14-15-55,253.3489
47a039-NOZ277-11-09-17-31,410.59006
47a039-NOZ277-11-14-17-24,310.63922
47a039-NOZ278-11-15-18-55,292.4182
47a039-NOZ2DC-11-01-05-57,271.7458
47a039-NOZ345-12-18-10-29,338.3331
47a039-NOZ345-12-19-10-26,351.66736
47a039-NOZ346-12-28-14-58,321.53076
47a039-NOZ347-12-28-16-59,377.6908
47a039-NOZ3JE-11-01-06-58,231.28015
47a039-NOZ3LH-11-25-13-11,274.91153
47a039-NOZ3LH-11-26-07-32,265.979
47a039-NOZ4HF-11-21-07-07,294.98444
47a039-NOZ4RZ-12-18-08-28,332.22006
47a039-NOZ4RZ-12-19-07-53,338.3718
47a039-NOZ50A-12-18-17-38,309.5071
47a039-NOZ50F-12-05-09-48,285.55338
47a039-NOZ538-11-16-15-18,309.75693
47a039-NOZ540-12-20-16-51,455.20096
47a039-NOZ543-11-16-16-49,293.42065
47a039-NOZ545-12-20-18-15,308.3331
47a039-NOZ545-12-27-17-49,361.2345
47a039-NOZ546-11-16-18-12,324.24963
47a039-NOZ549-11-16-19-28,278.13327
47a039-NOZ550-12-23-21-38,280.02814
47a039-NOZ55J-12-18-20-38,358.72446
47a039-NOZ56U-12-11-20-06,403.708
47a039-NOZ56U-12-20-19-54,345.81876
47a039-NOZ56U-12-27-19-16,353.57507
47a039-NOZ56U-12-30-19-42,311.9956
47a039-NOZ5PY-11-04-16-15,279.68625
47a039-NOZ5PY-11-17-15-58,383.1243
47a039-NOZ5PY-11-24-16-05,256.26123
47a039-NOZ5PY-12-06-15-59,308.50635
47a039-NOZ5PY-12-07-16-10,310.6142
47a039-NOZ601-11-21-05-35,302.6863
47a039-NOZ605-11-03-06-40,393.3255
47a039-NOZ605-11-18-06-31,370.0985
47a039-NOZ605-11-25-06-48,365.57803
47a039-NOZ606-11-18-08-06,322.09225
47a039-NOZ606-11-25-08-21,299.4005
47a039-NOZ607-11-22-07-05,322.59995
47a039-NOZ607-11-28-07-02,342.54855
47a039-NOZ608-11-21-10-05,293.0771
47a039-NOZ611-11-21-08-20,395.01935
47a039-NOZ612-11-21-12-32,251.88487
47a039-NOZ614-11-27-15-08,335.74115
47a039-NOZ617-11-21-11-13,354.1633
47a039-NOZ620-11-21-15-29,335.05807
47a039-NOZ623-11-27-13-39,308.14438
47a039-NOZ625-11-21-14-01,399.41928
47a039-NOZ628-11-04-17-39,261.73892
47a039-NOZ628-11-17-17-32,283.49185
47a039-NOZ628-11-24-17-45,300.1849
47a039-NOZ628-12-06-17-23,321.27054
47a039-NOZ628-12-07-17-33,308.54266
47a039-NOZ632-11-21-18-08,332.53815
47a039-NOZ637-11-21-16-41,356.99603
47a039-NOZ638-11-17-20-15,275.7644
47a039-NOZ638-11-24-20-29,308.1191
47a039-NOZ639-12-21-17-34,324.88324
47a039-NOZ645-11-04-18-54,288.58728
47a039-NOZ645-11-17-18-46,423.70883
47a039-NOZ645-11-24-18-58,279.62863
47a039-NOZ645-12-06-18-42,339.4188
47a039-NOZ645-12-07-18-47,300.43192
47a039-NOZ6CF-11-16-08-06,340.4234
47a039-NOZ6TM-11-09-18-55,303.80334
47a05e-NOZ133-11-20-15-59,226.6095
47a05e-NOZ134-11-20-17-00,234.15453
47a05e-NOZ164-12-16-06-21,337.5385
47a05e-NOZ172-12-18-11-56,338.4562
47a05e-NOZ182-12-30-07-36,403.3309
47a05e-NOZ183-11-13-07-52,304.24652
47a05e-NOZ183-12-30-09-03,351.6249
47a05e-NOZ191-11-02-17-04,348.11017
47a05e-NOZ1BG-12-10-06-07,366.38583
47a05e-NOZ1TT-12-15-14-57,344.46283
47a05e-NOZ270-12-07-07-22,292.8487
47a05e-NOZ270-12-15-07-35,248.90878
47a05e-NOZ271-12-15-06-24,303.89737
47a05e-NOZ276-11-06-13-22,307.82657
47a05e-NOZ277-11-06-14-35,357.96048
47a05e-NOZ278-12-14-18-54,258.03552
47a05e-NOZ2GH-12-18-15-15,379.25293
47a05e-NOZ2UC-11-14-15-59,284.3624
47a05e-NOZ2UC-11-29-16-00,343.5426
47a05e-NOZ3VG-12-13-16-31,274.89267
47a05e-NOZ3VG-12-15-16-16,358.0595
47a05e-NOZ4RZ-12-12-07-39,337.15262
47a05e-NOZ50A-12-11-16-57,336.09946
47a05e-NOZ521-11-18-05-38,293.78128
47a05e-NOZ521-11-21-05-30,314.69266
47a05e-NOZ521-11-22-05-30,302.55197
47a05e-NOZ521-11-23-05-33,324.22815
47a05e-NOZ521-11-24-05-29,291.36362
47a05e-NOZ521-11-25-05-30,309.21326
47a05e-NOZ521-12-05-05-45,412.92297
47a05e-NOZ521-12-06-05-29,317.35068
47a05e-NOZ521-12-07-05-45,337.7101
47a05e-NOZ523-12-01-06-26,312.39053
47a05e-NOZ523-12-02-06-50,368.38275
47a05e-NOZ524-11-17-07-11,293.39252
47a05e-NOZ524-11-18-07-04,310.4691
47a05e-NOZ524-11-21-07-11,358.17136
47a05e-NOZ524-11-22-07-10,312.62018
47a05e-NOZ524-11-23-07-24,280.81747
47a05e-NOZ524-11-24-07-09,344.5024
47a05e-NOZ524-11-25-06-58,289.46933
47a05e-NOZ524-12-05-07-07,308.90436
47a05e-NOZ524-12-06-07-21,301.78012
47a05e-NOZ525-11-27-11-29,372.27753
47a05e-NOZ526-12-01-08-09,382.66513
47a05e-NOZ526-12-02-08-14,300.63297
47a05e-NOZ530-12-04-09-27,318.52045
47a05e-NOZ531-12-04-07-59,303.0101
47a05e-NOZ532-12-01-10-54,284.20096
47a05e-NOZ532-12-02-11-09,303.21924
47a05e-NOZ534-11-27-13-43,479.74033
47a05e-NOZ535-12-01-12-30,297.85468
47a05e-NOZ535-12-02-12-37,300.16986
47a05e-NOZ535-12-04-13-35,348.05307
47a05e-NOZ536-12-01-14-17,326.5652
47a05e-NOZ536-12-02-14-13,361.28738
47a05e-NOZ537-11-27-15-06,373.52344
47a05e-NOZ538-12-04-15-03,342.10684
47a05e-NOZ540-11-11-16-13,407.26276
47a05e-NOZ540-11-16-16-09,318.30014
47a05e-NOZ540-11-27-16-29,286.25616
47a05e-NOZ541-12-01-15-41,320.14117
47a05e-NOZ541-12-02-15-59,278.5847
47a05e-NOZ543-12-04-16-38,287.10245
47a05e-NOZ544-12-01-17-08,292.6492
47a05e-NOZ544-12-02-17-26,323.08978
47a05e-NOZ544-12-04-18-06,305.7261
47a05e-NOZ545-11-11-17-34,316.0096
47a05e-NOZ545-11-16-17-29,299.04797
47a05e-NOZ545-11-27-17-44,379.6946
47a05e-NOZ546-11-27-19-05,359.85464
47a05e-NOZ549-12-04-19-33,277.25827
47a05e-NOZ550-11-30-20-02,321.6065
47a05e-NOZ550-12-04-20-59,303.8768
47a05e-NOZ555-11-27-20-27,318.89703
47a05e-NOZ55J-12-11-18-50,467.26157
47a05e-NOZ56U-12-09-19-23,344.30222
47a05e-NOZ5AY-12-01-09-22,290.32513
47a05e-NOZ5AY-12-02-09-27,309.0794
47a05e-NOZ5AY-12-04-10-52,343.65253
47a05e-NOZ607-12-20-07-09,921.88086
47a05e-NOZ612-12-19-12-36,361.6566
47a05e-NOZ617-12-19-11-06,354.5335
47a05e-NOZ620-12-19-15-48,296.61026
47a05e-NOZ624-12-18-16-34,289.86008
47a05e-NOZ625-12-19-14-09,424.9828
47a05e-NOZ626-12-16-17-30,305.41632
47a05e-NOZ628-12-13-17-44,264.0447
47a05e-NOZ628-12-15-17-41,322.1732
47a05e-NOZ631-12-16-15-46,927.3961
47a05e-NOZ632-12-19-18-55,612.5001
47a05e-NOZ637-12-19-17-16,311.2602
47a05e-NOZ638-12-12-20-16,265.66214
47a05e-NOZ638-12-15-20-25,336.1682
47a05e-NOZ639-11-14-17-24,315.26382
47a05e-NOZ639-11-29-17-21,351.4903
47a05e-NOZ645-12-13-18-54,273.10587
47a05e-NOZ645-12-15-18-54,283.4066
47a05e-NOZ6TC-11-04-17-10,400.73752
47a05e-NOZ6TM-11-11-19-02,406.9275
47a05e-NOZ7C-12-07-08-44,313.08636
47a05e-NOZ7C-12-15-08-50,280.9305
47a05e-NOZ9BH-11-02-15-37,328.5883
47a097-NOZ181-12-08-07-41,310.8732
47a097-NOZ182-12-08-09-26,379.25058
47a097-NOZ183-12-08-11-14,470.49652
47a097-NOZ271-12-20-07-05,370.34195
47a097-NOZ276-12-07-16-11,249.7329
47a097-NOZ277-12-07-17-27,343.5046
47a097-NOZ278-12-19-20-13,270.93893
47a097-NOZ345-12-21-10-29,336.39914
47a097-NOZ346-12-09-15-26,337.3739
47a097-NOZ346-12-20-15-14,331.8687
47a097-NOZ347-12-09-17-14,432.59763
47a097-NOZ347-12-20-17-57,323.11044
47a097-NOZ4HF-11-01-06-57,289.89987
47a097-NOZ4RZ-12-21-07-46,402.96027
47a097-NOZ522-12-14-06-27,319.7023
47a097-NOZ523-12-10-06-07,307.79193
47a097-NOZ523-12-11-06-53,262.67188
47a097-NOZ523-12-28-06-49,331.73123
47a097-NOZ523-12-29-06-32,303.03986
47a097-NOZ523-12-30-06-26,360.53668
47a097-NOZ523-12-31-06-02,338.90823
47a097-NOZ524-12-10-07-29,411.8872
47a097-NOZ524-12-31-07-28,440.37283
47a097-NOZ525-12-14-07-39,301.343
47a097-NOZ526-12-28-08-27,351.2311
47a097-NOZ526-12-29-08-35,311.30472
47a097-NOZ526-12-30-08-13,302.66653
47a097-NOZ531-12-10-08-47,318.43417
47a097-NOZ531-12-31-08-55,267.1609
47a097-NOZ532-12-10-10-15,305.48566
47a097-NOZ532-12-28-11-19,329.24402
47a097-NOZ532-12-29-11-46,354.68942
47a097-NOZ532-12-30-11-04,474.77197
47a097-NOZ532-12-31-10-15,323.897
47a097-NOZ535-12-28-12-38,336.25513
47a097-NOZ535-12-29-13-05,252.04276
47a097-NOZ535-12-30-12-39,393.39172
47a097-NOZ536-12-28-14-17,350.78006
47a097-NOZ536-12-29-14-42,410.54602
47a097-NOZ536-12-30-14-22,375.56464
47a097-NOZ540-12-19-17-06,294.90228
47a097-NOZ541-12-28-15-42,313.28394
47a097-NOZ541-12-29-16-04,627.7446
47a097-NOZ541-12-30-15-57,331.5195
47a097-NOZ544-12-27-17-42,346.55054
47a097-NOZ544-12-28-17-32,337.5364
47a097-NOZ544-12-29-18-16,377.3439
47a097-NOZ544-12-30-17-23,382.88177
47a097-NOZ545-12-19-18-26,363.13077
47a097-NOZ548-12-18-19-49,353.90283
47a097-NOZ550-12-09-19-34,265.97787
47a097-NOZ553-12-18-21-05,342.57434
47a097-NOZ5AY-12-28-09-37,289.95297
47a097-NOZ5AY-12-29-10-00,272.18762
47a097-NOZ5AY-12-30-09-33,323.72794
47a097-NOZ601-11-01-05-34,493.32706
47a097-NOZ602-12-22-06-12,302.9523
47a097-NOZ607-11-02-07-55,290.0217
47a097-NOZ608-11-01-09-39,289.5168
47a097-NOZ609-12-22-07-41,330.0825
47a097-NOZ60M-12-18-16-05,339.51804
47a097-NOZ611-11-01-08-23,299.98
47a097-NOZ612-11-01-12-22,297.07767
47a097-NOZ617-11-01-10-56,308.10513
47a097-NOZ6TM-12-07-18-46,335.1554
47a0bf-NOZ132-12-02-14-02,241.7403
47a0bf-NOZ133-11-13-15-49,258.60226
47a0bf-NOZ133-12-02-14-57,257.67896
47a0bf-NOZ134-11-13-16-53,263.3756
47a0bf-NOZ140-12-06-07-02,229.28026
47a0bf-NOZ141-12-06-08-04,246.07414
47a0bf-NOZ144-12-06-16-16,249.85916
47a0bf-NOZ145-12-06-17-12,231.74469
47a0bf-NOZ191-12-29-17-44,345.4188
47a0bf-NOZ271-12-23-06-24,279.68423
47a0bf-NOZ276-11-27-13-30,256.29596
47a0bf-NOZ276-12-26-16-31,289.06366
47a0bf-NOZ277-11-27-14-41,289.82443
47a0bf-NOZ277-12-26-17-40,256.91534
47a0bf-NOZ278-12-22-20-35,278.08356
47a0bf-NOZ2GH-12-04-15-02,339.53018
47a0bf-NOZ345-12-23-10-24,329.9047
47a0bf-NOZ4HF-11-04-07-10,290.1239
47a0bf-NOZ4HF-11-22-07-16,285.05817
47a0bf-NOZ4HF-11-29-07-01,306.99777
47a0bf-NOZ4RZ-12-23-07-39,668.2004
47a0bf-NOZ521-11-15-05-24,289.11798
47a0bf-NOZ521-11-16-05-30,310.973
47a0bf-NOZ521-12-16-06-06,280.23932
47a0bf-NOZ522-11-01-05-58,303.35748
47a0bf-NOZ523-11-14-06-36,460.2148
47a0bf-NOZ523-11-17-06-27,298.2118
47a0bf-NOZ523-11-18-06-39,328.78107
47a0bf-NOZ523-11-20-06-38,252.25821
47a0bf-NOZ523-12-18-06-28,320.61432
47a0bf-NOZ524-11-15-06-53,305.47226
47a0bf-NOZ524-11-16-07-05,331.34235
47a0bf-NOZ524-12-16-07-37,307.6961
47a0bf-NOZ525-11-01-07-25,345.05087
47a0bf-NOZ526-11-14-08-03,356.92114
47a0bf-NOZ526-11-17-07-54,305.1143
47a0bf-NOZ526-11-18-08-03,326.7474
47a0bf-NOZ532-11-14-11-01,276.0216
47a0bf-NOZ532-11-17-11-06,296.36893
47a0bf-NOZ532-11-18-11-12,325.98764
47a0bf-NOZ532-12-15-11-41,266.09738
47a0bf-NOZ535-11-14-12-35,272.87024
47a0bf-NOZ535-11-17-12-36,300.31592
47a0bf-NOZ535-11-18-12-41,369.84943
47a0bf-NOZ535-12-15-12-55,379.54147
47a0bf-NOZ536-11-14-14-11,314.82562
47a0bf-NOZ536-11-17-14-23,336.00284
47a0bf-NOZ536-11-18-14-32,318.58228
47a0bf-NOZ536-12-15-14-19,324.57092
47a0bf-NOZ540-12-22-16-49,273.01056
47a0bf-NOZ541-11-14-15-43,311.5086
47a0bf-NOZ541-11-17-15-54,287.76102
47a0bf-NOZ541-11-18-15-59,288.11774
47a0bf-NOZ544-11-14-17-14,314.73242
47a0bf-NOZ544-11-17-17-15,352.41553
47a0bf-NOZ544-11-18-17-32,286.39227
47a0bf-NOZ544-12-15-17-18,370.15518
47a0bf-NOZ545-12-22-18-04,300.23056
47a0bf-NOZ547-11-17-18-35,315.80066
47a0bf-NOZ547-12-15-18-34,311.21848
47a0bf-NOZ550-11-11-19-23,364.69702
47a0bf-NOZ550-11-17-20-20,358.20584
47a0bf-NOZ550-12-15-20-19,328.7011
47a0bf-NOZ5AY-11-14-09-24,297.73242
47a0bf-NOZ5AY-11-17-09-20,303.12598
47a0bf-NOZ5AY-11-18-09-28,293.29727
47a0bf-NOZ601-11-04-05-42,356.1352
47a0bf-NOZ601-11-29-05-38,333.6861
47a0bf-NOZ602-11-10-05-57,328.5336
47a0bf-NOZ605-11-23-06-29,527.74054
47a0bf-NOZ605-11-28-06-29,383.92368
47a0bf-NOZ605-12-02-06-36,294.22668
47a0bf-NOZ606-11-03-08-23,304.34476
47a0bf-NOZ606-11-23-08-32,384.1511
47a0bf-NOZ606-11-28-08-02,461.68173
47a0bf-NOZ606-12-02-08-09,315.74466
47a0bf-NOZ607-11-07-07-05,333.65634
47a0bf-NOZ607-11-24-07-13,343.77905
47a0bf-NOZ607-12-05-07-05,303.64084
47a0bf-NOZ608-11-04-09-49,309.18597
47a0bf-NOZ608-11-22-09-50,255.39745
47a0bf-NOZ608-11-29-09-44,258.93036
47a0bf-NOZ609-11-10-07-27,413.07007
47a0bf-NOZ611-11-04-08-27,331.47113
47a0bf-NOZ611-11-22-08-26,386.95715
47a0bf-NOZ611-11-29-08-20,294.95615
47a0bf-NOZ612-11-04-12-36,325.6738
47a0bf-NOZ612-11-22-12-29,321.84445
47a0bf-NOZ612-11-29-12-22,270.3975
47a0bf-NOZ614-11-06-14-06,285.37112
47a0bf-NOZ617-11-04-11-08,330.55457
47a0bf-NOZ617-11-22-11-01,358.90735
47a0bf-NOZ617-11-29-11-00,290.42426
47a0bf-NOZ620-11-04-15-21,292.69916
47a0bf-NOZ620-11-22-15-55,275.25992
47a0bf-NOZ620-11-29-15-24,317.82953
47a0bf-NOZ623-11-06-12-44,427.83527
47a0bf-NOZ624-12-04-16-30,317.39743
47a0bf-NOZ625-11-04-14-06,327.94995
47a0bf-NOZ625-11-22-13-59,368.78223
47a0bf-NOZ625-11-29-14-00,343.44434
47a0bf-NOZ626-11-03-16-53,281.72733
47a0bf-NOZ626-11-06-17-01,280.61774
47a0bf-NOZ631-11-03-15-27,285.4529
47a0bf-NOZ631-11-06-15-31,309.77066
47a0bf-NOZ631-12-01-15-21,436.85706
47a0bf-NOZ632-11-04-18-02,316.60294
47a0bf-NOZ632-11-22-18-21,283.77426
47a0bf-NOZ632-11-29-18-07,259.87424
47a0bf-NOZ634-11-06-19-50,277.2112
47a0bf-NOZ637-11-04-16-44,301.79782
47a0bf-NOZ637-11-22-17-08,317.8471
47a0bf-NOZ637-11-29-16-43,290.09473
47a0bf-NOZ638-11-27-20-19,307.8963
47a0bf-NOZ643-11-06-18-28,322.67902
47a185-NOZ181-11-25-06-04,342.65457
47a185-NOZ181-12-16-07-20,555.9762
47a185-NOZ182-11-25-07-32,295.0577
47a185-NOZ183-11-25-08-50,373.29358
47a185-NOZ194-11-20-18-50,305.11124
47a185-NOZ195-11-20-19-58,299.8633
47a185-NOZ1BG-12-19-06-52,273.89056
47a185-NOZ270-12-08-07-35,248.32825
47a185-NOZ271-12-08-06-23,273.66705
47a185-NOZ276-11-20-13-39,281.51193
47a185-NOZ276-11-28-16-07,266.62967
47a185-NOZ277-11-20-14-52,282.62964
47a185-NOZ277-11-28-17-20,330.62802
47a185-NOZ278-12-07-19-46,260.11896
47a185-NOZ2DC-11-08-06-00,240.41843
47a185-NOZ2GH-11-13-15-02,329.82275
47a185-NOZ2UC-11-02-15-59,324.38882
47a185-NOZ2UC-11-20-16-08,277.27704
47a185-NOZ345-11-07-09-38,349.4978
47a185-NOZ346-11-18-14-36,335.23578
47a185-NOZ347-11-18-16-31,304.88174
47a185-NOZ347-11-30-16-45,369.2001
47a185-NOZ3JE-11-08-06-56,266.81638
47a185-NOZ4HF-11-11-07-01,277.19443
47a185-NOZ4HF-11-15-06-57,291.19
47a185-NOZ4RZ-11-07-07-39,346.66357
47a185-NOZ50A-11-06-16-37,346.24792
47a185-NOZ523-12-04-06-31,262.6526
47a185-NOZ536-12-04-14-27,339.5551
47a185-NOZ538-12-02-15-33,309.68927
47a185-NOZ538-12-13-15-55,354.127
47a185-NOZ540-12-16-18-14,300.70782
47a185-NOZ541-12-04-15-41,330.42975
47a185-NOZ543-12-02-16-48,289.082
47a185-NOZ543-12-13-17-12,253.42201
47a185-NOZ545-12-16-20-02,332.92654
47a185-NOZ546-12-02-18-24,326.31317
47a185-NOZ546-12-13-18-35,306.97202
47a185-NOZ549-12-13-19-54,262.66
47a185-NOZ55J-11-06-18-38,333.94348
47a185-NOZ56U-12-18-20-35,363.4665
47a185-NOZ601-11-11-05-38,365.9968
47a185-NOZ601-11-15-05-39,283.04935
47a185-NOZ605-11-16-06-33,350.48697
47a185-NOZ606-11-16-08-06,385.59174
47a185-NOZ607-11-17-07-01,364.29294
47a185-NOZ608-11-11-09-45,361.70453
47a185-NOZ608-11-12-08-57,399.34064
47a185-NOZ608-11-15-09-39,294.4111
47a185-NOZ609-11-12-07-30,333.57935
47a185-NOZ611-11-11-08-24,340.32327
47a185-NOZ611-11-15-08-19,339.044
47a185-NOZ612-11-11-12-33,287.443
47a185-NOZ612-11-15-12-24,270.20172
47a185-NOZ617-11-11-11-11,334.9314
47a185-NOZ617-11-15-10-55,321.1059
47a185-NOZ620-11-10-15-25,296.79434
47a185-NOZ620-11-11-15-24,311.3953
47a185-NOZ620-11-14-15-29,324.42346
47a185-NOZ620-11-15-15-23,291.48285
47a185-NOZ624-11-13-16-25,328.38043
47a185-NOZ625-11-10-14-06,401.8918
47a185-NOZ625-11-11-14-05,295.6292
47a185-NOZ625-11-14-14-07,313.69934
47a185-NOZ625-11-15-14-07,322.58978
47a185-NOZ632-11-10-18-06,380.41806
47a185-NOZ632-11-11-18-11,328.5394
47a185-NOZ632-11-14-18-07,298.50415
47a185-NOZ632-11-15-18-13,279.7524
47a185-NOZ637-11-11-16-45,340.85532
47a185-NOZ637-11-14-16-46,334.58405
47a185-NOZ637-11-15-16-37,324.99884
47a185-NOZ638-11-07-20-14,286.8422
47a185-NOZ639-11-02-17-20,310.43814
47a185-NOZ639-11-20-17-22,279.1304
47a185-NOZ67-11-10-16-50,448.8413
47a185-NOZ6TM-11-24-19-39,315.65314
47a185-NOZ6TM-12-15-19-52,306.15485
47a185-NOZ7C-12-08-08-47,282.46555
47a1ef-NOZ132-12-08-14-07,250.74129
47a1ef-NOZ132-12-09-14-08,225.59433
47a1ef-NOZ132-12-12-14-06,259.07224
47a1ef-NOZ133-12-08-15-11,286.65692
47a1ef-NOZ133-12-09-15-08,290.32666
47a1ef-NOZ133-12-12-15-00,254.77443
47a1ef-NOZ140-11-16-07-02,232.70996
47a1ef-NOZ140-11-21-07-14,228.75063
47a1ef-NOZ140-11-24-07-14,261.91934
47a1ef-NOZ140-11-25-07-07,318.00793
47a1ef-NOZ140-12-20-07-10,252.61824
47a1ef-NOZ140-12-22-07-32,234.018
47a1ef-NOZ140-12-23-07-11,212.19958
47a1ef-NOZ141-11-16-08-10,285.56616
47a1ef-NOZ141-11-21-08-05,318.031
47a1ef-NOZ141-11-24-08-05,336.87555
47a1ef-NOZ141-11-25-08-06,308.37207
47a1ef-NOZ141-11-28-08-05,227.6465
47a1ef-NOZ141-12-20-08-08,244.91968
47a1ef-NOZ141-12-22-08-23,228.96059
47a1ef-NOZ141-12-23-08-04,313.37
47a1ef-NOZ142-11-20-13-39,321.6921
47a1ef-NOZ143-11-20-14-35,234.93326
47a1ef-NOZ144-11-16-14-25,329.00125
47a1ef-NOZ144-11-18-14-26,353.0385
47a1ef-NOZ144-12-20-15-52,250.9012
47a1ef-NOZ145-11-16-16-55,236.57002
47a1ef-NOZ145-11-18-16-45,315.16403
47a1ef-NOZ145-12-20-16-51,328.79657
47a1ef-NOZ191-11-09-16-59,330.18845
47a1ef-NOZ194-12-18-19-27,324.82748
47a1ef-NOZ195-12-18-20-52,313.33502
47a1ef-NOZ1KD-11-17-14-12,311.84863
47a1ef-NOZ1TT-11-01-14-31,330.53326
47a1ef-NOZ1TT-11-13-14-32,295.21182
47a1ef-NOZ2DC-12-14-06-12,247.19173
47a1ef-NOZ345-11-27-10-21,352.02856
47a1ef-NOZ3JE-12-14-07-05,262.20148
47a1ef-NOZ47Y-11-17-19-30,308.3809
47a1ef-NOZ4RZ-11-27-08-16,382.94458
47a1ef-NOZ50A-11-07-16-37,373.61197
47a1ef-NOZ51Q-11-17-08-22,307.78607
47a1ef-NOZ522-12-05-06-03,307.8229
47a1ef-NOZ523-11-03-06-28,459.3409
47a1ef-NOZ523-12-17-06-02,278.5507
47a1ef-NOZ525-12-05-07-22,291.82413
47a1ef-NOZ526-11-03-08-00,307.9728
47a1ef-NOZ530-11-07-09-59,292.5892
47a1ef-NOZ531-11-07-11-17,356.7673
47a1ef-NOZ532-11-03-11-52,329.84116
47a1ef-NOZ534-11-07-12-43,395.9264
47a1ef-NOZ535-11-03-13-38,398.07254
47a1ef-NOZ537-11-07-14-02,311.89743
47a1ef-NOZ538-12-19-15-43,424.51736
47a1ef-NOZ543-12-19-17-02,332.33032
47a1ef-NOZ550-12-17-01-17,326.07254
47a1ef-NOZ55J-11-07-18-44,325.61063
47a1ef-NOZ5AY-11-03-09-19,322.3805
47a1ef-NOZ5DP-11-18-06-35,366.12143
47a1ef-NOZ5PY-11-01-16-00,300.69705
47a1ef-NOZ5PY-11-13-16-00,355.37082
47a1ef-NOZ605-12-09-06-48,393.85812
47a1ef-NOZ606-12-09-08-30,304.79352
47a1ef-NOZ606-12-13-11-10,826.6079
47a1ef-NOZ607-11-14-07-18,317.18182
47a1ef-NOZ607-12-15-07-20,389.01108
47a1ef-NOZ608-12-11-10-01,252.4865
47a1ef-NOZ611-12-11-08-39,274.02512
47a1ef-NOZ612-12-11-12-46,294.76562
47a1ef-NOZ617-12-11-11-15,336.78336
47a1ef-NOZ620-12-11-15-46,294.71658
47a1ef-NOZ620-12-13-16-40,281.4698
47a1ef-NOZ625-12-11-14-11,360.41345
47a1ef-NOZ625-12-13-14-58,420.8903
47a1ef-NOZ628-11-01-17-30,518.76874
47a1ef-NOZ628-11-13-17-32,278.9134
47a1ef-NOZ631-12-14-15-28,285.60458
47a1ef-NOZ632-12-11-18-25,271.28525
47a1ef-NOZ632-12-13-19-40,295.69574
47a1ef-NOZ637-12-11-17-07,296.23642
47a1ef-NOZ637-12-13-17-56,389.68054
47a1ef-NOZ638-11-13-20-33,288.0095
47a1ef-NOZ638-12-06-20-16,289.2287
47a1ef-NOZ639-12-18-18-02,349.88116
47a1ef-NOZ645-11-01-18-58,305.05145
47a1ef-NOZ645-11-13-19-26,310.1869
47a1ef-NOZ647-12-11-19-39,287.94852
47a1ef-NOZ648-12-11-21-02,278.076
47a1ef-NOZ8400-11-02-21-18,291.37708
47a1ef-NOZ9BH-11-09-15-33,304.8608
47a1ef-NOZ9T-11-17-16-50,283.88876
47a218-NOZ140-12-12-07-11,242.07367
47a218-NOZ141-12-12-08-13,316.0245
47a218-NOZ144-12-09-16-31,240.01352
47a218-NOZ145-12-09-17-23,322.53088
47a218-NOZ181-11-14-06-24,379.37753
47a218-NOZ181-11-15-06-01,375.27408
47a218-NOZ181-11-24-06-05,358.24734
47a218-NOZ182-11-14-07-53,309.6426
47a218-NOZ182-11-15-07-38,348.03864
47a218-NOZ182-11-24-08-00,329.6366
47a218-NOZ182-12-29-08-06,305.66736
47a218-NOZ183-11-14-09-07,314.56918
47a218-NOZ183-11-15-08-53,293.34006
47a218-NOZ183-11-24-09-07,326.5792
47a218-NOZ183-12-29-09-25,303.90854
47a218-NOZ191-11-14-17-10,295.1496
47a218-NOZ1BG-12-05-06-01,337.62268
47a218-NOZ276-11-10-15-53,283.134
47a218-NOZ276-12-02-15-57,263.39194
47a218-NOZ277-11-10-17-25,283.7805
47a218-NOZ277-12-02-17-20,293.43857
47a218-NOZ345-12-11-10-16,363.33203
47a218-NOZ4HF-11-18-07-15,352.4841
47a218-NOZ4RZ-12-11-08-14,350.17172
47a218-NOZ523-12-14-06-52,370.9807
47a218-NOZ523-12-19-06-28,405.2247
47a218-NOZ523-12-20-06-26,286.51492
47a218-NOZ525-12-26-07-24,391.88736
47a218-NOZ526-12-14-08-21,272.41586
47a218-NOZ526-12-19-08-12,335.38272
47a218-NOZ526-12-20-07-58,394.73993
47a218-NOZ530-12-02-10-13,255.29272
47a218-NOZ531-12-02-11-19,400.35226
47a218-NOZ532-12-14-11-01,313.54367
47a218-NOZ532-12-18-12-42,260.10187
47a218-NOZ532-12-19-11-04,335.60284
47a218-NOZ532-12-20-11-09,383.9125
47a218-NOZ534-12-02-12-42,292.62018
47a218-NOZ535-12-14-12-31,331.26855
47a218-NOZ535-12-18-13-57,335.21613
47a218-NOZ535-12-19-12-31,371.36105
47a218-NOZ535-12-20-12-41,332.4966
47a218-NOZ536-12-14-14-19,327.84723
47a218-NOZ536-12-19-14-22,360.40952
47a218-NOZ536-12-20-14-26,339.70685
47a218-NOZ537-12-02-13-55,311.05157
47a218-NOZ538-12-18-15-29,310.50626
47a218-NOZ541-12-14-15-46,318.57922
47a218-NOZ541-12-19-15-45,407.16373
47a218-NOZ541-12-20-15-45,322.57593
47a218-NOZ543-12-18-17-02,376.22818
47a218-NOZ544-12-18-18-29,265.4474
47a218-NOZ544-12-19-17-34,397.76706
47a218-NOZ544-12-20-17-46,348.79874
47a218-NOZ547-12-20-18-57,306.1229
47a218-NOZ548-11-27-18-35,373.86398
47a218-NOZ549-12-18-19-38,278.4309
47a218-NOZ550-12-13-20-25,334.7232
47a218-NOZ550-12-18-21-06,309.1627
47a218-NOZ550-12-20-20-20,328.61288
47a218-NOZ550-12-30-19-33,404.8836
47a218-NOZ553-11-27-19-57,345.4967
47a218-NOZ56U-12-04-20-01,626.4717
47a218-NOZ5AY-12-14-09-26,295.5875
47a218-NOZ5AY-12-19-09-28,378.15952
47a218-NOZ608-11-18-10-03,281.31482
47a218-NOZ608-11-19-08-57,279.68185
47a218-NOZ608-11-20-09-46,273.34546
47a218-NOZ609-11-19-07-35,350.5513
47a218-NOZ611-11-18-08-35,336.3361
47a218-NOZ611-11-20-08-24,349.1555
47a218-NOZ612-11-18-12-40,304.02853
47a218-NOZ612-11-20-12-41,276.40182
47a218-NOZ617-11-18-11-19,299.94452
47a218-NOZ617-11-20-11-06,344.68002
47a218-NOZ620-11-18-15-42,266.9401
47a218-NOZ620-11-20-15-48,281.8785
47a218-NOZ625-11-18-14-07,297.81122
47a218-NOZ625-11-20-14-01,356.1571
47a218-NOZ632-11-18-18-32,303.30295
47a218-NOZ632-11-20-18-28,256.9586
47a218-NOZ637-11-18-16-52,319.1637
47a218-NOZ637-11-20-17-02,436.0995
47a218-NOZ639-12-07-17-28,327.80344
47a218-NOZ647-11-20-19-40,325.39627
47a218-NOZ6TM-11-13-20-12,303.076
47a218-NOZ6TM-11-14-18-42,307.05063
47a218-NOZ6TM-11-23-19-49,320.04855
47a22c-NOZ133-12-04-15-57,257.55795
47a22c-NOZ134-12-04-16-58,257.756
47a22c-NOZ140-11-17-07-06,234.0218
47a22c-NOZ140-11-18-07-14,226.57513
47a22c-NOZ141-11-17-08-01,294.63046
47a22c-NOZ141-11-18-08-19,314.25104
47a22c-NOZ144-11-11-15-46,258.29895
47a22c-NOZ144-11-14-15-50,248.63596
47a22c-NOZ145-11-11-16-48,498.67145
47a22c-NOZ145-11-14-16-46,292.12457
47a22c-NOZ271-11-02-06-23,446.92114
47a22c-NOZ276-12-01-15-57,300.00903
47a22c-NOZ277-12-01-17-20,271.0206
47a22c-NOZ278-11-01-18-44,261.90573
47a22c-NOZ2UC-11-04-16-05,343.91843
47a22c-NOZ2UC-12-13-16-13,286.3991
47a22c-NOZ2UC-12-27-16-17,474.9316
47a22c-NOZ345-12-16-10-50,399.18414
47a22c-NOZ44A-11-11-07-58,320.31204
47a22c-NOZ4RZ-12-16-07-59,402.39017
47a22c-NOZ50A-12-15-18-01,322.99258
47a22c-NOZ50A-12-16-19-02,340.85483
47a22c-NOZ521-11-01-05-29,369.50076
47a22c-NOZ522-11-07-06-06,314.22873
47a22c-NOZ522-11-30-06-05,332.93005
47a22c-NOZ522-12-21-06-17,341.05643
47a22c-NOZ523-12-03-06-00,296.35056
47a22c-NOZ523-12-05-06-40,391.41635
47a22c-NOZ523-12-06-06-30,651.7677
47a22c-NOZ523-12-07-06-36,288.5815
47a22c-NOZ523-12-08-07-03,427.99707
47a22c-NOZ523-12-09-06-39,386.69687
47a22c-NOZ524-11-01-06-58,296.13345
47a22c-NOZ524-12-03-07-32,289.0536
47a22c-NOZ525-11-07-07-20,358.7342
47a22c-NOZ525-11-30-07-26,287.75266
47a22c-NOZ525-12-11-13-43,280.69214
47a22c-NOZ525-12-21-07-31,367.53635
47a22c-NOZ526-12-05-08-07,321.6798
47a22c-NOZ526-12-06-08-30,247.80151
47a22c-NOZ526-12-07-08-03,280.64276
47a22c-NOZ526-12-08-08-27,259.89865
47a22c-NOZ526-12-09-08-16,311.13867
47a22c-NOZ530-11-04-09-57,286.88568
47a22c-NOZ531-11-01-11-26,331.64233
47a22c-NOZ531-11-04-11-14,323.81546
47a22c-NOZ531-12-03-08-51,300.85223
47a22c-NOZ532-12-03-10-14,285.71844
47a22c-NOZ532-12-05-10-58,292.45975
47a22c-NOZ532-12-06-11-04,249.7435
47a22c-NOZ532-12-07-11-05,342.02838
47a22c-NOZ532-12-08-11-11,276.0682
47a22c-NOZ534-11-01-12-36,308.11896
47a22c-NOZ535-12-05-12-38,300.0265
47a22c-NOZ535-12-06-12-40,278.90955
47a22c-NOZ535-12-07-12-40,281.81723
47a22c-NOZ535-12-08-12-31,311.76285
47a22c-NOZ536-12-05-14-15,340.01752
47a22c-NOZ536-12-06-14-17,266.80304
47a22c-NOZ536-12-07-14-33,276.15442
47a22c-NOZ536-12-08-14-13,303.67053
47a22c-NOZ536-12-11-15-25,350.3045
47a22c-NOZ537-11-01-13-56,439.92725
47a22c-NOZ537-11-04-14-00,329.48352
47a22c-NOZ538-11-08-15-20,340.03842
47a22c-NOZ541-12-05-15-44,371.17767
47a22c-NOZ541-12-06-15-43,268.84546
47a22c-NOZ541-12-07-15-44,300.22943
47a22c-NOZ541-12-11-16-43,330.20764
47a22c-NOZ543-11-08-16-44,315.3981
47a22c-NOZ544-12-05-17-18,281.60712
47a22c-NOZ544-12-06-17-17,312.02982
47a22c-NOZ544-12-07-17-11,291.29956
47a22c-NOZ544-12-09-17-35,272.48096
47a22c-NOZ546-11-08-18-11,368.75287
47a22c-NOZ547-12-06-18-29,339.93045
47a22c-NOZ547-12-07-18-27,286.9077
47a22c-NOZ549-11-08-19-28,355.5961
47a22c-NOZ550-12-02-19-44,316.50845
47a22c-NOZ550-12-06-19-59,259.4722
47a22c-NOZ550-12-07-20-05,315.7516
47a22c-NOZ55J-12-15-20-03,405.04138
47a22c-NOZ55J-12-16-21-18,312.7053
47a22c-NOZ59B-11-18-10-48,304.5387
47a22c-NOZ5AY-12-05-09-19,323.941
47a22c-NOZ5AY-12-06-09-47,290.43756
47a22c-NOZ5AY-12-07-09-26,328.32187
47a22c-NOZ5AY-12-08-09-39,296.40936
47a22c-NOZ5AY-12-09-09-26,335.09705
47a22c-NOZ5PR-11-20-16-04,369.17334
47a22c-NOZ606-12-22-08-25,293.08575
47a22c-NOZ612-12-22-12-46,300.26193
47a22c-NOZ617-12-22-11-14,334.03586
47a22c-NOZ620-12-22-16-06,263.8963
47a22c-NOZ625-12-22-14-11,333.32224
47a22c-NOZ639-11-04-17-25,323.67914
47a22c-NOZ639-11-22-17-49,512.23615
47a22c-NOZ639-12-13-17-46,391.27194
47a22c-NOZ639-12-27-17-43,274.82358
47a22c-NOZ6CF-11-02-08-01,337.2888
47a31a-NOZ132-11-22-14-04,254.3708
47a31a-NOZ132-11-24-13-56,293.89044
47a31a-NOZ132-11-25-14-05,236.99579
47a31a-NOZ132-11-28-13-55,229.62283
47a31a-NOZ133-11-22-14-52,237.9986
47a31a-NOZ133-11-24-14-55,277.62183
47a31a-NOZ133-11-25-15-04,254.3434
47a31a-NOZ133-11-28-14-57,264.2717
47a31a-NOZ181-12-03-08-53,371.70087
47a31a-NOZ181-12-21-06-11,522.759
47a31a-NOZ182-12-03-07-34,317.2036
47a31a-NOZ191-11-03-17-04,314.1192
47a31a-NOZ1BG-11-03-06-01,413.27222
47a31a-NOZ271-11-30-06-00,287.36255
47a31a-NOZ276-12-20-16-04,323.57993
47a31a-NOZ277-12-20-17-29,356.1289
47a31a-NOZ278-11-29-18-50,265.6482
47a31a-NOZ2DC-11-25-06-05,275.05276
47a31a-NOZ2DC-12-08-06-15,222.98457
47a31a-NOZ2KT-12-18-16-09,340.73245
47a31a-NOZ2UC-12-01-16-12,258.92355
47a31a-NOZ345-11-21-09-57,364.04477
47a31a-NOZ346-12-12-14-45,408.26526
47a31a-NOZ347-12-12-16-42,366.99136
47a31a-NOZ3JE-11-25-07-00,234.00049
47a31a-NOZ3JE-12-08-07-52,228.55089
47a31a-NOZ3TV-12-09-20-12,274.66873
47a31a-NOZ4HF-12-09-07-00,326.72733
47a31a-NOZ4RZ-11-21-08-02,386.3596
47a31a-NOZ50A-11-20-16-44,330.51044
47a31a-NOZ522-11-08-06-10,380.23416
47a31a-NOZ525-11-08-07-29,316.81287
47a31a-NOZ530-11-02-09-52,330.92676
47a31a-NOZ530-11-03-09-59,360.87054
47a31a-NOZ530-12-19-10-01,245.41747
47a31a-NOZ531-11-02-11-08,361.5528
47a31a-NOZ531-11-03-11-15,355.6446
47a31a-NOZ531-12-19-11-14,289.5215
47a31a-NOZ534-11-02-12-38,255.71306
47a31a-NOZ534-11-03-12-36,348.5482
47a31a-NOZ534-12-19-12-45,366.1469
47a31a-NOZ537-11-02-13-54,402.70172
47a31a-NOZ537-11-03-13-55,298.32047
47a31a-NOZ537-12-19-14-00,355.8636
47a31a-NOZ538-12-14-15-38,322.36252
47a31a-NOZ540-11-02-16-12,339.79953
47a31a-NOZ545-11-02-17-25,278.14163
47a31a-NOZ546-12-14-18-10,320.32397
47a31a-NOZ548-11-13-18-38,445.9923
47a31a-NOZ549-12-14-19-26,302.15405
47a31a-NOZ553-11-13-20-01,305.361
47a31a-NOZ55J-11-20-18-37,362.04413
47a31a-NOZ56U-11-02-18-52,335.4182
47a31a-NOZ601-12-09-05-36,505.96457
47a31a-NOZ602-12-12-06-15,304.44315
47a31a-NOZ607-11-29-06-58,340.57993
47a31a-NOZ608-11-26-09-04,374.16162
47a31a-NOZ608-11-27-09-47,313.1098
47a31a-NOZ608-12-09-10-02,291.61783
47a31a-NOZ609-11-26-07-29,341.68427
47a31a-NOZ609-12-12-07-31,326.0702
47a31a-NOZ611-11-27-08-22,310.79065
47a31a-NOZ611-12-09-08-21,300.00104
47a31a-NOZ612-11-27-13-56,285.53336
47a31a-NOZ612-12-09-12-41,276.59235
47a31a-NOZ617-11-27-11-11,336.93402
47a31a-NOZ617-12-09-11-19,309.42682
47a31a-NOZ620-12-09-15-56,310.05972
47a31a-NOZ625-12-09-14-14,335.7991
47a31a-NOZ626-11-27-17-06,322.17227
47a31a-NOZ626-12-08-17-17,269.01602
47a31a-NOZ631-11-27-15-40,364.40985
47a31a-NOZ631-12-08-15-33,345.5982
47a31a-NOZ632-12-09-18-37,266.0617
47a31a-NOZ634-11-27-19-59,335.55997
47a31a-NOZ637-12-09-17-10,358.02432
47a31a-NOZ638-11-21-20-04,296.22568
47a31a-NOZ638-12-07-20-18,332.2424
47a31a-NOZ639-12-01-17-23,284.66345
47a31a-NOZ643-11-27-18-32,408.05545
47a31a-NOZ6TM-12-20-19-17,324.33066
47a31a-NOZ9BH-11-03-15-34,326.84824
47a32e-NOZ133-11-27-15-51,252.03073
47a32e-NOZ134-11-27-17-04,250.65498
47a32e-NOZ181-11-11-06-02,327.12872
47a32e-NOZ181-11-18-06-10,308.2993
47a32e-NOZ182-11-11-07-35,310.1233
47a32e-NOZ182-11-18-07-41,331.71463
47a32e-NOZ183-11-06-07-49,309.6503
47a32e-NOZ183-11-11-08-57,348.4262
47a32e-NOZ183-11-18-08-59,372.48456
47a32e-NOZ183-12-18-07-55,306.3609
47a32e-NOZ191-11-15-16-56,326.46863
47a32e-NOZ1BG-11-02-06-00,377.10034
47a32e-NOZ1TT-11-16-14-37,309.0383
47a32e-NOZ1TT-12-27-14-43,343.02747
47a32e-NOZ1TT-12-30-14-33,330.4994
47a32e-NOZ270-11-08-07-26,270.13474
47a32e-NOZ270-11-16-07-32,253.96843
47a32e-NOZ271-11-08-06-06,281.03714
47a32e-NOZ272-12-18-15-50,257.60486
47a32e-NOZ275-12-18-17-09,372.38385
47a32e-NOZ278-11-07-18-59,288.16678
47a32e-NOZ345-11-09-09-27,363.94046
47a32e-NOZ346-11-08-14-27,367.51355
47a32e-NOZ346-11-13-14-36,388.5565
47a32e-NOZ347-11-08-16-33,359.26538
47a32e-NOZ347-11-13-16-35,342.29776
47a32e-NOZ3VG-12-30-16-01,320.9008
47a32e-NOZ4RZ-11-09-07-32,345.80508
47a32e-NOZ521-11-28-05-24,347.35043
47a32e-NOZ522-11-14-06-12,302.07916
47a32e-NOZ522-12-19-06-14,338.6853
47a32e-NOZ523-11-29-06-29,307.31134
47a32e-NOZ523-11-30-06-25,317.39578
47a32e-NOZ524-11-28-07-20,267.61224
47a32e-NOZ525-11-14-07-33,281.4145
47a32e-NOZ525-12-19-07-30,318.26523
47a32e-NOZ526-11-29-07-53,313.5776
47a32e-NOZ526-11-30-07-50,330.2774
47a32e-NOZ532-11-29-11-06,313.9422
47a32e-NOZ532-11-30-10-49,318.81433
47a32e-NOZ535-11-29-12-29,276.1896
47a32e-NOZ535-11-30-12-31,256.6047
47a32e-NOZ536-11-29-14-23,294.80515
47a32e-NOZ538-11-21-15-32,282.7372
47a32e-NOZ538-12-15-15-30,293.1478
47a32e-NOZ540-11-01-16-25,769.0316
47a32e-NOZ540-11-04-16-14,300.06396
47a32e-NOZ540-11-07-16-10,355.46335
47a32e-NOZ541-11-29-15-41,308.92706
47a32e-NOZ541-11-30-15-41,307.48416
47a32e-NOZ543-11-21-16-40,288.494
47a32e-NOZ543-12-15-16-49,337.42377
47a32e-NOZ544-11-29-17-09,455.92258
47a32e-NOZ544-11-30-17-19,384.90378
47a32e-NOZ545-11-01-17-33,385.07965
47a32e-NOZ545-11-04-17-35,458.60733
47a32e-NOZ545-11-07-17-29,303.0968
47a32e-NOZ546-11-21-18-13,290.8898
47a32e-NOZ546-12-15-18-26,331.16086
47a32e-NOZ547-11-29-18-23,270.90817
47a32e-NOZ547-11-30-18-27,297.11023
47a32e-NOZ549-11-21-19-24,285.9016
47a32e-NOZ549-12-15-19-34,269.9421
47a32e-NOZ550-11-25-19-28,402.23114
47a32e-NOZ550-11-29-20-06,277.71634
47a32e-NOZ56U-11-01-18-48,332.9078
47a32e-NOZ5AY-11-29-09-23,270.7709
47a32e-NOZ5PY-11-16-15-56,313.4287
47a32e-NOZ607-11-03-07-01,339.17255
47a32e-NOZ628-11-16-17-30,342.5794
47a32e-NOZ628-12-27-18-45,335.95413
47a32e-NOZ628-12-30-17-43,359.06808
47a32e-NOZ638-11-02-20-08,298.54474
47a32e-NOZ639-11-23-17-51,410.71832
47a32e-NOZ645-11-16-18-49,323.46854
47a32e-NOZ645-12-27-20-02,300.1374
47a32e-NOZ645-12-30-19-06,299.25595
47a32e-NOZ6TM-11-10-19-02,344.11905
47a32e-NOZ6TM-11-17-19-27,308.72986
47a32e-NOZ6TM-12-16-23-03,303.07584
47a32e-NOZ7C-11-08-08-39,270.46274
47a32e-NOZ7C-11-16-08-49,359.59824
47a32e-NOZ93E-11-17-18-03,469.50705
47a32e-NOZ9BH-11-15-15-32,331.00867
47a3b0-NOZ140-11-01-06-59,338.51157
47a3b0-NOZ140-11-02-07-06,235.56885
47a3b0-NOZ140-11-04-07-18,242.6891
47a3b0-NOZ140-11-07-07-14,230.42384
47a3b0-NOZ140-11-08-07-11,343.01913
47a3b0-NOZ141-11-01-07-58,229.99782
47a3b0-NOZ141-11-02-08-01,332.3517
47a3b0-NOZ141-11-04-08-13,285.47128
47a3b0-NOZ141-11-07-08-14,307.33713
47a3b0-NOZ141-11-08-08-07,232.62952
47a3b0-NOZ144-11-01-15-43,360.15765
47a3b0-NOZ144-11-02-15-53,281.1866
47a3b0-NOZ144-11-03-15-12,266.33258
47a3b0-NOZ144-11-08-15-48,252.75018
47a3b0-NOZ144-11-10-15-13,232.158
47a3b0-NOZ145-11-01-16-48,319.48956
47a3b0-NOZ145-11-02-16-45,223.83798
47a3b0-NOZ145-11-03-16-12,366.6627
47a3b0-NOZ145-11-08-16-43,228.02022
47a3b0-NOZ145-11-10-16-10,285.57556
47a3b0-NOZ181-11-17-06-02,349.24524
47a3b0-NOZ181-11-29-05-59,342.2062
47a3b0-NOZ182-11-17-07-35,321.1754
47a3b0-NOZ182-11-29-07-34,324.0362
47a3b0-NOZ182-12-01-07-42,304.02737
47a3b0-NOZ183-11-17-08-51,378.65915
47a3b0-NOZ183-11-29-08-49,289.69577
47a3b0-NOZ183-12-01-08-49,392.44968
47a3b0-NOZ191-11-28-17-04,317.5317
47a3b0-NOZ270-11-25-07-30,277.2469
47a3b0-NOZ271-11-25-06-09,383.02676
47a3b0-NOZ276-11-16-15-55,291.04617
47a3b0-NOZ276-11-30-15-52,268.173
47a3b0-NOZ277-11-16-17-20,287.68668
47a3b0-NOZ277-11-30-17-22,271.18048
47a3b0-NOZ278-11-24-19-09,299.27762
47a3b0-NOZ2UC-12-23-16-12,276.56915
47a3b0-NOZ345-11-06-10-14,413.9207
47a3b0-NOZ345-12-02-09-42,343.68335
47a3b0-NOZ42U-11-11-07-06,295.7757
47a3b0-NOZ4RZ-11-06-08-18,343.2827
47a3b0-NOZ4RZ-12-02-07-41,382.9853
47a3b0-NOZ50A-11-29-16-40,341.38232
47a3b0-NOZ50A-12-02-16-47,315.09372
47a3b0-NOZ522-11-21-05-58,286.86942
47a3b0-NOZ525-11-21-07-16,301.15048
47a3b0-NOZ530-12-23-10-14,269.42694
47a3b0-NOZ531-12-23-11-26,325.72412
47a3b0-NOZ534-12-23-12-49,262.48322
47a3b0-NOZ537-12-23-14-24,279.52493
47a3b0-NOZ540-11-24-16-25,316.09912
47a3b0-NOZ545-11-24-17-39,314.244
47a3b0-NOZ545-12-28-17-31,306.9584
47a3b0-NOZ548-12-11-18-49,328.64044
47a3b0-NOZ54Z-11-11-12-38,323.5233
47a3b0-NOZ553-12-11-20-03,287.60794
47a3b0-NOZ55J-11-29-18-33,350.89984
47a3b0-NOZ55J-12-02-18-44,361.91794
47a3b0-NOZ60M-11-11-15-29,310.18054
47a3b0-NOZ639-12-23-17-29,341.43457
47a3b0-NOZ6TM-11-16-18-47,335.84216
47a3b0-NOZ6TM-11-28-18-50,301.94363
47a3b0-NOZ6TM-11-30-18-47,313.35144
47a3b0-NOZ7C-11-25-08-44,319.00745
47a3b0-NOZ8ME-11-11-18-10,295.21027
47a3b0-NOZ9BH-11-28-15-39,330.00256
47a50d-NOZ142-11-27-13-53,272.04034
47a50d-NOZ143-11-27-14-46,307.0411
47a50d-NOZ144-12-27-15-52,274.74902
47a50d-NOZ144-12-28-15-53,293.89536
47a50d-NOZ144-12-30-15-54,251.73695
47a50d-NOZ145-12-27-17-10,249.9688
47a50d-NOZ145-12-28-16-56,263.11478
47a50d-NOZ145-12-30-16-55,249.10754
47a50d-NOZ181-11-05-08-55,326.3821
47a50d-NOZ194-12-04-18-49,305.10062
47a50d-NOZ195-12-04-20-09,295.1886
47a50d-NOZ1BG-11-22-06-05,348.85062
47a50d-NOZ1BG-11-25-06-17,383.1055
47a50d-NOZ1BG-12-09-06-26,400.4046
47a50d-NOZ1TT-12-09-14-39,295.53378
47a50d-NOZ270-11-09-07-26,293.00064
47a50d-NOZ276-12-04-13-42,251.5675
47a50d-NOZ276-12-19-16-54,254.6055
47a50d-NOZ277-12-04-14-44,258.62234
47a50d-NOZ277-12-19-18-14,272.29846
47a50d-NOZ2UC-12-04-16-07,314.5923
47a50d-NOZ2UC-12-06-16-40,292.30206
47a50d-NOZ2UC-12-20-16-18,292.80093
47a50d-NOZ346-11-25-14-41,353.18887
47a50d-NOZ346-12-25-14-55,320.69946
47a50d-NOZ347-11-25-16-30,434.0744
47a50d-NOZ347-12-25-16-51,320.69885
47a50d-NOZ3VG-12-09-16-03,356.534
47a50d-NOZ42U-12-15-07-12,306.71976
47a50d-NOZ50A-12-12-16-49,344.17944
47a50d-NOZ525-11-20-11-42,357.77515
47a50d-NOZ534-11-20-13-34,339.519
47a50d-NOZ534-12-12-12-55,303.90012
47a50d-NOZ536-11-06-14-18,387.12454
47a50d-NOZ537-11-20-14-53,434.63403
47a50d-NOZ537-12-12-14-08,308.69366
47a50d-NOZ540-11-20-16-29,298.09296
47a50d-NOZ545-11-20-17-38,279.92575
47a50d-NOZ546-11-20-19-31,341.44925
47a50d-NOZ550-11-18-19-28,362.62274
47a50d-NOZ555-11-20-20-37,309.2022
47a50d-NOZ55J-12-12-18-35,362.2681
47a50d-NOZ56U-11-21-19-16,322.82123
47a50d-NOZ56U-11-24-19-12,322.57547
47a50d-NOZ5PR-11-17-16-07,343.98175
47a50d-NOZ628-12-09-17-40,304.8525
47a50d-NOZ639-12-04-17-25,300.34155
47a50d-NOZ639-12-06-17-48,371.87744
47a50d-NOZ639-12-20-17-41,332.9478
47a50d-NOZ639-12-22-18-07,306.06598
47a50d-NOZ645-12-09-18-53,294.52454
47a50d-NOZ66Y-12-18-18-24,317.4318
47a50d-NOZ7C-11-09-08-41,337.9824
47a50d-NOZ8ME-12-15-20-18,300.76617
47a50d-NOZ96F-12-15-22-32,275.5817
47a518-NOZ132-12-15-14-22,219.98775
47a518-NOZ133-12-15-15-15,214.02588
47a518-NOZ164-12-15-06-36,312.85995
47a518-NOZ1BG-11-14-06-16,341.237
47a518-NOZ1BG-11-23-05-56,454.75598
47a518-NOZ1BG-12-17-07-08,367.80597
47a518-NOZ1TT-11-08-14-31,313.34622
47a518-NOZ1YA-12-16-17-45,309.84097
47a518-NOZ271-11-12-07-35,301.77307
47a518-NOZ271-11-18-06-28,283.56567
47a518-NOZ276-12-08-16-16,284.57562
47a518-NOZ277-12-08-17-38,281.13232
47a518-NOZ278-11-11-18-57,294.68945
47a518-NOZ278-11-17-19-18,258.5088
47a518-NOZ2BE-11-01-12-36,315.8963
47a518-NOZ2DC-12-12-05-59,245.18013
47a518-NOZ2DC-12-16-06-11,367.18286
47a518-NOZ2DC-12-21-05-58,253.63707
47a518-NOZ2UC-11-09-16-06,328.0979
47a518-NOZ2UC-12-28-16-10,314.04224
47a518-NOZ345-11-18-09-44,342.1809
47a518-NOZ3JE-12-12-07-01,233.01076
47a518-NOZ3JE-12-16-08-34,264.38437
47a518-NOZ3JE-12-21-06-52,243.17946
47a518-NOZ4RZ-11-18-07-53,335.47293
47a518-NOZ50A-11-18-16-41,325.9505
47a518-NOZ522-12-07-06-18,248.12086
47a518-NOZ525-12-07-07-35,280.81613
47a518-NOZ536-11-20-14-31,356.16473
47a518-NOZ538-12-22-16-12,291.36444
47a518-NOZ540-11-22-16-32,255.33461
47a518-NOZ541-11-20-15-44,324.73904
47a518-NOZ543-12-22-17-34,361.5371
47a518-NOZ545-11-22-17-37,410.77512
47a518-NOZ55J-11-18-18-37,390.75732
47a518-NOZ56U-11-13-20-05,400.52985
47a518-NOZ56U-11-22-19-05,420.78094
47a518-NOZ56U-12-16-23-56,397.79834
47a518-NOZ5PY-11-08-16-00,329.5211
47a518-NOZ605-12-20-06-36,383.43976
47a518-NOZ605-12-22-06-39,313.5803
47a518-NOZ606-12-20-08-12,310.61893
47a518-NOZ607-11-15-07-18,304.53275
47a518-NOZ608-12-13-13-31,506.86093
47a518-NOZ611-12-13-12-01,279.6209
47a518-NOZ612-11-14-12-35,295.71393
47a518-NOZ620-12-21-15-47,315.857
47a518-NOZ625-12-21-14-16,680.5372
47a518-NOZ626-11-14-16-46,304.88016
47a518-NOZ626-12-11-17-41,300.39697
47a518-NOZ626-12-12-17-01,284.32443
47a518-NOZ626-12-13-16-58,330.06818
47a518-NOZ626-12-20-17-07,303.51303
47a518-NOZ628-11-08-17-24,330.5782
47a518-NOZ631-11-14-15-27,369.2061
47a518-NOZ631-12-11-15-58,386.00732
47a518-NOZ631-12-12-15-31,419.31757
47a518-NOZ631-12-13-15-26,331.13873
47a518-NOZ631-12-20-15-27,367.82913
47a518-NOZ632-12-21-19-02,299.49063
47a518-NOZ634-12-11-20-12,304.8102
47a518-NOZ637-12-21-17-06,320.89053
47a518-NOZ638-12-19-20-20,268.6471
47a518-NOZ639-11-09-17-23,307.51276
47a518-NOZ639-12-28-17-30,341.019
47a518-NOZ639-12-29-19-14,322.42862
47a518-NOZ643-12-11-18-56,277.67172
47a518-NOZ645-11-08-18-44,294.22723
47a518-NOZ6TC-11-01-17-09,332.9124
47a531-NOZ132-12-13-14-31,247.55586
47a531-NOZ133-11-06-15-50,244.67502
47a531-NOZ133-12-13-15-33,227.23991
47a531-NOZ134-11-06-17-05,257.26288
47a531-NOZ140-12-07-07-22,234.20164
47a531-NOZ140-12-15-07-28,217.74571
47a531-NOZ141-12-07-08-15,321.8888
47a531-NOZ141-12-15-08-25,228.79622
47a531-NOZ144-12-07-16-28,210.84642
47a531-NOZ144-12-16-16-10,265.07727
47a531-NOZ144-12-19-15-52,240.25421
47a531-NOZ145-12-07-17-28,249.70969
47a531-NOZ145-12-16-17-19,235.74347
47a531-NOZ145-12-19-16-52,316.1145
47a531-NOZ181-12-02-06-05,315.40097
47a531-NOZ182-12-02-07-43,327.38513
47a531-NOZ183-12-02-09-09,445.78076
47a531-NOZ1TT-12-11-15-27,285.56848
47a531-NOZ276-11-13-13-22,297.47144
47a531-NOZ277-11-13-14-39,281.3576
47a531-NOZ2GH-12-25-14-58,307.78165
47a531-NOZ3VG-12-11-16-42,295.66824
47a531-NOZ4HF-12-12-07-07,283.36725
47a531-NOZ521-11-07-05-32,397.00455
47a531-NOZ521-11-09-05-29,297.01108
47a531-NOZ521-11-10-05-29,360.0553
47a531-NOZ521-11-17-05-29,295.70605
47a531-NOZ523-11-08-06-33,306.13077
47a531-NOZ523-11-11-06-28,336.02832
47a531-NOZ523-11-12-06-00,310.0841
47a531-NOZ523-11-13-06-30,261.26807
47a531-NOZ523-11-19-06-01,315.64288
47a531-NOZ523-11-21-06-52,420.162
47a531-NOZ523-11-22-06-25,365.16824
47a531-NOZ523-11-23-06-29,398.4666
47a531-NOZ523-11-24-06-34,463.31305
47a531-NOZ523-11-25-06-49,436.74814
47a531-NOZ523-11-27-06-29,312.91052
47a531-NOZ524-11-07-07-07,337.04105
47a531-NOZ524-11-09-06-59,296.208
47a531-NOZ524-11-10-06-59,358.9084
47a531-NOZ524-11-12-07-21,304.82913
47a531-NOZ524-11-19-07-22,297.02454
47a531-NOZ526-11-08-08-04,379.78372
47a531-NOZ526-11-11-08-00,522.0756
47a531-NOZ526-11-21-08-29,286.04288
47a531-NOZ526-11-22-08-14,302.69223
47a531-NOZ526-11-23-08-45,350.64243
47a531-NOZ526-11-24-08-23,294.4271
47a531-NOZ530-11-20-09-26,404.86432
47a531-NOZ531-11-12-08-37,367.37128
47a531-NOZ531-11-19-08-37,303.9697
47a531-NOZ531-11-20-08-00,375.23453
47a531-NOZ532-11-08-10-59,309.78958
47a531-NOZ532-11-11-11-04,394.25742
47a531-NOZ532-11-12-10-08,293.55753
47a531-NOZ532-11-19-10-06,303.9745
47a531-NOZ532-11-20-12-25,362.33807
47a531-NOZ532-11-21-11-12,333.71506
47a531-NOZ532-11-22-11-12,301.2252
47a531-NOZ532-11-23-11-10,312.73422
47a531-NOZ532-11-24-11-11,322.77026
47a531-NOZ532-11-25-11-14,298.52396
47a531-NOZ535-11-08-12-27,282.36145
47a531-NOZ535-11-11-12-31,369.3549
47a531-NOZ535-11-20-13-37,282.76297
47a531-NOZ535-11-21-12-35,276.32645
47a531-NOZ535-11-22-12-29,300.7656
47a531-NOZ535-11-23-12-30,305.42493
47a531-NOZ535-11-24-12-34,297.25946
47a531-NOZ535-11-25-12-32,322.609
47a531-NOZ536-11-08-14-15,347.63495
47a531-NOZ536-11-11-14-14,573.3666
47a531-NOZ536-11-16-14-59,307.20792
47a531-NOZ536-11-21-14-17,316.22696
47a531-NOZ536-11-22-14-23,322.22757
47a531-NOZ536-11-23-14-32,329.03528
47a531-NOZ536-11-24-14-29,286.953
47a531-NOZ536-11-25-14-26,409.60468
47a531-NOZ538-11-18-15-22,306.72897
47a531-NOZ538-11-20-15-15,312.03546
47a531-NOZ541-11-08-15-42,381.6463
47a531-NOZ541-11-11-15-48,432.6824
47a531-NOZ541-11-16-16-31,350.93097
47a531-NOZ541-11-21-15-38,396.96176
47a531-NOZ541-11-22-15-46,332.46173
47a531-NOZ541-11-23-15-45,317.14932
47a531-NOZ541-11-24-15-47,305.7914
47a531-NOZ541-11-25-15-55,355.38504
47a531-NOZ543-11-18-16-41,336.67307
47a531-NOZ543-11-20-16-39,311.39484
47a531-NOZ544-11-08-17-14,450.6178
47a531-NOZ544-11-11-17-20,365.56287
47a531-NOZ544-11-16-17-43,290.54312
47a531-NOZ544-11-20-18-25,299.70477
47a531-NOZ544-11-21-17-16,321.01877
47a531-NOZ544-11-22-17-51,291.02982
47a531-NOZ544-11-23-17-45,275.5303
47a531-NOZ544-11-24-17-14,415.089
47a531-NOZ544-11-25-17-20,270.8605
47a531-NOZ545-12-30-17-52,357.7059
47a531-NOZ546-11-18-18-19,318.07544
47a531-NOZ547-11-16-18-53,292.06744
47a531-NOZ547-11-22-18-57,292.33984
47a531-NOZ547-11-23-18-51,291.09796
47a531-NOZ547-11-24-18-30,311.46286
47a531-NOZ549-11-20-19-45,347.75
47a531-NOZ550-11-04-20-06,294.7447
47a531-NOZ550-11-16-20-15,271.11002
47a531-NOZ550-11-20-21-09,321.3669
47a531-NOZ550-11-22-20-25,306.84235
47a531-NOZ550-11-23-20-16,296.0784
47a531-NOZ550-11-24-20-12,359.83408
47a531-NOZ5AY-11-08-09-23,279.2248
47a531-NOZ5AY-11-11-09-18,329.88928
47a531-NOZ5AY-11-20-10-46,287.00992
47a531-NOZ5AY-11-21-09-32,267.78955
47a531-NOZ5AY-11-22-09-19,312.36282
47a531-NOZ5AY-11-23-09-52,294.41656
47a531-NOZ5AY-11-24-09-32,274.0545
47a531-NOZ5AY-11-25-09-49,329.31906
47a531-NOZ601-12-12-05-30,281.86493
47a531-NOZ602-11-15-06-15,371.67657
47a531-NOZ607-12-14-07-20,333.07913
47a531-NOZ608-12-12-09-57,269.94543
47a531-NOZ609-11-15-07-36,350.60764
47a531-NOZ611-12-12-08-31,387.93484
47a531-NOZ612-12-12-12-48,259.86804
47a531-NOZ617-12-12-11-17,334.98636
47a531-NOZ620-12-12-15-30,300.3371
47a531-NOZ620-12-23-15-39,256.78098
47a531-NOZ625-12-12-14-05,318.9422
47a531-NOZ628-12-11-18-00,303.43692
47a531-NOZ632-12-12-18-07,291.90274
47a531-NOZ632-12-23-18-47,266.4436
47a531-NOZ637-12-12-16-42,298.41663
47a531-NOZ637-12-23-16-48,405.15997
47a531-NOZ638-12-11-20-50,297.9078
47a531-NOZ645-12-11-19-22,332.7377
47a531-NOZ64N-12-06-17-24,314.20264
47a531-NOZ6TM-12-30-19-25,293.86957
47a7a8-NOZ181-12-15-06-30,365.21945
47a7a8-NOZ182-12-15-07-43,318.16736
47a7a8-NOZ182-12-28-07-45,301.56033
47a7a8-NOZ183-12-15-09-00,318.8423
47a7a8-NOZ183-12-28-09-08,292.96265
47a7a8-NOZ270-11-03-07-29,356.0104
47a7a8-NOZ271-11-03-06-08,303.41797
47a7a8-NOZ276-11-07-16-03,271.54007
47a7a8-NOZ276-12-21-16-31,267.8271
47a7a8-NOZ277-11-07-17-22,291.0026
47a7a8-NOZ277-12-21-17-52,417.87885
47a7a8-NOZ278-11-02-19-06,277.53275
47a7a8-NOZ2DC-11-28-06-09,213.28218
47a7a8-NOZ2DC-12-30-06-12,281.5023
47a7a8-NOZ2GH-11-27-15-39,345.47858
47a7a8-NOZ2KT-11-02-16-12,298.26712
47a7a8-NOZ2UC-11-03-16-02,471.01843
47a7a8-NOZ2UC-11-11-16-04,359.26297
47a7a8-NOZ345-11-05-11-21,348.37836
47a7a8-NOZ345-11-10-09-47,338.80804
47a7a8-NOZ346-11-16-14-35,334.1029
47a7a8-NOZ346-11-17-14-39,341.44174
47a7a8-NOZ347-11-16-16-36,453.40253
47a7a8-NOZ347-11-17-16-33,346.45932
47a7a8-NOZ3JE-11-28-06-57,206.06787
47a7a8-NOZ3JE-12-30-07-05,287.596
47a7a8-NOZ4HF-11-25-07-04,295.76175
47a7a8-NOZ4HF-11-30-07-02,265.70966
47a7a8-NOZ4HF-12-01-06-58,258.92453
47a7a8-NOZ4HF-12-02-07-06,306.9369
47a7a8-NOZ4RZ-11-05-09-28,326.043
47a7a8-NOZ4RZ-11-10-07-42,335.5438
47a7a8-NOZ50A-11-09-16-36,320.68924
47a7a8-NOZ50A-11-14-16-36,361.60693
47a7a8-NOZ523-12-12-06-36,436.79105
47a7a8-NOZ526-12-12-08-03,326.0635
47a7a8-NOZ526-12-13-07-57,320.60056
47a7a8-NOZ530-12-11-10-04,347.06104
47a7a8-NOZ531-12-11-08-48,280.40628
47a7a8-NOZ532-12-11-13-18,300.48178
47a7a8-NOZ532-12-12-11-20,400.34406
47a7a8-NOZ535-12-11-14-29,407.3746
47a7a8-NOZ535-12-12-12-35,310.2912
47a7a8-NOZ536-12-12-14-23,337.7098
47a7a8-NOZ538-12-09-15-28,360.30072
47a7a8-NOZ538-12-11-16-04,351.24738
47a7a8-NOZ541-12-12-15-54,531.56757
47a7a8-NOZ543-12-09-16-46,363.15344
47a7a8-NOZ543-12-11-17-22,301.02975
47a7a8-NOZ544-11-03-18-47,340.72208
47a7a8-NOZ544-12-11-18-47,317.24158
47a7a8-NOZ544-12-12-17-17,349.20413
47a7a8-NOZ546-12-09-18-18,472.23148
47a7a8-NOZ547-11-03-19-57,324.13556
47a7a8-NOZ548-11-06-18-32,304.20374
47a7a8-NOZ549-12-11-19-58,360.6208
47a7a8-NOZ550-12-11-21-12,302.0224
47a7a8-NOZ553-11-06-19-56,387.27094
47a7a8-NOZ55J-11-09-18-39,322.00778
47a7a8-NOZ55J-11-14-18-34,307.4714
47a7a8-NOZ5AY-12-11-11-26,311.68704
47a7a8-NOZ5AY-12-12-09-20,309.41608
47a7a8-NOZ5AY-12-13-09-17,282.0455
47a7a8-NOZ601-11-25-05-37,348.36456
47a7a8-NOZ601-11-30-05-37,344.65128
47a7a8-NOZ601-12-01-05-35,328.28555
47a7a8-NOZ601-12-02-05-31,347.42065
47a7a8-NOZ605-11-29-06-34,319.8717
47a7a8-NOZ605-12-29-06-30,286.98694
47a7a8-NOZ606-11-29-07-56,536.5397
47a7a8-NOZ606-12-29-08-45,332.03287
47a7a8-NOZ608-11-25-09-58,279.34036
47a7a8-NOZ608-12-01-09-46,317.04697
47a7a8-NOZ608-12-02-10-17,281.9503
47a7a8-NOZ611-11-25-08-30,310.86224
47a7a8-NOZ611-12-01-08-21,323.56448
47a7a8-NOZ611-12-02-08-32,380.1428
47a7a8-NOZ612-11-25-12-40,305.30597
47a7a8-NOZ612-11-30-12-18,272.57947
47a7a8-NOZ612-12-01-12-41,285.474
47a7a8-NOZ612-12-02-12-47,253.16522
47a7a8-NOZ612-12-28-13-11,286.50797
47a7a8-NOZ614-12-04-14-00,274.88913
47a7a8-NOZ617-11-25-11-13,315.76648
47a7a8-NOZ617-11-30-10-55,365.1275
47a7a8-NOZ617-12-01-11-08,350.6665
47a7a8-NOZ617-12-02-11-26,381.79883
47a7a8-NOZ620-11-24-15-57,259.22473
47a7a8-NOZ620-11-25-15-26,376.73297
47a7a8-NOZ620-11-30-15-29,375.82135
47a7a8-NOZ620-12-01-15-29,304.92725
47a7a8-NOZ620-12-02-15-36,294.84662
47a7a8-NOZ620-12-28-16-20,329.67337
47a7a8-NOZ623-12-04-12-31,357.82498
47a7a8-NOZ624-11-27-16-54,312.5714
47a7a8-NOZ625-11-25-14-06,339.76453
47a7a8-NOZ625-12-01-14-03,313.8416
47a7a8-NOZ625-12-02-14-08,342.43634
47a7a8-NOZ625-12-28-14-41,361.92624
47a7a8-NOZ626-11-28-16-44,261.58896
47a7a8-NOZ626-11-29-16-55,312.50525
47a7a8-NOZ626-12-04-17-03,311.04758
47a7a8-NOZ626-12-29-17-15,297.4869
47a7a8-NOZ631-11-28-15-24,314.8651
47a7a8-NOZ631-11-29-15-27,310.23157
47a7a8-NOZ631-12-04-15-32,302.00742
47a7a8-NOZ631-12-29-15-22,465.21225
47a7a8-NOZ632-11-24-18-41,302.28564
47a7a8-NOZ632-11-25-18-12,315.696
47a7a8-NOZ632-11-30-18-03,300.5831
47a7a8-NOZ632-12-02-18-11,286.02597
47a7a8-NOZ637-11-24-17-10,304.2983
47a7a8-NOZ637-11-25-16-46,343.01584
47a7a8-NOZ637-11-30-16-46,420.46564
47a7a8-NOZ637-12-01-16-42,354.72156
47a7a8-NOZ637-12-02-16-53,361.9763
47a7a8-NOZ639-11-03-17-28,283.31982
47a7a8-NOZ639-11-11-17-38,346.58624
47a7a8-NOZ643-12-04-18-17,319.93716
47a7a8-NOZ6TM-12-14-18-45,325.49063
47a7a8-NOZ7C-11-03-08-44,369.71506
4aca0a-NOZ181-12-19-06-08,350.5884
4aca0a-NOZ276-12-22-16-53,251.56895
4aca0a-NOZ277-12-22-18-16,314.11905
4aca0a-NOZ538-12-29-16-10,281.61316
4aca0a-NOZ543-12-29-17-34,315.267
4aca0a-NOZ546-12-29-19-16,311.78397
4aca0a-NOZ549-12-29-20-31,373.23288
4aca0a-NOZ6TM-12-18-20-20,325.2368
4aca42-NOZ1YA-12-17-13-01,310.55035
4aca42-NOZ639-12-19-17-41,387.39856
4aca46-NOZ345-11-29-09-30,354.85065
4aca46-NOZ346-11-28-14-42,342.76013
4aca46-NOZ347-11-28-16-40,301.97458
4aca46-NOZ4RZ-11-29-07-30,346.56955
4aca46-NOZ538-12-01-15-35,341.44354
4aca46-NOZ549-12-01-16-57,301.17993
4aca46-NOZ602-12-01-06-06,317.00235
4aca46-NOZ609-11-28-07-29,297.27023
4aca46-NOZ609-12-01-07-29,334.9389
4aca47-NOZ270-11-04-07-25,270.22684
4aca47-NOZ271-11-05-07-46,292.7356
4aca47-NOZ271-11-09-06-13,323.77887
4aca47-NOZ278-11-04-18-55,270.2601
4aca47-NOZ278-11-08-18-52,263.1483
4aca47-NOZ7C-11-04-08-45,325.26022
4aca4a-NOZ2UC-11-16-16-01,310.17297
4aca4a-NOZ639-11-16-17-20,364.54974
4aca4e-NOZ194-11-13-18-54,320.7683
4aca4e-NOZ195-11-13-20-18,319.7677
4aca4e-NOZ1BG-11-07-05-59,354.60638
4aca4e-NOZ271-11-04-06-14,332.8429
4aca4e-NOZ278-11-03-18-59,282.81448
4aca4e-NOZ2UC-11-13-16-04,295.53336
4aca4e-NOZ345-11-24-09-53,366.21713
4aca4e-NOZ4RZ-11-24-08-12,304.38916
4aca4e-NOZ538-11-17-15-22,323.92697
4aca4e-NOZ540-11-03-16-17,337.302
4aca4e-NOZ543-11-17-16-46,310.4235
4aca4e-NOZ545-11-03-17-35,361.19437
4aca4e-NOZ546-11-17-18-24,304.6976
4aca4e-NOZ549-11-17-19-43,266.937
4aca4e-NOZ56U-11-06-19-59,378.5723
4aca4e-NOZ639-11-13-17-28,339.28967
4aca4f-NOZ191-12-16-19-50,359.20953
4aca4f-NOZ346-12-18-14-54,331.19305
4aca4f-NOZ347-12-18-17-50,430.27377
4aca4f-NOZ40T-12-16-06-13,315.86905
4aca4f-NOZ534-12-11-13-35,293.492
4aca4f-NOZ537-12-11-15-01,302.938
4aca4f-NOZ540-12-11-16-24,294.3249
4aca4f-NOZ545-12-11-17-37,348.45462
4aca4f-NOZ546-12-11-19-11,288.20483
4aca4f-NOZ555-12-11-20-31,317.52246
4aca4f-NOZ9BH-12-16-17-59,349.1335
