flight_id,pred_takeoff
4784c2-NOZ191-11-01-17-02,51.178165
4784c2-NOZ191-11-13-13-36,57.49893
4784c2-NOZ191-11-29-17-09,44.87159
4784c2-NOZ270-11-14-07-26,54.837303
4784c2-NOZ270-11-30-07-26,52.411846
4784c2-NOZ271-11-14-06-15,51.57956
4784c2-NOZ271-12-02-06-14,48.94437
4784c2-NOZ271-12-03-07-52,51.47347
4784c2-NOZ278-12-02-19-03,49.758854
4784c2-NOZ2UC-11-07-16-07,59.65692
4784c2-NOZ2UC-11-08-16-03,60.890285
4784c2-NOZ345-11-12-11-17,49.20367
4784c2-NOZ345-11-26-11-13,52.781452
4784c2-NOZ346-11-27-14-53,64.57652
4784c2-NOZ347-11-27-16-44,51.91185
4784c2-NOZ4RZ-11-12-09-18,66.919136
4784c2-NOZ4RZ-11-26-09-20,63.321976
4784c2-NOZ50A-11-03-16-50,64.06864
4784c2-NOZ522-11-28-06-12,61.63725
4784c2-NOZ525-11-28-07-26,60.41041
4784c2-NOZ546-11-01-18-20,57.455574
4784c2-NOZ549-11-01-19-33,48.59799
4784c2-NOZ55J-11-03-18-43,57.290607
4784c2-NOZ605-11-15-06-32,56.070023
4784c2-NOZ605-12-28-06-33,59.02913
4784c2-NOZ606-11-15-08-02,57.117836
4784c2-NOZ607-11-01-07-02,63.513668
4784c2-NOZ612-12-27-14-55,58.14008
4784c2-NOZ617-12-27-13-18,57.94073
4784c2-NOZ625-12-27-17-17,56.391373
4784c2-NOZ626-12-22-17-24,61.83799
4784c2-NOZ631-11-15-15-28,53.847374
4784c2-NOZ638-11-14-20-08,61.5286
4784c2-NOZ638-12-21-20-17,58.398674
4784c2-NOZ7C-11-14-08-44,52.30963
4784c2-NOZ7C-12-02-08-42,52.384575
4784c2-NOZ8C-11-13-21-07,42.63231
4784c2-NOZ9BH-11-13-12-09,60.624645
4784c2-NOZ9BH-11-29-15-45,48.421127
47873f-NOZ181-12-31-09-25,52.199898
47873f-NOZ191-12-28-17-25,53.840313
47873f-NOZ538-12-21-15-53,54.91853
47873f-NOZ543-12-21-17-15,55.109398
47873f-NOZ9BH-12-28-15-59,54.11844
478741-NOZ181-11-12-08-54,50.455345
478741-NOZ181-11-23-06-07,47.6972
478741-NOZ182-11-12-07-29,54.803947
478741-NOZ183-11-23-09-32,45.21466
478741-NOZ1BG-11-11-06-13,45.440666
478741-NOZ1BG-12-23-10-02,51.444344
478741-NOZ1TT-11-18-14-47,62.74166
478741-NOZ1TT-12-20-14-32,57.92805
478741-NOZ276-11-21-16-07,59.3405
478741-NOZ276-11-22-16-43,49.820488
478741-NOZ277-11-21-18-11,51.333607
478741-NOZ277-11-22-18-17,49.534042
478741-NOZ345-11-04-09-43,63.767513
478741-NOZ346-12-21-15-24,61.58114
478741-NOZ3VG-12-20-16-02,56.590626
478741-NOZ4RZ-11-04-07-46,62.434147
478741-NOZ50A-11-04-16-47,64.5322
478741-NOZ523-11-01-06-30,57.635662
478741-NOZ523-11-02-06-31,61.02402
478741-NOZ523-12-15-06-54,58.983437
478741-NOZ526-11-01-08-06,60.72863
478741-NOZ526-11-02-08-01,52.213
478741-NOZ526-12-15-08-18,49.795574
478741-NOZ531-11-14-11-12,54.341614
478741-NOZ532-11-01-11-02,59.06365
478741-NOZ532-11-02-10-59,48.21524
478741-NOZ534-11-14-12-41,59.133114
478741-NOZ535-11-01-12-31,48.847973
478741-NOZ535-11-02-12-29,61.049225
478741-NOZ536-11-01-14-11,57.87885
478741-NOZ536-11-02-14-14,53.14716
478741-NOZ537-11-14-13-58,59.2518
478741-NOZ538-11-14-15-19,62.260616
478741-NOZ538-12-16-15-37,58.81347
478741-NOZ538-12-27-16-00,61.23681
478741-NOZ540-12-18-16-22,56.7486
478741-NOZ541-11-01-15-46,47.50574
478741-NOZ541-11-02-15-38,62.545025
478741-NOZ543-12-16-18-03,54.549084
478741-NOZ543-12-27-17-18,52.458515
478741-NOZ544-11-01-17-11,63.043415
478741-NOZ545-12-18-17-59,55.95616
478741-NOZ546-12-16-20-25,54.280365
478741-NOZ546-12-18-19-13,57.99444
478741-NOZ546-12-27-18-43,56.623558
478741-NOZ547-11-01-18-24,49.12914
478741-NOZ547-11-02-18-24,47.26613
478741-NOZ550-11-01-19-53,54.16385
478741-NOZ550-12-14-20-21,57.22459
478741-NOZ55J-11-04-18-38,59.523598
478741-NOZ56U-12-22-20-29,58.547367
478741-NOZ5AY-11-01-09-21,45.44969
478741-NOZ5AY-11-02-09-34,60.399754
478741-NOZ5AY-12-15-09-30,51.906662
478741-NOZ5PY-11-06-16-03,59.419212
478741-NOZ601-11-07-05-45,58.70803
478741-NOZ601-11-09-05-35,52.788147
478741-NOZ602-11-08-06-06,55.755474
478741-NOZ607-11-10-07-01,51.990326
478741-NOZ608-11-07-09-47,63.12376
478741-NOZ608-11-09-09-45,51.690826
478741-NOZ609-11-08-07-27,51.573116
478741-NOZ611-11-07-08-26,62.776676
478741-NOZ611-11-09-08-30,52.343815
478741-NOZ612-11-07-12-35,68.44636
478741-NOZ617-11-07-11-01,60.908493
478741-NOZ617-11-09-11-04,49.28709
478741-NOZ620-11-09-15-20,55.806942
478741-NOZ625-11-09-13-59,53.564316
478741-NOZ628-11-06-17-28,61.98306
478741-NOZ628-11-18-18-08,61.245308
478741-NOZ632-11-09-18-00,54.082684
478741-NOZ637-11-09-16-42,52.579
478741-NOZ638-11-06-20-18,64.9006
478741-NOZ638-11-08-20-09,59.660477
478741-NOZ645-11-06-18-48,58.57803
478741-NOZ645-11-18-20-23,62.422447
478741-NOZ6CF-11-03-08-05,58.208595
478741-NOZ6TM-11-22-19-40,47.539665
478741-NOZ8920-12-28-06-34,47.20535
478742-NOZ133-12-18-15-53,43.290546
478742-NOZ134-12-18-16-55,47.761368
478742-NOZ144-11-21-15-47,48.333836
478742-NOZ145-11-21-16-51,57.758587
478742-NOZ182-11-30-07-39,48.981926
478742-NOZ191-12-30-17-23,45.946644
478742-NOZ1BG-12-07-06-35,46.313854
478742-NOZ1BG-12-16-06-25,59.035774
478742-NOZ1BG-12-27-06-15,56.48985
478742-NOZ1TT-12-16-16-22,61.99027
478742-NOZ1TT-12-21-14-48,55.295128
478742-NOZ270-12-30-07-27,43.721725
478742-NOZ271-12-10-07-32,51.03504
478742-NOZ276-11-29-15-51,58.35931
478742-NOZ277-11-29-17-09,49.69623
478742-NOZ278-12-09-19-00,48.935795
478742-NOZ2DC-11-11-06-06,47.88773
478742-NOZ2DC-11-14-05-58,50.731987
478742-NOZ2DC-11-15-06-02,50.70797
478742-NOZ3JE-11-11-06-55,45.295444
478742-NOZ3JE-11-15-06-57,54.588585
478742-NOZ3VG-12-21-16-18,58.25958
478742-NOZ50A-11-22-17-34,59.583546
478742-NOZ50A-12-22-17-29,63.553143
478742-NOZ522-11-17-06-10,59.879505
478742-NOZ524-12-02-07-07,53.03304
478742-NOZ524-12-17-08-41,64.01663
478742-NOZ525-11-17-07-25,62.7215
478742-NOZ525-12-04-11-30,57.354023
478742-NOZ531-11-29-11-06,61.102375
478742-NOZ532-12-17-12-13,62.238857
478742-NOZ534-12-04-13-25,57.62698
478742-NOZ534-12-09-13-30,56.504612
478742-NOZ537-11-29-13-58,53.03028
478742-NOZ537-12-09-14-40,56.217026
478742-NOZ537-12-20-14-13,52.975945
478742-NOZ540-11-17-16-15,60.799126
478742-NOZ540-12-04-16-20,63.11055
478742-NOZ540-12-06-16-19,51.88746
478742-NOZ540-12-29-18-41,49.173717
478742-NOZ545-11-17-17-42,46.32146
478742-NOZ545-12-04-17-34,57.412193
478742-NOZ545-12-06-17-35,51.0486
478742-NOZ545-12-29-19-51,55.574715
478742-NOZ546-12-04-18-58,58.340225
478742-NOZ55J-11-22-19-16,55.547504
478742-NOZ56U-12-06-19-08,59.543213
478742-NOZ56U-12-15-20-11,59.567154
478742-NOZ56U-12-26-23-04,61.163826
478742-NOZ607-11-16-06-59,57.59632
478742-NOZ608-11-13-09-56,64.770905
478742-NOZ611-11-13-08-28,55.991074
478742-NOZ617-11-13-11-14,58.323982
478742-NOZ625-11-13-14-00,61.197987
478742-NOZ628-12-16-20-11,60.594357
478742-NOZ628-12-21-17-45,52.97488
478742-NOZ637-11-13-16-52,62.050926
478742-NOZ638-11-10-20-24,57.415287
478742-NOZ645-12-16-21-30,51.052788
478742-NOZ645-12-21-19-15,59.315292
478742-NOZ647-11-13-19-36,60.77463
478742-NOZ648-11-13-20-58,64.259285
478742-NOZ6TM-11-29-18-46,58.717354
478742-NOZ7C-12-30-08-36,53.4295
478742-NOZ9BH-11-18-16-32,49.130146
478742-NOZ9BH-12-30-15-48,49.93778
47875a-NOZ181-12-07-06-10,47.491688
47875a-NOZ181-12-14-06-41,60.365635
47875a-NOZ182-12-14-08-07,46.471836
47875a-NOZ183-12-07-08-44,43.852055
47875a-NOZ183-12-14-09-21,51.10665
47875a-NOZ191-11-25-17-31,51.636925
47875a-NOZ191-12-07-17-06,48.6417
47875a-NOZ1TT-11-23-14-58,54.255302
47875a-NOZ1TT-12-02-14-51,59.422924
47875a-NOZ270-11-11-07-19,45.625805
47875a-NOZ270-11-23-08-11,46.38317
47875a-NOZ270-12-16-08-06,47.259865
47875a-NOZ271-11-11-06-07,45.056656
47875a-NOZ271-12-16-06-19,53.085155
47875a-NOZ276-12-12-15-58,43.562435
47875a-NOZ277-12-06-17-34,48.99448
47875a-NOZ277-12-13-18-13,52.72899
47875a-NOZ278-11-10-18-57,51.847553
47875a-NOZ278-12-15-19-48,50.00756
47875a-NOZ2UC-11-15-16-06,54.032032
47875a-NOZ2UC-11-21-16-17,59.121414
47875a-NOZ2UC-11-28-16-11,53.111286
47875a-NOZ345-12-10-11-30,53.00681
47875a-NOZ345-12-15-10-31,61.780075
47875a-NOZ346-12-01-14-44,60.64633
47875a-NOZ347-12-01-16-37,52.90873
47875a-NOZ4RZ-12-10-09-40,58.402294
47875a-NOZ4RZ-12-15-07-54,61.040375
47875a-NOZ522-11-24-06-18,48.27708
47875a-NOZ525-11-24-07-29,47.801197
47875a-NOZ538-12-05-16-27,53.186253
47875a-NOZ540-12-15-16-10,52.4082
47875a-NOZ543-11-02-16-34,53.627453
47875a-NOZ543-12-05-17-40,52.736355
47875a-NOZ545-11-10-17-43,46.703167
47875a-NOZ545-12-15-17-22,53.824024
47875a-NOZ546-11-02-18-10,57.870926
47875a-NOZ546-12-05-19-04,58.31155
47875a-NOZ549-11-02-19-21,53.63932
47875a-NOZ549-12-05-20-17,48.20414
47875a-NOZ58Z-11-11-14-33,56.824093
47875a-NOZ5PY-11-23-16-14,53.162964
47875a-NOZ5PY-12-02-16-12,58.04994
47875a-NOZ602-11-03-06-06,48.789707
47875a-NOZ609-11-03-07-31,54.53283
47875a-NOZ639-11-15-17-22,62.825066
47875a-NOZ645-11-23-19-08,54.622314
47875a-NOZ645-12-02-18-54,60.15223
47875a-NOZ7C-11-11-08-44,50.544212
47875a-NOZ9BH-11-25-15-35,56.227695
47875a-NOZ9BH-12-07-15-46,43.542477
47875a-NOZ9PL-11-17-07-33,49.866417
47875c-NOZ132-11-01-13-55,45.252785
47875c-NOZ132-11-10-14-02,43.444504
47875c-NOZ133-11-10-15-08,47.386997
47875c-NOZ140-12-05-07-12,48.444427
47875c-NOZ140-12-19-07-25,43.79391
47875c-NOZ141-12-05-08-04,47.101807
47875c-NOZ141-12-19-08-20,43.616673
47875c-NOZ142-12-18-14-10,55.27736
47875c-NOZ143-12-18-15-15,47.755447
47875c-NOZ144-12-08-15-16,50.21759
47875c-NOZ181-11-28-05-59,49.9291
47875c-NOZ182-11-28-07-41,56.49467
47875c-NOZ182-12-10-07-49,51.392647
47875c-NOZ183-11-28-08-56,51.7863
47875c-NOZ191-12-13-17-22,50.127132
47875c-NOZ1BG-12-15-07-11,56.447414
47875c-NOZ1YA-12-10-13-12,59.09627
47875c-NOZ2DC-11-03-06-03,40.06856
47875c-NOZ2DC-11-04-05-59,47.130035
47875c-NOZ2DC-11-07-06-03,51.250854
47875c-NOZ2DC-11-09-06-02,43.719692
47875c-NOZ2DC-11-16-06-05,45.38218
47875c-NOZ2DC-11-21-06-00,51.708416
47875c-NOZ2DC-11-22-06-01,49.71321
47875c-NOZ2DC-11-23-05-57,48.422005
47875c-NOZ2DC-11-24-06-07,44.598198
47875c-NOZ2GH-11-06-14-59,58.955208
47875c-NOZ345-12-03-11-23,49.652386
47875c-NOZ3JE-11-02-07-00,45.874214
47875c-NOZ3JE-11-03-06-52,42.973797
47875c-NOZ3JE-11-04-07-04,46.949863
47875c-NOZ3JE-11-07-08-10,45.538136
47875c-NOZ3JE-11-09-07-01,47.6787
47875c-NOZ3JE-11-16-07-10,40.921715
47875c-NOZ3JE-11-21-07-04,52.909737
47875c-NOZ3JE-11-22-06-56,49.94328
47875c-NOZ3JE-11-23-06-55,47.332787
47875c-NOZ3JE-11-24-07-05,52.830967
47875c-NOZ40A-12-10-11-13,63.62904
47875c-NOZ4HF-11-08-06-59,58.897297
47875c-NOZ4HF-11-10-07-03,60.546413
47875c-NOZ522-11-29-06-02,58.8457
47875c-NOZ522-12-12-06-12,52.113037
47875c-NOZ525-11-29-07-15,59.22988
47875c-NOZ530-12-14-09-58,50.757572
47875c-NOZ530-12-15-10-23,51.418396
47875c-NOZ531-12-14-11-06,54.053448
47875c-NOZ531-12-15-11-35,57.452724
47875c-NOZ534-12-14-12-43,52.865757
47875c-NOZ534-12-15-12-57,49.852985
47875c-NOZ537-12-14-13-53,54.389275
47875c-NOZ537-12-15-14-10,58.0676
47875c-NOZ538-12-30-15-16,50.613033
47875c-NOZ543-12-30-16-47,49.893852
47875c-NOZ545-12-14-17-26,43.787918
47875c-NOZ56U-12-14-18-56,66.61567
47875c-NOZ601-11-08-05-36,58.9262
47875c-NOZ601-11-10-05-36,54.669113
47875c-NOZ607-11-11-07-08,56.717598
47875c-NOZ607-11-25-07-06,52.351078
47875c-NOZ608-11-08-09-39,56.44324
47875c-NOZ60M-12-07-16-25,60.623634
47875c-NOZ611-11-08-08-24,58.27361
47875c-NOZ612-11-08-12-21,65.96609
47875c-NOZ612-11-10-12-27,52.088543
47875c-NOZ614-11-20-13-57,63.455124
47875c-NOZ617-11-10-11-10,58.05168
47875c-NOZ620-11-08-15-22,58.778534
47875c-NOZ620-11-23-15-51,54.883186
47875c-NOZ623-11-20-12-34,61.152275
47875c-NOZ624-11-06-16-21,58.15469
47875c-NOZ625-11-08-13-56,49.120647
47875c-NOZ625-11-23-14-03,60.484375
47875c-NOZ626-11-02-16-45,61.102695
47875c-NOZ626-11-07-17-04,70.087364
47875c-NOZ626-11-09-16-42,58.69364
47875c-NOZ626-11-15-16-56,54.579395
47875c-NOZ626-11-16-16-41,60.917873
47875c-NOZ626-11-20-17-08,57.45089
47875c-NOZ631-11-02-15-23,58.21129
47875c-NOZ631-11-07-15-30,60.91927
47875c-NOZ631-11-16-15-24,56.794212
47875c-NOZ631-11-18-15-40,62.951706
47875c-NOZ631-11-20-15-38,63.42947
47875c-NOZ632-11-08-18-00,61.640835
47875c-NOZ632-11-23-18-40,57.812622
47875c-NOZ634-11-20-20-06,63.86364
47875c-NOZ637-11-08-16-38,55.43735
47875c-NOZ637-11-23-17-03,58.393772
47875c-NOZ643-11-20-18-24,63.38823
47875c-NOZ64N-11-11-16-55,57.3061
47875c-NOZ8820-11-17-13-44,43.507423
47875c-NOZ8821-11-17-16-52,57.00538
47875c-NOZ9BH-11-30-15-33,49.312103
47875c-NOZ9BH-12-15-15-40,46.96118
47875c-NOZ9WB-11-17-07-35,50.123966
47875c-NOZ9WB-11-18-07-29,56.365326
478772-NOZ181-12-20-07-39,53.22079
478772-NOZ191-11-04-17-33,48.684536
478772-NOZ191-11-17-16-57,48.17497
478772-NOZ191-12-08-17-41,47.726982
478772-NOZ191-12-19-18-25,53.053665
478772-NOZ191-12-20-17-20,51.526302
478772-NOZ194-11-06-19-12,58.770798
478772-NOZ195-11-06-20-33,53.994263
478772-NOZ1BG-11-15-06-20,52.768578
478772-NOZ1BG-11-17-06-06,65.51534
478772-NOZ1BG-12-08-06-31,48.593723
478772-NOZ271-12-21-06-16,53.428024
478772-NOZ277-11-24-17-25,49.987415
478772-NOZ278-12-20-19-12,48.33229
478772-NOZ2BE-11-11-12-46,61.53658
478772-NOZ2DC-12-27-06-26,42.6827
478772-NOZ2UC-11-06-16-14,58.93213
478772-NOZ347-12-04-16-59,65.442314
478772-NOZ3JE-12-27-08-06,47.43825
478772-NOZ4HF-11-24-07-12,49.600067
478772-NOZ50A-11-15-16-37,66.2141
478772-NOZ50A-11-21-16-40,60.941204
478772-NOZ50A-12-06-16-57,57.26259
478772-NOZ521-11-29-05-31,53.428585
478772-NOZ521-11-30-05-36,56.970325
478772-NOZ521-12-01-05-26,52.079712
478772-NOZ521-12-02-05-28,56.038376
478772-NOZ522-12-13-06-10,55.95659
478772-NOZ523-11-26-06-03,59.311672
478772-NOZ523-11-28-06-30,59.780735
478772-NOZ524-11-26-07-35,65.570755
478772-NOZ524-11-29-06-59,60.16663
478772-NOZ524-11-30-07-04,59.430973
478772-NOZ524-12-01-07-01,51.01069
478772-NOZ525-11-22-07-33,58.228443
478772-NOZ526-11-28-07-57,57.541637
478772-NOZ530-11-16-09-52,60.192974
478772-NOZ530-11-17-09-59,59.373585
478772-NOZ530-11-27-09-32,61.856068
478772-NOZ530-12-08-09-49,53.303535
478772-NOZ531-11-16-11-09,45.572598
478772-NOZ531-11-17-11-19,54.070114
478772-NOZ531-11-21-11-21,60.35309
478772-NOZ531-11-27-08-01,50.376324
478772-NOZ531-12-08-11-08,47.499355
478772-NOZ532-11-26-10-17,55.20329
478772-NOZ532-11-28-10-57,51.889736
478772-NOZ534-11-16-12-39,55.166767
478772-NOZ534-11-17-12-47,56.822224
478772-NOZ534-12-08-12-46,54.306877
478772-NOZ534-12-16-14-07,59.386524
478772-NOZ535-11-27-14-01,52.92779
478772-NOZ535-11-28-12-31,51.752975
478772-NOZ536-11-28-14-16,60.462486
478772-NOZ537-11-16-14-04,47.95977
478772-NOZ537-11-17-14-14,49.330833
478772-NOZ537-11-21-13-57,58.891624
478772-NOZ537-12-08-14-18,50.125378
478772-NOZ538-11-01-15-14,55.223457
478772-NOZ538-11-25-15-19,56.776505
478772-NOZ538-11-27-15-30,60.86207
478772-NOZ541-11-28-15-43,49.802876
478772-NOZ541-12-18-16-17,52.434685
478772-NOZ543-11-01-16-34,49.569958
478772-NOZ543-11-25-16-42,49.995808
478772-NOZ543-11-27-16-52,55.612648
478772-NOZ544-11-27-18-21,59.615913
478772-NOZ544-11-28-17-17,60.14268
478772-NOZ545-12-07-17-39,52.52755
478772-NOZ546-11-25-18-20,52.96411
478772-NOZ549-11-27-19-47,54.495136
478772-NOZ550-11-27-21-05,62.299877
478772-NOZ55J-11-15-18-29,53.639717
478772-NOZ55J-11-21-18-28,56.419617
478772-NOZ55J-12-06-18-44,57.188393
478772-NOZ56U-11-16-19-03,64.67486
478772-NOZ56U-12-07-19-08,54.388157
478772-NOZ5PR-11-18-16-00,59.523087
478772-NOZ601-11-24-05-35,50.894917
478772-NOZ602-11-09-07-05,50.34376
478772-NOZ602-11-16-06-02,57.80661
478772-NOZ602-12-06-06-05,49.66516
478772-NOZ608-11-24-10-05,52.27622
478772-NOZ608-12-28-10-15,54.799534
478772-NOZ609-11-16-07-25,51.415943
478772-NOZ609-12-06-07-23,52.89782
478772-NOZ611-11-24-08-28,52.89686
478772-NOZ611-12-28-08-43,60.15252
478772-NOZ612-11-24-12-43,56.25859
478772-NOZ617-11-24-11-21,53.43931
478772-NOZ617-12-28-11-39,59.114254
478772-NOZ625-11-24-14-02,49.4156
478772-NOZ626-12-27-16-51,51.607372
478772-NOZ631-12-27-15-23,58.054478
478772-NOZ638-11-23-20-28,55.577496
478772-NOZ639-11-06-17-43,59.0699
478772-NOZ639-12-16-21-45,51.21359
478772-NOZ639-12-30-17-42,53.114414
478772-NOZ6CF-11-11-08-14,63.34653
478772-NOZ6TC-11-11-17-22,58.214592
478772-NOZ6TM-12-19-20-36,58.913223
478772-NOZ9BH-12-08-15-49,43.986904
478772-NOZ9BH-12-19-16-57,50.37814
478772-NOZ9BH-12-20-15-53,56.898056
47878c-NOZ132-11-11-14-02,46.440113
47878c-NOZ133-11-08-15-00,50.329037
47878c-NOZ133-11-11-15-05,57.38986
47878c-NOZ140-11-22-07-20,49.22256
47878c-NOZ140-11-23-06-59,43.09498
47878c-NOZ141-11-22-08-14,49.646206
47878c-NOZ141-11-23-07-58,48.069405
47878c-NOZ144-11-22-15-43,47.55735
47878c-NOZ145-11-22-16-41,46.113354
47878c-NOZ194-11-27-18-56,59.835205
47878c-NOZ195-11-27-20-17,50.899845
47878c-NOZ1BG-11-16-06-05,52.793972
47878c-NOZ1BG-12-14-06-01,53.31067
47878c-NOZ270-12-27-07-43,43.07689
47878c-NOZ2DC-11-10-05-57,42.178535
47878c-NOZ2DC-12-07-06-11,45.901917
47878c-NOZ2UC-11-27-16-10,61.930294
47878c-NOZ345-11-01-09-37,66.784294
47878c-NOZ345-12-28-09-49,59.138103
47878c-NOZ346-12-27-14-37,60.637196
47878c-NOZ3JE-11-10-06-57,46.27875
47878c-NOZ3JE-12-07-07-02,44.80231
47878c-NOZ4HF-11-14-07-09,62.614433
47878c-NOZ4HF-12-06-07-23,56.38788
47878c-NOZ4HF-12-08-07-12,55.72496
47878c-NOZ4RZ-11-01-07-37,59.456936
47878c-NOZ4RZ-12-28-07-55,61.0844
47878c-NOZ530-11-15-09-58,51.10072
47878c-NOZ531-11-15-11-10,51.348846
47878c-NOZ534-11-15-12-42,45.921345
47878c-NOZ537-11-15-14-02,48.579407
47878c-NOZ540-11-15-16-04,62.37942
47878c-NOZ540-12-13-16-29,49.072914
47878c-NOZ545-11-15-17-31,40.2637
47878c-NOZ545-12-13-17-44,45.51008
47878c-NOZ56U-12-13-19-17,54.055714
47878c-NOZ601-11-03-05-34,51.180874
47878c-NOZ601-11-14-05-33,63.0598
47878c-NOZ601-12-06-05-32,50.460785
47878c-NOZ601-12-08-05-59,55.463448
47878c-NOZ602-11-17-06-04,56.11854
47878c-NOZ605-11-02-06-42,59.78176
47878c-NOZ605-11-07-06-35,63.00618
47878c-NOZ605-11-09-06-29,55.301933
47878c-NOZ605-11-11-06-32,53.233395
47878c-NOZ605-12-12-06-30,58.087456
47878c-NOZ606-11-02-08-04,53.06662
47878c-NOZ606-11-07-08-06,60.55684
47878c-NOZ606-11-09-07-59,57.94725
47878c-NOZ606-12-12-08-07,50.232426
47878c-NOZ608-11-03-09-47,52.083935
47878c-NOZ608-11-14-09-46,61.43124
47878c-NOZ608-12-06-09-43,52.380894
47878c-NOZ608-12-08-09-51,49.056698
47878c-NOZ609-11-17-07-34,60.734306
47878c-NOZ611-11-03-08-23,50.045277
47878c-NOZ611-11-14-08-31,63.175823
47878c-NOZ611-12-06-08-28,55.290436
47878c-NOZ611-12-08-08-37,49.771122
47878c-NOZ612-11-03-12-32,53.098434
47878c-NOZ612-12-06-12-28,54.635548
47878c-NOZ612-12-08-12-38,57.554016
47878c-NOZ614-12-11-14-37,55.206844
47878c-NOZ617-11-03-11-06,57.692196
47878c-NOZ617-12-06-10-58,49.939507
47878c-NOZ617-12-08-11-10,57.750103
47878c-NOZ620-11-03-15-24,59.54381
47878c-NOZ620-12-06-15-30,53.588432
47878c-NOZ620-12-08-15-31,59.8863
47878c-NOZ623-12-11-13-06,55.013252
47878c-NOZ625-11-03-14-02,58.0925
47878c-NOZ625-12-06-13-50,49.568855
47878c-NOZ626-11-04-17-02,62.30041
47878c-NOZ626-11-10-16-54,58.513653
47878c-NOZ626-12-07-16-46,52.80991
47878c-NOZ626-12-09-16-55,57.598022
47878c-NOZ631-11-04-15-32,57.140636
47878c-NOZ631-11-10-15-32,54.223763
47878c-NOZ631-12-07-15-31,60.034317
47878c-NOZ631-12-09-15-26,58.47706
47878c-NOZ632-12-06-18-17,50.316547
47878c-NOZ632-12-08-18-11,49.845806
47878c-NOZ637-11-03-16-45,56.285744
47878c-NOZ637-12-06-16-45,48.89787
47878c-NOZ638-11-01-20-00,50.216957
47878c-NOZ638-12-05-20-12,50.705105
47878c-NOZ639-11-27-17-32,50.642124
47878c-NOZ639-11-30-17-26,52.454353
47878c-NOZ7C-12-27-08-49,49.289204
47878c-NOZ8GN-11-18-07-11,59.827477
47878d-NOZ132-11-07-14-02,41.957237
47878d-NOZ132-11-29-13-57,48.03352
47878d-NOZ133-11-07-14-53,48.548676
47878d-NOZ133-11-29-14-51,43.426704
47878d-NOZ133-12-29-14-58,51.378067
47878d-NOZ181-11-01-06-03,52.08227
47878d-NOZ181-12-09-06-38,52.42022
47878d-NOZ182-11-01-07-34,56.126305
47878d-NOZ182-12-09-08-06,43.77989
47878d-NOZ183-11-01-08-49,54.818455
47878d-NOZ183-12-04-08-06,45.067677
47878d-NOZ183-12-09-09-28,50.19092
47878d-NOZ183-12-25-10-41,53.279854
47878d-NOZ191-11-23-17-18,51.009743
47878d-NOZ1BG-11-12-06-04,47.893368
47878d-NOZ1BG-12-06-06-15,53.82708
47878d-NOZ1TT-11-15-14-39,55.58224
47878d-NOZ271-12-07-06-36,51.62837
47878d-NOZ272-12-04-15-46,55.76781
47878d-NOZ275-12-04-17-02,51.86422
47878d-NOZ276-12-18-13-42,53.332787
47878d-NOZ277-12-18-15-30,47.820972
47878d-NOZ278-12-06-19-16,53.44958
47878d-NOZ2KT-12-06-16-26,49.804775
47878d-NOZ345-11-15-09-32,55.109108
47878d-NOZ345-11-28-09-43,52.936638
47878d-NOZ346-11-09-14-35,57.18894
47878d-NOZ346-11-14-14-40,54.180744
47878d-NOZ347-11-09-16-32,52.564796
47878d-NOZ347-11-14-16-37,60.01451
47878d-NOZ3DB-11-18-18-19,58.47597
47878d-NOZ3J-11-18-15-26,63.84869
47878d-NOZ4RZ-11-15-07-36,62.897697
47878d-NOZ4RZ-11-28-07-46,64.64421
47878d-NOZ50A-11-08-16-41,64.57419
47878d-NOZ50A-11-27-16-42,66.87652
47878d-NOZ522-11-03-06-02,49.109653
47878d-NOZ522-11-23-06-34,49.05655
47878d-NOZ525-11-03-07-20,55.88622
47878d-NOZ530-12-06-10-01,51.054333
47878d-NOZ531-12-06-11-11,50.373863
47878d-NOZ534-12-06-12-37,54.26974
47878d-NOZ537-12-06-13-53,51.95126
47878d-NOZ540-12-02-16-13,54.13941
47878d-NOZ55J-11-08-18-37,52.58617
47878d-NOZ55J-11-27-18-49,60.205345
47878d-NOZ56U-11-11-19-08,54.919365
47878d-NOZ56U-12-05-18-58,55.156773
47878d-NOZ5PY-11-15-16-03,66.20861
47878d-NOZ5PY-11-25-16-11,54.0606
47878d-NOZ602-11-14-06-06,50.988937
47878d-NOZ602-12-20-07-11,53.4897
47878d-NOZ605-11-17-06-39,60.623318
47878d-NOZ606-11-17-08-05,57.210186
47878d-NOZ606-12-28-08-23,57.625687
47878d-NOZ607-11-08-07-00,54.852654
47878d-NOZ607-11-18-07-00,60.57203
47878d-NOZ607-11-30-06-58,56.755608
47878d-NOZ608-11-05-09-10,64.12882
47878d-NOZ608-11-06-09-44,62.651733
47878d-NOZ608-12-30-09-52,57.294514
47878d-NOZ609-11-14-07-27,62.1218
47878d-NOZ609-12-20-08-37,57.558434
47878d-NOZ611-11-06-08-27,58.974464
47878d-NOZ611-12-30-08-26,53.7755
47878d-NOZ612-11-06-12-42,63.641117
47878d-NOZ612-12-30-12-54,52.091213
47878d-NOZ617-11-06-11-08,62.939247
47878d-NOZ617-12-30-11-25,55.403496
47878d-NOZ620-11-06-15-31,61.631577
47878d-NOZ620-11-17-15-38,58.68547
47878d-NOZ625-11-06-14-10,60.235527
47878d-NOZ625-11-17-14-06,63.054268
47878d-NOZ628-11-15-17-29,64.09513
47878d-NOZ628-11-25-17-29,63.173687
47878d-NOZ632-11-07-19-55,64.35164
47878d-NOZ632-11-17-18-25,54.465355
47878d-NOZ637-11-06-16-59,57.724308
47878d-NOZ637-11-17-16-57,64.58195
47878d-NOZ638-11-28-20-07,57.90612
47878d-NOZ645-11-25-18-49,54.461742
47878d-NOZ647-11-06-19-40,60.193233
47878d-NOZ6TM-12-02-19-02,51.457493
47878d-NOZ6TM-12-08-19-13,47.717285
47878d-NOZ9BH-11-23-15-55,50.58407
47878d-NOZ9BH-12-09-16-22,55.995987
4787a0-NOZ140-11-09-07-08,45.601727
4787a0-NOZ141-11-09-08-10,51.93079
4787a0-NOZ142-11-13-12-12,62.589985
4787a0-NOZ144-11-07-15-51,46.951206
4787a0-NOZ145-11-07-16-47,43.921448
4787a0-NOZ145-11-09-16-44,49.94578
4787a0-NOZ181-12-17-10-02,55.65589
4787a0-NOZ191-12-27-17-29,54.56274
4787a0-NOZ1BG-11-29-05-59,50.9453
4787a0-NOZ1BG-12-03-06-00,53.75681
4787a0-NOZ1BG-12-20-06-08,56.117794
4787a0-NOZ1TT-12-08-14-35,50.82529
4787a0-NOZ270-11-17-07-28,51.564793
4787a0-NOZ270-11-24-07-44,38.87182
4787a0-NOZ271-11-17-06-10,52.10479
4787a0-NOZ271-11-24-06-09,53.480404
4787a0-NOZ271-11-26-07-34,51.818638
4787a0-NOZ271-12-14-06-28,49.92874
4787a0-NOZ276-12-05-16-52,47.408875
4787a0-NOZ277-12-05-18-09,52.699757
4787a0-NOZ277-12-15-17-53,49.164997
4787a0-NOZ278-11-16-18-57,50.04839
4787a0-NOZ278-11-23-19-29,48.44399
4787a0-NOZ278-12-13-19-06,49.33728
4787a0-NOZ2DC-11-30-05-59,43.666203
4787a0-NOZ2DC-12-09-05-56,44.55287
4787a0-NOZ2GH-12-11-15-03,52.47359
4787a0-NOZ2UC-11-01-16-05,60.582138
4787a0-NOZ345-12-31-11-23,62.812366
4787a0-NOZ346-11-11-14-35,58.70856
4787a0-NOZ346-12-29-16-30,56.78422
4787a0-NOZ347-12-29-21-05,58.90342
4787a0-NOZ3JE-11-30-06-51,45.012753
4787a0-NOZ3JE-12-09-07-05,41.843693
4787a0-NOZ4RZ-12-31-09-26,50.688858
4787a0-NOZ50A-12-21-17-11,58.39586
4787a0-NOZ530-12-13-10-07,51.941
4787a0-NOZ534-12-13-12-54,54.99846
4787a0-NOZ537-12-13-14-17,46.913845
4787a0-NOZ538-12-26-15-59,51.620403
4787a0-NOZ543-11-03-16-54,62.226574
4787a0-NOZ543-12-26-17-12,59.807793
4787a0-NOZ546-11-03-18-19,62.757877
4787a0-NOZ546-12-28-18-39,56.808
4787a0-NOZ549-11-03-19-32,51.345715
4787a0-NOZ549-12-28-19-47,55.175396
4787a0-NOZ55J-12-21-19-15,63.06407
4787a0-NOZ56U-11-28-18-54,60.26397
4787a0-NOZ56U-12-02-19-10,63.51403
4787a0-NOZ607-12-01-07-02,58.851536
4787a0-NOZ607-12-12-07-06,61.14799
4787a0-NOZ608-12-10-08-59,59.85367
4787a0-NOZ609-12-10-07-36,60.49216
4787a0-NOZ624-12-11-16-33,52.49315
4787a0-NOZ626-11-30-16-41,60.230297
4787a0-NOZ628-12-08-17-41,50.249783
4787a0-NOZ631-11-30-15-21,55.60374
4787a0-NOZ638-11-29-20-03,63.7531
4787a0-NOZ638-12-08-20-23,59.159485
4787a0-NOZ639-11-01-17-20,44.07411
4787a0-NOZ639-11-24-17-28,57.560135
4787a0-NOZ645-12-08-18-57,51.61061
4787a0-NOZ93E-11-16-17-29,61.547173
4787b3-NOZ132-12-06-14-06,44.905647
4787b3-NOZ133-12-01-14-56,48.940125
4787b3-NOZ144-12-29-15-16,45.084293
4787b3-NOZ145-12-29-16-12,53.98986
4787b3-NOZ1BG-12-13-06-01,52.79293
4787b3-NOZ270-12-05-07-25,49.677692
4787b3-NOZ271-12-05-06-06,49.916317
4787b3-NOZ2DC-11-29-06-06,44.21123
4787b3-NOZ2DC-12-01-06-03,46.4892
4787b3-NOZ345-11-14-10-01,57.848
4787b3-NOZ345-11-19-11-22,50.774387
4787b3-NOZ345-11-22-09-34,49.302357
4787b3-NOZ347-11-21-16-38,60.753193
4787b3-NOZ3JE-12-01-06-59,49.203976
4787b3-NOZ3VG-12-05-16-06,51.630077
4787b3-NOZ4HF-12-07-07-00,57.549515
4787b3-NOZ4RZ-11-14-07-35,67.645454
4787b3-NOZ4RZ-11-19-09-22,58.686676
4787b3-NOZ4RZ-11-22-07-50,49.674744
4787b3-NOZ50A-11-13-16-35,64.68165
4787b3-NOZ521-11-11-05-30,59.25762
4787b3-NOZ523-11-07-06-31,62.882374
4787b3-NOZ524-11-11-07-03,49.463337
4787b3-NOZ525-11-13-11-38,61.724514
4787b3-NOZ531-11-06-08-11,59.42723
4787b3-NOZ532-11-06-12-21,63.461266
4787b3-NOZ532-11-07-11-01,52.573208
4787b3-NOZ532-12-09-11-16,56.647972
4787b3-NOZ534-11-13-13-21,63.565994
4787b3-NOZ535-11-06-13-38,59.215366
4787b3-NOZ535-11-07-12-30,52.936676
4787b3-NOZ535-12-09-12-51,56.91404
4787b3-NOZ535-12-27-13-02,57.597256
4787b3-NOZ536-11-07-14-18,55.284477
4787b3-NOZ536-12-09-14-27,63.874363
4787b3-NOZ536-12-27-14-39,60.242966
4787b3-NOZ537-11-13-14-43,58.04332
4787b3-NOZ538-11-04-15-41,64.0709
4787b3-NOZ538-11-06-15-06,61.81983
4787b3-NOZ541-11-07-15-45,65.28358
4787b3-NOZ541-12-27-15-56,59.49488
4787b3-NOZ543-11-04-17-13,65.33515
4787b3-NOZ543-11-06-16-42,63.46868
4787b3-NOZ544-11-06-18-14,62.4376
4787b3-NOZ544-11-07-17-09,61.21798
4787b3-NOZ546-11-04-18-45,63.958206
4787b3-NOZ549-11-06-19-36,58.938396
4787b3-NOZ550-11-06-21-03,63.354836
4787b3-NOZ55J-11-17-18-44,63.658203
4787b3-NOZ56U-12-12-19-29,63.033314
4787b3-NOZ5AY-11-07-09-16,62.10729
4787b3-NOZ601-11-23-05-33,54.23801
4787b3-NOZ601-11-28-05-29,52.411987
4787b3-NOZ601-12-07-05-39,55.210583
4787b3-NOZ602-11-01-06-05,53.84527
4787b3-NOZ602-11-21-06-04,53.96408
4787b3-NOZ605-11-24-06-37,55.526955
4787b3-NOZ605-11-30-06-30,59.25033
4787b3-NOZ606-11-24-08-26,54.696465
4787b3-NOZ606-11-30-08-03,58.110146
4787b3-NOZ607-12-02-07-06,55.050304
4787b3-NOZ607-12-08-07-20,54.857548
4787b3-NOZ608-11-23-10-57,56.163303
4787b3-NOZ608-11-28-09-47,62.273235
4787b3-NOZ608-12-07-09-42,50.302876
4787b3-NOZ609-11-21-07-26,61.200584
4787b3-NOZ611-11-23-08-34,60.816204
4787b3-NOZ611-11-28-08-19,58.85193
4787b3-NOZ611-12-07-08-18,55.44293
4787b3-NOZ612-11-23-13-36,66.14197
4787b3-NOZ612-11-28-12-22,60.796925
4787b3-NOZ612-12-07-12-24,57.393005
4787b3-NOZ617-11-23-12-07,59.801464
4787b3-NOZ617-11-28-11-03,55.299637
4787b3-NOZ620-11-27-16-12,58.923138
4787b3-NOZ620-11-28-15-21,57.73683
4787b3-NOZ620-12-07-15-52,54.60174
4787b3-NOZ625-11-27-14-32,55.21303
4787b3-NOZ625-11-28-14-01,52.86136
4787b3-NOZ625-12-03-14-02,60.755653
4787b3-NOZ625-12-07-14-04,54.043266
4787b3-NOZ626-11-23-17-40,54.863564
4787b3-NOZ626-11-24-17-03,64.79311
4787b3-NOZ626-11-25-16-58,60.679886
4787b3-NOZ628-12-05-17-29,51.421288
4787b3-NOZ631-11-23-15-28,59.741554
4787b3-NOZ631-11-24-15-21,50.37264
4787b3-NOZ631-11-25-15-41,54.23064
4787b3-NOZ632-11-27-18-52,60.556057
4787b3-NOZ637-11-27-17-31,56.39339
4787b3-NOZ637-11-28-16-39,51.569553
4787b3-NOZ638-11-22-20-25,62.221054
4787b3-NOZ647-11-27-20-17,55.683605
4787b3-NOZ648-11-27-21-37,60.853016
4787b3-NOZ6TM-12-21-19-56,53.297462
4787b3-NOZ7C-12-05-08-41,51.556114
4787b3-NOZ8C-12-04-21-08,50.67141
4787b3-NOZ9BH-12-04-12-17,55.137733
4791ac-NOZ132-11-17-14-04,48.842373
4791ac-NOZ133-11-17-15-09,41.876488
4791ac-NOZ140-11-10-07-06,44.860283
4791ac-NOZ140-11-11-07-13,45.614113
4791ac-NOZ141-11-10-08-06,45.193073
4791ac-NOZ141-11-11-08-08,44.16914
4791ac-NOZ144-11-24-15-12,47.32455
4791ac-NOZ145-11-24-16-08,45.27549
4791ac-NOZ191-11-16-17-08,45.95291
4791ac-NOZ1BG-11-08-06-25,56.461357
4791ac-NOZ1TT-11-27-14-34,60.87455
4791ac-NOZ1TT-11-29-14-36,59.54364
4791ac-NOZ270-11-18-07-22,49.03184
4791ac-NOZ270-11-22-09-01,46.61652
4791ac-NOZ271-11-22-07-54,50.7045
4791ac-NOZ272-11-20-15-39,50.279922
4791ac-NOZ275-11-20-16-48,53.47315
4791ac-NOZ278-11-21-19-01,41.684616
4791ac-NOZ2UC-12-12-16-22,53.03811
4791ac-NOZ345-11-13-10-22,54.462746
4791ac-NOZ345-11-23-09-57,47.299576
4791ac-NOZ345-12-09-10-04,56.932117
4791ac-NOZ346-11-22-14-28,58.121674
4791ac-NOZ347-11-22-16-32,53.69416
4791ac-NOZ357-12-23-23-01,61.324036
4791ac-NOZ4RZ-11-13-08-17,64.560455
4791ac-NOZ4RZ-11-23-08-25,56.506523
4791ac-NOZ4RZ-12-09-07-50,56.54283
4791ac-NOZ50A-12-09-17-14,63.717545
4791ac-NOZ50A-12-19-17-19,61.575882
4791ac-NOZ521-11-02-05-28,51.205235
4791ac-NOZ521-11-03-05-26,56.244133
4791ac-NOZ522-11-15-06-01,54.463043
4791ac-NOZ522-12-15-06-32,49.78002
4791ac-NOZ522-12-22-06-16,58.83512
4791ac-NOZ523-11-04-06-31,65.80856
4791ac-NOZ523-11-06-06-30,57.38436
4791ac-NOZ524-11-02-07-11,53.479866
4791ac-NOZ524-11-03-07-01,52.336678
4791ac-NOZ525-11-15-07-18,58.207012
4791ac-NOZ525-12-22-07-30,54.57614
4791ac-NOZ526-11-04-08-04,57.419807
4791ac-NOZ530-11-01-09-55,52.531494
4791ac-NOZ532-11-04-11-06,63.188297
4791ac-NOZ535-11-04-12-52,58.87017
4791ac-NOZ536-11-04-14-25,63.21545
4791ac-NOZ538-11-30-15-21,54.733356
4791ac-NOZ540-11-18-16-19,54.54456
4791ac-NOZ540-11-21-16-10,53.995575
4791ac-NOZ541-11-04-16-15,65.617455
4791ac-NOZ544-11-04-17-41,64.260475
4791ac-NOZ545-11-21-17-25,54.42732
4791ac-NOZ546-11-30-18-18,54.88452
4791ac-NOZ55J-12-09-19-07,58.22328
4791ac-NOZ56U-11-07-18-54,66.17427
4791ac-NOZ56U-12-23-20-48,63.09045
4791ac-NOZ5AY-11-04-09-20,60.8473
4791ac-NOZ5PY-11-27-16-06,51.650726
4791ac-NOZ5PY-11-29-16-07,54.46986
4791ac-NOZ601-11-18-05-40,60.639797
4791ac-NOZ612-11-17-12-44,53.568775
4791ac-NOZ628-11-27-17-29,52.477055
4791ac-NOZ628-11-29-17-28,56.26476
4791ac-NOZ628-12-29-18-14,55.690693
4791ac-NOZ634-12-04-20-31,63.18215
4791ac-NOZ639-12-12-17-36,59.554234
4791ac-NOZ645-11-27-18-49,52.47768
4791ac-NOZ645-11-29-18-46,55.34116
4791ac-NOZ645-12-05-18-55,57.28263
4791ac-NOZ645-12-29-19-35,58.147953
4791ac-NOZ6TC-11-13-17-17,69.63176
4791ac-NOZ6TM-11-18-19-02,55.35478
4791ac-NOZ7C-11-18-08-40,43.36354
4791ac-NOZ7C-11-22-10-37,44.85454
4791dd-NOZ140-11-03-07-11,42.634422
4791dd-NOZ142-11-06-13-41,51.97102
4791dd-NOZ143-11-06-14-34,50.500366
4791dd-NOZ145-11-04-16-48,54.430706
4791dd-NOZ181-11-21-06-12,50.392326
4791dd-NOZ181-11-22-06-03,47.27103
4791dd-NOZ182-11-09-07-35,46.29916
4791dd-NOZ182-11-21-07-36,49.765865
4791dd-NOZ182-11-22-07-50,43.59113
4791dd-NOZ183-11-21-08-51,50.252216
4791dd-NOZ183-11-22-08-58,43.77726
4791dd-NOZ183-12-27-09-37,52.69439
4791dd-NOZ191-11-24-17-10,52.966534
4791dd-NOZ191-12-06-17-02,43.66209
4791dd-NOZ1BG-11-24-06-09,41.70952
4791dd-NOZ1TT-11-10-14-34,54.3083
4791dd-NOZ1TT-11-11-14-36,56.371346
4791dd-NOZ1TT-11-28-14-34,57.624477
4791dd-NOZ1TT-12-01-14-47,57.84519
4791dd-NOZ270-11-10-07-30,45.62638
4791dd-NOZ270-11-28-07-30,43.569862
4791dd-NOZ270-12-01-07-28,50.01735
4791dd-NOZ271-11-10-06-07,54.341663
4791dd-NOZ271-11-15-06-01,47.77796
4791dd-NOZ271-11-19-08-07,49.87329
4791dd-NOZ271-11-28-06-06,53.05207
4791dd-NOZ271-12-01-06-10,50.332386
4791dd-NOZ271-12-22-06-11,49.14186
4791dd-NOZ276-11-08-15-55,59.817917
4791dd-NOZ276-12-11-13-44,44.160934
4791dd-NOZ277-11-08-17-21,48.958202
4791dd-NOZ278-11-09-18-57,55.383316
4791dd-NOZ278-11-18-19-20,52.071507
4791dd-NOZ2DC-12-05-06-14,45.004326
4791dd-NOZ345-11-16-09-30,52.053333
4791dd-NOZ345-11-17-11-53,52.890366
4791dd-NOZ345-12-13-09-38,56.115414
4791dd-NOZ345-12-22-09-54,61.213017
4791dd-NOZ346-11-15-14-34,60.078133
4791dd-NOZ347-11-15-16-31,61.204
4791dd-NOZ4RZ-11-16-07-34,62.526386
4791dd-NOZ4RZ-11-17-07-49,61.260174
4791dd-NOZ4RZ-12-13-07-42,60.138435
4791dd-NOZ50A-12-30-17-20,55.94301
4791dd-NOZ530-11-24-10-05,57.877964
4791dd-NOZ531-11-24-11-21,54.370434
4791dd-NOZ534-11-24-12-46,52.300938
4791dd-NOZ536-11-13-14-15,64.47176
4791dd-NOZ540-11-14-16-05,59.188435
4791dd-NOZ545-11-14-17-19,56.380646
4791dd-NOZ55J-12-30-19-49,68.05712
4791dd-NOZ5PY-11-10-16-05,54.085197
4791dd-NOZ5PY-11-11-16-09,54.259106
4791dd-NOZ5PY-11-28-16-02,54.06511
4791dd-NOZ5PY-12-01-16-04,52.18362
4791dd-NOZ607-12-06-07-12,57.533737
4791dd-NOZ611-12-04-08-38,59.971943
4791dd-NOZ612-12-04-12-46,55.390053
4791dd-NOZ617-12-04-11-11,58.852123
4791dd-NOZ620-12-04-15-35,59.028286
4791dd-NOZ625-12-04-14-16,56.87752
4791dd-NOZ626-12-02-17-01,61.9497
4791dd-NOZ626-12-05-16-46,47.456043
4791dd-NOZ628-11-11-17-30,56.07497
4791dd-NOZ628-11-28-17-28,55.90365
4791dd-NOZ631-12-02-15-27,59.219856
4791dd-NOZ631-12-05-15-21,51.7094
4791dd-NOZ632-12-04-18-14,66.32863
4791dd-NOZ637-12-04-16-50,57.394512
4791dd-NOZ638-12-01-20-15,64.62671
4791dd-NOZ645-11-10-18-57,54.032097
4791dd-NOZ645-11-11-18-53,49.63429
4791dd-NOZ645-11-28-18-42,55.833027
4791dd-NOZ647-12-04-19-27,58.86094
4791dd-NOZ648-12-04-21-03,57.368217
4791dd-NOZ6TM-11-20-20-20,50.36685
4791dd-NOZ7C-11-10-08-39,44.056854
4791dd-NOZ7C-11-28-08-42,48.78317
4791dd-NOZ7C-12-01-08-38,48.442883
4791dd-NOZ8C-11-27-20-58,51.00474
4791dd-NOZ9BH-11-21-15-58,49.80051
4791dd-NOZ9BH-11-24-15-51,49.21362
4791dd-NOZ9BH-11-27-12-25,60.204483
47921c-NOZ132-11-04-14-08,56.395542
47921c-NOZ133-11-04-16-06,55.374023
47921c-NOZ140-12-13-11-57,45.51942
47921c-NOZ140-12-14-07-25,45.38809
47921c-NOZ141-12-13-13-10,44.121662
47921c-NOZ141-12-14-08-19,46.09156
47921c-NOZ144-11-23-16-00,50.625053
47921c-NOZ144-11-25-15-50,43.929314
47921c-NOZ144-11-28-15-40,53.715122
47921c-NOZ144-12-14-15-47,45.58866
47921c-NOZ145-11-23-17-00,43.0391
47921c-NOZ145-11-25-16-44,47.30367
47921c-NOZ1BG-11-18-06-08,62.58324
47921c-NOZ345-12-26-10-26,54.84868
47921c-NOZ346-12-22-15-46,61.979927
47921c-NOZ347-11-20-16-44,58.869526
47921c-NOZ347-12-22-17-51,58.207542
47921c-NOZ44A-12-31-08-07,47.23384
47921c-NOZ4HF-11-17-07-02,58.439037
47921c-NOZ4RZ-12-08-07-38,59.007378
47921c-NOZ4RZ-12-26-08-36,54.381065
47921c-NOZ50A-11-10-16-42,59.341404
47921c-NOZ50A-12-20-17-27,61.929554
47921c-NOZ50A-12-28-18-12,58.795494
47921c-NOZ521-11-14-05-33,55.548405
47921c-NOZ523-11-09-06-25,55.909035
47921c-NOZ523-11-15-06-24,56.274662
47921c-NOZ523-11-16-06-37,46.41937
47921c-NOZ524-11-14-06-56,60.368572
47921c-NOZ526-11-09-07-54,50.728127
47921c-NOZ526-11-15-08-01,64.24801
47921c-NOZ526-11-16-07-59,59.264374
47921c-NOZ530-11-13-09-27,63.86967
47921c-NOZ531-11-13-07-54,50.51082
47921c-NOZ532-11-09-11-03,55.607372
47921c-NOZ532-11-13-12-39,64.17924
47921c-NOZ532-11-15-11-03,52.84805
47921c-NOZ535-11-09-12-29,49.987522
47921c-NOZ535-11-13-13-57,60.47082
47921c-NOZ535-11-15-12-29,50.13163
47921c-NOZ536-11-09-14-14,53.32043
47921c-NOZ536-11-15-14-20,57.48213
47921c-NOZ538-11-11-15-33,57.148457
47921c-NOZ538-11-13-15-22,63.91403
47921c-NOZ541-11-09-15-39,54.82423
47921c-NOZ541-11-15-15-45,45.278706
47921c-NOZ543-11-11-16-55,53.564217
47921c-NOZ543-11-13-16-49,58.13362
47921c-NOZ544-11-09-17-09,59.698467
47921c-NOZ544-11-15-17-11,56.199684
47921c-NOZ546-11-11-18-17,62.271572
47921c-NOZ547-11-09-18-25,48.658913
47921c-NOZ547-11-15-18-31,50.232956
47921c-NOZ549-11-13-19-34,58.599373
47921c-NOZ550-11-08-19-59,58.86091
47921c-NOZ550-11-13-21-02,48.989433
47921c-NOZ550-11-15-19-54,56.41706
47921c-NOZ55J-11-10-18-45,51.98439
47921c-NOZ55J-12-28-20-30,63.6237
47921c-NOZ5AY-11-09-09-19,61.825577
47921c-NOZ5AY-11-15-09-19,48.270866
47921c-NOZ5AY-11-16-09-18,45.963734
47921c-NOZ5PY-11-03-16-03,58.767155
47921c-NOZ601-11-17-05-32,49.18619
47921c-NOZ602-12-19-06-20,50.823437
47921c-NOZ602-12-21-06-37,57.8376
47921c-NOZ605-11-04-06-52,61.05231
47921c-NOZ608-11-17-09-51,57.405735
47921c-NOZ609-11-05-07-39,62.863453
47921c-NOZ609-12-19-07-41,55.897144
47921c-NOZ609-12-21-08-01,52.144955
47921c-NOZ611-11-17-08-25,61.375404
47921c-NOZ628-11-03-17-31,58.710186
47921c-NOZ639-12-08-18-48,55.8289
47921c-NOZ645-11-03-18-48,58.267357
479227-NOZ132-11-15-14-05,45.1915
479227-NOZ132-11-21-14-05,47.0085
479227-NOZ133-11-15-15-05,44.51173
479227-NOZ133-11-21-14-52,41.53523
479227-NOZ140-11-15-07-16,45.4128
479227-NOZ141-11-15-08-09,49.795845
479227-NOZ1BG-11-01-06-04,64.99425
479227-NOZ1BG-11-19-06-02,54.74949
479227-NOZ1BG-12-22-06-09,53.332203
479227-NOZ1TT-11-20-14-38,58.460274
479227-NOZ1TT-12-14-14-43,57.436455
479227-NOZ2FV-12-17-15-43,55.855526
479227-NOZ2UC-11-10-16-09,56.957966
479227-NOZ345-11-11-09-55,51.833797
479227-NOZ346-11-03-14-35,60.11226
479227-NOZ346-11-07-14-45,61.580933
479227-NOZ347-11-03-16-36,54.77986
479227-NOZ347-11-07-16-42,58.225307
479227-NOZ3J-11-17-15-46,59.00141
479227-NOZ3LH-12-15-20-00,54.25057
479227-NOZ3TV-12-17-17-11,55.75223
479227-NOZ3VG-12-22-17-14,54.9698
479227-NOZ3VG-12-29-17-13,60.06487
479227-NOZ47Y-11-16-19-32,56.93345
479227-NOZ4HF-11-16-07-12,55.195553
479227-NOZ4RZ-11-11-07-48,59.238777
479227-NOZ50A-12-07-16-47,62.028355
479227-NOZ522-11-09-05-57,57.027893
479227-NOZ522-12-06-06-20,52.036533
479227-NOZ525-11-09-07-17,55.299873
479227-NOZ525-12-06-07-40,53.923054
479227-NOZ534-12-21-12-43,53.00193
479227-NOZ537-12-21-14-04,49.46835
479227-NOZ538-12-12-15-53,53.42284
479227-NOZ538-12-20-15-34,54.485744
479227-NOZ540-11-13-16-18,58.67327
479227-NOZ540-12-21-16-24,53.553925
479227-NOZ543-12-20-16-53,46.63744
479227-NOZ545-11-13-17-36,61.710182
479227-NOZ545-11-23-18-23,60.15464
479227-NOZ545-12-21-17-48,56.28526
479227-NOZ546-11-13-19-03,60.008904
479227-NOZ546-12-12-18-25,49.681553
479227-NOZ549-12-12-19-35,50.398647
479227-NOZ555-11-13-20-28,59.59676
479227-NOZ55J-11-11-18-36,47.300354
479227-NOZ55J-12-07-18-38,53.962475
479227-NOZ56U-11-18-19-10,61.685734
479227-NOZ56U-12-21-20-16,64.14491
479227-NOZ5PY-11-02-16-08,53.687878
479227-NOZ5PY-11-20-16-02,64.44681
479227-NOZ602-11-02-06-02,51.290718
479227-NOZ602-11-07-06-01,50.984802
479227-NOZ602-12-08-06-14,53.307236
479227-NOZ602-12-13-08-23,56.295513
479227-NOZ602-12-14-06-13,47.492943
479227-NOZ605-11-22-06-33,57.949654
479227-NOZ606-11-22-08-25,53.817287
479227-NOZ607-12-16-07-24,60.8529
479227-NOZ607-12-23-07-17,59.45084
479227-NOZ608-11-16-09-42,62.05131
479227-NOZ609-11-02-07-39,64.966606
479227-NOZ609-11-07-07-29,58.02849
479227-NOZ609-12-08-07-33,56.748383
479227-NOZ609-12-13-12-55,58.18656
479227-NOZ609-12-14-07-56,50.53277
479227-NOZ611-11-16-08-25,54.006054
479227-NOZ612-11-16-12-30,60.669846
479227-NOZ612-11-26-12-31,57.116528
479227-NOZ612-12-17-12-50,60.385155
479227-NOZ617-11-16-11-06,55.872787
479227-NOZ620-11-16-15-35,60.418938
479227-NOZ625-12-17-14-07,55.107872
479227-NOZ628-11-02-17-29,55.643524
479227-NOZ628-11-20-17-35,58.22292
479227-NOZ628-12-14-17-29,54.584145
479227-NOZ637-11-16-16-47,60.759045
479227-NOZ638-11-20-20-41,61.36718
479227-NOZ638-12-22-21-57,56.41195
479227-NOZ639-11-10-17-35,54.276146
479227-NOZ645-11-02-18-46,49.652008
479227-NOZ645-11-15-19-05,56.111023
479227-NOZ645-11-20-18-52,57.85716
479227-NOZ645-12-14-18-48,57.456398
479227-NOZ645-12-22-20-20,56.72222
479227-NOZ6CF-11-19-08-28,66.411766
479227-NOZ8GN-11-17-07-09,55.06989
479227-NOZ8ME-11-16-18-20,62.93997
4792a6-NOZ132-11-14-14-05,46.703167
4792a6-NOZ133-11-14-15-26,48.375557
4792a6-NOZ140-11-30-07-02,44.473522
4792a6-NOZ140-12-01-06-59,48.14455
4792a6-NOZ141-11-30-07-54,48.71025
4792a6-NOZ141-12-01-08-00,42.561073
4792a6-NOZ144-11-30-15-44,51.905216
4792a6-NOZ145-11-15-16-38,49.260353
4792a6-NOZ164-11-11-06-09,48.593224
4792a6-NOZ1BG-11-04-06-09,66.92976
4792a6-NOZ1KD-11-16-14-04,60.617825
4792a6-NOZ1TD-11-10-21-10,44.825794
4792a6-NOZ1TT-11-07-14-32,54.3441
4792a6-NOZ270-11-02-07-22,43.743446
4792a6-NOZ270-11-07-07-25,45.2294
4792a6-NOZ270-12-29-08-19,46.21133
4792a6-NOZ271-11-07-06-08,53.36611
4792a6-NOZ271-12-06-06-41,46.945946
4792a6-NOZ271-12-19-06-26,51.711967
4792a6-NOZ278-12-05-18-55,46.45359
4792a6-NOZ2DC-11-17-06-03,43.728897
4792a6-NOZ2DC-11-18-05-59,46.388214
4792a6-NOZ2GH-11-20-15-01,63.46426
4792a6-NOZ345-11-25-09-42,55.614452
4792a6-NOZ346-11-02-14-34,58.16265
4792a6-NOZ346-11-04-14-36,66.95441
4792a6-NOZ346-12-15-14-47,60.97719
4792a6-NOZ346-12-16-16-20,63.25661
4792a6-NOZ346-12-30-14-46,54.748783
4792a6-NOZ347-11-02-16-31,52.8466
4792a6-NOZ347-11-04-16-29,56.852386
4792a6-NOZ347-12-15-16-45,58.48512
4792a6-NOZ347-12-16-19-04,56.474228
4792a6-NOZ347-12-30-17-50,65.8511
4792a6-NOZ3JE-11-17-07-00,48.33606
4792a6-NOZ3JE-11-18-07-00,40.776096
4792a6-NOZ3VG-12-19-16-17,51.491806
4792a6-NOZ4RZ-11-25-07-39,61.408455
4792a6-NOZ50A-11-25-16-42,69.08185
4792a6-NOZ522-12-08-06-12,53.657036
4792a6-NOZ522-12-20-06-35,55.617237
4792a6-NOZ525-12-08-08-03,53.827026
4792a6-NOZ526-11-10-08-19,52.285404
4792a6-NOZ530-11-08-09-45,58.87795
4792a6-NOZ530-11-23-10-59,52.87632
4792a6-NOZ531-11-08-11-06,49.982506
4792a6-NOZ531-11-23-12-10,53.27133
4792a6-NOZ532-11-10-10-59,50.832817
4792a6-NOZ532-12-13-11-00,52.00033
4792a6-NOZ534-11-08-12-37,60.4872
4792a6-NOZ534-11-23-13-43,57.899853
4792a6-NOZ535-11-10-12-28,52.856884
4792a6-NOZ535-12-13-12-42,46.960464
4792a6-NOZ536-11-10-14-19,52.2104
4792a6-NOZ536-11-27-14-21,60.564026
4792a6-NOZ536-12-13-14-18,53.991108
4792a6-NOZ537-11-08-13-56,52.705524
4792a6-NOZ537-11-23-15-08,47.435764
4792a6-NOZ538-12-06-15-31,55.568565
4792a6-NOZ538-12-07-15-32,56.25502
4792a6-NOZ540-12-05-16-12,50.894493
4792a6-NOZ541-11-10-15-43,49.50206
4792a6-NOZ541-12-13-15-43,49.569424
4792a6-NOZ543-12-06-16-55,49.784046
4792a6-NOZ543-12-07-16-44,56.72866
4792a6-NOZ544-11-10-17-14,56.92107
4792a6-NOZ544-12-13-17-25,57.52534
4792a6-NOZ545-12-05-17-28,54.00343
4792a6-NOZ546-12-06-18-12,52.64495
4792a6-NOZ546-12-07-18-19,51.058216
4792a6-NOZ547-11-10-18-33,48.074665
4792a6-NOZ547-12-13-18-38,47.125465
4792a6-NOZ549-12-06-19-25,45.80629
4792a6-NOZ549-12-07-19-27,48.845295
4792a6-NOZ550-11-10-19-55,56.77369
4792a6-NOZ55J-11-25-18-41,53.061115
4792a6-NOZ56U-11-03-19-04,56.925983
4792a6-NOZ5PY-11-07-15-58,54.866074
4792a6-NOZ602-11-23-06-46,47.174667
4792a6-NOZ605-11-10-06-30,58.996826
4792a6-NOZ605-11-14-06-30,58.32971
4792a6-NOZ609-11-23-07-54,56.963535
4792a6-NOZ623-11-13-12-31,55.318047
4792a6-NOZ625-12-31-13-58,55.413536
4792a6-NOZ626-11-11-16-52,58.53933
4792a6-NOZ626-11-17-16-47,66.011116
4792a6-NOZ628-11-07-17-32,64.42158
4792a6-NOZ631-11-11-15-20,50.74044
4792a6-NOZ631-11-13-15-30,58.4946
4792a6-NOZ631-11-17-15-24,67.03178
4792a6-NOZ632-11-16-18-18,63.109253
4792a6-NOZ634-11-13-19-51,60.78118
4792a6-NOZ638-11-09-20-06,59.847904
4792a6-NOZ643-11-13-18-25,64.66055
4792a6-NOZ645-11-07-18-53,55.94613
4792a6-NOZ7C-11-07-08-44,51.65734
4792a6-NOZ7C-12-29-09-33,47.493217
4792a6-NOZ8C-11-06-21-23,58.52233
4792a6-NOZ8C-12-18-22-03,46.315422
4792a6-NOZ8ME-12-18-19-01,62.825935
4792a6-NOZ9BH-11-06-12-14,60.320663
4792a6-NOZ9BH-12-18-12-46,57.55237
4792d3-NOZ181-11-19-08-53,44.325397
4792d3-NOZ181-12-05-06-04,45.015293
4792d3-NOZ181-12-06-06-05,48.183388
4792d3-NOZ182-11-19-07-27,49.2418
4792d3-NOZ182-12-05-07-46,53.16123
4792d3-NOZ183-12-06-09-25,44.633854
4792d3-NOZ191-12-02-17-12,47.543587
4792d3-NOZ191-12-11-14-32,52.21559
4792d3-NOZ1BG-11-05-06-05,58.242966
4792d3-NOZ1BG-11-26-06-06,53.334312
4792d3-NOZ1BG-11-30-06-00,49.93624
4792d3-NOZ1TT-11-21-14-43,55.82829
4792d3-NOZ1TT-12-12-14-37,56.782326
4792d3-NOZ1TT-12-18-14-45,57.754814
4792d3-NOZ1TT-12-28-14-40,53.492516
4792d3-NOZ270-11-21-08-03,50.02224
4792d3-NOZ271-11-21-06-19,51.011612
4792d3-NOZ271-11-23-06-08,52.741764
4792d3-NOZ271-12-12-06-04,50.650383
4792d3-NOZ276-11-18-16-09,55.55903
4792d3-NOZ276-12-09-17-36,44.608078
4792d3-NOZ277-11-18-18-14,49.120205
4792d3-NOZ277-12-09-19-02,48.96761
4792d3-NOZ278-11-22-19-15,47.82664
4792d3-NOZ2FV-12-10-16-13,51.613674
4792d3-NOZ2UC-12-15-16-34,53.28971
4792d3-NOZ345-11-03-09-51,54.952007
4792d3-NOZ345-12-20-10-33,46.967117
4792d3-NOZ346-12-08-14-58,58.9219
4792d3-NOZ346-12-19-14-55,59.543415
4792d3-NOZ347-12-07-16-43,59.770473
4792d3-NOZ347-12-08-16-50,49.663174
4792d3-NOZ347-12-19-17-11,54.917953
4792d3-NOZ3TV-12-10-17-26,60.016685
4792d3-NOZ3VG-12-12-16-03,55.917885
4792d3-NOZ3VG-12-28-16-06,57.794952
4792d3-NOZ40A-12-09-13-57,60.30539
4792d3-NOZ4RZ-11-03-07-58,60.27072
4792d3-NOZ4RZ-12-20-08-08,60.55392
4792d3-NOZ50A-12-13-17-00,60.17211
4792d3-NOZ522-11-16-06-00,58.1181
4792d3-NOZ522-12-01-06-02,63.40283
4792d3-NOZ523-12-21-06-32,58.556805
4792d3-NOZ523-12-22-06-34,53.199226
4792d3-NOZ525-11-16-07-31,49.916782
4792d3-NOZ525-12-01-07-22,52.38419
4792d3-NOZ526-12-21-08-20,57.502773
4792d3-NOZ526-12-22-08-07,55.8408
4792d3-NOZ531-11-22-11-24,52.906494
4792d3-NOZ532-12-21-11-07,55.48122
4792d3-NOZ532-12-22-11-05,57.79796
4792d3-NOZ534-12-20-12-46,56.410522
4792d3-NOZ535-12-21-12-37,53.12319
4792d3-NOZ535-12-22-12-35,56.697426
4792d3-NOZ536-12-21-14-21,52.36341
4792d3-NOZ536-12-22-14-57,61.235115
4792d3-NOZ537-11-22-14-04,55.87673
4792d3-NOZ538-11-24-15-29,52.01402
4792d3-NOZ540-11-29-16-05,51.93143
4792d3-NOZ541-12-22-16-38,59.51415
4792d3-NOZ543-11-24-16-41,57.77616
4792d3-NOZ544-12-21-17-26,52.33755
4792d3-NOZ545-11-29-17-27,52.839497
4792d3-NOZ546-11-24-18-34,55.111053
4792d3-NOZ547-12-21-18-38,55.372463
4792d3-NOZ549-11-24-19-40,48.989983
4792d3-NOZ550-12-21-20-49,57.81797
4792d3-NOZ55J-12-13-18-42,50.265182
4792d3-NOZ56U-11-04-19-07,60.639824
4792d3-NOZ56U-11-29-18-54,58.473072
4792d3-NOZ5AY-12-21-09-33,48.990055
4792d3-NOZ5AY-12-22-09-25,63.542084
4792d3-NOZ5PY-11-21-16-11,55.96566
4792d3-NOZ5PY-11-30-15-53,50.8876
4792d3-NOZ602-11-24-06-29,52.24417
4792d3-NOZ602-11-29-06-08,54.47864
4792d3-NOZ605-12-15-07-09,52.321594
4792d3-NOZ607-12-19-07-13,50.126633
4792d3-NOZ609-11-24-07-48,59.216637
4792d3-NOZ609-11-29-07-24,53.34923
4792d3-NOZ625-12-10-14-57,59.452087
4792d3-NOZ628-11-21-17-41,56.118755
4792d3-NOZ628-11-30-17-26,57.842926
4792d3-NOZ638-12-14-20-23,55.35166
4792d3-NOZ638-12-18-20-14,49.25105
4792d3-NOZ639-11-17-17-31,62.614162
4792d3-NOZ639-12-15-17-49,45.967876
4792d3-NOZ645-11-21-18-52,57.0416
4792d3-NOZ645-11-30-18-42,54.483627
4792d3-NOZ645-12-28-18-53,57.659607
4792d3-NOZ68L-11-11-19-26,63.523937
4792d3-NOZ6TM-12-04-20-10,57.949764
4792d3-NOZ6TM-12-05-18-54,46.666058
4792d3-NOZ7C-11-21-09-10,48.499706
4792d3-NOZ8402-12-10-13-41,53.755043
4792d3-NOZ8921-12-15-10-33,54.12556
4792d3-NOZ8C-11-20-21-12,53.568836
4792d3-NOZ8C-12-11-21-51,48.66817
4792d3-NOZ9BH-11-20-12-29,48.34204
4792d3-NOZ9BH-12-02-15-44,51.106945
4792d3-NOZ9BH-12-05-15-56,49.52124
4792d3-NOZ9PL-11-18-07-35,56.289715
4792db-NOZ132-12-19-14-05,44.870415
4792db-NOZ132-12-20-13-57,44.67052
4792db-NOZ133-12-20-14-54,52.2295
4792db-NOZ140-11-14-07-24,52.506203
4792db-NOZ141-11-14-08-18,60.77417
4792db-NOZ144-12-01-14-54,45.43435
4792db-NOZ144-12-02-15-46,51.321445
4792db-NOZ145-12-01-16-01,53.944862
4792db-NOZ145-12-02-16-45,51.501873
4792db-NOZ181-11-16-06-02,45.627785
4792db-NOZ181-12-13-06-18,48.76046
4792db-NOZ182-11-16-07-36,45.105118
4792db-NOZ183-11-16-08-48,46.18256
4792db-NOZ183-12-13-08-58,52.68983
4792db-NOZ191-11-08-17-02,53.14137
4792db-NOZ1TT-11-22-14-45,55.353905
4792db-NOZ270-12-26-07-41,44.86833
4792db-NOZ276-11-15-16-01,49.003464
4792db-NOZ276-12-30-16-11,48.770565
4792db-NOZ277-11-04-17-29,51.4446
4792db-NOZ277-11-15-17-28,48.496292
4792db-NOZ277-12-30-17-25,44.386173
4792db-NOZ2BE-11-16-12-27,60.93432
4792db-NOZ2DC-12-15-06-22,45.04703
4792db-NOZ345-12-04-10-18,57.332504
4792db-NOZ345-12-05-10-09,51.385883
4792db-NOZ345-12-27-09-55,60.78921
4792db-NOZ345-12-29-10-09,58.986813
4792db-NOZ346-11-10-14-39,53.100246
4792db-NOZ347-11-10-16-34,60.54812
4792db-NOZ4HF-12-16-07-13,53.511562
4792db-NOZ4RZ-12-04-08-17,61.66953
4792db-NOZ4RZ-12-05-07-41,64.94865
4792db-NOZ4RZ-12-27-07-51,62.921783
4792db-NOZ4RZ-12-29-08-12,61.256317
4792db-NOZ50A-11-02-16-38,64.53042
4792db-NOZ50A-11-24-16-59,70.65024
4792db-NOZ50A-11-30-16-27,59.579765
4792db-NOZ530-12-16-11-40,55.69311
4792db-NOZ531-12-16-13-13,60.89801
4792db-NOZ538-11-29-15-14,58.126827
4792db-NOZ540-12-23-16-21,52.806763
4792db-NOZ543-11-29-16-36,57.495724
4792db-NOZ545-12-23-17-34,51.58914
4792db-NOZ546-11-29-18-15,59.378567
4792db-NOZ55J-11-01-18-27,60.061863
4792db-NOZ55J-11-24-18-40,59.392555
4792db-NOZ55J-11-30-18-28,51.999065
4792db-NOZ5PY-11-22-16-07,52.716797
4792db-NOZ601-12-14-05-46,57.34076
4792db-NOZ601-12-16-05-49,49.966553
4792db-NOZ602-12-07-06-10,54.425243
4792db-NOZ605-12-21-06-40,58.57979
4792db-NOZ606-12-21-08-27,58.599094
4792db-NOZ607-12-22-07-04,64.89828
4792db-NOZ608-12-14-09-49,49.257626
4792db-NOZ609-12-07-07-19,48.016586
4792db-NOZ611-12-14-08-23,53.914135
4792db-NOZ611-12-16-08-48,58.506203
4792db-NOZ612-11-05-12-23,60.046684
4792db-NOZ612-11-19-12-25,54.4128
4792db-NOZ612-12-14-12-39,53.394978
4792db-NOZ612-12-16-15-18,53.932816
4792db-NOZ612-12-21-12-40,59.38587
4792db-NOZ617-12-14-11-18,51.64622
4792db-NOZ617-12-21-11-13,54.671772
4792db-NOZ620-12-16-19-41,56.8702
4792db-NOZ625-11-05-14-01,59.96571
4792db-NOZ625-11-19-13-54,54.769257
4792db-NOZ625-12-14-14-02,50.11718
4792db-NOZ625-12-16-17-33,53.84859
4792db-NOZ626-12-15-16-50,54.479706
4792db-NOZ626-12-21-17-15,55.003494
4792db-NOZ628-11-22-18-10,63.20692
4792db-NOZ631-12-15-15-35,59.55213
4792db-NOZ631-12-21-15-24,52.883404
4792db-NOZ632-12-16-22-56,57.00103
4792db-NOZ637-12-16-21-02,54.446724
4792db-NOZ638-12-13-20-27,55.821953
4792db-NOZ645-11-22-19-19,53.894855
4792db-NOZ6TM-12-12-18-49,44.368515
4792db-NOZ7C-12-26-08-52,58.154774
4792db-NOZ9BH-11-08-15-34,52.329002
4792db-NOZ9BH-12-12-15-46,49.041836
47945c-NOZ132-12-23-13-58,46.98571
47945c-NOZ132-12-26-13-04,43.13555
47945c-NOZ132-12-27-14-24,44.200386
47945c-NOZ132-12-30-14-02,44.901566
47945c-NOZ133-12-23-14-56,44.310307
47945c-NOZ133-12-26-13-57,48.2447
47945c-NOZ133-12-27-15-40,55.13718
47945c-NOZ144-12-13-15-57,42.296032
47945c-NOZ145-12-13-16-55,44.131676
47945c-NOZ181-11-03-06-05,46.55413
47945c-NOZ181-12-12-06-01,49.191517
47945c-NOZ182-12-12-07-35,45.495193
47945c-NOZ183-11-03-08-58,45.017227
47945c-NOZ183-12-12-08-57,52.170223
47945c-NOZ1YA-12-08-15-01,50.131725
47945c-NOZ270-12-09-07-35,45.937607
47945c-NOZ271-12-09-06-21,46.831505
47945c-NOZ276-11-02-15-58,54.134853
47945c-NOZ277-11-02-17-25,49.81252
47945c-NOZ278-12-08-19-14,48.892715
47945c-NOZ27C-12-09-08-42,50.549915
47945c-NOZ2DC-12-20-05-59,41.224266
47945c-NOZ2DC-12-22-05-58,47.39822
47945c-NOZ2DC-12-28-06-16,46.58063
47945c-NOZ2DC-12-29-06-02,42.45296
47945c-NOZ2PC-12-17-08-21,46.248848
47945c-NOZ2UC-11-25-16-13,63.65626
47945c-NOZ345-11-08-09-33,51.788586
47945c-NOZ345-12-06-10-57,44.75411
47945c-NOZ345-12-07-09-46,46.52932
47945c-NOZ346-12-05-14-53,65.31437
47945c-NOZ346-12-06-14-32,62.548153
47945c-NOZ347-12-05-16-59,56.078045
47945c-NOZ3JE-12-20-06-57,45.990044
47945c-NOZ3JE-12-22-06-52,44.088875
47945c-NOZ3JE-12-28-07-05,42.76482
47945c-NOZ40A-12-08-13-31,59.61984
47945c-NOZ4RZ-11-08-07-29,68.91152
47945c-NOZ4RZ-12-07-07-47,62.142185
47945c-NOZ521-11-04-05-29,54.117508
47945c-NOZ523-11-05-06-14,63.149773
47945c-NOZ524-11-05-07-32,56.84447
47945c-NOZ525-11-06-11-27,60.590572
47945c-NOZ530-11-25-09-51,57.57902
47945c-NOZ531-11-05-08-48,60.634563
47945c-NOZ531-11-25-11-15,62.132584
47945c-NOZ531-11-30-11-05,59.05855
47945c-NOZ532-11-05-10-19,63.624886
47945c-NOZ534-11-30-12-34,55.948906
47945c-NOZ537-11-06-14-41,63.33119
47945c-NOZ537-11-25-14-06,51.64852
47945c-NOZ540-11-06-16-12,62.494164
47945c-NOZ545-11-06-17-38,60.832474
47945c-NOZ550-11-03-21-24,56.094517
47945c-NOZ555-11-06-20-25,64.80921
47945c-NOZ602-11-30-06-12,57.660816
47945c-NOZ602-12-05-06-02,54.565304
47945c-NOZ605-12-19-06-33,54.89761
47945c-NOZ605-12-23-06-48,57.84094
47945c-NOZ605-12-27-07-09,54.474586
47945c-NOZ605-12-30-06-40,51.175446
47945c-NOZ606-12-19-08-20,53.83488
47945c-NOZ606-12-23-08-17,55.50244
47945c-NOZ606-12-30-08-21,57.157913
47945c-NOZ608-12-17-11-07,63.930336
47945c-NOZ608-12-18-09-55,57.231606
47945c-NOZ608-12-24-09-38,56.14287
47945c-NOZ609-11-30-07-34,56.481365
47945c-NOZ609-12-05-07-27,56.19001
47945c-NOZ609-12-24-07-46,59.255447
47945c-NOZ609-12-31-07-23,59.769165
47945c-NOZ612-12-18-12-28,59.236713
47945c-NOZ617-12-18-11-17,61.353226
47945c-NOZ620-12-18-15-31,52.082756
47945c-NOZ625-12-18-14-06,56.90487
47945c-NOZ626-12-26-17-27,51.848034
47945c-NOZ626-12-28-17-06,53.400234
47945c-NOZ631-12-26-15-50,50.49477
47945c-NOZ631-12-28-15-31,55.95395
47945c-NOZ632-12-18-18-15,56.912846
47945c-NOZ639-11-25-17-31,51.452316
47945c-NOZ647-12-18-19-34,53.811977
47945c-NOZ6TM-11-02-18-49,54.726128
47945c-NOZ6TM-12-11-20-15,52.069904
47947c-NOZ144-11-17-15-03,49.73613
47947c-NOZ145-11-17-16-08,44.843227
47947c-NOZ181-11-26-09-00,53.67157
47947c-NOZ182-11-26-07-47,52.91269
47947c-NOZ191-11-11-17-13,54.81819
47947c-NOZ1BG-12-30-07-28,61.07377
47947c-NOZ1KD-11-18-14-22,61.40049
47947c-NOZ1TT-11-09-14-32,55.825253
47947c-NOZ270-12-14-08-19,51.507057
47947c-NOZ271-12-17-07-43,44.634495
47947c-NOZ276-11-01-16-02,55.843678
47947c-NOZ276-11-25-16-03,63.17552
47947c-NOZ276-12-28-16-18,51.67545
47947c-NOZ277-11-01-17-19,50.734985
47947c-NOZ277-11-25-17-28,47.75955
47947c-NOZ278-12-16-23-57,53.009373
47947c-NOZ2DC-12-02-06-04,43.0185
47947c-NOZ2DC-12-06-06-20,52.915176
47947c-NOZ346-11-06-14-30,65.18497
47947c-NOZ347-11-06-16-34,59.288372
47947c-NOZ3JE-12-02-06-56,45.498253
47947c-NOZ3JE-12-06-07-13,50.65886
47947c-NOZ4HF-12-05-07-06,62.387604
47947c-NOZ51Q-11-18-08-38,66.18478
47947c-NOZ522-11-10-06-07,53.695557
47947c-NOZ525-11-10-07-22,47.806973
47947c-NOZ538-11-22-15-31,58.504253
47947c-NOZ538-11-28-15-18,58.76371
47947c-NOZ543-11-28-16-34,49.461452
47947c-NOZ546-11-22-18-20,54.086914
47947c-NOZ546-11-28-18-18,64.24124
47947c-NOZ549-11-22-19-31,49.741833
47947c-NOZ549-11-28-19-33,51.103985
47947c-NOZ553-11-20-20-03,57.683777
47947c-NOZ56U-12-29-20-08,54.557602
47947c-NOZ5PY-11-09-15-55,56.516308
47947c-NOZ601-11-22-05-32,57.23177
47947c-NOZ601-12-05-05-50,54.759804
47947c-NOZ605-11-08-06-27,53.84953
47947c-NOZ605-12-01-06-28,52.633797
47947c-NOZ606-11-21-08-29,55.020805
47947c-NOZ606-12-01-07-59,55.927914
47947c-NOZ607-11-09-07-07,59.4189
47947c-NOZ607-12-07-07-33,55.649017
47947c-NOZ608-12-03-09-17,62.609715
47947c-NOZ608-12-05-09-46,64.95357
47947c-NOZ609-12-03-07-45,61.0685
47947c-NOZ612-11-12-12-22,65.9978
47947c-NOZ612-12-05-12-33,64.84022
47947c-NOZ617-12-05-11-05,56.123947
47947c-NOZ620-12-05-15-25,62.58539
47947c-NOZ625-11-12-13-58,58.157547
47947c-NOZ628-11-09-17-40,61.320026
47947c-NOZ631-11-08-15-25,46.948376
47947c-NOZ631-11-21-15-29,59.59207
47947c-NOZ632-12-05-18-10,57.39413
47947c-NOZ637-12-05-16-54,54.736828
47947c-NOZ645-11-09-18-56,60.114468
47947c-NOZ648-11-20-21-39,58.155132
47947c-NOZ64N-11-02-17-02,58.560883
47947c-NOZ68L-11-13-20-45,66.17907
47947c-NOZ6MH-11-18-11-32,60.575813
47947c-NOZ6TM-11-01-18-53,48.15293
47947c-NOZ7C-12-14-09-36,50.58355
47947c-NOZ9BH-11-11-15-42,51.565865
47947c-NOZ9T-11-18-16-55,59.720734
4794f2-NOZ132-12-16-14-20,49.59321
4794f2-NOZ133-12-16-15-26,48.776356
4794f2-NOZ181-11-04-06-01,49.30118
4794f2-NOZ181-11-07-06-05,47.688263
4794f2-NOZ181-11-08-06-01,47.099976
4794f2-NOZ182-11-08-07-33,51.96871
4794f2-NOZ183-11-04-09-01,50.381454
4794f2-NOZ183-11-07-08-49,52.604237
4794f2-NOZ183-11-08-08-46,48.45857
4794f2-NOZ183-12-11-08-39,50.22718
4794f2-NOZ191-11-07-17-04,54.395058
4794f2-NOZ191-11-10-17-06,51.226448
4794f2-NOZ191-11-22-17-06,51.48427
4794f2-NOZ191-12-01-17-04,54.759045
4794f2-NOZ191-12-22-17-29,50.512615
4794f2-NOZ1BG-11-10-06-01,54.076275
4794f2-NOZ1BG-11-28-06-05,60.015224
4794f2-NOZ1BG-12-01-06-05,59.28546
4794f2-NOZ1TT-12-13-15-05,55.99289
4794f2-NOZ270-11-01-07-30,48.102867
4794f2-NOZ271-11-01-06-06,51.46478
4794f2-NOZ272-12-11-16-07,44.99007
4794f2-NOZ276-11-17-15-58,50.90675
4794f2-NOZ276-11-23-18-36,51.263123
4794f2-NOZ277-11-17-17-35,47.46126
4794f2-NOZ277-11-23-19-44,49.922005
4794f2-NOZ2BE-11-02-12-35,65.49504
4794f2-NOZ2DC-12-19-06-00,43.42745
4794f2-NOZ345-11-02-09-29,49.321426
4794f2-NOZ345-11-20-10-19,53.080273
4794f2-NOZ346-11-01-14-29,57.214005
4794f2-NOZ347-11-01-16-33,63.738693
4794f2-NOZ3JE-12-19-06-53,44.668953
4794f2-NOZ4RZ-11-20-08-17,63.64582
4794f2-NOZ50A-11-16-16-42,67.04735
4794f2-NOZ50A-12-05-16-51,57.851643
4794f2-NOZ530-11-09-09-47,47.91619
4794f2-NOZ530-11-10-09-54,54.43526
4794f2-NOZ530-12-01-09-52,53.411922
4794f2-NOZ530-12-05-10-20,60.61759
4794f2-NOZ530-12-07-10-01,54.844234
4794f2-NOZ531-11-09-11-05,55.77571
4794f2-NOZ531-11-10-11-04,50.779022
4794f2-NOZ531-12-01-11-05,55.729797
4794f2-NOZ531-12-05-11-28,53.53393
4794f2-NOZ531-12-07-11-14,51.657154
4794f2-NOZ534-11-09-12-35,51.44628
4794f2-NOZ534-11-10-12-42,49.41416
4794f2-NOZ534-12-05-12-54,59.660477
4794f2-NOZ534-12-07-12-37,54.83874
4794f2-NOZ537-11-09-14-00,57.11827
4794f2-NOZ537-11-10-14-00,61.014828
4794f2-NOZ537-12-01-14-03,54.756958
4794f2-NOZ537-12-05-14-06,53.33579
4794f2-NOZ537-12-07-13-59,53.273323
4794f2-NOZ540-11-09-16-09,54.30686
4794f2-NOZ540-11-30-16-17,60.049435
4794f2-NOZ540-12-09-16-14,57.65246
4794f2-NOZ543-11-23-16-56,45.773888
4794f2-NOZ545-11-09-17-21,54.91651
4794f2-NOZ545-12-09-17-41,57.07953
4794f2-NOZ55J-11-16-18-38,58.073166
4794f2-NOZ55J-12-05-18-55,54.882034
4794f2-NOZ56U-11-09-18-49,55.94453
4794f2-NOZ56U-11-27-20-09,63.382183
4794f2-NOZ56U-11-30-18-55,52.691814
4794f2-NOZ601-11-16-05-34,53.48372
4794f2-NOZ601-12-15-05-51,56.487103
4794f2-NOZ602-11-22-06-32,58.02417
4794f2-NOZ605-12-14-06-41,53.80973
4794f2-NOZ605-12-16-06-43,54.38262
4794f2-NOZ606-12-14-08-05,53.40082
4794f2-NOZ606-12-16-08-43,54.471405
4794f2-NOZ607-12-21-07-02,52.649357
4794f2-NOZ608-12-15-09-49,56.582237
4794f2-NOZ608-12-29-10-20,64.39894
4794f2-NOZ609-11-22-07-42,59.683754
4794f2-NOZ611-12-15-08-24,59.982327
4794f2-NOZ611-12-29-08-27,51.306324
4794f2-NOZ612-12-15-12-33,52.305626
4794f2-NOZ612-12-20-12-33,57.129276
4794f2-NOZ612-12-29-14-02,54.081963
4794f2-NOZ614-12-18-14-00,57.040295
4794f2-NOZ617-12-15-11-06,58.819077
4794f2-NOZ617-12-20-11-01,59.008614
4794f2-NOZ617-12-29-11-41,52.102913
4794f2-NOZ620-12-20-15-29,58.58803
4794f2-NOZ620-12-29-17-43,52.140514
4794f2-NOZ623-12-18-12-35,61.59021
4794f2-NOZ625-12-15-14-05,60.21758
4794f2-NOZ625-12-20-14-00,57.223965
4794f2-NOZ625-12-29-15-29,55.65791
4794f2-NOZ626-12-18-17-02,53.737846
4794f2-NOZ626-12-19-17-41,51.198597
4794f2-NOZ626-12-30-17-00,51.77408
4794f2-NOZ631-12-18-15-35,56.744568
4794f2-NOZ631-12-19-15-34,53.654514
4794f2-NOZ632-12-15-18-11,54.020554
4794f2-NOZ632-12-20-18-23,60.616062
4794f2-NOZ634-12-18-20-02,52.69229
4794f2-NOZ637-12-15-16-43,56.93752
4794f2-NOZ637-12-20-16-48,56.231018
4794f2-NOZ638-11-15-20-22,55.80939
4794f2-NOZ643-12-18-18-24,54.80774
4794f2-NOZ6MH-11-19-10-08,57.52773
4794f2-NOZ6TM-11-06-20-05,59.589256
4794f2-NOZ6TM-11-07-18-44,52.60242
4794f2-NOZ7C-11-01-08-39,51.43936
4794f2-NOZ8404-12-16-19-37,57.993885
4794f2-NOZ9BH-11-07-15-34,63.166214
4794f2-NOZ9BH-11-10-15-30,57.263733
4794f2-NOZ9BH-11-22-15-41,50.158207
4794f2-NOZ9BH-12-01-15-33,53.12827
47956b-NOZ132-11-03-13-55,46.198784
47956b-NOZ133-11-03-15-03,45.94096
47956b-NOZ133-12-22-15-10,43.63451
47956b-NOZ134-12-11-18-07,52.11547
47956b-NOZ1BG-11-09-06-04,42.70808
47956b-NOZ1BG-11-21-06-22,58.327374
47956b-NOZ276-11-11-16-01,50.408836
47956b-NOZ276-12-29-17-32,45.51979
47956b-NOZ277-11-11-17-31,48.85326
47956b-NOZ277-12-29-18-40,48.09678
47956b-NOZ2UC-12-05-16-06,60.70159
47956b-NOZ345-12-30-10-10,64.90675
47956b-NOZ346-11-23-15-21,62.758568
47956b-NOZ346-11-24-14-50,63.59152
47956b-NOZ347-11-23-17-11,53.13971
47956b-NOZ4HF-11-02-07-13,59.2555
47956b-NOZ4RZ-12-30-07-41,68.04272
47956b-NOZ50A-11-28-16-46,62.57008
47956b-NOZ521-12-08-05-46,51.803528
47956b-NOZ521-12-09-05-45,53.789963
47956b-NOZ521-12-12-05-33,55.4479
47956b-NOZ521-12-13-05-27,43.57758
47956b-NOZ521-12-14-05-33,59.057877
47956b-NOZ521-12-15-05-51,52.868946
47956b-NOZ523-11-10-06-36,47.508053
47956b-NOZ523-12-16-07-43,58.68813
47956b-NOZ524-12-07-07-13,52.871944
47956b-NOZ524-12-08-07-00,56.605118
47956b-NOZ524-12-09-07-10,56.111534
47956b-NOZ524-12-12-07-09,58.242744
47956b-NOZ524-12-13-07-00,54.96655
47956b-NOZ524-12-14-07-06,48.449467
47956b-NOZ524-12-15-07-10,52.39172
47956b-NOZ530-11-18-09-51,51.288673
47956b-NOZ530-12-18-09-30,59.196423
47956b-NOZ531-11-18-11-17,51.68756
47956b-NOZ531-11-28-11-15,48.403076
47956b-NOZ531-12-18-08-07,64.64215
47956b-NOZ532-12-16-14-40,55.545944
47956b-NOZ534-11-18-12-53,59.8313
47956b-NOZ534-11-28-12-37,57.093002
47956b-NOZ535-12-16-17-00,53.11548
47956b-NOZ536-12-16-19-29,58.949863
47956b-NOZ537-11-18-14-09,47.96639
47956b-NOZ537-11-28-13-58,51.704716
47956b-NOZ538-11-10-15-21,56.61678
47956b-NOZ540-11-08-16-28,60.460903
47956b-NOZ541-12-16-20-57,48.82599
47956b-NOZ543-11-10-16-42,54.977535
47956b-NOZ544-12-16-22-58,57.318752
47956b-NOZ545-11-08-17-43,48.55553
47956b-NOZ546-11-10-18-12,56.212654
47956b-NOZ548-12-04-18-28,65.0148
47956b-NOZ550-11-09-19-59,57.29457
47956b-NOZ553-12-04-19-43,54.361385
47956b-NOZ55J-11-28-18-42,54.384422
47956b-NOZ56U-11-08-19-06,57.24293
47956b-NOZ56U-11-20-20-23,70.53525
47956b-NOZ5AY-12-18-11-03,57.890385
47956b-NOZ5PY-11-14-15-56,57.646793
47956b-NOZ601-11-02-05-43,61.532352
47956b-NOZ605-11-01-06-41,60.489796
47956b-NOZ606-11-01-08-02,59.83418
47956b-NOZ607-11-04-07-03,62.123726
47956b-NOZ607-11-23-07-05,59.540604
47956b-NOZ608-12-26-10-34,50.85283
47956b-NOZ611-12-26-08-27,58.093437
47956b-NOZ612-11-02-12-22,59.048386
47956b-NOZ612-12-26-13-27,49.08917
47956b-NOZ617-11-02-11-05,61.650505
47956b-NOZ617-12-26-11-52,56.902153
47956b-NOZ620-11-02-15-22,58.005196
47956b-NOZ620-12-26-16-14,59.45427
47956b-NOZ625-11-02-13-57,57.336166
47956b-NOZ625-12-26-14-44,53.965034
47956b-NOZ626-11-01-16-55,64.15461
47956b-NOZ626-11-22-17-40,62.85713
47956b-NOZ631-11-01-15-24,51.000473
47956b-NOZ632-11-02-17-57,57.997063
47956b-NOZ637-11-02-16-37,49.101433
47956b-NOZ638-12-20-20-17,58.305656
47956b-NOZ639-11-18-17-33,60.006668
47956b-NOZ639-12-05-17-30,57.418217
47956b-NOZ645-11-14-19-11,62.442543
479d40-NOZ140-12-08-07-28,46.329235
479d40-NOZ140-12-09-07-09,49.638256
479d40-NOZ140-12-21-07-12,45.21047
479d40-NOZ141-12-08-08-30,44.41554
479d40-NOZ141-12-09-08-22,53.24812
479d40-NOZ141-12-21-08-08,50.429382
479d40-NOZ142-12-11-13-40,47.66663
479d40-NOZ143-12-11-14-39,42.96039
479d40-NOZ144-12-05-15-53,44.07585
479d40-NOZ144-12-12-16-10,47.91562
479d40-NOZ144-12-21-15-54,47.34333
479d40-NOZ144-12-22-15-28,50.155716
479d40-NOZ145-12-05-16-55,43.323196
479d40-NOZ145-12-12-17-22,44.790028
479d40-NOZ145-12-21-16-55,45.827374
479d40-NOZ145-12-22-16-36,52.76171
479d40-NOZ183-11-27-07-47,46.371243
479d40-NOZ1BG-12-02-06-07,59.11259
479d40-NOZ270-11-29-07-16,43.170185
479d40-NOZ271-11-29-06-01,50.529503
479d40-NOZ275-11-13-16-48,49.175114
479d40-NOZ276-11-03-15-58,57.50206
479d40-NOZ277-11-03-17-22,55.404053
479d40-NOZ278-11-28-18-52,54.408703
479d40-NOZ345-12-17-15-20,50.71827
479d40-NOZ346-12-02-14-48,61.331287
479d40-NOZ347-11-29-16-40,49.011715
479d40-NOZ347-12-02-16-41,57.887264
479d40-NOZ4RZ-12-17-12-20,60.94231
479d40-NOZ522-11-02-06-00,45.565395
479d40-NOZ525-11-02-07-20,59.600082
479d40-NOZ530-11-11-09-55,52.814014
479d40-NOZ531-11-11-11-21,50.145687
479d40-NOZ534-11-11-12-41,51.950356
479d40-NOZ538-11-07-15-22,66.42405
479d40-NOZ538-11-09-15-16,57.754345
479d40-NOZ538-11-15-15-14,55.804867
479d40-NOZ543-11-07-16-40,57.043365
479d40-NOZ543-11-09-16-33,54.02952
479d40-NOZ545-11-25-17-42,50.734333
479d40-NOZ545-11-28-17-25,52.333645
479d40-NOZ546-11-07-18-16,63.1551
479d40-NOZ546-11-09-18-16,53.827286
479d40-NOZ546-11-15-18-16,55.75276
479d40-NOZ549-11-07-19-36,52.548695
479d40-NOZ549-11-09-19-26,50.429104
479d40-NOZ549-11-15-19-27,48.21855
479d40-NOZ602-12-15-06-58,51.89705
479d40-NOZ608-12-31-08-51,50.138348
479d40-NOZ609-12-15-08-13,52.239513
479d40-NOZ6TM-11-25-19-09,53.079754
479d40-NOZ7C-11-29-08-44,51.760357
479d40-NOZ8ME-12-06-18-13,60.404305
479ee7-NOZ132-12-05-13-57,45.010853
479ee7-NOZ133-12-05-15-01,42.224022
479ee7-NOZ194-12-11-19-04,52.609406
479ee7-NOZ195-12-11-20-21,49.74118
479ee7-NOZ1TT-12-04-14-33,55.233994
479ee7-NOZ270-12-13-07-49,45.71448
479ee7-NOZ271-12-13-06-33,52.20526
479ee7-NOZ276-12-23-17-03,48.238354
479ee7-NOZ276-12-27-18-07,52.307087
479ee7-NOZ277-12-23-18-16,49.771667
479ee7-NOZ277-12-27-19-19,51.651417
479ee7-NOZ278-12-12-18-56,45.749054
479ee7-NOZ345-12-01-09-38,58.41051
479ee7-NOZ345-12-14-09-38,59.43355
479ee7-NOZ347-12-13-16-35,58.09272
479ee7-NOZ4DG-12-08-20-47,50.818287
479ee7-NOZ4RZ-12-01-07-45,61.73979
479ee7-NOZ4RZ-12-14-07-43,52.10321
479ee7-NOZ50A-12-08-16-54,58.054394
479ee7-NOZ545-12-12-17-43,49.16498
479ee7-NOZ55J-12-08-18-49,52.739914
479ee7-NOZ55J-12-29-23-25,58.849377
479ee7-NOZ605-12-05-06-42,53.987877
479ee7-NOZ605-12-06-06-42,48.861835
479ee7-NOZ605-12-07-06-38,52.401276
479ee7-NOZ605-12-08-07-09,53.43355
479ee7-NOZ606-12-06-08-23,52.864395
479ee7-NOZ606-12-07-08-01,54.79219
479ee7-NOZ606-12-08-08-20,54.526432
479ee7-NOZ607-12-09-07-00,55.948853
479ee7-NOZ626-12-06-16-53,56.722923
479ee7-NOZ628-12-04-17-24,61.71539
479ee7-NOZ631-12-06-15-30,49.775074
479ee7-NOZ639-12-11-17-40,60.23136
479ee7-NOZ645-12-04-18-47,60.25661
479ee7-NOZ7C-12-13-08-58,48.5429
47a039-NOZ132-11-18-14-04,51.522667
47a039-NOZ133-11-18-15-01,43.25684
47a039-NOZ140-11-29-07-00,45.97278
47a039-NOZ140-12-02-07-15,43.80574
47a039-NOZ140-12-16-07-36,47.747215
47a039-NOZ141-11-29-08-04,50.083866
47a039-NOZ141-12-02-08-11,46.334583
47a039-NOZ141-12-16-08-44,42.786495
47a039-NOZ142-12-04-13-32,49.77874
47a039-NOZ143-12-04-14-29,50.20156
47a039-NOZ144-11-29-15-48,45.03989
47a039-NOZ144-12-15-16-04,51.37742
47a039-NOZ145-11-29-16-42,54.81448
47a039-NOZ145-12-15-16-57,55.530582
47a039-NOZ181-11-10-06-26,53.288227
47a039-NOZ182-11-10-07-53,46.6977
47a039-NOZ183-11-10-09-17,51.201572
47a039-NOZ1BG-12-12-06-06,52.66012
47a039-NOZ1BG-12-21-06-54,58.086735
47a039-NOZ1BG-12-28-06-35,61.74562
47a039-NOZ1BG-12-31-06-19,59.50745
47a039-NOZ1TT-11-04-14-44,65.725395
47a039-NOZ1TT-11-17-14-40,58.00439
47a039-NOZ1TT-11-24-14-46,57.11729
47a039-NOZ1TT-12-06-14-43,52.78208
47a039-NOZ1TT-12-07-14-52,51.57147
47a039-NOZ271-11-16-06-01,45.358025
47a039-NOZ272-11-06-15-24,57.36305
47a039-NOZ275-11-06-16-46,54.127018
47a039-NOZ276-11-09-15-58,54.52426
47a039-NOZ276-11-14-15-55,57.714043
47a039-NOZ277-11-09-17-31,48.624596
47a039-NOZ277-11-14-17-24,48.0806
47a039-NOZ278-11-15-18-55,49.048923
47a039-NOZ2DC-11-01-05-57,47.243076
47a039-NOZ345-12-18-10-29,51.240494
47a039-NOZ345-12-19-10-26,65.02664
47a039-NOZ346-12-28-14-58,64.55495
47a039-NOZ347-12-28-16-59,62.24399
47a039-NOZ3JE-11-01-06-58,54.586853
47a039-NOZ3LH-11-25-13-11,48.339333
47a039-NOZ3LH-11-26-07-32,55.14775
47a039-NOZ4HF-11-21-07-07,58.296787
47a039-NOZ4RZ-12-18-08-28,57.85876
47a039-NOZ4RZ-12-19-07-53,60.060516
47a039-NOZ50A-12-18-17-38,61.814083
47a039-NOZ50F-12-05-09-48,62.674145
47a039-NOZ538-11-16-15-18,60.45874
47a039-NOZ540-12-20-16-51,61.88321
47a039-NOZ543-11-16-16-49,46.270004
47a039-NOZ545-12-20-18-15,58.829876
47a039-NOZ545-12-27-17-49,61.353634
47a039-NOZ546-11-16-18-12,54.40438
47a039-NOZ549-11-16-19-28,47.358196
47a039-NOZ56U-12-11-20-06,61.055397
47a039-NOZ56U-12-20-19-54,64.825935
47a039-NOZ56U-12-27-19-16,58.278305
47a039-NOZ56U-12-30-19-42,50.645035
47a039-NOZ5PY-11-04-16-15,60.320114
47a039-NOZ5PY-11-17-15-58,61.639336
47a039-NOZ5PY-11-24-16-05,53.47858
47a039-NOZ5PY-12-06-15-59,51.777203
47a039-NOZ5PY-12-07-16-10,55.80452
47a039-NOZ601-11-21-05-35,59.20207
47a039-NOZ605-11-03-06-40,48.97395
47a039-NOZ605-11-18-06-31,60.38213
47a039-NOZ605-11-25-06-48,52.93683
47a039-NOZ606-11-18-08-06,54.936783
47a039-NOZ606-11-25-08-21,62.989838
47a039-NOZ607-11-22-07-05,60.4656
47a039-NOZ607-11-28-07-02,56.697666
47a039-NOZ608-11-21-10-05,55.693245
47a039-NOZ611-11-21-08-20,61.460304
47a039-NOZ612-11-21-12-32,55.44303
47a039-NOZ614-11-27-15-08,63.817673
47a039-NOZ617-11-21-11-13,64.97358
47a039-NOZ623-11-27-13-39,51.520885
47a039-NOZ625-11-21-14-01,58.10876
47a039-NOZ628-11-04-17-39,63.598495
47a039-NOZ628-11-24-17-45,61.270924
47a039-NOZ628-12-06-17-23,58.844604
47a039-NOZ628-12-07-17-33,52.342953
47a039-NOZ637-11-21-16-41,53.10069
47a039-NOZ638-11-17-20-15,57.22249
47a039-NOZ638-11-24-20-29,60.934696
47a039-NOZ639-12-21-17-34,61.54911
47a039-NOZ645-11-04-18-54,61.015553
47a039-NOZ645-12-07-18-47,57.393005
47a05e-NOZ134-11-20-17-00,54.8349
47a05e-NOZ164-12-16-06-21,51.097977
47a05e-NOZ172-12-18-11-56,59.899895
47a05e-NOZ182-12-30-07-36,47.284367
47a05e-NOZ183-11-13-07-52,45.931618
47a05e-NOZ183-12-30-09-03,56.026806
47a05e-NOZ191-11-02-17-04,53.819893
47a05e-NOZ1BG-12-10-06-07,51.929264
47a05e-NOZ1TT-12-15-14-57,56.89773
47a05e-NOZ270-12-07-07-22,47.70275
47a05e-NOZ270-12-15-07-35,45.086475
47a05e-NOZ271-12-15-06-24,49.98254
47a05e-NOZ276-11-06-13-22,57.16696
47a05e-NOZ277-11-06-14-35,52.267044
47a05e-NOZ278-12-14-18-54,53.790825
47a05e-NOZ2GH-12-18-15-15,57.304596
47a05e-NOZ3VG-12-13-16-31,53.513092
47a05e-NOZ3VG-12-15-16-16,60.76678
47a05e-NOZ4RZ-12-12-07-39,59.645004
47a05e-NOZ50A-12-11-16-57,62.787483
47a05e-NOZ521-11-18-05-38,49.01108
47a05e-NOZ521-11-21-05-30,60.101883
47a05e-NOZ521-11-22-05-30,59.759815
47a05e-NOZ521-11-23-05-33,55.927166
47a05e-NOZ521-11-24-05-29,45.108913
47a05e-NOZ521-11-25-05-30,56.23456
47a05e-NOZ521-12-05-05-45,53.76494
47a05e-NOZ521-12-06-05-29,52.903458
47a05e-NOZ521-12-07-05-45,51.175053
47a05e-NOZ523-12-01-06-26,62.130302
47a05e-NOZ523-12-02-06-50,63.46405
47a05e-NOZ524-11-17-07-11,54.66476
47a05e-NOZ524-11-18-07-04,63.42829
47a05e-NOZ524-11-22-07-10,53.301807
47a05e-NOZ524-11-23-07-24,53.728558
47a05e-NOZ524-11-24-07-09,48.91341
47a05e-NOZ524-11-25-06-58,56.60064
47a05e-NOZ524-12-05-07-07,58.20801
47a05e-NOZ526-12-01-08-09,50.72665
47a05e-NOZ526-12-02-08-14,53.2322
47a05e-NOZ530-12-04-09-27,55.793743
47a05e-NOZ531-12-04-07-59,59.444237
47a05e-NOZ532-12-01-10-54,56.174633
47a05e-NOZ532-12-02-11-09,58.640854
47a05e-NOZ534-11-27-13-43,57.437386
47a05e-NOZ535-12-01-12-30,54.693886
47a05e-NOZ535-12-02-12-37,60.648617
47a05e-NOZ535-12-04-13-35,63.84114
47a05e-NOZ536-12-01-14-17,59.64509
47a05e-NOZ536-12-02-14-13,55.846153
47a05e-NOZ537-11-27-15-06,51.353367
47a05e-NOZ538-12-04-15-03,62.183475
47a05e-NOZ540-11-11-16-13,53.640026
47a05e-NOZ540-11-16-16-09,58.5682
47a05e-NOZ540-11-27-16-29,62.451267
47a05e-NOZ541-12-01-15-41,53.470432
47a05e-NOZ541-12-02-15-59,60.46076
47a05e-NOZ543-12-04-16-38,62.995335
47a05e-NOZ544-12-01-17-08,53.194443
47a05e-NOZ544-12-02-17-26,65.62846
47a05e-NOZ544-12-04-18-06,60.943092
47a05e-NOZ545-11-11-17-34,62.66243
47a05e-NOZ545-11-16-17-29,48.260418
47a05e-NOZ545-11-27-17-44,51.964478
47a05e-NOZ546-11-27-19-05,58.743034
47a05e-NOZ549-12-04-19-33,54.934452
47a05e-NOZ550-11-30-20-02,58.253826
47a05e-NOZ550-12-04-20-59,59.277348
47a05e-NOZ555-11-27-20-27,52.73643
47a05e-NOZ55J-12-11-18-50,51.207497
47a05e-NOZ56U-12-09-19-23,69.79861
47a05e-NOZ5AY-12-01-09-22,55.7668
47a05e-NOZ5AY-12-04-10-52,53.072174
47a05e-NOZ607-12-20-07-09,56.67353
47a05e-NOZ612-12-19-12-36,57.853767
47a05e-NOZ620-12-19-15-48,55.520523
47a05e-NOZ624-12-18-16-34,55.840267
47a05e-NOZ625-12-19-14-09,56.20298
47a05e-NOZ626-12-16-17-30,58.743427
47a05e-NOZ628-12-13-17-44,61.445564
47a05e-NOZ628-12-15-17-41,57.517826
47a05e-NOZ631-12-16-15-46,55.91466
47a05e-NOZ632-12-19-18-55,60.17171
47a05e-NOZ637-12-19-17-16,48.72958
47a05e-NOZ638-12-12-20-16,50.748173
47a05e-NOZ638-12-15-20-25,55.07543
47a05e-NOZ639-11-14-17-24,61.390682
47a05e-NOZ639-11-29-17-21,53.725765
47a05e-NOZ645-12-13-18-54,47.882774
47a05e-NOZ645-12-15-18-54,63.6838
47a05e-NOZ6TC-11-04-17-10,65.9525
47a05e-NOZ6TM-11-11-19-02,50.90953
47a05e-NOZ7C-12-07-08-44,45.846214
47a05e-NOZ7C-12-15-08-50,49.172943
47a05e-NOZ9BH-11-02-15-37,52.275333
47a097-NOZ181-12-08-07-41,47.69348
47a097-NOZ182-12-08-09-26,47.841763
47a097-NOZ183-12-08-11-14,44.58847
47a097-NOZ271-12-20-07-05,55.264156
47a097-NOZ277-12-07-17-27,51.288563
47a097-NOZ278-12-19-20-13,49.091835
47a097-NOZ345-12-21-10-29,56.638546
47a097-NOZ346-12-20-15-14,64.76201
47a097-NOZ347-12-09-17-14,61.20966
47a097-NOZ347-12-20-17-57,54.95041
47a097-NOZ4HF-11-01-06-57,60.31675
47a097-NOZ4RZ-12-21-07-46,53.06791
47a097-NOZ522-12-14-06-27,50.445698
47a097-NOZ523-12-10-06-07,53.85496
47a097-NOZ523-12-11-06-53,54.74265
47a097-NOZ523-12-28-06-49,58.625393
47a097-NOZ523-12-29-06-32,60.10375
47a097-NOZ523-12-30-06-26,53.698666
47a097-NOZ523-12-31-06-02,43.684685
47a097-NOZ524-12-10-07-29,51.358116
47a097-NOZ524-12-31-07-28,47.248608
47a097-NOZ525-12-14-07-39,52.092915
47a097-NOZ526-12-28-08-27,54.04525
47a097-NOZ526-12-30-08-13,58.766483
47a097-NOZ531-12-10-08-47,55.58664
47a097-NOZ531-12-31-08-55,62.931385
47a097-NOZ532-12-10-10-15,55.53294
47a097-NOZ532-12-29-11-46,59.31
47a097-NOZ532-12-31-10-15,51.369446
47a097-NOZ535-12-28-12-38,59.22409
47a097-NOZ535-12-29-13-05,63.462627
47a097-NOZ535-12-30-12-39,51.476143
47a097-NOZ536-12-28-14-17,54.579956
47a097-NOZ536-12-29-14-42,54.20697
47a097-NOZ536-12-30-14-22,54.85263
47a097-NOZ541-12-28-15-42,60.544884
47a097-NOZ541-12-30-15-57,56.90731
47a097-NOZ544-12-27-17-42,55.88326
47a097-NOZ544-12-30-17-23,59.51307
47a097-NOZ545-12-19-18-26,52.090927
47a097-NOZ548-12-18-19-49,56.903103
47a097-NOZ550-12-09-19-34,59.685886
47a097-NOZ553-12-18-21-05,54.198753
47a097-NOZ5AY-12-28-09-37,57.268158
47a097-NOZ5AY-12-29-10-00,52.31587
47a097-NOZ5AY-12-30-09-33,61.15741
47a097-NOZ601-11-01-05-34,52.691616
47a097-NOZ602-12-22-06-12,53.60755
47a097-NOZ607-11-02-07-55,54.65048
47a097-NOZ608-11-01-09-39,57.112415
47a097-NOZ609-12-22-07-41,63.12611
47a097-NOZ60M-12-18-16-05,58.133564
47a097-NOZ611-11-01-08-23,57.30061
47a097-NOZ612-11-01-12-22,60.592625
47a097-NOZ617-11-01-10-56,55.55829
47a097-NOZ6TM-12-07-18-46,46.79183
47a0bf-NOZ132-12-02-14-02,47.07475
47a0bf-NOZ133-11-13-15-49,47.01147
47a0bf-NOZ133-12-02-14-57,46.844975
47a0bf-NOZ134-11-13-16-53,51.672527
47a0bf-NOZ141-12-06-08-04,45.788536
47a0bf-NOZ144-12-06-16-16,41.952385
47a0bf-NOZ145-12-06-17-12,38.504982
47a0bf-NOZ191-12-29-17-44,53.407124
47a0bf-NOZ271-12-23-06-24,48.76888
47a0bf-NOZ276-11-27-13-30,52.83287
47a0bf-NOZ276-12-26-16-31,44.96962
47a0bf-NOZ277-11-27-14-41,53.266262
47a0bf-NOZ277-12-26-17-40,50.170334
47a0bf-NOZ278-12-22-20-35,49.518005
47a0bf-NOZ345-12-23-10-24,54.090485
47a0bf-NOZ4HF-11-04-07-10,60.627537
47a0bf-NOZ4HF-11-22-07-16,54.85624
47a0bf-NOZ4HF-11-29-07-01,56.680153
47a0bf-NOZ521-11-15-05-24,59.694798
47a0bf-NOZ521-11-16-05-30,42.910625
47a0bf-NOZ521-12-16-06-06,49.540607
47a0bf-NOZ522-11-01-05-58,60.393448
47a0bf-NOZ523-11-14-06-36,63.155525
47a0bf-NOZ523-11-17-06-27,60.709553
47a0bf-NOZ523-11-18-06-39,49.31538
47a0bf-NOZ523-11-20-06-38,54.472355
47a0bf-NOZ523-12-18-06-28,57.938076
47a0bf-NOZ524-11-15-06-53,54.86848
47a0bf-NOZ524-11-16-07-05,60.781937
47a0bf-NOZ524-12-16-07-37,53.16461
47a0bf-NOZ525-11-01-07-25,57.499207
47a0bf-NOZ526-11-14-08-03,52.566113
47a0bf-NOZ526-11-17-07-54,49.433594
47a0bf-NOZ526-11-18-08-03,55.804123
47a0bf-NOZ532-12-15-11-41,52.967495
47a0bf-NOZ535-11-14-12-35,55.672028
47a0bf-NOZ535-11-17-12-36,41.027115
47a0bf-NOZ535-11-18-12-41,48.850418
47a0bf-NOZ535-12-15-12-55,53.833687
47a0bf-NOZ536-11-17-14-23,55.93495
47a0bf-NOZ540-12-22-16-49,54.023594
47a0bf-NOZ541-11-14-15-43,61.863827
47a0bf-NOZ541-11-17-15-54,45.87309
47a0bf-NOZ544-11-17-17-15,65.650154
47a0bf-NOZ544-11-18-17-32,57.24192
47a0bf-NOZ544-12-15-17-18,54.869267
47a0bf-NOZ545-12-22-18-04,56.535065
47a0bf-NOZ547-11-17-18-35,47.54066
47a0bf-NOZ547-12-15-18-34,60.656136
47a0bf-NOZ550-11-11-19-23,57.680504
47a0bf-NOZ550-12-15-20-19,55.94005
47a0bf-NOZ5AY-11-14-09-24,60.734016
47a0bf-NOZ5AY-11-17-09-20,49.486
47a0bf-NOZ5AY-11-18-09-28,47.914658
47a0bf-NOZ601-11-04-05-42,56.92191
47a0bf-NOZ601-11-29-05-38,53.577717
47a0bf-NOZ602-11-10-05-57,56.210964
47a0bf-NOZ605-11-23-06-29,55.57119
47a0bf-NOZ605-11-28-06-29,54.45236
47a0bf-NOZ605-12-02-06-36,57.79349
47a0bf-NOZ606-11-03-08-23,52.244793
47a0bf-NOZ606-11-23-08-32,50.973766
47a0bf-NOZ606-11-28-08-02,62.57972
47a0bf-NOZ606-12-02-08-09,50.82184
47a0bf-NOZ607-11-07-07-05,57.47459
47a0bf-NOZ607-11-24-07-13,54.4505
47a0bf-NOZ607-12-05-07-05,60.7498
47a0bf-NOZ608-11-04-09-49,63.455242
47a0bf-NOZ608-11-29-09-44,56.052273
47a0bf-NOZ609-11-10-07-27,49.86927
47a0bf-NOZ611-11-04-08-27,59.694653
47a0bf-NOZ611-11-22-08-26,57.79377
47a0bf-NOZ611-11-29-08-20,51.4117
47a0bf-NOZ612-11-04-12-36,66.21237
47a0bf-NOZ612-11-22-12-29,46.03972
47a0bf-NOZ612-11-29-12-22,52.53558
47a0bf-NOZ614-11-06-14-06,58.551865
47a0bf-NOZ617-11-04-11-08,57.398838
47a0bf-NOZ617-11-22-11-01,57.556072
47a0bf-NOZ617-11-29-11-00,53.149185
47a0bf-NOZ620-11-04-15-21,64.186615
47a0bf-NOZ623-11-06-12-44,57.412193
47a0bf-NOZ624-12-04-16-30,57.76886
47a0bf-NOZ625-11-04-14-06,62.00925
47a0bf-NOZ625-11-22-13-59,57.88583
47a0bf-NOZ625-11-29-14-00,58.529503
47a0bf-NOZ626-11-03-16-53,61.772007
47a0bf-NOZ631-11-06-15-31,58.871212
47a0bf-NOZ631-12-01-15-21,55.76664
47a0bf-NOZ632-11-04-18-02,64.099045
47a0bf-NOZ632-11-29-18-07,59.043064
47a0bf-NOZ634-11-06-19-50,62.678207
47a0bf-NOZ637-11-04-16-44,60.737694
47a0bf-NOZ637-11-29-16-43,52.93472
47a0bf-NOZ643-11-06-18-28,57.398945
47a185-NOZ181-11-25-06-04,48.306866
47a185-NOZ181-12-16-07-20,46.442295
47a185-NOZ182-11-25-07-32,51.683064
47a185-NOZ183-11-25-08-50,54.06921
47a185-NOZ195-11-20-19-58,47.98356
47a185-NOZ1BG-12-19-06-52,59.25262
47a185-NOZ270-12-08-07-35,44.617672
47a185-NOZ271-12-08-06-23,48.999012
47a185-NOZ276-11-20-13-39,54.462574
47a185-NOZ277-11-20-14-52,48.3927
47a185-NOZ277-11-28-17-20,49.272015
47a185-NOZ2DC-11-08-06-00,42.833996
47a185-NOZ2GH-11-13-15-02,55.3405
47a185-NOZ2UC-11-20-16-08,56.783627
47a185-NOZ345-11-07-09-38,60.00527
47a185-NOZ346-11-18-14-36,59.698383
47a185-NOZ347-11-18-16-31,55.190395
47a185-NOZ3JE-11-08-06-56,42.765923
47a185-NOZ4HF-11-11-07-01,51.52908
47a185-NOZ4RZ-11-07-07-39,64.62797
47a185-NOZ523-12-04-06-31,55.956375
47a185-NOZ536-12-04-14-27,59.624786
47a185-NOZ538-12-02-15-33,56.243248
47a185-NOZ540-12-16-18-14,60.258194
47a185-NOZ543-12-02-16-48,58.35277
47a185-NOZ543-12-13-17-12,49.79544
47a185-NOZ545-12-16-20-02,59.631184
47a185-NOZ546-12-02-18-24,58.674168
47a185-NOZ546-12-13-18-35,51.231747
47a185-NOZ549-12-13-19-54,51.860622
47a185-NOZ56U-12-18-20-35,64.39827
47a185-NOZ601-11-11-05-38,57.173996
47a185-NOZ601-11-15-05-39,62.34591
47a185-NOZ605-11-16-06-33,53.588345
47a185-NOZ607-11-17-07-01,60.527996
47a185-NOZ608-11-11-09-45,58.033886
47a185-NOZ608-11-12-08-57,63.91077
47a185-NOZ608-11-15-09-39,49.309456
47a185-NOZ609-11-12-07-30,60.55727
47a185-NOZ611-11-11-08-24,55.740692
47a185-NOZ611-11-15-08-19,58.257717
47a185-NOZ612-11-11-12-33,56.20649
47a185-NOZ612-11-15-12-24,55.4872
47a185-NOZ617-11-11-11-11,44.929207
47a185-NOZ617-11-15-10-55,53.03305
47a185-NOZ620-11-10-15-25,52.897263
47a185-NOZ620-11-11-15-24,56.828426
47a185-NOZ620-11-14-15-29,53.142914
47a185-NOZ620-11-15-15-23,58.430927
47a185-NOZ624-11-13-16-25,61.511406
47a185-NOZ625-11-10-14-06,49.940243
47a185-NOZ625-11-11-14-05,50.477375
47a185-NOZ625-11-14-14-07,58.969715
47a185-NOZ625-11-15-14-07,59.891983
47a185-NOZ632-11-10-18-06,54.90575
47a185-NOZ632-11-11-18-11,55.75234
47a185-NOZ637-11-11-16-45,48.907543
47a185-NOZ637-11-14-16-46,58.792915
47a185-NOZ637-11-15-16-37,56.816883
47a185-NOZ639-11-02-17-20,55.56605
47a185-NOZ639-11-20-17-22,59.81917
47a185-NOZ67-11-10-16-50,51.428448
47a185-NOZ6TM-11-24-19-39,49.616684
47a185-NOZ6TM-12-15-19-52,50.70005
47a185-NOZ7C-12-08-08-47,51.79554
47a1ef-NOZ132-12-08-14-07,43.16829
47a1ef-NOZ132-12-09-14-08,51.595684
47a1ef-NOZ132-12-12-14-06,47.00301
47a1ef-NOZ133-12-08-15-11,43.275265
47a1ef-NOZ133-12-09-15-08,48.27251
47a1ef-NOZ133-12-12-15-00,48.77626
47a1ef-NOZ140-11-16-07-02,42.763832
47a1ef-NOZ140-11-21-07-14,45.3578
47a1ef-NOZ140-11-24-07-14,39.250515
47a1ef-NOZ140-11-25-07-07,45.992367
47a1ef-NOZ140-12-20-07-10,45.516186
47a1ef-NOZ140-12-22-07-32,51.901516
47a1ef-NOZ140-12-23-07-11,49.68225
47a1ef-NOZ141-11-16-08-10,41.145996
47a1ef-NOZ141-11-21-08-05,54.476326
47a1ef-NOZ141-11-25-08-06,42.44212
47a1ef-NOZ141-11-28-08-05,46.2138
47a1ef-NOZ141-12-20-08-08,43.154263
47a1ef-NOZ141-12-22-08-23,54.387806
47a1ef-NOZ141-12-23-08-04,48.261326
47a1ef-NOZ142-11-20-13-39,56.520485
47a1ef-NOZ144-11-16-14-25,57.6264
47a1ef-NOZ144-11-18-14-26,53.125977
47a1ef-NOZ144-12-20-15-52,49.599724
47a1ef-NOZ145-11-16-16-55,41.21948
47a1ef-NOZ145-11-18-16-45,57.43377
47a1ef-NOZ145-12-20-16-51,46.60164
47a1ef-NOZ191-11-09-16-59,52.9605
47a1ef-NOZ194-12-18-19-27,51.364826
47a1ef-NOZ195-12-18-20-52,49.154377
47a1ef-NOZ1TT-11-01-14-31,51.138256
47a1ef-NOZ1TT-11-13-14-32,61.512318
47a1ef-NOZ2DC-12-14-06-12,44.99557
47a1ef-NOZ345-11-27-10-21,49.935387
47a1ef-NOZ3JE-12-14-07-05,49.434196
47a1ef-NOZ47Y-11-17-19-30,52.318672
47a1ef-NOZ4RZ-11-27-08-16,56.790016
47a1ef-NOZ50A-11-07-16-37,62.77033
47a1ef-NOZ51Q-11-17-08-22,64.53675
47a1ef-NOZ522-12-05-06-03,58.475357
47a1ef-NOZ523-11-03-06-28,58.81184
47a1ef-NOZ523-12-17-06-02,47.37507
47a1ef-NOZ526-11-03-08-00,46.113453
47a1ef-NOZ530-11-07-09-59,60.1796
47a1ef-NOZ532-11-03-11-52,53.72538
47a1ef-NOZ534-11-07-12-43,61.359955
47a1ef-NOZ535-11-03-13-38,50.50157
47a1ef-NOZ538-12-19-15-43,49.65274
47a1ef-NOZ55J-11-07-18-44,51.410206
47a1ef-NOZ5AY-11-03-09-19,52.825817
47a1ef-NOZ5DP-11-18-06-35,60.882793
47a1ef-NOZ5PY-11-01-16-00,46.811512
47a1ef-NOZ5PY-11-13-16-00,57.50705
47a1ef-NOZ605-12-09-06-48,60.196934
47a1ef-NOZ606-12-09-08-30,58.301098
47a1ef-NOZ606-12-13-11-10,57.845657
47a1ef-NOZ607-11-14-07-18,59.188717
47a1ef-NOZ607-12-15-07-20,55.26748
47a1ef-NOZ608-12-11-10-01,52.913006
47a1ef-NOZ611-12-11-08-39,54.645317
47a1ef-NOZ612-12-11-12-46,57.214905
47a1ef-NOZ617-12-11-11-15,56.064007
47a1ef-NOZ620-12-11-15-46,54.49471
47a1ef-NOZ620-12-13-16-40,61.48337
47a1ef-NOZ625-12-11-14-11,55.9856
47a1ef-NOZ625-12-13-14-58,59.244003
47a1ef-NOZ628-11-01-17-30,54.038937
47a1ef-NOZ628-11-13-17-32,62.366573
47a1ef-NOZ631-12-14-15-28,54.128117
47a1ef-NOZ632-12-13-19-40,48.50811
47a1ef-NOZ637-12-11-17-07,57.25759
47a1ef-NOZ637-12-13-17-56,49.81859
47a1ef-NOZ638-11-13-20-33,62.37041
47a1ef-NOZ638-12-06-20-16,53.707195
47a1ef-NOZ639-12-18-18-02,58.13046
47a1ef-NOZ645-11-01-18-58,45.195347
47a1ef-NOZ645-11-13-19-26,53.242813
47a1ef-NOZ648-12-11-21-02,57.58023
47a1ef-NOZ8400-11-02-21-18,54.99518
47a1ef-NOZ9BH-11-09-15-33,51.194397
47a1ef-NOZ9T-11-17-16-50,51.58871
47a218-NOZ141-12-12-08-13,47.929214
47a218-NOZ144-12-09-16-31,47.11697
47a218-NOZ145-12-09-17-23,52.334404
47a218-NOZ181-11-14-06-24,47.940037
47a218-NOZ181-11-15-06-01,50.402733
47a218-NOZ181-11-24-06-05,45.220215
47a218-NOZ182-11-14-07-53,49.62171
47a218-NOZ182-11-15-07-38,51.030285
47a218-NOZ182-11-24-08-00,46.195984
47a218-NOZ182-12-29-08-06,48.34058
47a218-NOZ183-11-14-09-07,48.210575
47a218-NOZ183-11-24-09-07,52.659325
47a218-NOZ183-12-29-09-25,56.30722
47a218-NOZ191-11-14-17-10,58.30154
47a218-NOZ1BG-12-05-06-01,47.881714
47a218-NOZ276-11-10-15-53,55.480984
47a218-NOZ276-12-02-15-57,50.87808
47a218-NOZ277-11-10-17-25,50.225517
47a218-NOZ277-12-02-17-20,50.63908
47a218-NOZ345-12-11-10-16,51.81551
47a218-NOZ4HF-11-18-07-15,63.763775
47a218-NOZ4RZ-12-11-08-14,63.10477
47a218-NOZ523-12-14-06-52,57.991642
47a218-NOZ523-12-19-06-28,51.76707
47a218-NOZ523-12-20-06-26,53.921795
47a218-NOZ525-12-26-07-24,50.890343
47a218-NOZ526-12-14-08-21,52.564358
47a218-NOZ526-12-19-08-12,50.299637
47a218-NOZ526-12-20-07-58,52.331287
47a218-NOZ530-12-02-10-13,51.96745
47a218-NOZ532-12-14-11-01,52.797497
47a218-NOZ532-12-18-12-42,62.48564
47a218-NOZ532-12-19-11-04,51.83612
47a218-NOZ534-12-02-12-42,53.543697
47a218-NOZ535-12-18-13-57,61.93307
47a218-NOZ535-12-19-12-31,47.081867
47a218-NOZ535-12-20-12-41,58.475803
47a218-NOZ536-12-14-14-19,53.991135
47a218-NOZ536-12-19-14-22,52.123077
47a218-NOZ537-12-02-13-55,61.399
47a218-NOZ538-12-18-15-29,63.7404
47a218-NOZ541-12-14-15-46,48.702217
47a218-NOZ541-12-19-15-45,50.786034
47a218-NOZ541-12-20-15-45,54.227097
47a218-NOZ543-12-18-17-02,48.889275
47a218-NOZ544-12-18-18-29,54.008102
47a218-NOZ544-12-19-17-34,55.683445
47a218-NOZ544-12-20-17-46,60.781067
47a218-NOZ548-11-27-18-35,54.936707
47a218-NOZ550-12-18-21-06,50.073086
47a218-NOZ550-12-20-20-20,62.428463
47a218-NOZ550-12-30-19-33,54.46434
47a218-NOZ56U-12-04-20-01,63.593765
47a218-NOZ608-11-18-10-03,57.67627
47a218-NOZ608-11-19-08-57,53.998383
47a218-NOZ609-11-19-07-35,62.753033
47a218-NOZ611-11-18-08-35,62.53363
47a218-NOZ611-11-20-08-24,56.076893
47a218-NOZ612-11-20-12-41,56.33018
47a218-NOZ617-11-18-11-19,59.33764
47a218-NOZ617-11-20-11-06,58.42332
47a218-NOZ620-11-18-15-42,60.755016
47a218-NOZ625-11-18-14-07,64.36855
47a218-NOZ625-11-20-14-01,61.56026
47a218-NOZ632-11-18-18-32,54.580463
47a218-NOZ632-11-20-18-28,60.56114
47a218-NOZ637-11-18-16-52,62.877663
47a218-NOZ637-11-20-17-02,62.573124
47a218-NOZ639-12-07-17-28,56.167107
47a218-NOZ647-11-20-19-40,60.158485
47a218-NOZ6TM-11-14-18-42,49.357033
47a218-NOZ6TM-11-23-19-49,43.355476
47a22c-NOZ133-12-04-15-57,44.19753
47a22c-NOZ134-12-04-16-58,49.27815
47a22c-NOZ140-11-17-07-06,48.35826
47a22c-NOZ140-11-18-07-14,51.224518
47a22c-NOZ141-11-17-08-01,45.07808
47a22c-NOZ141-11-18-08-19,46.96773
47a22c-NOZ144-11-11-15-46,43.486774
47a22c-NOZ144-11-14-15-50,46.455296
47a22c-NOZ145-11-11-16-48,52.327457
47a22c-NOZ145-11-14-16-46,56.36871
47a22c-NOZ271-11-02-06-23,53.985405
47a22c-NOZ277-12-01-17-20,49.489136
47a22c-NOZ278-11-01-18-44,47.674076
47a22c-NOZ2UC-11-04-16-05,64.35892
47a22c-NOZ2UC-12-27-16-17,52.053608
47a22c-NOZ345-12-16-10-50,60.956257
47a22c-NOZ44A-11-11-07-58,58.63149
47a22c-NOZ4RZ-12-16-07-59,65.51263
47a22c-NOZ50A-12-15-18-01,59.19967
47a22c-NOZ50A-12-16-19-02,60.504192
47a22c-NOZ521-11-01-05-29,55.312428
47a22c-NOZ522-11-07-06-06,52.10613
47a22c-NOZ522-11-30-06-05,47.561954
47a22c-NOZ522-12-21-06-17,49.287548
47a22c-NOZ523-12-03-06-00,58.04108
47a22c-NOZ523-12-05-06-40,52.95776
47a22c-NOZ523-12-06-06-30,48.945526
47a22c-NOZ523-12-07-06-36,53.383778
47a22c-NOZ523-12-08-07-03,54.82575
47a22c-NOZ523-12-09-06-39,57.91479
47a22c-NOZ524-12-03-07-32,49.055496
47a22c-NOZ525-11-30-07-26,52.761044
47a22c-NOZ525-12-11-13-43,51.519337
47a22c-NOZ525-12-21-07-31,52.723095
47a22c-NOZ526-12-05-08-07,54.11294
47a22c-NOZ526-12-06-08-30,49.9162
47a22c-NOZ526-12-07-08-03,53.117542
47a22c-NOZ526-12-08-08-27,51.83313
47a22c-NOZ526-12-09-08-16,50.844307
47a22c-NOZ530-11-04-09-57,62.986233
47a22c-NOZ531-11-01-11-26,45.603172
47a22c-NOZ531-11-04-11-14,51.710007
47a22c-NOZ532-12-03-10-14,57.1244
47a22c-NOZ532-12-05-10-58,56.73699
47a22c-NOZ532-12-06-11-04,51.045815
47a22c-NOZ532-12-07-11-05,51.059944
47a22c-NOZ532-12-08-11-11,50.827618
47a22c-NOZ534-11-01-12-36,53.224854
47a22c-NOZ535-12-05-12-38,49.264202
47a22c-NOZ535-12-06-12-40,45.765244
47a22c-NOZ535-12-07-12-40,53.097816
47a22c-NOZ535-12-08-12-31,49.076668
47a22c-NOZ536-12-05-14-15,55.801086
47a22c-NOZ536-12-06-14-17,49.636715
47a22c-NOZ536-12-07-14-33,47.596767
47a22c-NOZ536-12-08-14-13,61.049023
47a22c-NOZ536-12-11-15-25,55.15083
47a22c-NOZ537-11-01-13-56,45.02939
47a22c-NOZ537-11-04-14-00,50.13947
47a22c-NOZ538-11-08-15-20,58.112556
47a22c-NOZ541-12-05-15-44,52.82433
47a22c-NOZ541-12-06-15-43,46.28374
47a22c-NOZ541-12-07-15-44,55.003075
47a22c-NOZ541-12-11-16-43,54.63667
47a22c-NOZ543-11-08-16-44,48.47165
47a22c-NOZ544-12-05-17-18,48.853096
47a22c-NOZ544-12-06-17-17,55.630474
47a22c-NOZ544-12-09-17-35,55.93765
47a22c-NOZ546-11-08-18-11,58.64077
47a22c-NOZ547-12-06-18-29,48.011276
47a22c-NOZ547-12-07-18-27,46.1515
47a22c-NOZ549-11-08-19-28,52.339596
47a22c-NOZ550-12-02-19-44,54.6088
47a22c-NOZ550-12-06-19-59,55.651726
47a22c-NOZ550-12-07-20-05,59.892754
47a22c-NOZ55J-12-16-21-18,50.16372
47a22c-NOZ59B-11-18-10-48,58.0766
47a22c-NOZ5AY-12-05-09-19,50.898777
47a22c-NOZ5AY-12-06-09-47,54.609894
47a22c-NOZ5AY-12-07-09-26,51.825615
47a22c-NOZ5AY-12-08-09-39,49.038364
47a22c-NOZ5PR-11-20-16-04,65.62819
47a22c-NOZ606-12-22-08-25,64.907745
47a22c-NOZ612-12-22-12-46,56.913197
47a22c-NOZ617-12-22-11-14,51.700527
47a22c-NOZ620-12-22-16-06,52.2744
47a22c-NOZ625-12-22-14-11,53.327995
47a22c-NOZ639-11-22-17-49,55.110554
47a22c-NOZ639-12-13-17-46,53.08336
47a22c-NOZ6CF-11-02-08-01,68.37176
47a31a-NOZ132-11-22-14-04,43.669003
47a31a-NOZ132-11-24-13-56,43.2006
47a31a-NOZ132-11-25-14-05,45.649185
47a31a-NOZ132-11-28-13-55,46.32335
47a31a-NOZ133-11-22-14-52,42.383595
47a31a-NOZ133-11-24-14-55,48.261337
47a31a-NOZ133-11-25-15-04,46.967216
47a31a-NOZ133-11-28-14-57,40.40492
47a31a-NOZ181-12-03-08-53,47.233143
47a31a-NOZ181-12-21-06-11,50.1987
47a31a-NOZ191-11-03-17-04,48.673183
47a31a-NOZ1BG-11-03-06-01,55.915405
47a31a-NOZ271-11-30-06-00,46.8114
47a31a-NOZ276-12-20-16-04,52.88222
47a31a-NOZ277-12-20-17-29,52.11772
47a31a-NOZ278-11-29-18-50,50.650818
47a31a-NOZ2DC-11-25-06-05,43.519592
47a31a-NOZ2DC-12-08-06-15,43.08708
47a31a-NOZ2KT-12-18-16-09,60.376404
47a31a-NOZ2UC-12-01-16-12,56.703426
47a31a-NOZ345-11-21-09-57,54.233654
47a31a-NOZ346-12-12-14-45,56.30671
47a31a-NOZ347-12-12-16-42,55.46498
47a31a-NOZ3JE-11-25-07-00,39.14383
47a31a-NOZ3JE-12-08-07-52,48.163002
47a31a-NOZ3TV-12-09-20-12,52.576767
47a31a-NOZ4HF-12-09-07-00,54.361904
47a31a-NOZ50A-11-20-16-44,68.36514
47a31a-NOZ522-11-08-06-10,64.28049
47a31a-NOZ525-11-08-07-29,54.550682
47a31a-NOZ530-11-02-09-52,46.692623
47a31a-NOZ530-12-19-10-01,47.94702
47a31a-NOZ531-11-02-11-08,50.59174
47a31a-NOZ531-11-03-11-15,46.98003
47a31a-NOZ531-12-19-11-14,51.055367
47a31a-NOZ534-11-02-12-38,48.856533
47a31a-NOZ534-11-03-12-36,52.53574
47a31a-NOZ534-12-19-12-45,49.133976
47a31a-NOZ537-11-02-13-54,53.429935
47a31a-NOZ537-12-19-14-00,49.420536
47a31a-NOZ538-12-14-15-38,49.631058
47a31a-NOZ540-11-02-16-12,55.71343
47a31a-NOZ545-11-02-17-25,49.835766
47a31a-NOZ546-12-14-18-10,53.107765
47a31a-NOZ548-11-13-18-38,61.748356
47a31a-NOZ549-12-14-19-26,50.227566
47a31a-NOZ553-11-13-20-01,62.100357
47a31a-NOZ55J-11-20-18-37,61.84032
47a31a-NOZ56U-11-02-18-52,55.76135
47a31a-NOZ601-12-09-05-36,56.8702
47a31a-NOZ602-12-12-06-15,55.35752
47a31a-NOZ607-11-29-06-58,56.27195
47a31a-NOZ608-11-27-09-47,54.803947
47a31a-NOZ608-12-09-10-02,57.975883
47a31a-NOZ609-11-26-07-29,54.31937
47a31a-NOZ611-11-27-08-22,51.130795
47a31a-NOZ611-12-09-08-21,57.608543
47a31a-NOZ612-11-27-13-56,63.14586
47a31a-NOZ612-12-09-12-41,60.30749
47a31a-NOZ617-11-27-11-11,50.887844
47a31a-NOZ617-12-09-11-19,63.960155
47a31a-NOZ620-12-09-15-56,60.953438
47a31a-NOZ625-12-09-14-14,61.518887
47a31a-NOZ626-11-27-17-06,58.148174
47a31a-NOZ626-12-08-17-17,56.085293
47a31a-NOZ631-11-27-15-40,50.853508
47a31a-NOZ634-11-27-19-59,57.691315
47a31a-NOZ637-12-09-17-10,61.800377
47a31a-NOZ638-11-21-20-04,50.889507
47a31a-NOZ638-12-07-20-18,58.9626
47a31a-NOZ639-12-01-17-23,49.582
47a31a-NOZ643-11-27-18-32,55.57209
47a31a-NOZ6TM-12-20-19-17,56.275223
47a32e-NOZ133-11-27-15-51,42.798286
47a32e-NOZ134-11-27-17-04,47.51996
47a32e-NOZ181-11-11-06-02,53.9152
47a32e-NOZ181-11-18-06-10,50.801426
47a32e-NOZ182-11-11-07-35,55.526955
47a32e-NOZ183-11-06-07-49,50.35322
47a32e-NOZ183-11-11-08-57,54.22017
47a32e-NOZ183-12-18-07-55,48.281086
47a32e-NOZ191-11-15-16-56,50.39247
47a32e-NOZ1BG-11-02-06-00,60.812897
47a32e-NOZ1TT-11-16-14-37,63.5609
47a32e-NOZ1TT-12-27-14-43,60.315887
47a32e-NOZ1TT-12-30-14-33,53.252243
47a32e-NOZ270-11-08-07-26,51.83943
47a32e-NOZ270-11-16-07-32,49.28273
47a32e-NOZ271-11-08-06-06,49.743896
47a32e-NOZ272-12-18-15-50,52.22758
47a32e-NOZ275-12-18-17-09,50.070686
47a32e-NOZ278-11-07-18-59,49.973583
47a32e-NOZ345-11-09-09-27,53.80941
47a32e-NOZ346-11-08-14-27,63.743073
47a32e-NOZ346-11-13-14-36,67.5995
47a32e-NOZ347-11-08-16-33,51.62715
47a32e-NOZ347-11-13-16-35,56.810085
47a32e-NOZ3VG-12-30-16-01,49.8843
47a32e-NOZ4RZ-11-09-07-32,54.939796
47a32e-NOZ521-11-28-05-24,53.43462
47a32e-NOZ522-12-19-06-14,49.800617
47a32e-NOZ523-11-29-06-29,51.011868
47a32e-NOZ523-11-30-06-25,47.697983
47a32e-NOZ524-11-28-07-20,57.53796
47a32e-NOZ525-12-19-07-30,50.527176
47a32e-NOZ526-11-29-07-53,51.45613
47a32e-NOZ532-11-30-10-49,48.50175
47a32e-NOZ535-11-29-12-29,48.577217
47a32e-NOZ535-11-30-12-31,47.52984
47a32e-NOZ536-11-29-14-23,51.994244
47a32e-NOZ538-11-21-15-32,52.026237
47a32e-NOZ538-12-15-15-30,57.37109
47a32e-NOZ540-11-01-16-25,55.725918
47a32e-NOZ540-11-04-16-14,66.63603
47a32e-NOZ540-11-07-16-10,59.5389
47a32e-NOZ541-11-29-15-41,56.001087
47a32e-NOZ541-11-30-15-41,55.48302
47a32e-NOZ543-11-21-16-40,53.999462
47a32e-NOZ543-12-15-16-49,62.948494
47a32e-NOZ544-11-29-17-09,56.983936
47a32e-NOZ544-11-30-17-19,57.0641
47a32e-NOZ545-11-01-17-33,47.403687
47a32e-NOZ545-11-04-17-35,56.969048
47a32e-NOZ545-11-07-17-29,57.839947
47a32e-NOZ546-12-15-18-26,55.020805
47a32e-NOZ547-11-29-18-23,49.656185
47a32e-NOZ547-11-30-18-27,49.269653
47a32e-NOZ549-11-21-19-24,48.275528
47a32e-NOZ549-12-15-19-34,53.941895
47a32e-NOZ550-11-25-19-28,62.330124
47a32e-NOZ550-11-29-20-06,55.633442
47a32e-NOZ56U-11-01-18-48,43.32451
47a32e-NOZ5AY-11-29-09-23,50.041065
47a32e-NOZ5PY-11-16-15-56,56.583584
47a32e-NOZ607-11-03-07-01,48.162655
47a32e-NOZ638-11-02-20-08,59.105373
47a32e-NOZ639-11-23-17-51,57.936172
47a32e-NOZ645-11-16-18-49,53.99237
47a32e-NOZ645-12-27-20-02,53.790874
47a32e-NOZ6TM-11-10-19-02,53.156246
47a32e-NOZ6TM-11-17-19-27,56.826992
47a32e-NOZ6TM-12-16-23-03,48.37661
47a32e-NOZ7C-11-08-08-39,49.135124
47a32e-NOZ7C-11-16-08-49,52.842457
47a32e-NOZ93E-11-17-18-03,59.531803
47a32e-NOZ9BH-11-15-15-32,58.314804
47a3b0-NOZ140-11-01-06-59,46.42133
47a3b0-NOZ140-11-02-07-06,44.244877
47a3b0-NOZ140-11-04-07-18,53.04209
47a3b0-NOZ140-11-07-07-14,45.446407
47a3b0-NOZ140-11-08-07-11,45.139423
47a3b0-NOZ141-11-02-08-01,48.677235
47a3b0-NOZ141-11-04-08-13,50.126953
47a3b0-NOZ141-11-07-08-14,48.2367
47a3b0-NOZ141-11-08-08-07,44.84791
47a3b0-NOZ144-11-01-15-43,41.77387
47a3b0-NOZ144-11-02-15-53,54.054684
47a3b0-NOZ144-11-03-15-12,48.737297
47a3b0-NOZ144-11-08-15-48,45.8654
47a3b0-NOZ144-11-10-15-13,48.57799
47a3b0-NOZ145-11-01-16-48,42.46665
47a3b0-NOZ145-11-02-16-45,59.439106
47a3b0-NOZ145-11-03-16-12,54.648655
47a3b0-NOZ145-11-08-16-43,50.33919
47a3b0-NOZ145-11-10-16-10,44.54974
47a3b0-NOZ181-11-17-06-02,48.693253
47a3b0-NOZ181-11-29-05-59,46.743607
47a3b0-NOZ182-11-29-07-34,49.24571
47a3b0-NOZ182-12-01-07-42,49.211258
47a3b0-NOZ183-11-17-08-51,48.399208
47a3b0-NOZ183-11-29-08-49,51.33029
47a3b0-NOZ183-12-01-08-49,47.26027
47a3b0-NOZ270-11-25-07-30,50.643513
47a3b0-NOZ271-11-25-06-09,50.282623
47a3b0-NOZ276-11-16-15-55,56.238796
47a3b0-NOZ276-11-30-15-52,51.75589
47a3b0-NOZ277-11-16-17-20,47.063953
47a3b0-NOZ277-11-30-17-22,49.87487
47a3b0-NOZ345-11-06-10-14,59.849503
47a3b0-NOZ345-12-02-09-42,56.807808
47a3b0-NOZ42U-11-11-07-06,49.328045
47a3b0-NOZ4RZ-11-06-08-18,58.553036
47a3b0-NOZ4RZ-12-02-07-41,50.37193
47a3b0-NOZ50A-12-02-16-47,54.80766
47a3b0-NOZ522-11-21-05-58,53.286217
47a3b0-NOZ525-11-21-07-16,59.62342
47a3b0-NOZ530-12-23-10-14,42.8346
47a3b0-NOZ531-12-23-11-26,51.281265
47a3b0-NOZ534-12-23-12-49,53.496304
47a3b0-NOZ537-12-23-14-24,56.14697
47a3b0-NOZ545-11-24-17-39,48.21155
47a3b0-NOZ545-12-28-17-31,55.692368
47a3b0-NOZ548-12-11-18-49,58.22939
47a3b0-NOZ54Z-11-11-12-38,62.609238
47a3b0-NOZ553-12-11-20-03,53.39308
47a3b0-NOZ55J-11-29-18-33,49.703354
47a3b0-NOZ55J-12-02-18-44,54.71577
47a3b0-NOZ60M-11-11-15-29,56.67307
47a3b0-NOZ639-12-23-17-29,53.86097
47a3b0-NOZ6TM-11-28-18-50,57.670547
47a3b0-NOZ6TM-11-30-18-47,52.540665
47a3b0-NOZ7C-11-25-08-44,53.868355
47a3b0-NOZ8ME-11-11-18-10,58.975956
47a3b0-NOZ9BH-11-28-15-39,60.69314
47a50d-NOZ142-11-27-13-53,40.155895
47a50d-NOZ143-11-27-14-46,49.294727
47a50d-NOZ144-12-27-15-52,46.993248
47a50d-NOZ144-12-28-15-53,47.389053
47a50d-NOZ144-12-30-15-54,39.88929
47a50d-NOZ145-12-28-16-56,44.111595
47a50d-NOZ145-12-30-16-55,44.17152
47a50d-NOZ194-12-04-18-49,52.39273
47a50d-NOZ195-12-04-20-09,47.969593
47a50d-NOZ1BG-11-22-06-05,50.081524
47a50d-NOZ1BG-11-25-06-17,54.80225
47a50d-NOZ1BG-12-09-06-26,59.130577
47a50d-NOZ1TT-12-09-14-39,59.355354
47a50d-NOZ270-11-09-07-26,45.508015
47a50d-NOZ276-12-04-13-42,51.481865
47a50d-NOZ276-12-19-16-54,51.528748
47a50d-NOZ277-12-04-14-44,44.381676
47a50d-NOZ2UC-12-04-16-07,55.93642
47a50d-NOZ2UC-12-06-16-40,52.787037
47a50d-NOZ2UC-12-20-16-18,56.9672
47a50d-NOZ347-11-25-16-30,54.259262
47a50d-NOZ347-12-25-16-51,47.565685
47a50d-NOZ3VG-12-09-16-03,60.94536
47a50d-NOZ42U-12-15-07-12,59.683895
47a50d-NOZ50A-12-12-16-49,54.535976
47a50d-NOZ525-11-20-11-42,60.811157
47a50d-NOZ534-11-20-13-34,54.202915
47a50d-NOZ534-12-12-12-55,50.70341
47a50d-NOZ536-11-06-14-18,61.316986
47a50d-NOZ537-11-20-14-53,58.569984
47a50d-NOZ537-12-12-14-08,53.948
47a50d-NOZ540-11-20-16-29,55.38477
47a50d-NOZ545-11-20-17-38,62.70299
47a50d-NOZ546-11-20-19-31,58.87475
47a50d-NOZ550-11-18-19-28,59.279667
47a50d-NOZ555-11-20-20-37,61.42169
47a50d-NOZ55J-12-12-18-35,50.868618
47a50d-NOZ56U-11-21-19-16,58.752167
47a50d-NOZ56U-11-24-19-12,62.908073
47a50d-NOZ5PR-11-17-16-07,60.52618
47a50d-NOZ639-12-04-17-25,57.64094
47a50d-NOZ639-12-06-17-48,53.685276
47a50d-NOZ639-12-20-17-41,59.25711
47a50d-NOZ639-12-22-18-07,54.6742
47a50d-NOZ645-12-09-18-53,59.90969
47a50d-NOZ66Y-12-18-18-24,54.26736
47a50d-NOZ8ME-12-15-20-18,53.188522
47a518-NOZ132-12-15-14-22,46.28356
47a518-NOZ164-12-15-06-36,51.76002
47a518-NOZ1BG-11-14-06-16,55.81442
47a518-NOZ1BG-11-23-05-56,47.675144
47a518-NOZ1BG-12-17-07-08,56.23968
47a518-NOZ1TT-11-08-14-31,50.864
47a518-NOZ1YA-12-16-17-45,52.75288
47a518-NOZ271-11-12-07-35,51.811077
47a518-NOZ271-11-18-06-28,50.168705
47a518-NOZ276-12-08-16-16,43.807037
47a518-NOZ277-12-08-17-38,49.74839
47a518-NOZ278-11-17-19-18,50.98005
47a518-NOZ2BE-11-01-12-36,68.56393
47a518-NOZ2DC-12-12-05-59,43.806137
47a518-NOZ2DC-12-16-06-11,44.410614
47a518-NOZ2DC-12-21-05-58,43.255604
47a518-NOZ2UC-11-09-16-06,59.77264
47a518-NOZ2UC-12-28-16-10,52.822807
47a518-NOZ345-11-18-09-44,58.10136
47a518-NOZ3JE-12-12-07-01,44.171
47a518-NOZ3JE-12-16-08-34,45.763237
47a518-NOZ3JE-12-21-06-52,53.111275
47a518-NOZ4RZ-11-18-07-53,63.639446
47a518-NOZ50A-11-18-16-41,64.31443
47a518-NOZ522-12-07-06-18,52.26055
47a518-NOZ525-12-07-07-35,52.62619
47a518-NOZ536-11-20-14-31,55.121223
47a518-NOZ538-12-22-16-12,61.99166
47a518-NOZ540-11-22-16-32,56.187626
47a518-NOZ541-11-20-15-44,59.24649
47a518-NOZ543-12-22-17-34,55.066685
47a518-NOZ545-11-22-17-37,49.25428
47a518-NOZ55J-11-18-18-37,57.388794
47a518-NOZ56U-11-13-20-05,64.729996
47a518-NOZ56U-11-22-19-05,52.302696
47a518-NOZ56U-12-16-23-56,61.554157
47a518-NOZ5PY-11-08-16-00,49.611588
47a518-NOZ605-12-20-06-36,53.84569
47a518-NOZ605-12-22-06-39,59.740982
47a518-NOZ606-12-20-08-12,54.37693
47a518-NOZ607-11-15-07-18,58.192776
47a518-NOZ608-12-13-13-31,51.76018
47a518-NOZ611-12-13-12-01,54.42654
47a518-NOZ620-12-21-15-47,56.229866
47a518-NOZ625-12-21-14-16,56.25049
47a518-NOZ626-11-14-16-46,64.83122
47a518-NOZ626-12-11-17-41,56.27965
47a518-NOZ626-12-12-17-01,56.448624
47a518-NOZ626-12-13-16-58,56.81824
47a518-NOZ626-12-20-17-07,58.8193
47a518-NOZ628-11-08-17-24,60.591557
47a518-NOZ631-12-11-15-58,54.39381
47a518-NOZ631-12-12-15-31,57.769604
47a518-NOZ631-12-13-15-26,50.783733
47a518-NOZ631-12-20-15-27,54.561947
47a518-NOZ632-12-21-19-02,54.93212
47a518-NOZ637-12-21-17-06,58.373116
47a518-NOZ638-12-19-20-20,51.3074
47a518-NOZ639-11-09-17-23,53.65609
47a518-NOZ639-12-28-17-30,56.778076
47a518-NOZ639-12-29-19-14,54.311718
47a518-NOZ643-12-11-18-56,60.91064
47a518-NOZ645-11-08-18-44,52.66647
47a531-NOZ132-12-13-14-31,41.248962
47a531-NOZ133-11-06-15-50,55.11673
47a531-NOZ133-12-13-15-33,42.63756
47a531-NOZ134-11-06-17-05,48.833138
47a531-NOZ140-12-07-07-22,44.816113
47a531-NOZ140-12-15-07-28,48.050884
47a531-NOZ141-12-07-08-15,45.57563
47a531-NOZ141-12-15-08-25,47.060375
47a531-NOZ144-12-07-16-28,50.013844
47a531-NOZ144-12-16-16-10,46.433117
47a531-NOZ144-12-19-15-52,44.315853
47a531-NOZ145-12-07-17-28,55.929245
47a531-NOZ145-12-16-17-19,46.41035
47a531-NOZ145-12-19-16-52,42.83713
47a531-NOZ181-12-02-06-05,49.355328
47a531-NOZ182-12-02-07-43,43.545967
47a531-NOZ183-12-02-09-09,50.52702
47a531-NOZ1TT-12-11-15-27,60.966957
47a531-NOZ276-11-13-13-22,60.427063
47a531-NOZ277-11-13-14-39,50.380035
47a531-NOZ2GH-12-25-14-58,50.04692
47a531-NOZ3VG-12-11-16-42,56.543938
47a531-NOZ4HF-12-12-07-07,55.70379
47a531-NOZ521-11-07-05-32,62.08129
47a531-NOZ521-11-09-05-29,55.889736
47a531-NOZ521-11-10-05-29,58.78742
47a531-NOZ521-11-17-05-29,48.071648
47a531-NOZ523-11-08-06-33,58.04119
47a531-NOZ523-11-11-06-28,56.464184
47a531-NOZ523-11-12-06-00,61.074497
47a531-NOZ523-11-13-06-30,51.52025
47a531-NOZ523-11-19-06-01,56.738373
47a531-NOZ523-11-21-06-52,59.086803
47a531-NOZ523-11-22-06-25,60.03658
47a531-NOZ523-11-23-06-29,58.028515
47a531-NOZ523-11-24-06-34,53.361763
47a531-NOZ523-11-25-06-49,53.006012
47a531-NOZ523-11-27-06-29,49.93997
47a531-NOZ524-11-07-07-07,58.431374
47a531-NOZ524-11-09-06-59,55.395626
47a531-NOZ524-11-10-06-59,48.77839
47a531-NOZ524-11-12-07-21,58.759983
47a531-NOZ524-11-19-07-22,56.40474
47a531-NOZ526-11-08-08-04,70.35772
47a531-NOZ526-11-11-08-00,54.65113
47a531-NOZ526-11-22-08-14,48.647926
47a531-NOZ526-11-23-08-45,47.676952
47a531-NOZ526-11-24-08-23,56.359303
47a531-NOZ530-11-20-09-26,56.606766
47a531-NOZ531-11-12-08-37,59.400543
47a531-NOZ531-11-19-08-37,58.922043
47a531-NOZ531-11-20-08-00,56.158028
47a531-NOZ532-11-08-10-59,56.844307
47a531-NOZ532-11-11-11-04,54.07964
47a531-NOZ532-11-12-10-08,60.48296
47a531-NOZ532-11-19-10-06,52.661083
47a531-NOZ532-11-20-12-25,58.33427
47a531-NOZ532-11-21-11-12,52.61322
47a531-NOZ532-11-23-11-10,49.543266
47a531-NOZ532-11-24-11-11,51.838333
47a531-NOZ532-11-25-11-14,59.79961
47a531-NOZ535-11-11-12-31,53.838207
47a531-NOZ535-11-20-13-37,58.972893
47a531-NOZ535-11-21-12-35,59.85267
47a531-NOZ535-11-22-12-29,51.59699
47a531-NOZ535-11-23-12-30,51.85444
47a531-NOZ535-11-24-12-34,49.449757
47a531-NOZ535-11-25-12-32,55.6327
47a531-NOZ536-11-11-14-14,54.03595
47a531-NOZ536-11-16-14-59,57.366276
47a531-NOZ536-11-21-14-17,51.86594
47a531-NOZ536-11-22-14-23,55.470245
47a531-NOZ536-11-23-14-32,53.34534
47a531-NOZ536-11-24-14-29,56.760372
47a531-NOZ536-11-25-14-26,61.545853
47a531-NOZ538-11-20-15-15,56.77006
47a531-NOZ541-11-08-15-42,52.405163
47a531-NOZ541-11-11-15-48,50.612503
47a531-NOZ541-11-16-16-31,44.15584
47a531-NOZ541-11-21-15-38,52.41045
47a531-NOZ541-11-23-15-45,47.145805
47a531-NOZ541-11-25-15-55,53.562977
47a531-NOZ543-11-20-16-39,61.30655
47a531-NOZ544-11-08-17-14,60.301365
47a531-NOZ544-11-11-17-20,54.62669
47a531-NOZ544-11-20-18-25,53.7765
47a531-NOZ544-11-21-17-16,53.16162
47a531-NOZ544-11-22-17-51,56.66788
47a531-NOZ544-11-24-17-14,59.08348
47a531-NOZ545-12-30-17-52,44.75081
47a531-NOZ546-11-18-18-19,59.28936
47a531-NOZ547-11-16-18-53,52.646046
47a531-NOZ547-11-22-18-57,51.329803
47a531-NOZ547-11-23-18-51,50.609463
47a531-NOZ547-11-24-18-30,53.622917
47a531-NOZ549-11-20-19-45,63.544205
47a531-NOZ550-11-04-20-06,59.355583
47a531-NOZ550-11-16-20-15,62.354977
47a531-NOZ550-11-20-21-09,61.12391
47a531-NOZ550-11-23-20-16,62.05859
47a531-NOZ550-11-24-20-12,56.282013
47a531-NOZ5AY-11-08-09-23,48.013176
47a531-NOZ5AY-11-11-09-18,64.327065
47a531-NOZ5AY-11-20-10-46,59.164165
47a531-NOZ5AY-11-21-09-32,56.989426
47a531-NOZ5AY-11-22-09-19,58.083576
47a531-NOZ5AY-11-23-09-52,52.673214
47a531-NOZ5AY-11-24-09-32,48.048985
47a531-NOZ5AY-11-25-09-49,54.5553
47a531-NOZ601-12-12-05-30,55.814953
47a531-NOZ602-11-15-06-15,59.296825
47a531-NOZ607-12-14-07-20,62.095886
47a531-NOZ609-11-15-07-36,58.008846
47a531-NOZ611-12-12-08-31,60.458538
47a531-NOZ612-12-12-12-48,54.695736
47a531-NOZ617-12-12-11-17,59.873707
47a531-NOZ620-12-12-15-30,57.134235
47a531-NOZ620-12-23-15-39,53.82599
47a531-NOZ625-12-12-14-05,54.914524
47a531-NOZ628-12-11-18-00,55.291782
47a531-NOZ632-12-12-18-07,54.52001
47a531-NOZ637-12-12-16-42,53.06224
47a531-NOZ637-12-23-16-48,54.201687
47a531-NOZ638-12-11-20-50,55.253723
47a531-NOZ645-12-11-19-22,60.44257
47a531-NOZ64N-12-06-17-24,68.91464
47a531-NOZ6TM-12-30-19-25,45.655163
47a7a8-NOZ181-12-15-06-30,49.255726
47a7a8-NOZ182-12-15-07-43,47.028072
47a7a8-NOZ182-12-28-07-45,40.77358
47a7a8-NOZ183-12-15-09-00,47.75497
47a7a8-NOZ183-12-28-09-08,55.188473
47a7a8-NOZ270-11-03-07-29,41.969223
47a7a8-NOZ271-11-03-06-08,50.028275
47a7a8-NOZ276-11-07-16-03,52.599697
47a7a8-NOZ277-11-07-17-22,51.970375
47a7a8-NOZ277-12-21-17-52,50.468845
47a7a8-NOZ278-11-02-19-06,55.74532
47a7a8-NOZ2DC-11-28-06-09,44.76242
47a7a8-NOZ2DC-12-30-06-12,45.52458
47a7a8-NOZ2GH-11-27-15-39,47.135227
47a7a8-NOZ2KT-11-02-16-12,58.579006
47a7a8-NOZ2UC-11-03-16-02,64.48126
47a7a8-NOZ2UC-11-11-16-04,52.51385
47a7a8-NOZ345-11-05-11-21,61.25892
47a7a8-NOZ345-11-10-09-47,57.52397
47a7a8-NOZ346-11-16-14-35,64.59861
47a7a8-NOZ346-11-17-14-39,63.904552
47a7a8-NOZ347-11-16-16-36,55.1396
47a7a8-NOZ3JE-11-28-06-57,43.12777
47a7a8-NOZ3JE-12-30-07-05,46.98039
47a7a8-NOZ4HF-11-25-07-04,60.362526
47a7a8-NOZ4HF-12-01-06-58,57.35241
47a7a8-NOZ4HF-12-02-07-06,56.914692
47a7a8-NOZ4RZ-11-10-07-42,61.048527
47a7a8-NOZ50A-11-09-16-36,63.19583
47a7a8-NOZ50A-11-14-16-36,62.21705
47a7a8-NOZ523-12-12-06-36,50.31373
47a7a8-NOZ526-12-12-08-03,54.713215
47a7a8-NOZ526-12-13-07-57,56.946777
47a7a8-NOZ530-12-11-10-04,52.27962
47a7a8-NOZ531-12-11-08-48,56.710106
47a7a8-NOZ532-12-11-13-18,56.08168
47a7a8-NOZ532-12-12-11-20,55.508
47a7a8-NOZ535-12-11-14-29,56.32529
47a7a8-NOZ535-12-12-12-35,55.422073
47a7a8-NOZ536-12-12-14-23,43.76811
47a7a8-NOZ538-12-09-15-28,54.4723
47a7a8-NOZ538-12-11-16-04,53.926178
47a7a8-NOZ541-12-12-15-54,55.32741
47a7a8-NOZ543-12-09-16-46,59.35244
47a7a8-NOZ543-12-11-17-22,53.684
47a7a8-NOZ544-12-11-18-47,56.181786
47a7a8-NOZ544-12-12-17-17,43.874287
47a7a8-NOZ546-12-09-18-18,56.700615
47a7a8-NOZ547-11-03-19-57,51.982742
47a7a8-NOZ548-11-06-18-32,59.68711
47a7a8-NOZ549-12-11-19-58,54.072937
47a7a8-NOZ550-12-11-21-12,55.3872
47a7a8-NOZ553-11-06-19-56,62.73912
47a7a8-NOZ55J-11-09-18-39,51.218937
47a7a8-NOZ55J-11-14-18-34,54.446373
47a7a8-NOZ5AY-12-11-11-26,54.804836
47a7a8-NOZ5AY-12-12-09-20,53.629
47a7a8-NOZ5AY-12-13-09-17,46.497425
47a7a8-NOZ601-11-25-05-37,48.780216
47a7a8-NOZ601-11-30-05-37,52.45594
47a7a8-NOZ601-12-01-05-35,51.20165
47a7a8-NOZ601-12-02-05-31,53.252132
47a7a8-NOZ605-11-29-06-34,57.961895
47a7a8-NOZ605-12-29-06-30,48.440178
47a7a8-NOZ606-11-29-07-56,63.173836
47a7a8-NOZ608-11-25-09-58,66.27662
47a7a8-NOZ608-12-01-09-46,51.849037
47a7a8-NOZ608-12-02-10-17,56.130104
47a7a8-NOZ611-11-25-08-30,48.35682
47a7a8-NOZ611-12-01-08-21,56.705753
47a7a8-NOZ611-12-02-08-32,57.70232
47a7a8-NOZ612-11-30-12-18,58.757153
47a7a8-NOZ612-12-02-12-47,55.955734
47a7a8-NOZ614-12-04-14-00,56.416924
47a7a8-NOZ617-11-25-11-13,47.90783
47a7a8-NOZ617-11-30-10-55,59.05554
47a7a8-NOZ617-12-01-11-08,58.233387
47a7a8-NOZ617-12-02-11-26,59.299683
47a7a8-NOZ620-11-25-15-26,64.15317
47a7a8-NOZ620-11-30-15-29,54.92882
47a7a8-NOZ620-12-01-15-29,60.38328
47a7a8-NOZ620-12-02-15-36,58.826202
47a7a8-NOZ620-12-28-16-20,56.97171
47a7a8-NOZ623-12-04-12-31,59.479168
47a7a8-NOZ624-11-27-16-54,59.277996
47a7a8-NOZ625-11-25-14-06,59.082493
47a7a8-NOZ625-12-02-14-08,57.416275
47a7a8-NOZ625-12-28-14-41,59.60014
47a7a8-NOZ626-11-28-16-44,56.65732
47a7a8-NOZ626-11-29-16-55,59.54594
47a7a8-NOZ626-12-04-17-03,57.413754
47a7a8-NOZ626-12-29-17-15,46.02644
47a7a8-NOZ631-11-28-15-24,53.36928
47a7a8-NOZ631-11-29-15-27,56.953514
47a7a8-NOZ631-12-04-15-32,55.680393
47a7a8-NOZ631-12-29-15-22,53.997467
47a7a8-NOZ632-11-24-18-41,63.119488
47a7a8-NOZ632-11-25-18-12,59.356205
47a7a8-NOZ632-11-30-18-03,58.709206
47a7a8-NOZ632-12-02-18-11,58.081364
47a7a8-NOZ637-11-24-17-10,56.650917
47a7a8-NOZ637-11-25-16-46,55.02784
47a7a8-NOZ637-11-30-16-46,57.156822
47a7a8-NOZ637-12-01-16-42,55.275673
47a7a8-NOZ637-12-02-16-53,57.3345
47a7a8-NOZ639-11-03-17-28,57.690186
47a7a8-NOZ639-11-11-17-38,49.383553
47a7a8-NOZ643-12-04-18-17,56.870064
47a7a8-NOZ6TM-12-14-18-45,49.547577
47a7a8-NOZ7C-11-03-08-44,54.13005
4aca0a-NOZ181-12-19-06-08,51.112877
4aca0a-NOZ276-12-22-16-53,60.524994
4aca0a-NOZ277-12-22-18-16,50.786346
4aca0a-NOZ543-12-29-17-34,54.89075
4aca0a-NOZ546-12-29-19-16,53.96057
4aca0a-NOZ549-12-29-20-31,50.200603
4aca0a-NOZ6TM-12-18-20-20,57.661804
4aca42-NOZ1YA-12-17-13-01,59.395927
4aca42-NOZ639-12-19-17-41,57.30405
4aca46-NOZ345-11-29-09-30,56.467632
4aca46-NOZ347-11-28-16-40,58.371166
4aca46-NOZ4RZ-11-29-07-30,64.563255
4aca46-NOZ538-12-01-15-35,59.016327
4aca46-NOZ549-12-01-16-57,61.54955
4aca46-NOZ602-12-01-06-06,45.722057
4aca46-NOZ609-11-28-07-29,53.26889
4aca46-NOZ609-12-01-07-29,56.598804
4aca47-NOZ270-11-04-07-25,43.56156
4aca47-NOZ271-11-05-07-46,50.21498
4aca47-NOZ271-11-09-06-13,46.095757
4aca47-NOZ278-11-04-18-55,54.202797
4aca4a-NOZ2UC-11-16-16-01,60.26681
4aca4a-NOZ639-11-16-17-20,53.579132
4aca4e-NOZ194-11-13-18-54,60.563507
4aca4e-NOZ195-11-13-20-18,54.496464
4aca4e-NOZ1BG-11-07-05-59,61.89395
4aca4e-NOZ271-11-04-06-14,52.279945
4aca4e-NOZ278-11-03-18-59,52.71701
4aca4e-NOZ345-11-24-09-53,58.852688
4aca4e-NOZ4RZ-11-24-08-12,62.43132
4aca4e-NOZ538-11-17-15-22,61.238678
4aca4e-NOZ540-11-03-16-17,63.62003
4aca4e-NOZ543-11-17-16-46,48.841034
4aca4e-NOZ545-11-03-17-35,57.291946
4aca4e-NOZ546-11-17-18-24,62.408756
4aca4e-NOZ549-11-17-19-43,48.353695
4aca4e-NOZ56U-11-06-19-59,67.86469
4aca4e-NOZ639-11-13-17-28,59.96754
4aca4f-NOZ191-12-16-19-50,52.306763
4aca4f-NOZ346-12-18-14-54,59.982327
4aca4f-NOZ347-12-18-17-50,58.082607
4aca4f-NOZ40T-12-16-06-13,59.552868
4aca4f-NOZ537-12-11-15-01,46.447277
4aca4f-NOZ540-12-11-16-24,53.963993
4aca4f-NOZ545-12-11-17-37,55.772465
4aca4f-NOZ546-12-11-19-11,57.75371
4aca4f-NOZ9BH-12-16-17-59,55.88747
