flight_id,pred_climb
4784c2-NOZ191-11-01-17-02,980.7589
4784c2-NOZ191-11-13-13-36,1239.6748
4784c2-NOZ191-11-29-17-09,1137.5477
4784c2-NOZ270-11-14-07-26,946.69305
4784c2-NOZ270-11-30-07-26,984.54205
4784c2-NOZ270-12-02-07-24,940.071
4784c2-NOZ271-11-14-06-15,987.3714
4784c2-NOZ271-12-02-06-14,888.44275
4784c2-NOZ271-12-03-07-52,904.9437
4784c2-NOZ278-12-02-19-03,1010.1921
4784c2-NOZ2UC-11-07-16-07,1179.8544
4784c2-NOZ2UC-11-08-16-03,1260.1633
4784c2-NOZ345-11-12-11-17,1518.4258
4784c2-NOZ345-11-26-11-13,1538.9186
4784c2-NOZ346-11-27-14-53,1666.9125
4784c2-NOZ347-11-27-16-44,1348.4574
4784c2-NOZ4RZ-11-12-09-18,1658.5265
4784c2-NOZ4RZ-11-26-09-20,1523.8368
4784c2-NOZ50A-11-03-16-50,1531.874
4784c2-NOZ522-11-28-06-12,1139.7924
4784c2-NOZ525-11-28-07-26,1318.1554
4784c2-NOZ540-12-01-16-18,1010.5896
4784c2-NOZ546-11-01-18-20,1156.8806
4784c2-NOZ549-11-01-19-33,978.0982
4784c2-NOZ55J-11-03-18-43,1480.176
4784c2-NOZ605-11-15-06-32,977.735
4784c2-NOZ605-12-28-06-33,1212.2999
4784c2-NOZ606-11-15-08-02,973.7063
4784c2-NOZ607-11-01-07-02,1129.6101
4784c2-NOZ612-12-27-14-55,1137.8391
4784c2-NOZ617-12-27-13-18,1083.3052
4784c2-NOZ620-12-27-18-47,1202.8456
4784c2-NOZ625-12-27-17-17,1064.7454
4784c2-NOZ626-12-22-17-24,1130.8982
4784c2-NOZ631-11-15-15-28,1068.6129
4784c2-NOZ631-12-22-15-22,1036.4016
4784c2-NOZ638-11-14-20-08,1048.0051
4784c2-NOZ638-12-21-20-17,1153.2549
4784c2-NOZ639-11-07-17-22,1016.58704
4784c2-NOZ639-11-08-17-27,1177.2261
4784c2-NOZ7C-11-14-08-44,961.1314
4784c2-NOZ7C-12-02-08-42,944.56116
4784c2-NOZ8C-11-13-21-07,1013.10284
4784c2-NOZ9BH-11-01-15-38,1119.7339
4784c2-NOZ9BH-11-13-12-09,1241.6194
4784c2-NOZ9BH-11-29-15-45,1089.171
47873f-NOZ181-12-31-09-25,1183.9194
47873f-NOZ191-12-28-17-25,1203.7338
47873f-NOZ538-12-21-15-53,1289.9064
47873f-NOZ543-12-21-17-15,1309.3569
47873f-NOZ9BH-12-28-15-59,1150.7247
478741-NOZ181-11-12-08-54,1201.8916
478741-NOZ181-11-23-06-07,1118.7743
478741-NOZ182-11-12-07-29,1158.9324
478741-NOZ183-11-23-09-32,1026.6558
478741-NOZ1BG-11-11-06-13,1601.3794
478741-NOZ1BG-12-23-10-02,1365.5104
478741-NOZ1TT-11-06-14-35,1121.3192
478741-NOZ1TT-11-18-14-47,1069.5143
478741-NOZ1TT-12-20-14-32,1211.5833
478741-NOZ276-11-21-16-07,1027.8647
478741-NOZ276-11-22-16-43,1053.9894
478741-NOZ277-11-21-18-11,823.2812
478741-NOZ277-11-22-18-17,954.18085
478741-NOZ345-11-04-09-43,1594.9194
478741-NOZ346-12-21-15-24,1652.5813
478741-NOZ347-12-21-17-22,1635.1173
478741-NOZ3VG-12-20-16-02,1147.8925
478741-NOZ4HF-11-09-07-03,1152.6215
478741-NOZ4RZ-11-04-07-46,1437.32
478741-NOZ50A-11-04-16-47,1462.916
478741-NOZ523-11-01-06-30,997.04474
478741-NOZ523-11-02-06-31,1179.3893
478741-NOZ523-12-15-06-54,1053.5211
478741-NOZ526-11-01-08-06,936.9366
478741-NOZ526-11-02-08-01,893.1653
478741-NOZ526-12-15-08-18,874.30804
478741-NOZ530-11-14-09-50,1116.6185
478741-NOZ531-11-14-11-12,1179.4792
478741-NOZ532-11-01-11-02,960.11633
478741-NOZ532-11-02-10-59,878.5641
478741-NOZ534-11-14-12-41,1034.2482
478741-NOZ535-11-01-12-31,888.40674
478741-NOZ535-11-02-12-29,1153.3682
478741-NOZ536-11-01-14-11,1062.5001
478741-NOZ536-11-02-14-14,1036.1832
478741-NOZ537-11-14-13-58,1183.3782
478741-NOZ537-12-18-14-56,1306.4364
478741-NOZ538-11-14-15-19,1025.5245
478741-NOZ538-12-16-15-37,1038.109
478741-NOZ538-12-27-16-00,1192.8893
478741-NOZ540-12-18-16-22,1179.9242
478741-NOZ541-11-01-15-46,1129.3564
478741-NOZ541-11-02-15-38,1212.4073
478741-NOZ543-12-16-18-03,1179.5957
478741-NOZ543-12-27-17-18,1068.9167
478741-NOZ544-11-01-17-11,1262.004
478741-NOZ544-11-02-17-10,1154.9312
478741-NOZ545-12-18-17-59,1215.0176
478741-NOZ546-11-14-18-10,1252.4816
478741-NOZ546-12-16-20-25,1124.7126
478741-NOZ546-12-18-19-13,1123.6963
478741-NOZ546-12-27-18-43,1067.9635
478741-NOZ547-11-01-18-24,1147.0187
478741-NOZ547-11-02-18-24,1160.1947
478741-NOZ549-11-14-19-25,1117.6151
478741-NOZ549-12-27-19-54,1219.3462
478741-NOZ550-11-01-19-53,1279.449
478741-NOZ550-12-14-20-21,1154.3866
478741-NOZ555-12-18-20-30,978.3912
478741-NOZ55J-11-04-18-38,1579.8379
478741-NOZ56U-11-10-18-52,1379.3488
478741-NOZ56U-12-22-20-29,1683.5989
478741-NOZ5AY-11-01-09-21,960.1456
478741-NOZ5AY-11-02-09-34,1102.0314
478741-NOZ5AY-12-15-09-30,973.44727
478741-NOZ5PY-11-06-16-03,1190.6923
478741-NOZ5PY-11-18-16-23,1197.8917
478741-NOZ601-11-07-05-45,1023.2932
478741-NOZ601-11-09-05-35,992.11865
478741-NOZ602-11-08-06-06,1109.9901
478741-NOZ607-11-10-07-01,1106.4321
478741-NOZ608-11-07-09-47,1157.6924
478741-NOZ608-11-09-09-45,965.13794
478741-NOZ609-11-08-07-27,1026.1635
478741-NOZ611-11-07-08-26,1122.6455
478741-NOZ611-11-09-08-30,1129.8708
478741-NOZ612-11-07-12-35,1263.5527
478741-NOZ612-11-09-12-26,1076.9373
478741-NOZ617-11-07-11-01,1126.0671
478741-NOZ617-11-09-11-04,1046.809
478741-NOZ620-11-09-15-20,1038.0833
478741-NOZ625-11-07-14-08,1006.4236
478741-NOZ625-11-09-13-59,1061.0723
478741-NOZ628-11-06-17-28,1109.2013
478741-NOZ628-11-18-18-08,1129.6112
478741-NOZ632-11-09-18-00,988.39166
478741-NOZ637-11-09-16-42,1049.029
478741-NOZ638-11-06-20-18,1102.4344
478741-NOZ638-11-08-20-09,1067.6387
478741-NOZ645-11-06-18-48,1024.9032
478741-NOZ645-11-18-20-23,1192.2552
478741-NOZ6CF-11-03-08-05,1566.6348
478741-NOZ6TM-11-22-19-40,1156.2612
478741-NOZ8920-12-28-06-34,791.8562
478742-NOZ133-12-18-15-53,540.22516
478742-NOZ134-12-18-16-55,490.14566
478742-NOZ144-11-21-15-47,583.65796
478742-NOZ145-11-21-16-51,1251.4446
478742-NOZ182-11-30-07-39,1085.729
478742-NOZ191-11-18-17-55,1162.4352
478742-NOZ191-12-30-17-23,1326.2911
478742-NOZ1BG-12-07-06-35,1513.0643
478742-NOZ1BG-12-16-06-25,1459.0935
478742-NOZ1BG-12-27-06-15,1498.5911
478742-NOZ1TT-12-16-16-22,1244.8004
478742-NOZ1TT-12-21-14-48,1184.0018
478742-NOZ270-12-30-07-27,884.47614
478742-NOZ271-12-10-07-32,799.0435
478742-NOZ276-11-29-15-51,882.73395
478742-NOZ277-11-29-17-09,920.0338
478742-NOZ278-12-09-19-00,1032.4153
478742-NOZ2DC-11-11-06-06,569.5297
478742-NOZ2DC-11-14-05-58,553.2491
478742-NOZ2DC-11-15-06-02,554.68976
478742-NOZ346-12-11-14-41,1664.9225
478742-NOZ347-12-11-16-32,1569.9297
478742-NOZ3JE-11-11-06-55,508.24554
478742-NOZ3JE-11-15-06-57,581.0372
478742-NOZ3VG-12-21-16-18,1273.594
478742-NOZ50A-11-22-17-34,1430.5392
478742-NOZ50A-12-22-17-29,1579.2993
478742-NOZ522-11-17-06-10,1057.3716
478742-NOZ524-12-02-07-07,869.94104
478742-NOZ524-12-17-08-41,1198.5928
478742-NOZ525-11-17-07-25,1116.6621
478742-NOZ525-12-04-11-30,986.24725
478742-NOZ530-11-29-09-52,971.61224
478742-NOZ531-11-29-11-06,933.29407
478742-NOZ531-12-17-10-15,997.1184
478742-NOZ532-12-17-12-13,1163.1743
478742-NOZ534-11-29-12-36,929.2123
478742-NOZ534-12-04-13-25,1105.3691
478742-NOZ534-12-09-13-30,1287.0427
478742-NOZ537-11-29-13-58,1033.5403
478742-NOZ537-12-04-14-45,1035.4438
478742-NOZ537-12-09-14-40,1007.9124
478742-NOZ537-12-20-14-13,1116.7069
478742-NOZ540-11-17-16-15,1126.2196
478742-NOZ540-12-04-16-20,1061.0845
478742-NOZ540-12-06-16-19,1252.8734
478742-NOZ540-12-29-18-41,1237.8531
478742-NOZ545-11-17-17-42,1117.125
478742-NOZ545-12-04-17-34,1073.8691
478742-NOZ545-12-06-17-35,1053.9517
478742-NOZ545-12-29-19-51,1215.3292
478742-NOZ546-12-04-18-58,1011.6556
478742-NOZ555-12-04-20-30,985.70795
478742-NOZ55J-11-22-19-16,1405.6355
478742-NOZ55J-12-22-19-30,1505.9011
478742-NOZ56U-12-06-19-08,1453.2117
478742-NOZ56U-12-15-20-11,1464.7357
478742-NOZ56U-12-26-23-04,1301.9314
478742-NOZ607-11-16-06-59,1142.2794
478742-NOZ608-11-13-09-56,1166.1832
478742-NOZ611-11-13-08-28,1159.0616
478742-NOZ617-11-13-11-14,1136.3258
478742-NOZ620-11-13-15-29,1153.1014
478742-NOZ625-11-13-14-00,1138.0458
478742-NOZ628-12-16-20-11,1230.2664
478742-NOZ628-12-21-17-45,1141.6042
478742-NOZ632-11-13-18-15,1115.977
478742-NOZ637-11-13-16-52,1255.9604
478742-NOZ638-11-10-20-24,1279.3984
478742-NOZ645-12-16-21-30,1081.8505
478742-NOZ645-12-21-19-15,1170.7057
478742-NOZ647-11-13-19-36,1064.147
478742-NOZ648-11-13-20-58,1055.5022
478742-NOZ6TM-11-29-18-46,1198.9111
478742-NOZ7C-12-30-08-36,945.54895
478742-NOZ9BH-11-18-16-32,1184.6293
478742-NOZ9BH-12-30-15-48,1221.7463
47875a-NOZ181-12-07-06-10,1019.9981
47875a-NOZ181-12-14-06-41,1131.7068
47875a-NOZ182-12-14-08-07,1102.8478
47875a-NOZ183-12-07-08-44,1095.4321
47875a-NOZ183-12-14-09-21,1089.3887
47875a-NOZ191-11-25-17-31,1056.5818
47875a-NOZ191-12-07-17-06,1062.9282
47875a-NOZ1TT-11-23-14-58,1126.2228
47875a-NOZ1TT-12-02-14-51,1101.5223
47875a-NOZ1YA-12-15-14-41,1026.9854
47875a-NOZ270-11-11-07-19,789.22125
47875a-NOZ270-11-23-08-11,1127.3027
47875a-NOZ270-12-16-08-06,879.9997
47875a-NOZ271-11-11-06-07,871.47144
47875a-NOZ271-12-16-06-19,892.0535
47875a-NOZ276-12-12-15-58,1029.6685
47875a-NOZ276-12-13-16-21,993.36224
47875a-NOZ277-12-06-17-34,828.27686
47875a-NOZ277-12-12-17-22,874.72833
47875a-NOZ277-12-13-18-13,902.6738
47875a-NOZ278-11-10-18-57,917.4526
47875a-NOZ278-12-15-19-48,956.1293
47875a-NOZ2UC-11-15-16-06,1041.1533
47875a-NOZ2UC-11-21-16-17,1077.7021
47875a-NOZ2UC-11-28-16-11,1056.4851
47875a-NOZ345-12-10-11-30,1503.2115
47875a-NOZ345-12-15-10-31,1505.9521
47875a-NOZ346-12-01-14-44,1434.2568
47875a-NOZ347-12-01-16-37,1244.4989
47875a-NOZ40A-12-15-13-29,1182.3782
47875a-NOZ4RZ-12-10-09-40,1502.7515
47875a-NOZ4RZ-12-15-07-54,1553.3207
47875a-NOZ50A-12-14-17-07,1403.0145
47875a-NOZ522-11-24-06-18,977.78815
47875a-NOZ525-11-24-07-29,1017.6967
47875a-NOZ538-11-02-15-19,1169.824
47875a-NOZ538-12-05-16-27,970.0013
47875a-NOZ540-11-10-16-23,1147.4098
47875a-NOZ540-12-15-16-10,1012.7208
47875a-NOZ543-11-02-16-34,1124.2837
47875a-NOZ543-12-05-17-40,895.73584
47875a-NOZ545-11-10-17-43,978.04785
47875a-NOZ545-12-15-17-22,1187.2096
47875a-NOZ546-11-02-18-10,1033.0648
47875a-NOZ546-12-05-19-04,908.14777
47875a-NOZ549-11-02-19-21,1087.3611
47875a-NOZ549-12-05-20-17,848.8125
47875a-NOZ55J-12-14-18-57,1523.2556
47875a-NOZ58Z-11-11-14-33,1216.8364
47875a-NOZ5PY-11-23-16-14,1052.0823
47875a-NOZ5PY-12-02-16-12,1048.097
47875a-NOZ602-11-03-06-06,983.29175
47875a-NOZ609-11-03-07-31,1071.5356
47875a-NOZ628-11-23-18-02,1140.1669
47875a-NOZ628-12-02-17-45,1194.2848
47875a-NOZ639-11-15-17-22,943.2797
47875a-NOZ639-11-21-17-27,1076.8545
47875a-NOZ639-11-28-17-22,1079.687
47875a-NOZ645-11-23-19-08,1018.1588
47875a-NOZ645-12-02-18-54,1107.2555
47875a-NOZ7C-11-11-08-44,997.2197
47875a-NOZ9BH-11-25-15-35,1164.9249
47875a-NOZ9BH-12-07-15-46,965.81287
47875a-NOZ9PL-11-17-07-33,1146.1777
47875c-NOZ132-11-01-13-55,603.16895
47875c-NOZ132-11-10-14-02,540.779
47875c-NOZ133-11-10-15-08,506.91412
47875c-NOZ140-12-05-07-12,560.84894
47875c-NOZ140-12-19-07-25,577.18665
47875c-NOZ141-12-05-08-04,588.2971
47875c-NOZ141-12-19-08-20,671.2579
47875c-NOZ142-12-18-14-10,542.4205
47875c-NOZ143-12-18-15-15,531.1386
47875c-NOZ144-12-08-15-16,546.6823
47875c-NOZ181-11-28-05-59,1056.3416
47875c-NOZ181-12-10-09-02,1030.3619
47875c-NOZ182-11-28-07-41,1165.9725
47875c-NOZ182-12-10-07-49,1194.458
47875c-NOZ183-11-28-08-56,1012.0015
47875c-NOZ191-11-30-16-56,989.8925
47875c-NOZ191-12-13-17-22,1017.953
47875c-NOZ191-12-15-17-06,1034.3953
47875c-NOZ1BG-12-15-07-11,1587.9766
47875c-NOZ1YA-12-10-13-12,1166.8992
47875c-NOZ2DC-11-03-06-03,464.31537
47875c-NOZ2DC-11-04-05-59,552.5541
47875c-NOZ2DC-11-07-06-03,558.8569
47875c-NOZ2DC-11-09-06-02,440.18365
47875c-NOZ2DC-11-16-06-05,462.02618
47875c-NOZ2DC-11-21-06-00,597.8333
47875c-NOZ2DC-11-22-06-01,578.1455
47875c-NOZ2DC-11-23-05-57,489.55307
47875c-NOZ2DC-11-24-06-07,568.0291
47875c-NOZ2GH-11-06-14-59,1127.7651
47875c-NOZ345-12-03-11-23,1226.2064
47875c-NOZ3JE-11-02-07-00,513.97675
47875c-NOZ3JE-11-03-06-52,563.2537
47875c-NOZ3JE-11-04-07-04,425.09164
47875c-NOZ3JE-11-07-08-10,612.9764
47875c-NOZ3JE-11-09-07-01,596.985
47875c-NOZ3JE-11-16-07-10,579.5311
47875c-NOZ3JE-11-21-07-04,514.634
47875c-NOZ3JE-11-22-06-56,525.1662
47875c-NOZ3JE-11-23-06-55,582.29724
47875c-NOZ3JE-11-24-07-05,511.38904
47875c-NOZ40A-12-10-11-13,1173.7911
47875c-NOZ4HF-11-08-06-59,1119.4296
47875c-NOZ4HF-11-10-07-03,1082.6638
47875c-NOZ4RZ-12-03-09-20,1326.0856
47875c-NOZ522-11-29-06-02,1090.8436
47875c-NOZ522-12-12-06-12,1167.075
47875c-NOZ525-11-29-07-15,1185.8093
47875c-NOZ525-12-12-07-20,1178.8872
47875c-NOZ530-12-14-09-58,972.57916
47875c-NOZ530-12-15-10-23,1056.3456
47875c-NOZ531-12-14-11-06,1206.4674
47875c-NOZ531-12-15-11-35,987.0103
47875c-NOZ534-12-14-12-43,1052.268
47875c-NOZ534-12-15-12-57,1088.6342
47875c-NOZ537-12-14-13-53,1245.3632
47875c-NOZ537-12-15-14-10,1042.254
47875c-NOZ538-12-30-15-16,1149.4513
47875c-NOZ543-12-30-16-47,1180.8022
47875c-NOZ545-12-14-17-26,1093.5278
47875c-NOZ546-12-30-18-13,1058.6136
47875c-NOZ56U-12-14-18-56,1485.6993
47875c-NOZ601-11-08-05-36,1029.4137
47875c-NOZ601-11-10-05-36,948.8257
47875c-NOZ607-11-11-07-08,1086.9199
47875c-NOZ607-11-25-07-06,1073.1407
47875c-NOZ608-11-08-09-39,1075.8701
47875c-NOZ608-11-10-09-44,1102.8672
47875c-NOZ60M-12-07-16-25,1181.1908
47875c-NOZ611-11-08-08-24,1101.7771
47875c-NOZ611-11-10-08-20,1087.7292
47875c-NOZ612-11-08-12-21,1005.5151
47875c-NOZ612-11-10-12-27,1172.9508
47875c-NOZ614-11-20-13-57,1051.2904
47875c-NOZ617-11-08-10-58,1080.6893
47875c-NOZ617-11-10-11-10,1100.1785
47875c-NOZ620-11-08-15-22,1004.99023
47875c-NOZ620-11-23-15-51,1163.0806
47875c-NOZ623-11-20-12-34,1117.4196
47875c-NOZ624-11-06-16-21,1060.8821
47875c-NOZ625-11-08-13-56,996.6207
47875c-NOZ625-11-23-14-03,1051.7281
47875c-NOZ626-11-02-16-45,1107.734
47875c-NOZ626-11-07-17-04,1173.2523
47875c-NOZ626-11-09-16-42,1058.0137
47875c-NOZ626-11-15-16-56,1090.502
47875c-NOZ626-11-16-16-41,1036.3196
47875c-NOZ626-11-18-17-13,1124.0232
47875c-NOZ626-11-20-17-08,1132.2083
47875c-NOZ631-11-02-15-23,1105.4365
47875c-NOZ631-11-07-15-30,955.10126
47875c-NOZ631-11-09-15-23,996.2373
47875c-NOZ631-11-16-15-24,1055.1877
47875c-NOZ631-11-18-15-40,1159.312
47875c-NOZ631-11-20-15-38,1061.6781
47875c-NOZ632-11-08-18-00,1158.0005
47875c-NOZ632-11-23-18-40,1130.5208
47875c-NOZ634-11-20-20-06,1003.5354
47875c-NOZ637-11-08-16-38,1030.7493
47875c-NOZ637-11-23-17-03,1189.8546
47875c-NOZ643-11-20-18-24,1123.2307
47875c-NOZ64N-11-11-16-55,1248.2264
47875c-NOZ6TM-11-27-20-11,1175.3762
47875c-NOZ8820-11-17-13-44,523.8984
47875c-NOZ8821-11-17-16-52,1149.2019
47875c-NOZ9BH-11-30-15-33,1171.6824
47875c-NOZ9BH-12-15-15-40,1183.0311
47875c-NOZ9WB-11-17-07-35,1212.1381
47875c-NOZ9WB-11-18-07-29,1246.8623
478772-NOZ181-12-20-07-39,1125.4427
478772-NOZ191-11-04-17-33,1206.2424
478772-NOZ191-11-17-16-57,1069.6862
478772-NOZ191-12-08-17-41,1052.1158
478772-NOZ191-12-19-18-25,954.7761
478772-NOZ191-12-20-17-20,1092.7032
478772-NOZ194-11-06-19-12,1202.3088
478772-NOZ195-11-06-20-33,1049.4427
478772-NOZ1BG-11-15-06-20,1486.471
478772-NOZ1BG-11-17-06-06,1596.333
478772-NOZ1BG-12-08-06-31,1619.7322
478772-NOZ271-12-21-06-16,858.064
478772-NOZ276-11-24-16-07,968.80316
478772-NOZ277-11-24-17-25,1103.77
478772-NOZ278-12-20-19-12,1164.3413
478772-NOZ2BE-11-11-12-46,1632.6422
478772-NOZ2DC-12-27-06-26,515.6059
478772-NOZ2UC-11-06-16-14,1172.0367
478772-NOZ347-12-04-16-59,1662.0123
478772-NOZ3JE-12-27-08-06,443.69128
478772-NOZ4HF-11-24-07-12,1101.5397
478772-NOZ50A-11-15-16-37,1412.146
478772-NOZ50A-11-21-16-40,1499.6691
478772-NOZ50A-12-06-16-57,1540.4545
478772-NOZ521-11-29-05-31,1025.1437
478772-NOZ521-11-30-05-36,945.5913
478772-NOZ521-12-01-05-26,987.6586
478772-NOZ521-12-02-05-28,1020.9932
478772-NOZ522-11-22-06-24,1071.8096
478772-NOZ522-12-13-06-10,898.20544
478772-NOZ523-11-26-06-03,1111.2834
478772-NOZ523-11-28-06-30,1228.4127
478772-NOZ524-11-26-07-35,1153.7548
478772-NOZ524-11-29-06-59,959.0269
478772-NOZ524-11-30-07-04,913.0887
478772-NOZ524-12-01-07-01,1016.5681
478772-NOZ525-11-22-07-33,1267.634
478772-NOZ525-12-13-07-24,919.64215
478772-NOZ526-11-28-07-57,900.09064
478772-NOZ530-11-16-09-52,1137.4908
478772-NOZ530-11-17-09-59,1046.5399
478772-NOZ530-11-21-10-13,1099.9115
478772-NOZ530-11-27-09-32,1080.3354
478772-NOZ530-12-08-09-49,895.39166
478772-NOZ531-11-16-11-09,1178.5898
478772-NOZ531-11-17-11-19,1032.6584
478772-NOZ531-11-21-11-21,979.9025
478772-NOZ531-11-26-08-51,1264.0028
478772-NOZ531-11-27-08-01,1215.1271
478772-NOZ531-12-08-11-08,1028.9456
478772-NOZ532-11-26-10-17,1232.6539
478772-NOZ532-11-27-12-17,1010.6821
478772-NOZ532-11-28-10-57,885.21454
478772-NOZ534-11-16-12-39,1190.4811
478772-NOZ534-11-17-12-47,1236.9799
478772-NOZ534-11-21-12-42,1000.3964
478772-NOZ534-12-08-12-46,959.41565
478772-NOZ534-12-16-14-07,1147.0044
478772-NOZ535-11-27-14-01,1252.6237
478772-NOZ535-11-28-12-31,934.9689
478772-NOZ536-11-28-14-16,1193.3939
478772-NOZ536-12-18-14-57,1149.5198
478772-NOZ537-11-16-14-04,1166.2194
478772-NOZ537-11-17-14-14,1086.88
478772-NOZ537-11-21-13-57,893.43536
478772-NOZ537-12-08-14-18,1112.1522
478772-NOZ537-12-16-17-54,1095.1235
478772-NOZ538-11-01-15-14,1241.0416
478772-NOZ538-11-25-15-19,1128.0018
478772-NOZ538-11-27-15-30,1213.5636
478772-NOZ540-12-07-16-29,971.15045
478772-NOZ541-11-28-15-43,1053.0017
478772-NOZ541-12-18-16-17,1274.676
478772-NOZ543-11-01-16-34,1015.0496
478772-NOZ543-11-25-16-42,1093.2551
478772-NOZ543-11-27-16-52,1164.4479
478772-NOZ544-11-27-18-21,1191.7909
478772-NOZ544-11-28-17-17,1064.458
478772-NOZ545-12-07-17-39,927.42
478772-NOZ546-11-25-18-20,1029.421
478772-NOZ549-11-27-19-47,1153.5903
478772-NOZ550-11-27-21-05,1119.6896
478772-NOZ55J-11-15-18-29,1439.8326
478772-NOZ55J-11-21-18-28,1311.3082
478772-NOZ55J-12-06-18-44,1516.0463
478772-NOZ56U-11-14-19-13,1598.1427
478772-NOZ56U-11-16-19-03,1437.3795
478772-NOZ56U-12-07-19-08,1520.9114
478772-NOZ5AY-11-27-10-57,1140.9702
478772-NOZ5AY-11-28-09-20,1024.8187
478772-NOZ5PR-11-18-16-00,1128.3859
478772-NOZ601-11-24-05-35,1091.0787
478772-NOZ602-11-09-07-05,1089.3486
478772-NOZ602-11-16-06-02,1033.2668
478772-NOZ602-12-06-06-05,988.3243
478772-NOZ608-11-24-10-05,1120.8948
478772-NOZ608-12-28-10-15,1148.4662
478772-NOZ609-11-09-08-18,1099.9697
478772-NOZ609-11-16-07-25,1101.8643
478772-NOZ609-12-06-07-23,1039.669
478772-NOZ611-11-24-08-28,1080.7682
478772-NOZ611-12-28-08-43,1163.9615
478772-NOZ612-11-24-12-43,1216.689
478772-NOZ617-11-24-11-21,1066.859
478772-NOZ617-12-28-11-39,1175.2451
478772-NOZ625-11-24-14-02,1119.31
478772-NOZ626-12-27-16-51,1195.6393
478772-NOZ631-12-27-15-23,1179.45
478772-NOZ638-11-23-20-28,1068.8346
478772-NOZ639-11-06-17-43,1194.5001
478772-NOZ639-12-09-17-32,1162.5793
478772-NOZ639-12-16-21-45,1152.0479
478772-NOZ639-12-30-17-42,1177.5747
478772-NOZ64N-12-23-17-53,1258.8163
478772-NOZ6CF-11-11-08-14,1530.2773
478772-NOZ6TC-11-11-17-22,1712.9878
478772-NOZ6TM-12-19-20-36,1223.1797
478772-NOZ9BH-11-17-15-36,1197.1066
478772-NOZ9BH-12-08-15-49,1137.5244
478772-NOZ9BH-12-19-16-57,1253.8112
478772-NOZ9BH-12-20-15-53,1221.9747
47878c-NOZ132-11-08-13-59,554.03894
47878c-NOZ132-11-11-14-02,447.15265
47878c-NOZ133-11-08-15-00,550.80896
47878c-NOZ133-11-11-15-05,552.97107
47878c-NOZ140-11-22-07-20,562.0242
47878c-NOZ140-11-23-06-59,570.02203
47878c-NOZ141-11-22-08-14,1301.5708
47878c-NOZ141-11-23-07-58,1250.6053
47878c-NOZ144-11-22-15-43,569.344
47878c-NOZ145-11-22-16-41,718.3834
47878c-NOZ194-11-27-18-56,1030.1959
47878c-NOZ195-11-27-20-17,991.2415
47878c-NOZ1BG-11-16-06-05,1236.4674
47878c-NOZ1BG-12-14-06-01,1458.0356
47878c-NOZ270-12-27-07-43,913.776
47878c-NOZ2DC-11-10-05-57,554.903
47878c-NOZ2DC-12-07-06-11,575.72437
47878c-NOZ2UC-11-27-16-10,1137.1372
47878c-NOZ345-11-01-09-37,1399.5133
47878c-NOZ345-12-28-09-49,1399.572
47878c-NOZ346-12-27-14-37,1581.0399
47878c-NOZ347-12-27-17-01,1578.2152
47878c-NOZ3JE-11-10-06-57,663.8789
47878c-NOZ3JE-12-07-07-02,519.7534
47878c-NOZ4HF-11-03-06-59,998.7044
47878c-NOZ4HF-11-14-07-09,1088.7188
47878c-NOZ4HF-12-06-07-23,1036.9696
47878c-NOZ4HF-12-08-07-12,1157.5035
47878c-NOZ4RZ-11-01-07-37,1298.8546
47878c-NOZ4RZ-12-28-07-55,1517.1962
47878c-NOZ530-11-15-09-58,989.50885
47878c-NOZ531-11-15-11-10,922.6298
47878c-NOZ534-11-15-12-42,995.45905
47878c-NOZ537-11-15-14-02,1177.3373
47878c-NOZ540-11-15-16-04,1000.5563
47878c-NOZ540-12-13-16-29,1165.55
47878c-NOZ545-11-15-17-31,974.30493
47878c-NOZ545-12-13-17-44,1115.2686
47878c-NOZ56U-11-15-18-55,1447.5331
47878c-NOZ56U-12-13-19-17,1560.4675
47878c-NOZ601-11-03-05-34,971.0486
47878c-NOZ601-11-14-05-33,1071.0203
47878c-NOZ601-12-06-05-32,954.68414
47878c-NOZ601-12-08-05-59,1079.7179
47878c-NOZ602-11-17-06-04,969.18713
47878c-NOZ605-11-02-06-42,1062.8553
47878c-NOZ605-11-07-06-35,1095.7064
47878c-NOZ605-11-09-06-29,1071.6696
47878c-NOZ605-11-11-06-32,1103.0576
47878c-NOZ605-12-12-06-30,1072.6614
47878c-NOZ606-11-02-08-04,1025.0107
47878c-NOZ606-11-07-08-06,1320.5233
47878c-NOZ606-11-09-07-59,1101.7256
47878c-NOZ606-11-11-08-05,1224.7438
47878c-NOZ606-12-12-08-07,988.3149
47878c-NOZ608-11-03-09-47,1098.0287
47878c-NOZ608-11-14-09-46,1143.3475
47878c-NOZ608-12-06-09-43,947.9981
47878c-NOZ608-12-08-09-51,1072.8281
47878c-NOZ609-11-17-07-34,1064.0338
47878c-NOZ611-11-03-08-23,1087.404
47878c-NOZ611-11-14-08-31,1086.8939
47878c-NOZ611-12-06-08-28,1022.88245
47878c-NOZ611-12-08-08-37,1107.0302
47878c-NOZ612-11-03-12-32,1107.0068
47878c-NOZ612-12-06-12-28,1149.9436
47878c-NOZ612-12-08-12-38,1119.0693
47878c-NOZ614-12-11-14-37,1098.2606
47878c-NOZ617-11-03-11-06,1105.6907
47878c-NOZ617-12-06-10-58,1014.42444
47878c-NOZ617-12-08-11-10,1213.655
47878c-NOZ620-11-03-15-24,1193.7742
47878c-NOZ620-12-06-15-30,1013.9215
47878c-NOZ620-12-08-15-31,1083.5991
47878c-NOZ623-12-11-13-06,1050.2137
47878c-NOZ625-11-03-14-02,1226.1871
47878c-NOZ625-12-06-13-50,1082.0409
47878c-NOZ625-12-08-13-58,1148.7137
47878c-NOZ626-11-04-17-02,1171.387
47878c-NOZ626-11-10-16-54,1248.3323
47878c-NOZ626-12-07-16-46,1022.9786
47878c-NOZ626-12-09-16-55,944.3265
47878c-NOZ631-11-04-15-32,1170.968
47878c-NOZ631-11-10-15-32,1045.5024
47878c-NOZ631-12-07-15-31,1084.9905
47878c-NOZ631-12-09-15-26,1259.2815
47878c-NOZ632-11-03-18-07,1187.3478
47878c-NOZ632-12-06-18-17,1083.6461
47878c-NOZ632-12-08-18-11,969.1275
47878c-NOZ637-11-03-16-45,1307.3387
47878c-NOZ637-12-06-16-45,1145.5947
47878c-NOZ637-12-08-16-51,1048.2975
47878c-NOZ638-11-01-20-00,1020.09827
47878c-NOZ638-12-05-20-12,1010.5732
47878c-NOZ639-11-27-17-32,932.25726
47878c-NOZ639-11-30-17-26,1101.7555
47878c-NOZ7C-12-27-08-49,943.79486
47878c-NOZ8GN-11-18-07-11,1118.1536
47878d-NOZ132-11-07-14-02,576.8356
47878d-NOZ132-11-29-13-57,518.71924
47878d-NOZ132-12-29-14-04,520.58386
47878d-NOZ133-11-07-14-53,535.0604
47878d-NOZ133-11-29-14-51,532.70636
47878d-NOZ133-12-29-14-58,565.1844
47878d-NOZ181-11-01-06-03,1037.82
47878d-NOZ181-12-09-06-38,1047.7378
47878d-NOZ182-11-01-07-34,1049.005
47878d-NOZ182-12-09-08-06,1028.7375
47878d-NOZ183-11-01-08-49,997.4642
47878d-NOZ183-12-04-08-06,925.0637
47878d-NOZ183-12-09-09-28,1122.3735
47878d-NOZ183-12-25-10-41,1054.0381
47878d-NOZ191-11-23-17-18,1022.505
47878d-NOZ1BG-11-12-06-04,1371.7762
47878d-NOZ1BG-12-06-06-15,1300.6035
47878d-NOZ1TT-11-15-14-39,1006.69
47878d-NOZ1TT-11-25-14-47,1207.2828
47878d-NOZ271-12-07-06-36,932.6192
47878d-NOZ272-12-04-15-46,1052.7583
47878d-NOZ275-12-04-17-02,782.66064
47878d-NOZ276-12-18-13-42,922.39795
47878d-NOZ277-12-18-15-30,1042.1244
47878d-NOZ278-12-06-19-16,856.6916
47878d-NOZ2KT-12-06-16-26,1209.2919
47878d-NOZ345-11-15-09-32,1208.2745
47878d-NOZ345-11-28-09-43,1445.8333
47878d-NOZ346-11-09-14-35,1536.0872
47878d-NOZ346-11-14-14-40,1499.6884
47878d-NOZ347-11-09-16-32,1566.3121
47878d-NOZ347-11-14-16-37,1413.8148
47878d-NOZ3DB-11-18-18-19,1293.0126
47878d-NOZ3J-11-18-15-26,1286.1064
47878d-NOZ4RZ-11-15-07-36,1372.2041
47878d-NOZ4RZ-11-28-07-46,1488.5159
47878d-NOZ50A-11-08-16-41,1600.8907
47878d-NOZ50A-11-27-16-42,1680.8275
47878d-NOZ50A-12-27-16-50,1446.6539
47878d-NOZ522-11-03-06-02,1117.0392
47878d-NOZ522-11-23-06-34,959.2258
47878d-NOZ525-11-03-07-20,1017.1364
47878d-NOZ525-11-23-07-42,1050.9406
47878d-NOZ530-12-06-10-01,1048.6124
47878d-NOZ531-12-06-11-11,1082.1987
47878d-NOZ534-12-06-12-37,1075.3326
47878d-NOZ537-12-06-13-53,1052.7377
47878d-NOZ540-12-02-16-13,1198.1173
47878d-NOZ545-12-02-17-26,1180.4622
47878d-NOZ55J-11-08-18-37,1273.7379
47878d-NOZ55J-11-27-18-49,1366.8785
47878d-NOZ55J-12-27-18-42,1415.2549
47878d-NOZ56U-11-11-19-08,1682.2949
47878d-NOZ56U-12-05-18-58,1426.529
47878d-NOZ5PY-11-15-16-03,1194.953
47878d-NOZ5PY-11-25-16-11,1148.8513
47878d-NOZ602-11-14-06-06,979.6782
47878d-NOZ602-12-20-07-11,1057.6172
47878d-NOZ605-11-17-06-39,1058.9202
47878d-NOZ606-11-17-08-05,1030.2731
47878d-NOZ606-12-28-08-23,1055.4156
47878d-NOZ607-11-08-07-00,1093.4021
47878d-NOZ607-11-18-07-00,1185.4243
47878d-NOZ607-11-30-06-58,1141.8132
47878d-NOZ608-11-05-09-10,1149.7249
47878d-NOZ608-11-06-09-44,1052.8135
47878d-NOZ608-12-30-09-52,1049.2687
47878d-NOZ609-11-14-07-27,1035.0203
47878d-NOZ609-12-20-08-37,1077.2921
47878d-NOZ611-11-06-08-27,1108.9152
47878d-NOZ611-12-30-08-26,1148.7692
47878d-NOZ612-11-06-12-42,1188.1685
47878d-NOZ612-12-30-12-54,1164.7594
47878d-NOZ617-11-06-11-08,1025.8616
47878d-NOZ617-12-30-11-25,1145.2998
47878d-NOZ620-11-06-15-31,1087.8651
47878d-NOZ620-11-17-15-38,1139.6157
47878d-NOZ620-12-30-15-55,1258.6025
47878d-NOZ625-11-06-14-10,988.9461
47878d-NOZ625-11-17-14-06,1147.1117
47878d-NOZ625-12-30-14-18,1084.5952
47878d-NOZ628-11-15-17-29,1224.4022
47878d-NOZ628-11-25-17-29,1075.6311
47878d-NOZ632-11-06-18-21,1113.3397
47878d-NOZ632-11-07-19-55,1183.9799
47878d-NOZ632-11-17-18-25,1107.3242
47878d-NOZ637-11-06-16-59,1127.762
47878d-NOZ637-11-07-18-29,986.4965
47878d-NOZ637-11-17-16-57,1197.7329
47878d-NOZ638-11-28-20-07,1144.8079
47878d-NOZ645-11-25-18-49,1070.233
47878d-NOZ647-11-06-19-40,1065.5778
47878d-NOZ648-11-06-21-05,1058.5864
47878d-NOZ6TM-12-02-19-02,1003.3048
47878d-NOZ6TM-12-08-19-13,1104.2296
47878d-NOZ9BH-11-23-15-55,1202.278
47878d-NOZ9BH-12-09-16-22,1023.0937
47878d-NOZ9BH-12-21-15-45,1256.1636
4787a0-NOZ140-11-09-07-08,584.3199
4787a0-NOZ141-11-09-08-10,668.5819
4787a0-NOZ142-11-13-12-12,1436.9197
4787a0-NOZ143-11-13-14-38,612.4385
4787a0-NOZ144-11-07-15-51,610.7782
4787a0-NOZ144-11-09-15-50,559.4688
4787a0-NOZ145-11-07-16-47,677.948
4787a0-NOZ145-11-09-16-44,1220.736
4787a0-NOZ181-12-17-10-02,1084.2954
4787a0-NOZ182-12-17-08-30,1195.2317
4787a0-NOZ191-12-27-17-29,1156.2001
4787a0-NOZ1BG-11-29-05-59,1283.7323
4787a0-NOZ1BG-12-03-06-00,1442.4185
4787a0-NOZ1BG-12-20-06-08,1606.8774
4787a0-NOZ1TT-12-08-14-35,1073.5707
4787a0-NOZ270-11-17-07-28,920.4893
4787a0-NOZ270-11-24-07-44,985.44806
4787a0-NOZ270-12-28-08-05,1002.2332
4787a0-NOZ271-11-17-06-10,911.98865
4787a0-NOZ271-11-24-06-09,944.63995
4787a0-NOZ271-11-26-07-34,787.50146
4787a0-NOZ271-12-14-06-28,863.73846
4787a0-NOZ276-12-05-16-52,1065.5565
4787a0-NOZ276-12-15-16-31,828.293
4787a0-NOZ277-12-05-18-09,888.29614
4787a0-NOZ277-12-15-17-53,986.12683
4787a0-NOZ278-11-16-18-57,973.0031
4787a0-NOZ278-11-23-19-29,1135.6157
4787a0-NOZ278-11-25-18-59,1077.9385
4787a0-NOZ278-12-13-19-06,912.7078
4787a0-NOZ2DC-11-30-05-59,571.7645
4787a0-NOZ2DC-12-09-05-56,517.9948
4787a0-NOZ2GH-12-11-15-03,1117.0845
4787a0-NOZ2UC-11-01-16-05,1085.4412
4787a0-NOZ345-12-31-11-23,1635.7092
4787a0-NOZ346-11-11-14-35,1663.7924
4787a0-NOZ346-12-29-16-30,1409.724
4787a0-NOZ347-11-11-16-35,1578.2018
4787a0-NOZ347-12-29-21-05,1464.953
4787a0-NOZ3JE-11-30-06-51,632.28687
4787a0-NOZ3JE-12-09-07-05,550.34924
4787a0-NOZ4RZ-12-31-09-26,1446.1311
4787a0-NOZ50A-12-21-17-11,1490.1102
4787a0-NOZ530-12-13-10-07,827.4451
4787a0-NOZ531-12-13-11-17,908.8647
4787a0-NOZ534-12-13-12-54,995.01056
4787a0-NOZ537-12-13-14-17,861.00397
4787a0-NOZ538-11-03-15-25,1230.1888
4787a0-NOZ538-12-26-15-59,1097.8265
4787a0-NOZ538-12-28-15-34,1011.2201
4787a0-NOZ543-11-03-16-54,1182.8348
4787a0-NOZ543-12-26-17-12,1118.571
4787a0-NOZ546-11-03-18-19,1238.8055
4787a0-NOZ546-12-28-18-39,1041.5322
4787a0-NOZ549-11-03-19-32,939.6125
4787a0-NOZ549-12-28-19-47,1159.7583
4787a0-NOZ55J-12-21-19-15,1586.0204
4787a0-NOZ56U-11-28-18-54,1594.2039
4787a0-NOZ56U-12-02-19-10,1627.9491
4787a0-NOZ56U-12-19-20-06,1614.5626
4787a0-NOZ607-12-01-07-02,1013.2101
4787a0-NOZ607-12-12-07-06,1027.3693
4787a0-NOZ608-12-10-08-59,952.44434
4787a0-NOZ609-12-10-07-36,1091.6158
4787a0-NOZ624-12-11-16-33,1009.3418
4787a0-NOZ626-11-30-16-41,1004.09686
4787a0-NOZ628-12-08-17-41,1076.5706
4787a0-NOZ631-11-30-15-21,1035.282
4787a0-NOZ638-11-29-20-03,1076.0194
4787a0-NOZ638-12-08-20-23,961.8641
4787a0-NOZ639-11-01-17-20,1014.16327
4787a0-NOZ639-11-24-17-28,1048.1371
4787a0-NOZ645-12-08-18-57,1119.681
4787a0-NOZ7C-11-17-08-46,871.5799
4787a0-NOZ7C-11-24-08-55,949.6087
4787a0-NOZ7C-12-28-09-40,930.6503
4787a0-NOZ93E-11-16-17-29,1180.5219
4787b3-NOZ132-12-01-14-05,476.7236
4787b3-NOZ132-12-06-14-06,561.04285
4787b3-NOZ133-12-01-14-56,542.5224
4787b3-NOZ133-12-06-14-53,505.04572
4787b3-NOZ144-12-29-15-16,592.66693
4787b3-NOZ145-12-29-16-12,1199.4955
4787b3-NOZ1BG-12-13-06-01,1377.0677
4787b3-NOZ1TT-12-05-14-43,1114.4753
4787b3-NOZ270-12-05-07-25,893.4422
4787b3-NOZ271-12-05-06-06,909.8334
4787b3-NOZ2DC-11-29-06-06,470.12558
4787b3-NOZ2DC-12-01-06-03,554.5483
4787b3-NOZ345-11-14-10-01,1467.1509
4787b3-NOZ345-11-19-11-22,1447.8423
4787b3-NOZ345-11-22-09-34,1361.6456
4787b3-NOZ346-11-21-14-40,1676.7689
4787b3-NOZ347-11-21-16-38,1588.1893
4787b3-NOZ3JE-11-29-07-01,590.1073
4787b3-NOZ3JE-12-01-06-59,597.93567
4787b3-NOZ3VG-12-05-16-06,1001.41156
4787b3-NOZ4HF-11-28-07-04,1009.58966
4787b3-NOZ4HF-12-07-07-00,1081.8365
4787b3-NOZ4RZ-11-14-07-35,1619.553
4787b3-NOZ4RZ-11-19-09-22,1475.3899
4787b3-NOZ4RZ-11-22-07-50,1613.2297
4787b3-NOZ50A-11-13-16-35,1564.6654
4787b3-NOZ50A-11-17-16-51,1558.1677
4787b3-NOZ521-11-11-05-30,1090.191
4787b3-NOZ523-11-07-06-31,887.7965
4787b3-NOZ524-11-11-07-03,894.7442
4787b3-NOZ525-11-13-11-38,1268.7377
4787b3-NOZ526-11-07-07-57,995.5896
4787b3-NOZ530-11-06-09-36,1121.4614
4787b3-NOZ531-11-06-08-11,1235.3188
4787b3-NOZ532-11-06-12-21,1247.181
4787b3-NOZ532-11-07-11-01,1041.1747
4787b3-NOZ532-12-09-11-16,1254.259
4787b3-NOZ534-11-13-13-21,1148.8683
4787b3-NOZ535-11-06-13-38,1238.3159
4787b3-NOZ535-11-07-12-30,949.9543
4787b3-NOZ535-12-09-12-51,1261.4679
4787b3-NOZ535-12-27-13-02,1150.6847
4787b3-NOZ536-11-07-14-18,927.8168
4787b3-NOZ536-12-09-14-27,1253.7543
4787b3-NOZ536-12-27-14-39,1064.4053
4787b3-NOZ537-11-13-14-43,1285.7172
4787b3-NOZ538-11-04-15-41,1271.5219
4787b3-NOZ538-11-06-15-06,1160.9589
4787b3-NOZ541-11-07-15-45,1120.7163
4787b3-NOZ541-12-09-15-54,1171.4701
4787b3-NOZ541-12-27-15-56,964.3633
4787b3-NOZ543-11-04-17-13,1226.8053
4787b3-NOZ543-11-06-16-42,1217.5253
4787b3-NOZ544-11-06-18-14,1152.765
4787b3-NOZ544-11-07-17-09,1162.5626
4787b3-NOZ546-11-04-18-45,1236.3059
4787b3-NOZ549-11-06-19-36,1265.3633
4787b3-NOZ550-11-06-21-03,1184.0945
4787b3-NOZ55J-11-13-18-43,1620.8779
4787b3-NOZ55J-11-17-18-44,1483.5161
4787b3-NOZ56U-12-12-19-29,1630.3806
4787b3-NOZ5AY-11-06-10-49,1213.9202
4787b3-NOZ5AY-11-07-09-16,1038.2393
4787b3-NOZ601-11-23-05-33,947.416
4787b3-NOZ601-11-28-05-29,1100.7341
4787b3-NOZ601-12-07-05-39,975.38153
4787b3-NOZ602-11-01-06-05,1071.4641
4787b3-NOZ602-11-21-06-04,1164.4102
4787b3-NOZ605-11-24-06-37,1096.8512
4787b3-NOZ605-11-30-06-30,1110.3707
4787b3-NOZ606-11-24-08-26,1022.95514
4787b3-NOZ606-11-30-08-03,1057.7504
4787b3-NOZ607-12-02-07-06,1005.63403
4787b3-NOZ607-12-08-07-20,1035.4489
4787b3-NOZ608-11-23-10-57,1173.2859
4787b3-NOZ608-11-28-09-47,1120.6606
4787b3-NOZ608-12-07-09-42,881.9089
4787b3-NOZ609-11-01-07-26,1016.1804
4787b3-NOZ609-11-21-07-26,1137.2175
4787b3-NOZ611-11-23-08-34,965.1872
4787b3-NOZ611-11-28-08-19,1072.8881
4787b3-NOZ611-12-07-08-18,1062.5548
4787b3-NOZ612-11-23-13-36,1118.073
4787b3-NOZ612-11-28-12-22,998.26306
4787b3-NOZ612-12-03-12-33,1219.0293
4787b3-NOZ612-12-07-12-24,1088.1053
4787b3-NOZ617-11-23-12-07,1177.6663
4787b3-NOZ617-11-28-11-03,1105.4155
4787b3-NOZ617-12-07-10-58,1138.4296
4787b3-NOZ620-11-27-16-12,1165.9241
4787b3-NOZ620-11-28-15-21,1111.5367
4787b3-NOZ620-12-07-15-52,1094.4803
4787b3-NOZ625-11-27-14-32,1127.0502
4787b3-NOZ625-11-28-14-01,1014.38043
4787b3-NOZ625-12-03-14-02,1161.3597
4787b3-NOZ625-12-07-14-04,1089.8096
4787b3-NOZ626-11-23-17-40,1141.651
4787b3-NOZ626-11-24-17-03,1070.5632
4787b3-NOZ626-11-25-16-58,1183.7637
4787b3-NOZ628-12-05-17-29,1024.2568
4787b3-NOZ631-11-23-15-28,917.63416
4787b3-NOZ631-11-24-15-21,1020.40674
4787b3-NOZ631-11-25-15-41,1055.7231
4787b3-NOZ632-11-27-18-52,918.39105
4787b3-NOZ632-11-28-18-10,1279.4283
4787b3-NOZ637-11-27-17-31,966.6155
4787b3-NOZ637-11-28-16-39,977.56854
4787b3-NOZ637-12-07-16-55,1041.6713
4787b3-NOZ638-11-22-20-25,1245.8699
4787b3-NOZ647-11-27-20-17,832.191
4787b3-NOZ648-11-27-21-37,938.162
4787b3-NOZ6TM-12-21-19-56,1315.0358
4787b3-NOZ7C-12-05-08-41,918.9233
4787b3-NOZ8C-12-04-21-08,1117.3019
4787b3-NOZ9BH-12-04-12-17,1115.7648
4791ac-NOZ132-11-17-14-04,528.91626
4791ac-NOZ133-11-17-15-09,525.319
4791ac-NOZ140-11-10-07-06,1320.9364
4791ac-NOZ140-11-11-07-13,559.0858
4791ac-NOZ141-11-10-08-06,546.923
4791ac-NOZ141-11-11-08-08,534.4311
4791ac-NOZ144-11-24-15-12,591.61206
4791ac-NOZ145-11-24-16-08,623.12146
4791ac-NOZ183-11-20-07-53,920.6377
4791ac-NOZ191-11-16-17-08,1068.4127
4791ac-NOZ1BG-11-08-06-25,1360.035
4791ac-NOZ1TT-11-27-14-34,1056.044
4791ac-NOZ1TT-11-29-14-36,955.3805
4791ac-NOZ270-11-18-07-22,1012.2399
4791ac-NOZ270-11-22-09-01,1017.491
4791ac-NOZ271-11-22-07-54,1010.06494
4791ac-NOZ272-11-20-15-39,967.89764
4791ac-NOZ275-11-20-16-48,907.2912
4791ac-NOZ278-11-21-19-01,924.05634
4791ac-NOZ2BE-11-13-12-33,1527.4298
4791ac-NOZ2KT-12-23-16-32,1149.3549
4791ac-NOZ2UC-12-12-16-22,976.9819
4791ac-NOZ345-11-13-10-22,1322.1293
4791ac-NOZ345-11-23-09-57,1354.8445
4791ac-NOZ345-12-09-10-04,1442.7769
4791ac-NOZ346-11-22-14-28,1290.6342
4791ac-NOZ347-11-22-16-32,1602.4832
4791ac-NOZ357-12-23-23-01,1282.4774
4791ac-NOZ4RZ-11-13-08-17,1527.9171
4791ac-NOZ4RZ-11-23-08-25,1216.638
4791ac-NOZ4RZ-12-09-07-50,1395.7738
4791ac-NOZ50A-12-09-17-14,1580.0405
4791ac-NOZ50A-12-19-17-19,1516.2704
4791ac-NOZ521-11-02-05-28,1047.2717
4791ac-NOZ521-11-03-05-26,1077.534
4791ac-NOZ522-11-15-06-01,924.6637
4791ac-NOZ522-12-15-06-32,1086.6587
4791ac-NOZ522-12-22-06-16,1136.9882
4791ac-NOZ523-11-04-06-31,1204.4136
4791ac-NOZ523-11-06-06-30,992.99713
4791ac-NOZ524-11-02-07-11,962.9282
4791ac-NOZ524-11-03-07-01,1190.157
4791ac-NOZ525-11-15-07-18,961.0329
4791ac-NOZ525-12-15-07-45,1177.8965
4791ac-NOZ525-12-22-07-30,1016.5875
4791ac-NOZ526-11-04-08-04,1089.7124
4791ac-NOZ530-11-01-09-55,854.16833
4791ac-NOZ532-11-04-11-06,1243.2136
4791ac-NOZ535-11-04-12-52,1211.7538
4791ac-NOZ536-11-04-14-25,1144.5492
4791ac-NOZ538-11-30-15-21,893.2262
4791ac-NOZ540-11-18-16-19,1007.4213
4791ac-NOZ540-11-21-16-10,937.06573
4791ac-NOZ541-11-04-16-15,1215.1757
4791ac-NOZ543-11-30-16-41,974.90216
4791ac-NOZ544-11-04-17-41,1150.6577
4791ac-NOZ545-11-18-17-31,1082.9653
4791ac-NOZ545-11-21-17-25,981.70404
4791ac-NOZ546-11-30-18-18,927.7977
4791ac-NOZ549-11-30-19-31,915.8288
4791ac-NOZ55J-12-09-19-07,1552.1989
4791ac-NOZ55J-12-19-19-51,1548.8556
4791ac-NOZ56U-11-07-18-54,1486.4894
4791ac-NOZ56U-12-23-20-48,1504.4958
4791ac-NOZ5AY-11-04-09-20,1181.5316
4791ac-NOZ5PY-11-27-16-06,1087.1179
4791ac-NOZ5PY-11-29-16-07,930.38324
4791ac-NOZ601-11-18-05-40,1062.3911
4791ac-NOZ612-11-17-12-44,1184.9932
4791ac-NOZ628-11-27-17-29,1004.0696
4791ac-NOZ628-11-29-17-28,984.7773
4791ac-NOZ628-12-29-18-14,1279.5271
4791ac-NOZ634-12-04-20-31,1022.3534
4791ac-NOZ639-12-12-17-36,1091.3551
4791ac-NOZ645-11-27-18-49,1120.261
4791ac-NOZ645-11-29-18-46,948.0198
4791ac-NOZ645-12-05-18-55,947.0488
4791ac-NOZ645-12-29-19-35,1078.0182
4791ac-NOZ6TC-11-13-17-17,1539.975
4791ac-NOZ6TM-11-18-19-02,1057.7856
4791ac-NOZ7C-11-18-08-40,837.38165
4791ac-NOZ7C-11-22-10-37,906.7177
4791ac-NOZ9BH-11-16-15-40,1029.919
4791dd-NOZ140-11-03-07-11,511.7264
4791dd-NOZ141-11-03-08-10,572.96564
4791dd-NOZ142-11-06-13-41,607.0634
4791dd-NOZ143-11-06-14-34,573.4407
4791dd-NOZ144-11-04-15-48,673.79224
4791dd-NOZ145-11-04-16-48,563.16486
4791dd-NOZ181-11-21-06-12,1155.049
4791dd-NOZ181-11-22-06-03,1005.49066
4791dd-NOZ182-11-09-07-35,1072.0238
4791dd-NOZ182-11-21-07-36,1051.0088
4791dd-NOZ182-11-22-07-50,1049.1201
4791dd-NOZ183-11-21-08-51,1129.3575
4791dd-NOZ183-11-22-08-58,981.8861
4791dd-NOZ183-12-27-09-37,1122.4491
4791dd-NOZ191-11-24-17-10,1119.5118
4791dd-NOZ191-12-06-17-02,1007.1336
4791dd-NOZ1BG-11-24-06-09,1432.6615
4791dd-NOZ1TT-11-10-14-34,1170.3273
4791dd-NOZ1TT-11-11-14-36,1202.0469
4791dd-NOZ1TT-11-28-14-34,1137.5852
4791dd-NOZ1TT-12-01-14-47,1069.2063
4791dd-NOZ270-11-10-07-30,836.2169
4791dd-NOZ270-11-15-07-27,957.5359
4791dd-NOZ270-11-28-07-30,929.3674
4791dd-NOZ270-12-01-07-28,968.8868
4791dd-NOZ271-11-10-06-07,1075.3572
4791dd-NOZ271-11-15-06-01,910.47266
4791dd-NOZ271-11-19-08-07,912.96246
4791dd-NOZ271-11-28-06-06,965.5274
4791dd-NOZ271-12-01-06-10,904.3929
4791dd-NOZ271-12-22-06-11,961.97595
4791dd-NOZ276-11-08-15-55,1058.8524
4791dd-NOZ276-12-11-13-44,1003.49475
4791dd-NOZ277-11-08-17-21,911.39874
4791dd-NOZ277-12-11-14-56,899.6242
4791dd-NOZ278-11-09-18-57,917.5038
4791dd-NOZ278-11-14-18-58,890.2722
4791dd-NOZ278-11-18-19-20,1156.6671
4791dd-NOZ278-11-30-18-57,886.0207
4791dd-NOZ278-12-21-20-03,1020.31964
4791dd-NOZ2DC-12-05-06-14,595.21985
4791dd-NOZ345-11-16-09-30,1284.7274
4791dd-NOZ345-11-17-11-53,1405.7977
4791dd-NOZ345-12-13-09-38,1486.8048
4791dd-NOZ345-12-22-09-54,1585.8094
4791dd-NOZ346-11-15-14-34,1487.6047
4791dd-NOZ347-11-15-16-31,1505.011
4791dd-NOZ3JE-12-05-07-01,611.12665
4791dd-NOZ4RZ-11-16-07-34,1266.4789
4791dd-NOZ4RZ-11-17-07-49,1439.6534
4791dd-NOZ4RZ-12-13-07-42,1366.6615
4791dd-NOZ4RZ-12-22-07-46,1523.0116
4791dd-NOZ50A-12-30-17-20,1506.4958
4791dd-NOZ530-11-24-10-05,1243.0482
4791dd-NOZ531-11-24-11-21,1071.2205
4791dd-NOZ534-11-24-12-46,1154.8986
4791dd-NOZ536-11-13-14-15,1152.9238
4791dd-NOZ537-11-24-14-02,1077.5145
4791dd-NOZ540-11-14-16-05,848.06244
4791dd-NOZ541-11-13-15-42,1247.3726
4791dd-NOZ545-11-14-17-19,882.15283
4791dd-NOZ55J-12-30-19-49,1593.0754
4791dd-NOZ56U-11-23-20-32,1520.3232
4791dd-NOZ5PY-11-10-16-05,1146.5637
4791dd-NOZ5PY-11-11-16-09,1107.9548
4791dd-NOZ5PY-11-28-16-02,1058.9565
4791dd-NOZ5PY-12-01-16-04,1072.8389
4791dd-NOZ607-12-06-07-12,1096.4104
4791dd-NOZ608-12-04-09-59,1189.9545
4791dd-NOZ611-12-04-08-38,1013.6165
4791dd-NOZ612-12-04-12-46,1143.3284
4791dd-NOZ617-12-04-11-11,1119.3463
4791dd-NOZ620-12-04-15-35,1137.0028
4791dd-NOZ625-12-04-14-16,1088.5671
4791dd-NOZ626-12-02-17-01,1033.8484
4791dd-NOZ626-12-05-16-46,1016.10626
4791dd-NOZ628-11-10-17-30,1227.9894
4791dd-NOZ628-11-11-17-30,1129.0813
4791dd-NOZ628-11-28-17-28,1036.3997
4791dd-NOZ631-12-02-15-27,1142.1252
4791dd-NOZ631-12-05-15-21,962.9214
4791dd-NOZ632-12-04-18-14,1112.6095
4791dd-NOZ637-12-04-16-50,1107.0997
4791dd-NOZ638-12-01-20-15,1080.9563
4791dd-NOZ645-11-10-18-57,1210.4451
4791dd-NOZ645-11-11-18-53,1143.3693
4791dd-NOZ645-11-28-18-42,1191.2682
4791dd-NOZ647-12-04-19-27,1135.4728
4791dd-NOZ648-12-04-21-03,987.19293
4791dd-NOZ6TM-11-08-18-48,1234.5851
4791dd-NOZ6TM-11-20-20-20,1133.6927
4791dd-NOZ6TM-11-21-18-46,1066.5228
4791dd-NOZ7C-11-10-08-39,1097.5455
4791dd-NOZ7C-11-15-08-35,911.4383
4791dd-NOZ7C-11-28-08-42,978.7948
4791dd-NOZ7C-12-01-08-38,813.09045
4791dd-NOZ8C-11-27-20-58,1044.7589
4791dd-NOZ9BH-11-21-15-58,1026.7195
4791dd-NOZ9BH-11-24-15-51,1189.8324
4791dd-NOZ9BH-11-27-12-25,1098.973
47921c-NOZ132-11-04-14-08,559.1402
47921c-NOZ133-11-04-16-06,659.77576
47921c-NOZ140-12-13-11-57,551.2254
47921c-NOZ140-12-14-07-25,569.9644
47921c-NOZ141-12-13-13-10,679.2812
47921c-NOZ141-12-14-08-19,691.4753
47921c-NOZ144-11-23-16-00,550.2884
47921c-NOZ144-11-25-15-50,594.3922
47921c-NOZ144-11-28-15-40,640.9789
47921c-NOZ144-12-14-15-47,553.80835
47921c-NOZ145-11-23-17-00,572.03503
47921c-NOZ145-11-25-16-44,1307.7222
47921c-NOZ1BG-11-18-06-08,1531.181
47921c-NOZ1TT-11-03-14-38,1210.9087
47921c-NOZ345-12-08-09-39,1531.5768
47921c-NOZ345-12-26-10-26,1556.2008
47921c-NOZ346-11-20-14-43,1494.7828
47921c-NOZ346-12-22-15-46,1562.4667
47921c-NOZ347-11-20-16-44,1338.8596
47921c-NOZ347-12-22-17-51,1639.3846
47921c-NOZ44A-12-31-08-07,1112.4259
47921c-NOZ4HF-11-17-07-02,1149.0671
47921c-NOZ4RZ-12-08-07-38,1433.5204
47921c-NOZ4RZ-12-26-08-36,1442.3738
47921c-NOZ50A-11-10-16-42,1565.9104
47921c-NOZ50A-12-20-17-27,1580.2327
47921c-NOZ50A-12-28-18-12,1344.687
47921c-NOZ521-11-14-05-33,1024.8973
47921c-NOZ523-11-09-06-25,1099.9551
47921c-NOZ523-11-15-06-24,1028.0284
47921c-NOZ523-11-16-06-37,1051.0885
47921c-NOZ524-11-14-06-56,897.57434
47921c-NOZ526-11-09-07-54,1126.1793
47921c-NOZ526-11-15-08-01,1030.9164
47921c-NOZ526-11-16-07-59,1074.8052
47921c-NOZ530-11-13-09-27,1205.9204
47921c-NOZ531-11-13-07-54,1171.1936
47921c-NOZ532-11-09-11-03,975.3183
47921c-NOZ532-11-13-12-39,1207.9146
47921c-NOZ532-11-15-11-03,1015.27856
47921c-NOZ532-11-16-10-59,1015.8103
47921c-NOZ535-11-09-12-29,963.094
47921c-NOZ535-11-13-13-57,1251.1582
47921c-NOZ535-11-15-12-29,856.50696
47921c-NOZ535-11-16-12-36,1085.0598
47921c-NOZ536-11-09-14-14,907.45734
47921c-NOZ536-11-15-14-20,980.12775
47921c-NOZ538-11-11-15-33,1088.0597
47921c-NOZ538-11-13-15-22,1206.2142
47921c-NOZ541-11-09-15-39,983.83105
47921c-NOZ541-11-15-15-45,1066.7781
47921c-NOZ543-11-11-16-55,1185.686
47921c-NOZ543-11-13-16-49,1192.062
47921c-NOZ544-11-09-17-09,1049.1306
47921c-NOZ544-11-15-17-11,1264.5719
47921c-NOZ546-11-11-18-17,1233.3464
47921c-NOZ547-11-09-18-25,890.1971
47921c-NOZ547-11-15-18-31,1008.7519
47921c-NOZ549-11-13-19-34,1222.7051
47921c-NOZ550-11-08-19-59,1149.066
47921c-NOZ550-11-13-21-02,1064.5636
47921c-NOZ550-11-15-19-54,1071.3165
47921c-NOZ55J-11-10-18-45,1234.5828
47921c-NOZ55J-12-20-19-28,1609.5078
47921c-NOZ55J-12-28-20-30,1515.2773
47921c-NOZ56U-11-17-19-00,1549.2566
47921c-NOZ5AY-11-09-09-19,1000.70416
47921c-NOZ5AY-11-13-11-05,1181.7361
47921c-NOZ5AY-11-15-09-19,1125.7493
47921c-NOZ5AY-11-16-09-18,1002.2509
47921c-NOZ5PY-11-03-16-03,1139.4109
47921c-NOZ601-11-17-05-32,847.40436
47921c-NOZ602-12-19-06-20,949.72736
47921c-NOZ602-12-21-06-37,1111.6915
47921c-NOZ605-11-04-06-52,1146.9465
47921c-NOZ606-11-04-08-16,954.844
47921c-NOZ608-11-17-09-51,983.0006
47921c-NOZ609-11-05-07-39,1066.6144
47921c-NOZ609-12-19-07-41,1133.8761
47921c-NOZ609-12-21-08-01,1106.5488
47921c-NOZ611-11-17-08-25,1134.3141
47921c-NOZ628-11-03-17-31,1080.3081
47921c-NOZ638-11-03-20-11,1169.9913
47921c-NOZ638-11-16-20-09,1134.7756
47921c-NOZ639-12-08-18-48,1080.2761
47921c-NOZ645-11-03-18-48,1109.7467
47921c-NOZ64N-12-15-17-01,1252.0762
479227-NOZ132-11-15-14-05,527.09216
479227-NOZ132-11-21-14-05,580.19305
479227-NOZ133-11-15-15-05,481.6189
479227-NOZ133-11-21-14-52,469.27808
479227-NOZ140-11-15-07-16,544.7593
479227-NOZ141-11-15-08-09,575.39087
479227-NOZ1BG-11-01-06-04,1368.246
479227-NOZ1BG-11-19-06-02,1265.5703
479227-NOZ1BG-12-22-06-09,1380.9191
479227-NOZ1TT-11-02-14-31,1035.59
479227-NOZ1TT-11-20-14-38,1036.4655
479227-NOZ1TT-12-14-14-43,996.23065
479227-NOZ1TT-12-22-15-40,1082.4021
479227-NOZ1TT-12-29-15-47,1037.4197
479227-NOZ2FV-12-17-15-43,1041.7324
479227-NOZ2UC-11-10-16-09,1170.5399
479227-NOZ345-11-11-09-55,1682.363
479227-NOZ346-11-03-14-35,1584.9491
479227-NOZ346-11-07-14-45,1601.2563
479227-NOZ347-11-03-16-36,1420.851
479227-NOZ347-11-07-16-42,1481.7366
479227-NOZ3J-11-17-15-46,1200.1357
479227-NOZ3LH-12-15-20-00,810.52515
479227-NOZ3TV-12-17-17-11,1272.8018
479227-NOZ3VG-12-22-17-14,1144.308
479227-NOZ3VG-12-29-17-13,1118.234
479227-NOZ47Y-11-16-19-32,1018.43414
479227-NOZ4HF-11-16-07-12,986.7087
479227-NOZ4RZ-11-11-07-48,1345.4117
479227-NOZ50A-11-11-16-37,1536.647
479227-NOZ50A-12-07-16-47,1350.0652
479227-NOZ522-11-09-05-57,854.7163
479227-NOZ522-12-06-06-20,838.28973
479227-NOZ525-11-09-07-17,1124.5486
479227-NOZ525-12-06-07-40,1107.855
479227-NOZ532-12-24-10-47,1037.5543
479227-NOZ534-12-21-12-43,1011.44965
479227-NOZ537-12-21-14-04,911.8804
479227-NOZ538-12-12-15-53,977.2148
479227-NOZ538-12-20-15-34,1301.775
479227-NOZ540-11-13-16-18,912.0126
479227-NOZ540-11-23-17-01,977.74896
479227-NOZ540-12-21-16-24,1043.5142
479227-NOZ543-12-12-17-09,1030.9528
479227-NOZ543-12-20-16-53,1166.9019
479227-NOZ545-11-13-17-36,1147.4651
479227-NOZ545-11-23-18-23,927.9836
479227-NOZ545-12-21-17-48,1208.3506
479227-NOZ546-11-13-19-03,884.4129
479227-NOZ546-12-12-18-25,1018.75616
479227-NOZ549-12-12-19-35,1026.362
479227-NOZ555-11-13-20-28,1100.5542
479227-NOZ55J-11-11-18-36,1486.3937
479227-NOZ55J-12-07-18-38,1395.843
479227-NOZ56U-11-18-19-10,1521.8406
479227-NOZ56U-12-21-20-16,1632.5464
479227-NOZ5PY-11-02-16-08,993.2443
479227-NOZ5PY-11-20-16-02,1156.975
479227-NOZ602-11-02-06-02,985.4307
479227-NOZ602-11-07-06-01,957.6925
479227-NOZ602-12-08-06-14,958.56604
479227-NOZ602-12-13-08-23,1083.7546
479227-NOZ602-12-14-06-13,949.50183
479227-NOZ605-11-22-06-33,991.052
479227-NOZ606-11-22-08-25,949.08765
479227-NOZ607-12-16-07-24,906.99835
479227-NOZ607-12-23-07-17,1090.6033
479227-NOZ608-11-16-09-42,1019.0647
479227-NOZ609-11-02-07-39,1160.3175
479227-NOZ609-11-07-07-29,1002.2423
479227-NOZ609-12-08-07-33,1081.3141
479227-NOZ609-12-13-12-55,1123.3164
479227-NOZ609-12-14-07-56,1012.08453
479227-NOZ611-11-16-08-25,1050.07
479227-NOZ612-11-16-12-30,974.14655
479227-NOZ612-11-26-12-31,1066.5757
479227-NOZ612-12-17-12-50,1111.3905
479227-NOZ617-11-16-11-06,1012.54407
479227-NOZ620-11-16-15-35,1079.9739
479227-NOZ625-11-16-14-09,1174.8971
479227-NOZ625-11-26-13-57,1036.1171
479227-NOZ625-12-17-14-07,1153.8269
479227-NOZ628-11-02-17-29,1033.8104
479227-NOZ628-11-20-17-35,1115.2828
479227-NOZ628-12-14-17-29,1042.9321
479227-NOZ628-12-22-18-53,1135.8545
479227-NOZ637-11-16-16-47,1114.097
479227-NOZ638-11-20-20-41,998.25494
479227-NOZ638-12-22-21-57,1054.658
479227-NOZ639-11-10-17-35,1111.2665
479227-NOZ645-11-02-18-46,955.8676
479227-NOZ645-11-15-19-05,1146.9689
479227-NOZ645-11-20-18-52,1118.3983
479227-NOZ645-12-14-18-48,1024.8739
479227-NOZ645-12-22-20-20,1082.7784
479227-NOZ6CF-11-19-08-28,1611.0934
479227-NOZ8GN-11-17-07-09,1149.6996
479227-NOZ8ME-11-16-18-20,1188.6643
4792a6-NOZ132-11-14-14-05,536.7426
4792a6-NOZ133-11-14-15-26,597.7521
4792a6-NOZ140-11-30-07-02,525.6289
4792a6-NOZ140-12-01-06-59,1159.2783
4792a6-NOZ141-11-30-07-54,1239.1016
4792a6-NOZ141-12-01-08-00,622.0323
4792a6-NOZ144-11-15-15-42,521.215
4792a6-NOZ144-11-30-15-44,582.9968
4792a6-NOZ145-11-15-16-38,1164.9628
4792a6-NOZ145-11-30-16-48,1171.7808
4792a6-NOZ164-11-11-06-09,1262.6746
4792a6-NOZ191-11-06-13-41,1081.3326
4792a6-NOZ191-12-18-14-40,1100.3789
4792a6-NOZ1BG-11-04-06-09,1594.8312
4792a6-NOZ1KD-11-16-14-04,1095.9065
4792a6-NOZ1TD-11-10-21-10,720.4369
4792a6-NOZ1TT-11-07-14-32,1117.2688
4792a6-NOZ1TT-12-19-14-56,1203.9749
4792a6-NOZ270-11-02-07-22,875.6799
4792a6-NOZ270-11-07-07-25,891.67505
4792a6-NOZ270-12-06-08-42,960.45245
4792a6-NOZ270-12-29-08-19,974.91327
4792a6-NOZ271-11-07-06-08,893.88367
4792a6-NOZ271-12-06-06-41,792.3854
4792a6-NOZ271-12-19-06-26,916.80975
4792a6-NOZ278-12-05-18-55,897.081
4792a6-NOZ2DC-11-17-06-03,520.6127
4792a6-NOZ2DC-11-18-05-59,528.55145
4792a6-NOZ2GH-11-20-15-01,1069.1772
4792a6-NOZ345-11-25-09-42,1572.0347
4792a6-NOZ346-11-02-14-34,1402.3042
4792a6-NOZ346-11-04-14-36,1477.5443
4792a6-NOZ346-12-15-14-47,1610.2133
4792a6-NOZ346-12-16-16-20,1605.0549
4792a6-NOZ346-12-30-14-46,1553.5199
4792a6-NOZ347-11-02-16-31,1448.0453
4792a6-NOZ347-11-04-16-29,1518.045
4792a6-NOZ347-12-15-16-45,1468.8267
4792a6-NOZ347-12-16-19-04,1679.15
4792a6-NOZ347-12-30-17-50,1597.6215
4792a6-NOZ3JE-11-17-07-00,512.7559
4792a6-NOZ3JE-11-18-07-00,430.6149
4792a6-NOZ3VG-12-19-16-17,1149.8417
4792a6-NOZ4RZ-11-25-07-39,1552.0916
4792a6-NOZ50A-11-25-16-42,1526.318
4792a6-NOZ522-12-08-06-12,1077.7417
4792a6-NOZ522-12-20-06-35,1000.45844
4792a6-NOZ525-12-08-08-03,1177.1155
4792a6-NOZ525-12-20-07-45,1118.6943
4792a6-NOZ526-11-10-08-19,962.4995
4792a6-NOZ530-11-08-09-45,928.97925
4792a6-NOZ530-11-23-10-59,938.0734
4792a6-NOZ531-11-08-11-06,1020.79944
4792a6-NOZ531-11-23-12-10,928.58954
4792a6-NOZ532-11-10-10-59,931.6422
4792a6-NOZ532-12-13-11-00,888.16656
4792a6-NOZ534-11-08-12-37,867.46106
4792a6-NOZ534-11-23-13-43,994.4248
4792a6-NOZ535-11-10-12-28,1107.3204
4792a6-NOZ535-12-13-12-42,890.1661
4792a6-NOZ536-11-10-14-19,1026.3635
4792a6-NOZ536-11-27-14-21,1067.4656
4792a6-NOZ536-12-13-14-18,882.93097
4792a6-NOZ537-11-08-13-56,1126.0284
4792a6-NOZ537-11-23-15-08,1111.1282
4792a6-NOZ538-12-06-15-31,913.32385
4792a6-NOZ538-12-07-15-32,961.85535
4792a6-NOZ540-12-05-16-12,897.17084
4792a6-NOZ541-11-10-15-43,1197.5804
4792a6-NOZ541-11-27-15-44,1138.9464
4792a6-NOZ541-12-13-15-43,861.76917
4792a6-NOZ543-12-06-16-55,1147.6621
4792a6-NOZ543-12-07-16-44,1141.6216
4792a6-NOZ544-11-10-17-14,1063.9196
4792a6-NOZ544-12-13-17-25,928.6418
4792a6-NOZ545-12-05-17-28,1079.2197
4792a6-NOZ546-12-06-18-12,881.541
4792a6-NOZ546-12-07-18-19,1043.361
4792a6-NOZ547-11-10-18-33,938.9098
4792a6-NOZ547-12-13-18-38,925.31824
4792a6-NOZ549-12-06-19-25,1156.8524
4792a6-NOZ549-12-07-19-27,1016.1857
4792a6-NOZ550-11-10-19-55,1106.7831
4792a6-NOZ55J-11-25-18-41,1417.8197
4792a6-NOZ56U-11-03-19-04,1590.0594
4792a6-NOZ5AY-11-10-09-32,1036.4185
4792a6-NOZ5PY-11-07-15-58,957.2058
4792a6-NOZ602-11-23-06-46,1015.6645
4792a6-NOZ605-11-10-06-30,1102.4677
4792a6-NOZ605-11-14-06-30,1092.0625
4792a6-NOZ606-11-14-08-04,1041.6986
4792a6-NOZ609-11-23-07-54,1059.0747
4792a6-NOZ612-12-31-12-34,1195.4956
4792a6-NOZ614-11-13-13-49,1172.5667
4792a6-NOZ623-11-13-12-31,1065.9701
4792a6-NOZ625-12-31-13-58,990.92535
4792a6-NOZ626-11-11-16-52,1235.7489
4792a6-NOZ626-11-13-17-05,1150.4569
4792a6-NOZ626-11-17-16-47,1031.1833
4792a6-NOZ628-11-07-17-32,1163.1693
4792a6-NOZ631-11-11-15-20,1038.7666
4792a6-NOZ631-11-13-15-30,1093.6738
4792a6-NOZ631-11-17-15-24,1131.6486
4792a6-NOZ632-11-16-18-18,981.10364
4792a6-NOZ634-11-13-19-51,1150.152
4792a6-NOZ638-11-09-20-06,1073.9767
4792a6-NOZ643-11-13-18-25,1065.1155
4792a6-NOZ645-11-07-18-53,1055.5083
4792a6-NOZ7C-11-02-08-37,921.1721
4792a6-NOZ7C-11-07-08-44,921.0131
4792a6-NOZ7C-12-06-09-57,838.8015
4792a6-NOZ7C-12-29-09-33,853.6923
4792a6-NOZ8C-11-06-21-23,909.38837
4792a6-NOZ8C-12-18-22-03,1025.5627
4792a6-NOZ8ME-12-18-19-01,1268.5465
4792a6-NOZ9BH-11-06-12-14,1187.8398
4792a6-NOZ9BH-12-18-12-46,1235.0072
4792d3-NOZ181-11-19-08-53,1094.1323
4792d3-NOZ181-12-05-06-04,1115.9366
4792d3-NOZ181-12-06-06-05,925.48065
4792d3-NOZ182-11-19-07-27,1094.9935
4792d3-NOZ182-12-05-07-46,1098.9972
4792d3-NOZ183-12-05-09-06,971.9389
4792d3-NOZ183-12-06-09-25,1010.23596
4792d3-NOZ191-12-02-17-12,1160.4232
4792d3-NOZ191-12-05-17-11,1000.6865
4792d3-NOZ191-12-11-14-32,1117.207
4792d3-NOZ1BG-11-05-06-05,1500.6268
4792d3-NOZ1BG-11-26-06-06,1360.4404
4792d3-NOZ1BG-11-30-06-00,1286.631
4792d3-NOZ1TT-11-21-14-43,998.3649
4792d3-NOZ1TT-12-12-14-37,1021.71985
4792d3-NOZ1TT-12-18-14-45,1031.2001
4792d3-NOZ1TT-12-28-14-40,1053.4321
4792d3-NOZ270-11-21-08-03,895.97894
4792d3-NOZ270-12-12-07-34,1074.3091
4792d3-NOZ271-11-21-06-19,831.8958
4792d3-NOZ271-11-23-06-08,960.0967
4792d3-NOZ271-12-12-06-04,854.1871
4792d3-NOZ276-11-18-16-09,979.7927
4792d3-NOZ276-12-09-17-36,1063.6797
4792d3-NOZ277-11-18-18-14,814.8048
4792d3-NOZ277-12-09-19-02,884.0444
4792d3-NOZ278-11-22-19-15,1086.1002
4792d3-NOZ2FV-12-10-16-13,1123.5837
4792d3-NOZ2UC-12-15-16-34,1023.35864
4792d3-NOZ345-11-03-09-51,1565.7281
4792d3-NOZ345-12-20-10-33,1327.1976
4792d3-NOZ346-12-07-14-47,1468.4646
4792d3-NOZ346-12-08-14-58,1343.2386
4792d3-NOZ346-12-19-14-55,1553.2102
4792d3-NOZ347-12-07-16-43,1408.217
4792d3-NOZ347-12-08-16-50,1460.8186
4792d3-NOZ347-12-19-17-11,1422.6869
4792d3-NOZ3TV-12-10-17-26,936.7302
4792d3-NOZ3VG-12-12-16-03,1025.8328
4792d3-NOZ3VG-12-18-16-06,1145.9346
4792d3-NOZ3VG-12-28-16-06,1045.3439
4792d3-NOZ40A-12-09-13-57,1057.2395
4792d3-NOZ4RZ-11-03-07-58,1681.703
4792d3-NOZ4RZ-12-20-08-08,1456.452
4792d3-NOZ50A-12-13-17-00,1607.3151
4792d3-NOZ522-11-16-06-00,984.6529
4792d3-NOZ522-12-01-06-02,1000.3902
4792d3-NOZ523-12-21-06-32,1130.6901
4792d3-NOZ523-12-22-06-34,1128.5074
4792d3-NOZ525-11-16-07-31,938.3485
4792d3-NOZ525-12-01-07-22,892.92896
4792d3-NOZ526-12-21-08-20,1157.4368
4792d3-NOZ526-12-22-08-07,1050.8374
4792d3-NOZ530-11-22-10-15,922.51807
4792d3-NOZ531-11-22-11-24,1064.7748
4792d3-NOZ532-12-21-11-07,1151.7551
4792d3-NOZ532-12-22-11-05,1000.1899
4792d3-NOZ534-11-22-12-43,851.8336
4792d3-NOZ534-12-20-12-46,1147.4257
4792d3-NOZ535-12-21-12-37,997.7091
4792d3-NOZ535-12-22-12-35,1081.8597
4792d3-NOZ536-12-21-14-21,978.29553
4792d3-NOZ536-12-22-14-57,1166.6003
4792d3-NOZ537-11-22-14-04,968.2845
4792d3-NOZ538-11-24-15-29,1083.192
4792d3-NOZ540-11-29-16-05,899.88336
4792d3-NOZ541-12-21-15-45,1041.9644
4792d3-NOZ541-12-22-16-38,1132.184
4792d3-NOZ543-11-24-16-41,1114.663
4792d3-NOZ544-12-21-17-26,1130.5509
4792d3-NOZ545-11-29-17-27,899.75037
4792d3-NOZ546-11-24-18-34,1108.3817
4792d3-NOZ547-12-21-18-38,1172.7188
4792d3-NOZ549-11-24-19-40,1037.7982
4792d3-NOZ550-12-21-20-49,1123.0117
4792d3-NOZ55J-12-13-18-42,1286.6174
4792d3-NOZ56U-11-04-19-07,1328.1923
4792d3-NOZ56U-11-25-19-07,1364.2706
4792d3-NOZ56U-11-29-18-54,1477.4315
4792d3-NOZ5AY-12-21-09-33,1157.2592
4792d3-NOZ5AY-12-22-09-25,1056.6968
4792d3-NOZ5PY-11-21-16-11,1137.0792
4792d3-NOZ5PY-11-30-15-53,1060.471
4792d3-NOZ602-11-24-06-29,1016.98895
4792d3-NOZ602-11-29-06-08,985.841
4792d3-NOZ605-12-15-07-09,1167.944
4792d3-NOZ606-12-15-08-39,1006.87
4792d3-NOZ607-12-19-07-13,1043.9706
4792d3-NOZ609-11-24-07-48,1270.7368
4792d3-NOZ609-11-29-07-24,1140.6476
4792d3-NOZ625-12-10-14-57,984.66223
4792d3-NOZ628-11-21-17-41,1016.0985
4792d3-NOZ628-11-30-17-26,968.03937
4792d3-NOZ628-12-12-17-39,915.5289
4792d3-NOZ628-12-18-17-31,983.94366
4792d3-NOZ628-12-28-17-38,1072.8594
4792d3-NOZ638-12-14-20-23,1068.1321
4792d3-NOZ638-12-18-20-14,1017.63513
4792d3-NOZ639-11-17-17-31,1002.2801
4792d3-NOZ639-12-15-17-49,1022.1716
4792d3-NOZ645-11-21-18-52,1130.1887
4792d3-NOZ645-11-30-18-42,1077.2089
4792d3-NOZ645-12-12-18-57,1019.8541
4792d3-NOZ645-12-18-18-54,1066.3041
4792d3-NOZ645-12-28-18-53,1070.398
4792d3-NOZ68L-11-11-19-26,1622.4323
4792d3-NOZ6TM-12-04-20-10,1030.6353
4792d3-NOZ6TM-12-05-18-54,1005.45465
4792d3-NOZ7C-11-21-09-10,786.477
4792d3-NOZ8402-12-10-13-41,921.4388
4792d3-NOZ8921-12-15-10-33,886.20874
4792d3-NOZ8C-11-20-21-12,985.2526
4792d3-NOZ8C-12-11-21-51,1035.7999
4792d3-NOZ9BH-11-20-12-29,1034.2852
4792d3-NOZ9BH-12-02-15-44,1090.6741
4792d3-NOZ9BH-12-05-15-56,1153.4556
4792d3-NOZ9BH-12-11-12-51,1008.74805
4792d3-NOZ9PL-11-18-07-35,1227.4255
4792db-NOZ132-12-19-14-05,543.883
4792db-NOZ132-12-20-13-57,424.86285
4792db-NOZ133-12-19-14-57,558.1852
4792db-NOZ133-12-20-14-54,552.321
4792db-NOZ140-11-14-07-24,582.4583
4792db-NOZ141-11-14-08-18,1279.9268
4792db-NOZ144-12-01-14-54,599.3532
4792db-NOZ144-12-02-15-46,549.3123
4792db-NOZ145-12-01-16-01,446.83932
4792db-NOZ145-12-02-16-45,677.9771
4792db-NOZ181-11-16-06-02,966.1777
4792db-NOZ181-12-13-06-18,950.0965
4792db-NOZ182-11-16-07-36,1025.1427
4792db-NOZ182-12-13-07-35,1030.2352
4792db-NOZ183-11-16-08-48,978.3077
4792db-NOZ183-12-13-08-58,988.54297
4792db-NOZ191-11-08-17-02,1131.9194
4792db-NOZ191-12-12-17-15,1016.22015
4792db-NOZ1TT-11-22-14-45,1140.4883
4792db-NOZ270-12-26-07-41,1013.37006
4792db-NOZ276-11-04-16-09,1128.4294
4792db-NOZ276-11-15-16-01,1015.23456
4792db-NOZ276-12-30-16-11,960.2399
4792db-NOZ277-11-04-17-29,1029.5791
4792db-NOZ277-11-15-17-28,891.47144
4792db-NOZ277-12-30-17-25,977.92896
4792db-NOZ2BE-11-16-12-27,1546.1769
4792db-NOZ2DC-12-15-06-22,592.3926
4792db-NOZ345-12-04-10-18,1434.5831
4792db-NOZ345-12-05-10-09,1546.129
4792db-NOZ345-12-27-09-55,1600.1093
4792db-NOZ345-12-29-10-09,1364.6401
4792db-NOZ346-11-10-14-39,1376.3279
4792db-NOZ347-11-10-16-34,1371.5474
4792db-NOZ4HF-12-14-07-04,1080.1104
4792db-NOZ4HF-12-16-07-13,1099.2267
4792db-NOZ4RZ-12-04-08-17,1428.563
4792db-NOZ4RZ-12-05-07-41,1525.5934
4792db-NOZ4RZ-12-27-07-51,1481.7253
4792db-NOZ4RZ-12-29-08-12,1320.2633
4792db-NOZ50A-11-01-16-32,1465.2758
4792db-NOZ50A-11-02-16-38,1493.3246
4792db-NOZ50A-11-24-16-59,1497.871
4792db-NOZ50A-11-30-16-27,1413.124
4792db-NOZ50A-12-04-16-35,1464.733
4792db-NOZ530-12-16-11-40,1267.7211
4792db-NOZ531-12-16-13-13,1165.7057
4792db-NOZ538-11-29-15-14,1204.4153
4792db-NOZ540-12-23-16-21,1119.5978
4792db-NOZ543-11-29-16-36,971.2801
4792db-NOZ545-12-23-17-34,1098.962
4792db-NOZ546-11-29-18-15,920.3559
4792db-NOZ549-11-29-19-25,1006.15204
4792db-NOZ55J-11-01-18-27,1275.5243
4792db-NOZ55J-11-02-18-36,1571.6907
4792db-NOZ55J-11-24-18-40,1515.8512
4792db-NOZ55J-11-30-18-28,1491.761
4792db-NOZ55J-12-04-19-34,1656.8477
4792db-NOZ5PY-11-22-16-07,1038.1263
4792db-NOZ601-12-14-05-46,1068.8805
4792db-NOZ601-12-16-05-49,1123.5463
4792db-NOZ602-12-07-06-10,1000.63354
4792db-NOZ605-12-21-06-40,1089.0984
4792db-NOZ606-12-21-08-27,1170.1571
4792db-NOZ607-12-22-07-04,1011.6006
4792db-NOZ608-12-14-09-49,913.7085
4792db-NOZ609-12-07-07-19,1033.5417
4792db-NOZ611-12-14-08-23,1087.5332
4792db-NOZ611-12-16-08-48,1074.1611
4792db-NOZ612-11-05-12-23,1149.5369
4792db-NOZ612-11-19-12-25,997.225
4792db-NOZ612-12-14-12-39,1163.9554
4792db-NOZ612-12-16-15-18,1096.9427
4792db-NOZ612-12-21-12-40,1189.3146
4792db-NOZ617-12-14-11-18,1167.0504
4792db-NOZ617-12-21-11-13,957.50665
4792db-NOZ620-12-16-19-41,1203.3494
4792db-NOZ625-11-05-14-01,965.7553
4792db-NOZ625-11-19-13-54,1080.68
4792db-NOZ625-12-14-14-02,1079.6721
4792db-NOZ625-12-16-17-33,1170.8771
4792db-NOZ626-12-15-16-50,1057.3646
4792db-NOZ626-12-21-17-15,1147.9198
4792db-NOZ628-11-22-18-10,1155.6136
4792db-NOZ631-12-15-15-35,986.94727
4792db-NOZ631-12-21-15-24,914.3801
4792db-NOZ632-12-14-18-02,1003.45026
4792db-NOZ632-12-16-22-56,1113.558
4792db-NOZ637-12-16-21-02,1127.0469
4792db-NOZ638-12-13-20-27,1100.4592
4792db-NOZ645-11-22-19-19,995.55066
4792db-NOZ6TM-11-15-18-45,1023.3757
4792db-NOZ6TM-12-12-18-49,1066.4211
4792db-NOZ7C-12-26-08-52,1112.5247
4792db-NOZ9BH-11-08-15-34,1110.7632
4792db-NOZ9BH-12-12-15-46,1198.5355
47945c-NOZ132-12-23-13-58,578.8903
47945c-NOZ132-12-26-13-04,597.18286
47945c-NOZ132-12-27-14-24,564.42944
47945c-NOZ132-12-30-14-02,494.65085
47945c-NOZ133-12-23-14-56,544.53357
47945c-NOZ133-12-26-13-57,543.6927
47945c-NOZ133-12-27-15-40,572.64856
47945c-NOZ133-12-30-14-58,581.5339
47945c-NOZ144-12-13-15-57,507.83902
47945c-NOZ145-12-13-16-55,535.6294
47945c-NOZ181-11-03-06-05,950.37695
47945c-NOZ181-12-12-06-01,1099.6467
47945c-NOZ182-11-03-07-36,1166.6538
47945c-NOZ182-12-12-07-35,1004.8019
47945c-NOZ183-11-03-08-58,919.41724
47945c-NOZ183-12-12-08-57,1078.1154
47945c-NOZ1YA-12-08-15-01,1146.9318
47945c-NOZ270-12-09-07-35,1004.1869
47945c-NOZ271-12-09-06-21,885.1107
47945c-NOZ276-11-02-15-58,1019.22406
47945c-NOZ277-11-02-17-25,975.76483
47945c-NOZ278-12-08-19-14,977.4963
47945c-NOZ27C-12-09-08-42,888.68
47945c-NOZ2DC-12-20-05-59,510.21188
47945c-NOZ2DC-12-22-05-58,471.3649
47945c-NOZ2DC-12-28-06-16,601.52747
47945c-NOZ2DC-12-29-06-02,494.96326
47945c-NOZ2PC-12-17-08-21,907.06494
47945c-NOZ2UC-11-25-16-13,1116.4156
47945c-NOZ345-11-08-09-33,1442.3834
47945c-NOZ345-12-06-10-57,1357.2124
47945c-NOZ345-12-07-09-46,1576.7717
47945c-NOZ346-12-05-14-53,1544.7377
47945c-NOZ346-12-06-14-32,1494.9219
47945c-NOZ347-12-05-16-59,1551.2703
47945c-NOZ347-12-06-16-41,1550.4487
47945c-NOZ3JE-12-20-06-57,535.7714
47945c-NOZ3JE-12-22-06-52,454.21335
47945c-NOZ3JE-12-28-07-05,687.231
47945c-NOZ3JE-12-29-06-58,568.5889
47945c-NOZ40A-12-08-13-31,1063.8511
47945c-NOZ4RZ-11-08-07-29,1545.6698
47945c-NOZ4RZ-12-06-08-25,1555.8729
47945c-NOZ4RZ-12-07-07-47,1657.5375
47945c-NOZ521-11-04-05-29,1076.1924
47945c-NOZ523-11-05-06-14,1209.4775
47945c-NOZ524-11-04-07-15,1235.4042
47945c-NOZ524-11-05-07-32,1267.3156
47945c-NOZ525-11-06-11-27,1120.9824
47945c-NOZ530-11-25-09-51,980.87067
47945c-NOZ531-11-05-08-48,1224.3065
47945c-NOZ531-11-25-11-15,1123.5988
47945c-NOZ531-11-30-11-05,921.13257
47945c-NOZ532-11-05-10-19,1168.53
47945c-NOZ534-11-06-13-14,1061.986
47945c-NOZ534-11-25-12-47,1064.2677
47945c-NOZ534-11-30-12-34,893.7157
47945c-NOZ537-11-06-14-41,1110.5449
47945c-NOZ537-11-25-14-06,1096.0309
47945c-NOZ540-11-06-16-12,1066.1119
47945c-NOZ545-11-06-17-38,1297.8652
47945c-NOZ546-11-06-19-05,1158.1501
47945c-NOZ550-11-03-21-24,1114.2335
47945c-NOZ555-11-06-20-25,1247.4457
47945c-NOZ602-11-30-06-12,938.2394
47945c-NOZ602-12-05-06-02,1042.3937
47945c-NOZ605-12-19-06-33,1158.9943
47945c-NOZ605-12-23-06-48,1043.9487
47945c-NOZ605-12-27-07-09,1084.3362
47945c-NOZ605-12-30-06-40,1037.0566
47945c-NOZ606-12-19-08-20,1152.9012
47945c-NOZ606-12-23-08-17,1071.2742
47945c-NOZ606-12-27-08-47,1177.8909
47945c-NOZ606-12-30-08-21,1068.3185
47945c-NOZ608-12-17-11-07,1138.6494
47945c-NOZ608-12-18-09-55,1186.4049
47945c-NOZ608-12-24-09-38,1015.7541
47945c-NOZ609-11-30-07-34,978.83167
47945c-NOZ609-12-05-07-27,1037.0829
47945c-NOZ609-12-17-09-37,1146.451
47945c-NOZ609-12-24-07-46,1261.9769
47945c-NOZ609-12-31-07-23,1098.3041
47945c-NOZ611-12-18-08-42,1192.0933
47945c-NOZ612-12-18-12-28,1051.8821
47945c-NOZ617-12-18-11-17,1247.557
47945c-NOZ620-12-18-15-31,1169.8112
47945c-NOZ625-12-18-14-06,1178.1746
47945c-NOZ626-12-26-17-27,1068.7837
47945c-NOZ626-12-28-17-06,1103.7074
47945c-NOZ631-12-26-15-50,1099.848
47945c-NOZ631-12-28-15-31,1119.1627
47945c-NOZ632-12-18-18-15,1179.6193
47945c-NOZ637-12-18-16-50,1235.052
47945c-NOZ639-11-25-17-31,1016.39075
47945c-NOZ647-12-18-19-34,1173.5142
47945c-NOZ648-12-18-21-16,1239.5471
47945c-NOZ6TM-11-02-18-49,1093.6821
47945c-NOZ6TM-12-11-20-15,1305.9263
47947c-NOZ144-11-17-15-03,564.6346
47947c-NOZ145-11-17-16-08,1219.6997
47947c-NOZ181-11-26-09-00,1039.097
47947c-NOZ182-11-02-07-34,1101.6688
47947c-NOZ182-11-26-07-47,1140.8635
47947c-NOZ191-11-11-17-13,1121.6353
47947c-NOZ1BG-12-30-07-28,1380.4003
47947c-NOZ1KD-11-18-14-22,1234.9019
47947c-NOZ1TT-11-09-14-32,1240.0449
47947c-NOZ270-12-14-08-19,1105.7639
47947c-NOZ271-12-17-07-43,876.7361
47947c-NOZ276-11-01-16-02,880.7784
47947c-NOZ276-11-25-16-03,902.1476
47947c-NOZ276-12-28-16-18,942.5468
47947c-NOZ277-11-01-17-19,838.169
47947c-NOZ277-11-25-17-28,852.53906
47947c-NOZ278-12-16-23-57,986.06384
47947c-NOZ2DC-12-02-06-04,550.28656
47947c-NOZ2DC-12-06-06-20,565.02
47947c-NOZ346-11-06-14-30,1591.8362
47947c-NOZ347-11-06-16-34,1523.6805
47947c-NOZ3DB-11-16-18-14,1136.5762
47947c-NOZ3JE-12-02-06-56,559.8336
47947c-NOZ3JE-12-06-07-13,523.19635
47947c-NOZ4HF-12-05-07-06,1186.6454
47947c-NOZ51Q-11-18-08-38,1284.8218
47947c-NOZ522-11-10-06-07,997.5112
47947c-NOZ525-11-10-07-22,1158.7721
47947c-NOZ538-11-22-15-31,1038.3872
47947c-NOZ538-11-28-15-18,1156.9203
47947c-NOZ543-11-22-16-45,985.44855
47947c-NOZ543-11-28-16-34,1224.9692
47947c-NOZ546-11-22-18-20,945.3519
47947c-NOZ546-11-28-18-18,1186.2244
47947c-NOZ548-11-20-18-48,1108.8152
47947c-NOZ549-11-22-19-31,863.5861
47947c-NOZ549-11-28-19-33,1134.1545
47947c-NOZ553-11-20-20-03,1139.004
47947c-NOZ56U-12-29-20-08,1533.0374
47947c-NOZ5PY-11-09-15-55,1069.732
47947c-NOZ601-11-22-05-32,1101.044
47947c-NOZ601-12-05-05-50,1014.2402
47947c-NOZ605-11-08-06-27,1185.1226
47947c-NOZ605-12-01-06-28,982.6482
47947c-NOZ606-11-08-08-02,1140.4469
47947c-NOZ606-11-21-08-29,1149.909
47947c-NOZ606-12-01-07-59,934.7968
47947c-NOZ607-11-09-07-07,1167.5168
47947c-NOZ607-12-07-07-33,1157.3336
47947c-NOZ608-12-03-09-17,1027.5829
47947c-NOZ608-12-05-09-46,1165.5989
47947c-NOZ609-12-03-07-45,1159.8655
47947c-NOZ611-12-05-08-19,1090.0902
47947c-NOZ612-11-12-12-22,1182.023
47947c-NOZ612-12-05-12-33,1177.49
47947c-NOZ617-12-05-11-05,1055.8873
47947c-NOZ620-12-05-15-25,1077.3466
47947c-NOZ625-11-12-13-58,1220.0336
47947c-NOZ625-12-05-14-04,1120.3812
47947c-NOZ626-11-08-16-53,1101.1925
47947c-NOZ626-11-21-16-46,1014.0709
47947c-NOZ628-11-09-17-40,1122.7252
47947c-NOZ631-11-08-15-25,976.2777
47947c-NOZ631-11-21-15-29,890.3049
47947c-NOZ632-12-05-18-10,962.5564
47947c-NOZ637-12-05-16-54,1004.29224
47947c-NOZ638-11-30-20-06,1013.5889
47947c-NOZ645-11-09-18-56,1174.305
47947c-NOZ648-11-20-21-39,1165.0299
47947c-NOZ64N-11-02-17-02,1268.3904
47947c-NOZ68L-11-13-20-45,1689.9062
47947c-NOZ6MH-11-18-11-32,1288.3954
47947c-NOZ6TM-11-01-18-53,1093.6206
47947c-NOZ7C-12-14-09-36,878.7652
47947c-NOZ9BH-11-11-15-42,1282.3055
47947c-NOZ9T-11-18-16-55,1152.5187
4794f2-NOZ132-12-16-14-20,548.5276
4794f2-NOZ133-12-16-15-26,484.43713
4794f2-NOZ181-11-04-06-01,1009.868
4794f2-NOZ181-11-07-06-05,1173.5243
4794f2-NOZ181-11-08-06-01,1009.10504
4794f2-NOZ182-11-08-07-33,1104.4745
4794f2-NOZ183-11-04-09-01,1133.2971
4794f2-NOZ183-11-07-08-49,1018.3395
4794f2-NOZ183-11-08-08-46,980.30585
4794f2-NOZ183-12-11-08-39,1164.7733
4794f2-NOZ191-11-07-17-04,1037.7571
4794f2-NOZ191-11-10-17-06,1135.6769
4794f2-NOZ191-11-22-17-06,925.3099
4794f2-NOZ191-12-01-17-04,1129.7803
4794f2-NOZ191-12-22-17-29,1032.9589
4794f2-NOZ1BG-11-10-06-01,1354.9066
4794f2-NOZ1BG-11-28-06-05,1436.3046
4794f2-NOZ1BG-12-01-06-05,1527.1232
4794f2-NOZ1TT-12-13-15-05,1084.1599
4794f2-NOZ270-11-01-07-30,1058.2861
4794f2-NOZ271-11-01-06-06,958.5747
4794f2-NOZ272-12-11-16-07,1067.4431
4794f2-NOZ275-12-11-17-44,828.3365
4794f2-NOZ276-11-17-15-58,974.06714
4794f2-NOZ276-11-23-18-36,1102.8604
4794f2-NOZ277-11-17-17-35,864.08575
4794f2-NOZ277-11-23-19-44,888.2267
4794f2-NOZ2BE-11-02-12-35,1425.365
4794f2-NOZ2DC-12-19-06-00,491.3234
4794f2-NOZ345-11-02-09-29,1357.4247
4794f2-NOZ345-11-20-10-19,1471.6617
4794f2-NOZ346-11-01-14-29,1395.7252
4794f2-NOZ347-11-01-16-33,1468.6228
4794f2-NOZ3JE-12-19-06-53,525.039
4794f2-NOZ4RZ-11-02-07-35,1296.0026
4794f2-NOZ4RZ-11-20-08-17,1573.1699
4794f2-NOZ50A-11-16-16-42,1534.4203
4794f2-NOZ50A-12-05-16-51,1596.5332
4794f2-NOZ530-11-09-09-47,911.83954
4794f2-NOZ530-11-10-09-54,1223.3168
4794f2-NOZ530-12-01-09-52,774.54114
4794f2-NOZ530-12-05-10-20,1093.8595
4794f2-NOZ530-12-07-10-01,1006.2264
4794f2-NOZ531-11-09-11-05,981.11066
4794f2-NOZ531-11-10-11-04,1091.3826
4794f2-NOZ531-12-01-11-05,959.5932
4794f2-NOZ531-12-05-11-28,1023.7076
4794f2-NOZ531-12-07-11-14,991.3455
4794f2-NOZ534-11-09-12-35,977.5205
4794f2-NOZ534-11-10-12-42,1222.9114
4794f2-NOZ534-12-01-12-50,1034.6508
4794f2-NOZ534-12-05-12-54,1059.5085
4794f2-NOZ534-12-07-12-37,1079.0874
4794f2-NOZ537-11-09-14-00,979.767
4794f2-NOZ537-11-10-14-00,1259.4197
4794f2-NOZ537-12-01-14-03,987.36005
4794f2-NOZ537-12-05-14-06,1089.4037
4794f2-NOZ537-12-07-13-59,1028.6796
4794f2-NOZ538-11-23-15-43,1044.5736
4794f2-NOZ540-11-09-16-09,1100.8975
4794f2-NOZ540-11-30-16-17,938.6251
4794f2-NOZ540-12-09-16-14,987.18774
4794f2-NOZ543-11-23-16-56,1098.4298
4794f2-NOZ545-11-09-17-21,923.14514
4794f2-NOZ545-11-30-17-24,877.0919
4794f2-NOZ545-12-09-17-41,1167.4879
4794f2-NOZ55J-11-16-18-38,1304.1957
4794f2-NOZ55J-12-05-18-55,1276.1016
4794f2-NOZ56U-11-09-18-49,1302.753
4794f2-NOZ56U-11-27-20-09,1684.549
4794f2-NOZ56U-11-30-18-55,1420.6254
4794f2-NOZ601-11-16-05-34,1013.112
4794f2-NOZ601-12-15-05-51,1057.5284
4794f2-NOZ602-11-22-06-32,1199.0741
4794f2-NOZ605-12-14-06-41,946.5563
4794f2-NOZ605-12-16-06-43,971.25555
4794f2-NOZ606-12-14-08-05,1054.6545
4794f2-NOZ606-12-16-08-43,1112.2239
4794f2-NOZ607-12-21-07-02,1069.2272
4794f2-NOZ608-12-15-09-49,1034.0312
4794f2-NOZ608-12-29-10-20,1125.1348
4794f2-NOZ609-11-22-07-42,1006.8153
4794f2-NOZ611-12-15-08-24,1027.2546
4794f2-NOZ611-12-29-08-27,1126.9663
4794f2-NOZ612-12-15-12-33,1079.4364
4794f2-NOZ612-12-20-12-33,1109.2235
4794f2-NOZ612-12-29-14-02,1036.6735
4794f2-NOZ614-12-18-14-00,1037.0616
4794f2-NOZ617-12-15-11-06,1198.9734
4794f2-NOZ617-12-20-11-01,1021.4471
4794f2-NOZ617-12-29-11-41,1124.5244
4794f2-NOZ620-12-15-15-27,1002.69165
4794f2-NOZ620-12-20-15-29,1049.0541
4794f2-NOZ620-12-29-17-43,1156.505
4794f2-NOZ623-12-18-12-35,1082.3004
4794f2-NOZ625-12-15-14-05,1049.6415
4794f2-NOZ625-12-20-14-00,1093.6075
4794f2-NOZ625-12-29-15-29,1177.2407
4794f2-NOZ626-12-18-17-02,1070.5945
4794f2-NOZ626-12-19-17-41,1130.9624
4794f2-NOZ626-12-30-17-00,1067.801
4794f2-NOZ631-12-18-15-35,1020.38385
4794f2-NOZ631-12-19-15-34,993.73175
4794f2-NOZ631-12-30-15-40,1055.0664
4794f2-NOZ632-12-15-18-11,1103.6268
4794f2-NOZ632-12-20-18-23,1057.6843
4794f2-NOZ634-12-18-20-02,1120.1451
4794f2-NOZ637-12-15-16-43,955.9072
4794f2-NOZ637-12-20-16-48,1028.0455
4794f2-NOZ638-11-15-20-22,961.853
4794f2-NOZ643-12-18-18-24,986.46735
4794f2-NOZ6MH-11-19-10-08,1249.1993
4794f2-NOZ6TM-11-03-19-00,1255.3174
4794f2-NOZ6TM-11-06-20-05,1205.1351
4794f2-NOZ6TM-11-07-18-44,1075.0117
4794f2-NOZ6TM-12-09-19-05,1048.3359
4794f2-NOZ7C-11-01-08-39,1040.3688
4794f2-NOZ8404-12-16-19-37,1210.1179
4794f2-NOZ9BH-11-07-15-34,1201.1324
4794f2-NOZ9BH-11-10-15-30,1340.9706
4794f2-NOZ9BH-11-22-15-41,1053.1855
4794f2-NOZ9BH-12-01-15-33,1175.3892
47956b-NOZ132-11-03-13-55,555.12714
47956b-NOZ133-11-03-15-03,605.66626
47956b-NOZ133-12-11-17-04,499.35245
47956b-NOZ133-12-22-15-10,508.8389
47956b-NOZ134-12-11-18-07,511.42465
47956b-NOZ183-12-16-13-11,1286.2212
47956b-NOZ1BG-11-09-06-04,1308.7246
47956b-NOZ1BG-11-21-06-22,1375.6455
47956b-NOZ1TT-11-14-14-29,1178.0577
47956b-NOZ276-11-11-16-01,933.56335
47956b-NOZ276-12-29-17-32,894.42596
47956b-NOZ277-11-11-17-31,952.9936
47956b-NOZ277-12-29-18-40,923.6281
47956b-NOZ2UC-12-05-16-06,1012.2467
47956b-NOZ345-12-30-10-10,1627.6309
47956b-NOZ346-11-23-15-21,1454.0365
47956b-NOZ346-11-24-14-50,1499.4746
47956b-NOZ347-11-23-17-11,1476.5836
47956b-NOZ4HF-11-02-07-13,1242.9652
47956b-NOZ4RZ-12-30-07-41,1494.9603
47956b-NOZ50A-11-28-16-46,1768.2987
47956b-NOZ521-12-08-05-46,1032.5591
47956b-NOZ521-12-09-05-45,990.0195
47956b-NOZ521-12-12-05-33,1048.051
47956b-NOZ521-12-13-05-27,1109.6191
47956b-NOZ521-12-14-05-33,1070.9482
47956b-NOZ521-12-15-05-51,1111.0752
47956b-NOZ523-11-10-06-36,955.616
47956b-NOZ523-12-16-07-43,1093.349
47956b-NOZ524-12-07-07-13,861.6192
47956b-NOZ524-12-08-07-00,948.53436
47956b-NOZ524-12-09-07-10,1051.0709
47956b-NOZ524-12-12-07-09,1116.1016
47956b-NOZ524-12-13-07-00,1159.5089
47956b-NOZ524-12-14-07-06,906.9581
47956b-NOZ524-12-15-07-10,991.8188
47956b-NOZ530-11-18-09-51,936.20197
47956b-NOZ530-11-28-10-04,1129.4556
47956b-NOZ530-12-18-09-30,1144.517
47956b-NOZ531-11-18-11-17,1167.5007
47956b-NOZ531-11-28-11-15,1122.8473
47956b-NOZ531-12-18-08-07,1125.9226
47956b-NOZ532-12-16-14-40,1084.9656
47956b-NOZ534-11-18-12-53,1231.2281
47956b-NOZ534-11-28-12-37,1216.1866
47956b-NOZ535-12-16-17-00,1265.8467
47956b-NOZ536-12-16-19-29,1273.3682
47956b-NOZ537-11-18-14-09,957.32996
47956b-NOZ537-11-28-13-58,1188.781
47956b-NOZ538-11-10-15-21,1178.963
47956b-NOZ540-11-08-16-28,1201.5026
47956b-NOZ541-12-16-20-57,1191.4556
47956b-NOZ543-11-10-16-42,1095.6562
47956b-NOZ544-12-16-22-58,1213.405
47956b-NOZ545-11-08-17-43,1248.9956
47956b-NOZ546-11-10-18-12,1150.0259
47956b-NOZ548-12-04-18-28,1085.7295
47956b-NOZ549-11-10-19-30,1076.8145
47956b-NOZ550-11-09-19-59,1063.382
47956b-NOZ553-12-04-19-43,1043.0555
47956b-NOZ55J-11-28-18-42,1356.3313
47956b-NOZ56U-11-08-19-06,1528.2683
47956b-NOZ56U-11-20-20-23,1476.7174
47956b-NOZ5AY-12-18-11-03,1155.0225
47956b-NOZ5PY-11-14-15-56,1025.1858
47956b-NOZ601-11-02-05-43,1063.5707
47956b-NOZ605-11-01-06-41,1119.1686
47956b-NOZ606-11-01-08-02,914.8001
47956b-NOZ607-11-04-07-03,1272.3333
47956b-NOZ607-11-23-07-05,1302.2426
47956b-NOZ608-11-02-09-54,1160.8256
47956b-NOZ608-12-26-10-34,1139.7511
47956b-NOZ611-11-02-08-37,1038.6051
47956b-NOZ611-12-26-08-27,1308.9069
47956b-NOZ612-11-02-12-22,1018.6639
47956b-NOZ612-12-26-13-27,1221.0707
47956b-NOZ617-11-02-11-05,984.26794
47956b-NOZ617-12-26-11-52,1162.9829
47956b-NOZ620-11-02-15-22,1135.4873
47956b-NOZ620-12-26-16-14,1130.9968
47956b-NOZ625-11-02-13-57,1123.4965
47956b-NOZ625-12-26-14-44,1231.0938
47956b-NOZ626-11-01-16-55,1115.9989
47956b-NOZ626-11-22-17-40,1110.5625
47956b-NOZ628-11-14-17-39,1188.4467
47956b-NOZ631-11-01-15-24,945.95844
47956b-NOZ632-11-02-17-57,1115.2898
47956b-NOZ637-11-02-16-37,1094.6865
47956b-NOZ637-12-26-17-34,1255.7383
47956b-NOZ638-12-20-20-17,1052.8265
47956b-NOZ639-11-18-17-33,1072.6271
47956b-NOZ639-12-05-17-30,1006.7706
47956b-NOZ645-11-14-19-11,1174.1797
479d40-NOZ140-12-08-07-28,602.1798
479d40-NOZ140-12-09-07-09,1152.4176
479d40-NOZ140-12-21-07-12,496.47653
479d40-NOZ141-12-08-08-30,552.05054
479d40-NOZ141-12-09-08-22,1209.2671
479d40-NOZ141-12-21-08-08,1262.4115
479d40-NOZ142-12-11-13-40,569.6859
479d40-NOZ143-12-11-14-39,753.92596
479d40-NOZ144-12-05-15-53,664.98627
479d40-NOZ144-12-12-16-10,563.8546
479d40-NOZ144-12-21-15-54,542.368
479d40-NOZ144-12-22-15-28,629.04834
479d40-NOZ145-12-05-16-55,648.25006
479d40-NOZ145-12-12-17-22,537.99097
479d40-NOZ145-12-21-16-55,732.11475
479d40-NOZ145-12-22-16-36,1342.9575
479d40-NOZ183-11-27-07-47,925.892
479d40-NOZ1BG-12-02-06-07,1434.7603
479d40-NOZ270-11-29-07-16,1092.8085
479d40-NOZ271-11-29-06-01,891.48035
479d40-NOZ272-11-13-15-33,999.0088
479d40-NOZ272-11-27-15-37,1004.6433
479d40-NOZ275-11-13-16-48,904.25226
479d40-NOZ275-11-27-16-53,1013.7093
479d40-NOZ276-11-03-15-58,1067.2115
479d40-NOZ277-11-03-17-22,912.68036
479d40-NOZ278-11-28-18-52,1037.6943
479d40-NOZ345-12-17-15-20,1500.6626
479d40-NOZ346-11-29-14-44,1434.1775
479d40-NOZ346-12-02-14-48,1641.5123
479d40-NOZ347-11-29-16-40,1351.9799
479d40-NOZ347-12-02-16-41,1354.8782
479d40-NOZ4RZ-12-17-12-20,1601.2778
479d40-NOZ522-11-02-06-00,836.7079
479d40-NOZ525-11-02-07-20,1304.1396
479d40-NOZ530-11-11-09-55,1150.9904
479d40-NOZ531-11-11-11-21,1207.6035
479d40-NOZ534-11-11-12-41,1108.8507
479d40-NOZ537-11-11-14-01,1260.9176
479d40-NOZ538-11-07-15-22,1067.3077
479d40-NOZ538-11-09-15-16,895.58124
479d40-NOZ538-11-15-15-14,1131.5817
479d40-NOZ540-11-28-16-13,960.31415
479d40-NOZ543-11-07-16-40,1032.4857
479d40-NOZ543-11-09-16-33,917.5668
479d40-NOZ543-11-15-16-45,977.9145
479d40-NOZ545-11-25-17-42,1297.9854
479d40-NOZ545-11-28-17-25,1015.4253
479d40-NOZ546-11-07-18-16,1000.0397
479d40-NOZ546-11-09-18-16,954.28186
479d40-NOZ546-11-15-18-16,1144.5267
479d40-NOZ549-11-07-19-36,995.17096
479d40-NOZ549-11-09-19-26,989.8571
479d40-NOZ549-11-15-19-27,1035.0529
479d40-NOZ602-12-15-06-58,955.4839
479d40-NOZ608-12-31-08-51,1116.0393
479d40-NOZ609-12-15-08-13,1075.3695
479d40-NOZ6TM-11-25-19-09,1132.4576
479d40-NOZ7C-11-29-08-44,839.6663
479d40-NOZ8ME-12-06-18-13,1216.5753
479ee7-NOZ132-12-05-13-57,503.04507
479ee7-NOZ133-12-05-15-01,545.4296
479ee7-NOZ194-12-11-19-04,1157.3231
479ee7-NOZ195-12-11-20-21,1078.7983
479ee7-NOZ1TT-12-04-14-33,1009.83185
479ee7-NOZ270-12-13-07-49,922.977
479ee7-NOZ271-12-13-06-33,876.55176
479ee7-NOZ276-12-23-17-03,953.4795
479ee7-NOZ276-12-27-18-07,1031.2188
479ee7-NOZ277-12-23-18-16,871.5126
479ee7-NOZ277-12-27-19-19,922.548
479ee7-NOZ278-12-12-18-56,1027.8774
479ee7-NOZ345-12-01-09-38,1545.1326
479ee7-NOZ345-12-14-09-38,1544.7893
479ee7-NOZ346-12-13-14-48,1316.8624
479ee7-NOZ347-12-13-16-35,1566.2516
479ee7-NOZ3LH-12-08-09-44,819.0793
479ee7-NOZ4DG-12-08-20-47,930.88556
479ee7-NOZ4RZ-12-01-07-45,1579.9961
479ee7-NOZ4RZ-12-14-07-43,1620.1338
479ee7-NOZ50A-12-08-16-54,1651.3722
479ee7-NOZ50A-12-29-17-57,1638.2789
479ee7-NOZ540-12-12-16-25,890.9211
479ee7-NOZ545-12-12-17-43,900.2675
479ee7-NOZ55J-12-08-18-49,1494.6888
479ee7-NOZ55J-12-29-23-25,1523.552
479ee7-NOZ5PY-12-04-15-54,1052.1731
479ee7-NOZ605-12-05-06-42,1019.0948
479ee7-NOZ605-12-06-06-42,1026.7008
479ee7-NOZ605-12-07-06-38,1081.1564
479ee7-NOZ605-12-08-07-09,1091.096
479ee7-NOZ606-12-05-08-06,1044.6996
479ee7-NOZ606-12-06-08-23,946.7707
479ee7-NOZ606-12-07-08-01,1127.8044
479ee7-NOZ606-12-08-08-20,1063.5276
479ee7-NOZ607-12-09-07-00,1053.4779
479ee7-NOZ626-12-06-16-53,1167.6522
479ee7-NOZ628-12-04-17-24,1030.7462
479ee7-NOZ631-12-06-15-30,1009.44
479ee7-NOZ638-12-04-20-19,1016.732
479ee7-NOZ639-12-11-17-40,1141.9412
479ee7-NOZ645-12-04-18-47,1142.6608
479ee7-NOZ7C-12-13-08-58,940.9863
47a039-NOZ132-11-18-14-04,541.4006
47a039-NOZ133-11-18-15-01,550.5734
47a039-NOZ140-11-29-07-00,1218.0573
47a039-NOZ140-12-02-07-15,600.44684
47a039-NOZ140-12-16-07-36,510.36835
47a039-NOZ141-11-29-08-04,1239.3433
47a039-NOZ141-12-02-08-11,713.0482
47a039-NOZ141-12-16-08-44,603.2527
47a039-NOZ142-12-04-13-32,555.3792
47a039-NOZ143-12-04-14-29,1403.42
47a039-NOZ144-11-29-15-48,580.8225
47a039-NOZ144-12-15-16-04,628.307
47a039-NOZ145-11-29-16-42,1257.8016
47a039-NOZ145-12-15-16-57,594.8728
47a039-NOZ181-11-10-06-26,945.59265
47a039-NOZ182-11-10-07-53,1085.773
47a039-NOZ183-11-10-09-17,1138.473
47a039-NOZ1BG-12-12-06-06,1400.5701
47a039-NOZ1BG-12-21-06-54,1289.6394
47a039-NOZ1BG-12-28-06-35,1379.5126
47a039-NOZ1BG-12-31-06-19,1483.5875
47a039-NOZ1TT-11-04-14-44,1123.5131
47a039-NOZ1TT-11-17-14-40,980.2217
47a039-NOZ1TT-11-24-14-46,1163.501
47a039-NOZ1TT-12-06-14-43,1228.0157
47a039-NOZ1TT-12-07-14-52,1109.7769
47a039-NOZ271-11-16-06-01,1018.7241
47a039-NOZ272-11-06-15-24,984.8139
47a039-NOZ275-11-06-16-46,865.7086
47a039-NOZ276-11-09-15-58,918.0583
47a039-NOZ276-11-14-15-55,1149.3115
47a039-NOZ277-11-09-17-31,1034.8269
47a039-NOZ277-11-14-17-24,969.5278
47a039-NOZ278-11-15-18-55,1041.877
47a039-NOZ2DC-11-01-05-57,590.08954
47a039-NOZ345-12-18-10-29,1635.71
47a039-NOZ345-12-19-10-26,1553.1562
47a039-NOZ346-12-28-14-58,1621.798
47a039-NOZ347-12-28-16-59,1534.3494
47a039-NOZ3JE-11-01-06-58,582.9493
47a039-NOZ3LH-11-25-13-11,872.44104
47a039-NOZ3LH-11-26-07-32,876.8916
47a039-NOZ4HF-11-21-07-07,951.88184
47a039-NOZ4RZ-12-18-08-28,1673.1741
47a039-NOZ4RZ-12-19-07-53,1700.0139
47a039-NOZ50A-12-18-17-38,1643.946
47a039-NOZ50F-12-05-09-48,1218.8845
47a039-NOZ538-11-16-15-18,1036.2426
47a039-NOZ540-12-20-16-51,1121.3085
47a039-NOZ543-11-16-16-49,1052.9912
47a039-NOZ545-12-20-18-15,1187.3251
47a039-NOZ545-12-27-17-49,1065.5753
47a039-NOZ546-11-16-18-12,1070.5209
47a039-NOZ549-11-16-19-28,907.0948
47a039-NOZ550-12-23-21-38,1213.0892
47a039-NOZ55J-12-18-20-38,1574.6515
47a039-NOZ56U-12-11-20-06,1467.3916
47a039-NOZ56U-12-20-19-54,1550.1781
47a039-NOZ56U-12-27-19-16,1651.621
47a039-NOZ56U-12-30-19-42,1386.0924
47a039-NOZ5PY-11-04-16-15,1142.7311
47a039-NOZ5PY-11-17-15-58,1062.4489
47a039-NOZ5PY-11-24-16-05,1177.9409
47a039-NOZ5PY-12-06-15-59,1138.5463
47a039-NOZ5PY-12-07-16-10,1046.6766
47a039-NOZ601-11-21-05-35,961.80853
47a039-NOZ605-11-03-06-40,910.33374
47a039-NOZ605-11-18-06-31,1041.3658
47a039-NOZ605-11-25-06-48,1239.1476
47a039-NOZ606-11-18-08-06,1043.983
47a039-NOZ606-11-25-08-21,1127.262
47a039-NOZ607-11-22-07-05,1146.854
47a039-NOZ607-11-28-07-02,1084.9496
47a039-NOZ608-11-21-10-05,1148.9313
47a039-NOZ611-11-21-08-20,1122.3243
47a039-NOZ612-11-21-12-32,1066.6245
47a039-NOZ614-11-27-15-08,1211.7948
47a039-NOZ617-11-21-11-13,1120.8824
47a039-NOZ620-11-21-15-29,1059.6611
47a039-NOZ623-11-27-13-39,1280.0024
47a039-NOZ625-11-21-14-01,1078.521
47a039-NOZ628-11-04-17-39,1107.1991
47a039-NOZ628-11-17-17-32,1062.5675
47a039-NOZ628-11-24-17-45,1124.0479
47a039-NOZ628-12-06-17-23,1169.1274
47a039-NOZ628-12-07-17-33,998.6573
47a039-NOZ632-11-21-18-08,1034.4233
47a039-NOZ637-11-21-16-41,1168.6793
47a039-NOZ638-11-17-20-15,1014.53284
47a039-NOZ638-11-24-20-29,1137.0781
47a039-NOZ639-12-21-17-34,1318.9243
47a039-NOZ645-11-04-18-54,1112.4169
47a039-NOZ645-11-17-18-46,1083.535
47a039-NOZ645-11-24-18-58,1072.2615
47a039-NOZ645-12-06-18-42,1204.4688
47a039-NOZ645-12-07-18-47,1078.7217
47a039-NOZ6CF-11-16-08-06,1390.8959
47a039-NOZ6TM-11-09-18-55,1176.1533
47a05e-NOZ133-11-20-15-59,588.88055
47a05e-NOZ134-11-20-17-00,545.8006
47a05e-NOZ164-12-16-06-21,1280.9336
47a05e-NOZ172-12-18-11-56,1624.4163
47a05e-NOZ182-12-30-07-36,1124.7866
47a05e-NOZ183-11-13-07-52,1085.1514
47a05e-NOZ183-12-30-09-03,1094.4808
47a05e-NOZ191-11-02-17-04,1017.12427
47a05e-NOZ1BG-12-10-06-07,1548.9294
47a05e-NOZ1TT-12-15-14-57,1120.1665
47a05e-NOZ270-12-07-07-22,851.86975
47a05e-NOZ270-12-15-07-35,798.55023
47a05e-NOZ271-12-15-06-24,968.80914
47a05e-NOZ276-11-06-13-22,900.70544
47a05e-NOZ277-11-06-14-35,988.84186
47a05e-NOZ278-12-14-18-54,893.19855
47a05e-NOZ2GH-12-18-15-15,1092.4249
47a05e-NOZ2UC-11-14-15-59,995.0054
47a05e-NOZ2UC-11-29-16-00,1071.2083
47a05e-NOZ3VG-12-13-16-31,1157.0555
47a05e-NOZ3VG-12-15-16-16,1226.1532
47a05e-NOZ4RZ-12-12-07-39,1527.9106
47a05e-NOZ50A-12-11-16-57,1643.1483
47a05e-NOZ521-11-18-05-38,1095.1987
47a05e-NOZ521-11-21-05-30,1012.97095
47a05e-NOZ521-11-22-05-30,926.3725
47a05e-NOZ521-11-23-05-33,1029.4746
47a05e-NOZ521-11-24-05-29,966.81647
47a05e-NOZ521-11-25-05-30,1092.5808
47a05e-NOZ521-12-05-05-45,1033.8828
47a05e-NOZ521-12-06-05-29,968.28314
47a05e-NOZ521-12-07-05-45,993.24005
47a05e-NOZ523-12-01-06-26,1119.8856
47a05e-NOZ523-12-02-06-50,1126.545
47a05e-NOZ524-11-17-07-11,1062.9156
47a05e-NOZ524-11-18-07-04,1096.9249
47a05e-NOZ524-11-21-07-11,1125.7284
47a05e-NOZ524-11-22-07-10,886.23193
47a05e-NOZ524-11-23-07-24,1056.1471
47a05e-NOZ524-11-24-07-09,1094.2106
47a05e-NOZ524-11-25-06-58,956.5059
47a05e-NOZ524-12-05-07-07,1089.2542
47a05e-NOZ524-12-06-07-21,912.49286
47a05e-NOZ525-11-27-11-29,1172.7164
47a05e-NOZ526-12-01-08-09,1035.2494
47a05e-NOZ526-12-02-08-14,1002.9432
47a05e-NOZ530-12-04-09-27,1140.9506
47a05e-NOZ531-12-04-07-59,948.6882
47a05e-NOZ532-12-01-10-54,999.8194
47a05e-NOZ532-12-02-11-09,1042.3718
47a05e-NOZ534-11-27-13-43,1180.0834
47a05e-NOZ535-12-01-12-30,1022.17596
47a05e-NOZ535-12-02-12-37,1041.1528
47a05e-NOZ535-12-04-13-35,1132.6742
47a05e-NOZ536-12-01-14-17,1004.27405
47a05e-NOZ536-12-02-14-13,1187.1106
47a05e-NOZ537-11-27-15-06,1080.5172
47a05e-NOZ538-12-04-15-03,1087.3081
47a05e-NOZ540-11-11-16-13,1178.6432
47a05e-NOZ540-11-16-16-09,1136.1854
47a05e-NOZ540-11-27-16-29,1034.6428
47a05e-NOZ541-12-01-15-41,947.1441
47a05e-NOZ541-12-02-15-59,1178.5292
47a05e-NOZ543-12-04-16-38,1127.3678
47a05e-NOZ544-12-01-17-08,1016.6074
47a05e-NOZ544-12-02-17-26,1148.9817
47a05e-NOZ544-12-04-18-06,1197.0437
47a05e-NOZ545-11-11-17-34,1195.3878
47a05e-NOZ545-11-16-17-29,990.02985
47a05e-NOZ545-11-27-17-44,938.16736
47a05e-NOZ546-11-27-19-05,1012.772
47a05e-NOZ549-12-04-19-33,1055.1826
47a05e-NOZ550-11-30-20-02,992.7069
47a05e-NOZ550-12-04-20-59,1081.3796
47a05e-NOZ555-11-27-20-27,1170.2156
47a05e-NOZ55J-12-11-18-50,1470.7098
47a05e-NOZ56U-12-09-19-23,1563.1665
47a05e-NOZ5AY-12-01-09-22,1155.0424
47a05e-NOZ5AY-12-02-09-27,1161.8301
47a05e-NOZ5AY-12-04-10-52,1015.6466
47a05e-NOZ607-12-20-07-09,1037.9941
47a05e-NOZ612-12-19-12-36,1195.5059
47a05e-NOZ617-12-19-11-06,1133.7252
47a05e-NOZ620-12-19-15-48,1114.4907
47a05e-NOZ624-12-18-16-34,926.41974
47a05e-NOZ625-12-19-14-09,1079.0751
47a05e-NOZ626-12-16-17-30,1203.7751
47a05e-NOZ628-12-13-17-44,1154.3276
47a05e-NOZ628-12-15-17-41,1056.3839
47a05e-NOZ631-12-16-15-46,1276.958
47a05e-NOZ632-12-19-18-55,1105.1309
47a05e-NOZ637-12-19-17-16,1099.1508
47a05e-NOZ638-12-12-20-16,1107.8121
47a05e-NOZ638-12-15-20-25,1014.888
47a05e-NOZ639-11-14-17-24,985.8236
47a05e-NOZ639-11-29-17-21,1057.4482
47a05e-NOZ645-12-13-18-54,1097.5837
47a05e-NOZ645-12-15-18-54,1110.9878
47a05e-NOZ6TC-11-04-17-10,1598.4384
47a05e-NOZ6TM-11-11-19-02,1241.6869
47a05e-NOZ7C-12-07-08-44,845.2473
47a05e-NOZ7C-12-15-08-50,858.05994
47a05e-NOZ9BH-11-02-15-37,1172.571
47a097-NOZ181-12-08-07-41,1060.0381
47a097-NOZ182-12-08-09-26,1065.7389
47a097-NOZ183-12-08-11-14,1117.3477
47a097-NOZ271-12-20-07-05,960.77216
47a097-NOZ276-12-07-16-11,915.2451
47a097-NOZ277-12-07-17-27,814.0596
47a097-NOZ278-12-19-20-13,1145.7728
47a097-NOZ345-12-21-10-29,1614.3354
47a097-NOZ346-12-09-15-26,1583.3597
47a097-NOZ346-12-20-15-14,1638.4086
47a097-NOZ347-12-09-17-14,1454.8411
47a097-NOZ347-12-20-17-57,1603.4967
47a097-NOZ4HF-11-01-06-57,1000.05634
47a097-NOZ4RZ-12-21-07-46,1548.8394
47a097-NOZ522-12-14-06-27,1079.3777
47a097-NOZ523-12-10-06-07,1008.15564
47a097-NOZ523-12-11-06-53,900.3911
47a097-NOZ523-12-28-06-49,1127.7539
47a097-NOZ523-12-29-06-32,1025.2468
47a097-NOZ523-12-30-06-26,1092.7032
47a097-NOZ523-12-31-06-02,995.8849
47a097-NOZ524-12-10-07-29,1097.2043
47a097-NOZ524-12-31-07-28,868.84784
47a097-NOZ525-12-14-07-39,1185.6222
47a097-NOZ526-12-28-08-27,1127.7006
47a097-NOZ526-12-29-08-35,1062.5294
47a097-NOZ526-12-30-08-13,1093.0283
47a097-NOZ531-12-10-08-47,1178.9
47a097-NOZ531-12-31-08-55,1181.2229
47a097-NOZ532-12-10-10-15,1099.1041
47a097-NOZ532-12-28-11-19,1174.7017
47a097-NOZ532-12-29-11-46,1180.9092
47a097-NOZ532-12-30-11-04,1075.5198
47a097-NOZ532-12-31-10-15,1064.1221
47a097-NOZ535-12-28-12-38,1228.9371
47a097-NOZ535-12-29-13-05,1135.6958
47a097-NOZ535-12-30-12-39,1183.4227
47a097-NOZ536-12-28-14-17,1098.1166
47a097-NOZ536-12-29-14-42,1068.0847
47a097-NOZ536-12-30-14-22,1098.6246
47a097-NOZ540-12-19-17-06,1145.4877
47a097-NOZ541-12-28-15-42,1145.1808
47a097-NOZ541-12-29-16-04,1212.1172
47a097-NOZ541-12-30-15-57,1177.7797
47a097-NOZ544-12-27-17-42,1039.1401
47a097-NOZ544-12-28-17-32,1086.1371
47a097-NOZ544-12-29-18-16,991.6381
47a097-NOZ544-12-30-17-23,1123.7708
47a097-NOZ545-12-19-18-26,1066.8142
47a097-NOZ548-12-18-19-49,1195.6506
47a097-NOZ550-12-09-19-34,1106.8506
47a097-NOZ553-12-18-21-05,913.9974
47a097-NOZ5AY-12-28-09-37,1164.9133
47a097-NOZ5AY-12-29-10-00,1192.4366
47a097-NOZ5AY-12-30-09-33,1221.4941
47a097-NOZ601-11-01-05-34,1062.2266
47a097-NOZ602-12-22-06-12,1157.7983
47a097-NOZ607-11-02-07-55,1189.221
47a097-NOZ608-11-01-09-39,958.1534
47a097-NOZ609-12-22-07-41,1120.8418
47a097-NOZ60M-12-18-16-05,1203.0011
47a097-NOZ611-11-01-08-23,1055.6361
47a097-NOZ612-11-01-12-22,942.3612
47a097-NOZ617-11-01-10-56,1089.4287
47a097-NOZ6TM-12-07-18-46,1056.4806
47a0bf-NOZ132-12-02-14-02,623.2704
47a0bf-NOZ133-11-13-15-49,564.6335
47a0bf-NOZ133-12-02-14-57,555.11865
47a0bf-NOZ134-11-13-16-53,454.54092
47a0bf-NOZ140-12-06-07-02,609.0719
47a0bf-NOZ141-12-06-08-04,537.9381
47a0bf-NOZ144-12-06-16-16,621.9676
47a0bf-NOZ145-12-06-17-12,497.12964
47a0bf-NOZ191-12-29-17-44,1172.3978
47a0bf-NOZ271-12-23-06-24,1050.5964
47a0bf-NOZ276-11-27-13-30,1095.4541
47a0bf-NOZ276-12-26-16-31,968.4526
47a0bf-NOZ277-11-27-14-41,917.9475
47a0bf-NOZ277-12-26-17-40,929.9339
47a0bf-NOZ278-12-22-20-35,993.01605
47a0bf-NOZ2GH-12-04-15-02,1125.1702
47a0bf-NOZ345-12-23-10-24,1607.7412
47a0bf-NOZ4HF-11-04-07-10,1134.4288
47a0bf-NOZ4HF-11-22-07-16,1181.1587
47a0bf-NOZ4HF-11-29-07-01,980.26
47a0bf-NOZ4RZ-12-23-07-39,1573.176
47a0bf-NOZ521-11-15-05-24,979.5465
47a0bf-NOZ521-11-16-05-30,1111.6544
47a0bf-NOZ521-12-16-06-06,1088.1464
47a0bf-NOZ522-11-01-05-58,988.94183
47a0bf-NOZ523-11-14-06-36,931.17944
47a0bf-NOZ523-11-17-06-27,1005.5573
47a0bf-NOZ523-11-18-06-39,1141.0247
47a0bf-NOZ523-11-20-06-38,1075.1604
47a0bf-NOZ523-12-18-06-28,1128.4149
47a0bf-NOZ524-11-15-06-53,952.0933
47a0bf-NOZ524-11-16-07-05,1022.6157
47a0bf-NOZ524-12-16-07-37,1012.223
47a0bf-NOZ525-11-01-07-25,1157.1245
47a0bf-NOZ526-11-14-08-03,868.864
47a0bf-NOZ526-11-17-07-54,939.73755
47a0bf-NOZ526-11-18-08-03,1168.4716
47a0bf-NOZ532-11-14-11-01,901.8181
47a0bf-NOZ532-11-17-11-06,961.83606
47a0bf-NOZ532-11-18-11-12,1101.3868
47a0bf-NOZ532-12-15-11-41,918.2754
47a0bf-NOZ535-11-14-12-35,871.82556
47a0bf-NOZ535-11-17-12-36,1222.5121
47a0bf-NOZ535-11-18-12-41,1077.1888
47a0bf-NOZ535-12-15-12-55,986.72375
47a0bf-NOZ536-11-14-14-11,996.97107
47a0bf-NOZ536-11-17-14-23,1186.2782
47a0bf-NOZ536-11-18-14-32,1107.009
47a0bf-NOZ536-12-15-14-19,922.9092
47a0bf-NOZ540-12-22-16-49,1159.1434
47a0bf-NOZ541-11-14-15-43,1028.4221
47a0bf-NOZ541-11-17-15-54,1197.529
47a0bf-NOZ541-11-18-15-59,1162.4208
47a0bf-NOZ544-11-14-17-14,1040.5121
47a0bf-NOZ544-11-17-17-15,1250.5593
47a0bf-NOZ544-11-18-17-32,1139.4869
47a0bf-NOZ544-12-15-17-18,942.8912
47a0bf-NOZ545-12-22-18-04,1181.3457
47a0bf-NOZ547-11-17-18-35,942.6983
47a0bf-NOZ547-12-15-18-34,910.431
47a0bf-NOZ550-11-11-19-23,1075.9122
47a0bf-NOZ550-11-17-20-20,1131.6285
47a0bf-NOZ550-12-15-20-19,1000.6116
47a0bf-NOZ5AY-11-14-09-24,958.81885
47a0bf-NOZ5AY-11-17-09-20,976.6181
47a0bf-NOZ5AY-11-18-09-28,1091.4503
47a0bf-NOZ601-11-04-05-42,1047.4236
47a0bf-NOZ601-11-29-05-38,1013.77893
47a0bf-NOZ602-11-10-05-57,1067.6417
47a0bf-NOZ605-11-23-06-29,1064.5337
47a0bf-NOZ605-11-28-06-29,1137.1069
47a0bf-NOZ605-12-02-06-36,1071.5249
47a0bf-NOZ606-11-03-08-23,1041.2993
47a0bf-NOZ606-11-23-08-32,1144.7303
47a0bf-NOZ606-11-28-08-02,1029.6577
47a0bf-NOZ606-12-02-08-09,1044.1757
47a0bf-NOZ607-11-07-07-05,1234.1702
47a0bf-NOZ607-11-24-07-13,1151.6442
47a0bf-NOZ607-12-05-07-05,952.46204
47a0bf-NOZ608-11-04-09-49,1065.2614
47a0bf-NOZ608-11-22-09-50,958.1429
47a0bf-NOZ608-11-29-09-44,969.19403
47a0bf-NOZ609-11-10-07-27,957.60345
47a0bf-NOZ611-11-04-08-27,1062.381
47a0bf-NOZ611-11-22-08-26,972.3116
47a0bf-NOZ611-11-29-08-20,1044.354
47a0bf-NOZ612-11-04-12-36,1126.3066
47a0bf-NOZ612-11-22-12-29,1050.9215
47a0bf-NOZ612-11-29-12-22,955.2461
47a0bf-NOZ614-11-06-14-06,1070.8156
47a0bf-NOZ617-11-04-11-08,1198.2985
47a0bf-NOZ617-11-22-11-01,941.04016
47a0bf-NOZ617-11-29-11-00,976.7736
47a0bf-NOZ620-11-04-15-21,1110.5354
47a0bf-NOZ620-11-22-15-55,1215.476
47a0bf-NOZ620-11-29-15-24,1112.5883
47a0bf-NOZ623-11-06-12-44,1003.4938
47a0bf-NOZ624-12-04-16-30,918.73926
47a0bf-NOZ625-11-04-14-06,1053.2181
47a0bf-NOZ625-11-22-13-59,1077.2803
47a0bf-NOZ625-11-29-14-00,1096.5641
47a0bf-NOZ626-11-03-16-53,1090.7953
47a0bf-NOZ626-11-06-17-01,1069.0243
47a0bf-NOZ631-11-03-15-27,1028.7684
47a0bf-NOZ631-11-06-15-31,932.69165
47a0bf-NOZ631-12-01-15-21,1047.1984
47a0bf-NOZ632-11-04-18-02,1077.2896
47a0bf-NOZ632-11-22-18-21,1134.834
47a0bf-NOZ632-11-29-18-07,970.812
47a0bf-NOZ634-11-06-19-50,1003.36365
47a0bf-NOZ637-11-04-16-44,1220.7837
47a0bf-NOZ637-11-22-17-08,1170.6805
47a0bf-NOZ637-11-29-16-43,998.53107
47a0bf-NOZ638-11-27-20-19,1017.07336
47a0bf-NOZ643-11-06-18-28,1059.2954
47a185-NOZ181-11-25-06-04,1108.4314
47a185-NOZ181-12-16-07-20,977.2223
47a185-NOZ182-11-25-07-32,1184.9734
47a185-NOZ183-11-25-08-50,1107.9374
47a185-NOZ194-11-20-18-50,1172.3833
47a185-NOZ195-11-20-19-58,1162.5515
47a185-NOZ1BG-12-19-06-52,1495.7355
47a185-NOZ270-12-08-07-35,894.0461
47a185-NOZ271-12-08-06-23,915.4594
47a185-NOZ276-11-20-13-39,1077.117
47a185-NOZ276-11-28-16-07,1024.3151
47a185-NOZ277-11-20-14-52,901.1273
47a185-NOZ277-11-28-17-20,806.13806
47a185-NOZ278-12-07-19-46,961.29456
47a185-NOZ2DC-11-08-06-00,535.66284
47a185-NOZ2GH-11-13-15-02,1105.6163
47a185-NOZ2UC-11-02-15-59,1089.2286
47a185-NOZ2UC-11-20-16-08,1144.7533
47a185-NOZ345-11-07-09-38,1441.4662
47a185-NOZ346-11-18-14-36,1518.3665
47a185-NOZ347-11-18-16-31,1495.5771
47a185-NOZ347-11-30-16-45,1453.7329
47a185-NOZ3JE-11-08-06-56,659.25775
47a185-NOZ4HF-11-11-07-01,1193.859
47a185-NOZ4HF-11-15-06-57,1061.5071
47a185-NOZ4RZ-11-07-07-39,1571.0657
47a185-NOZ50A-11-06-16-37,1688.202
47a185-NOZ523-12-04-06-31,1034.4816
47a185-NOZ536-12-04-14-27,1010.1367
47a185-NOZ538-12-02-15-33,1196.9496
47a185-NOZ538-12-13-15-55,1148.6624
47a185-NOZ540-12-16-18-14,1299.8918
47a185-NOZ541-12-04-15-41,1184.1702
47a185-NOZ543-12-02-16-48,1082.288
47a185-NOZ543-12-13-17-12,1080.0707
47a185-NOZ545-12-16-20-02,1284.1749
47a185-NOZ546-12-02-18-24,1061.8756
47a185-NOZ546-12-13-18-35,1108.7385
47a185-NOZ549-12-13-19-54,1028.6375
47a185-NOZ55J-11-06-18-38,1600.0955
47a185-NOZ56U-12-18-20-35,1660.6062
47a185-NOZ601-11-11-05-38,921.4546
47a185-NOZ601-11-15-05-39,1134.2157
47a185-NOZ605-11-16-06-33,1157.6079
47a185-NOZ606-11-16-08-06,1086.365
47a185-NOZ607-11-17-07-01,1060.3218
47a185-NOZ608-11-11-09-45,1147.138
47a185-NOZ608-11-12-08-57,1087.0256
47a185-NOZ608-11-15-09-39,942.22687
47a185-NOZ609-11-12-07-30,1051.1837
47a185-NOZ611-11-11-08-24,1074.0177
47a185-NOZ611-11-15-08-19,1040.9756
47a185-NOZ612-11-11-12-33,1241.6063
47a185-NOZ612-11-15-12-24,917.1058
47a185-NOZ617-11-11-11-11,1107.8275
47a185-NOZ617-11-15-10-55,1153.0002
47a185-NOZ620-11-10-15-25,1183.7383
47a185-NOZ620-11-11-15-24,1249.8518
47a185-NOZ620-11-14-15-29,1166.6782
47a185-NOZ620-11-15-15-23,1090.5555
47a185-NOZ624-11-13-16-25,1116.4849
47a185-NOZ625-11-10-14-06,1123.6405
47a185-NOZ625-11-11-14-05,1243.4751
47a185-NOZ625-11-14-14-07,987.94214
47a185-NOZ625-11-15-14-07,1106.6501
47a185-NOZ632-11-10-18-06,1156.8237
47a185-NOZ632-11-11-18-11,1179.8826
47a185-NOZ632-11-14-18-07,1075.3444
47a185-NOZ632-11-15-18-13,996.5628
47a185-NOZ637-11-11-16-45,1121.3369
47a185-NOZ637-11-14-16-46,994.64575
47a185-NOZ637-11-15-16-37,974.37695
47a185-NOZ638-11-07-20-14,1030.6499
47a185-NOZ639-11-02-17-20,1021.1661
47a185-NOZ639-11-20-17-22,1004.9303
47a185-NOZ67-11-10-16-50,1098.6608
47a185-NOZ6TM-11-24-19-39,1126.7734
47a185-NOZ6TM-12-15-19-52,1175.1318
47a185-NOZ7C-12-08-08-47,809.5653
47a1ef-NOZ132-12-08-14-07,500.1102
47a1ef-NOZ132-12-09-14-08,540.2764
47a1ef-NOZ132-12-12-14-06,552.2957
47a1ef-NOZ133-12-08-15-11,528.3708
47a1ef-NOZ133-12-09-15-08,660.1452
47a1ef-NOZ133-12-12-15-00,521.4604
47a1ef-NOZ140-11-16-07-02,496.23584
47a1ef-NOZ140-11-21-07-14,520.2883
47a1ef-NOZ140-11-24-07-14,555.80493
47a1ef-NOZ140-11-25-07-07,1174.5095
47a1ef-NOZ140-12-20-07-10,595.9187
47a1ef-NOZ140-12-22-07-32,576.90027
47a1ef-NOZ140-12-23-07-11,559.66626
47a1ef-NOZ141-11-16-08-10,537.92505
47a1ef-NOZ141-11-21-08-05,1186.4167
47a1ef-NOZ141-11-24-08-05,533.5758
47a1ef-NOZ141-11-25-08-06,727.10114
47a1ef-NOZ141-11-28-08-05,686.77405
47a1ef-NOZ141-12-20-08-08,677.2869
47a1ef-NOZ141-12-22-08-23,573.8031
47a1ef-NOZ141-12-23-08-04,1474.1305
47a1ef-NOZ142-11-20-13-39,1323.6609
47a1ef-NOZ143-11-20-14-35,591.4623
47a1ef-NOZ144-11-16-14-25,1298.6335
47a1ef-NOZ144-11-18-14-26,1422.3817
47a1ef-NOZ144-12-20-15-52,573.9925
47a1ef-NOZ145-11-16-16-55,570.9575
47a1ef-NOZ145-11-18-16-45,1271.4581
47a1ef-NOZ145-12-20-16-51,1216.4407
47a1ef-NOZ191-11-09-16-59,1047.3431
47a1ef-NOZ194-12-18-19-27,1234.9966
47a1ef-NOZ195-12-18-20-52,975.3504
47a1ef-NOZ1KD-11-17-14-12,1222.4124
47a1ef-NOZ1TT-11-01-14-31,1076.6589
47a1ef-NOZ1TT-11-13-14-32,1020.3177
47a1ef-NOZ2DC-12-14-06-12,556.4647
47a1ef-NOZ345-11-27-10-21,1321.8021
47a1ef-NOZ3JE-12-14-07-05,514.6879
47a1ef-NOZ47Y-11-17-19-30,1210.9971
47a1ef-NOZ4RZ-11-27-08-16,1377.988
47a1ef-NOZ50A-11-07-16-37,1334.0349
47a1ef-NOZ51Q-11-17-08-22,1233.233
47a1ef-NOZ522-12-05-06-03,1094.9757
47a1ef-NOZ523-11-03-06-28,1111.859
47a1ef-NOZ523-12-17-06-02,1165.6823
47a1ef-NOZ525-12-05-07-22,1250.7753
47a1ef-NOZ526-11-03-08-00,1119.2423
47a1ef-NOZ530-11-07-09-59,969.857
47a1ef-NOZ531-11-07-11-17,993.98486
47a1ef-NOZ532-11-03-11-52,924.1846
47a1ef-NOZ534-11-07-12-43,946.63617
47a1ef-NOZ535-11-03-13-38,1082.1925
47a1ef-NOZ537-11-07-14-02,1060.6869
47a1ef-NOZ538-12-19-15-43,1068.9529
47a1ef-NOZ543-12-19-17-02,1238.1525
47a1ef-NOZ550-12-17-01-17,1167.2208
47a1ef-NOZ55J-11-07-18-44,1299.9941
47a1ef-NOZ5AY-11-03-09-19,1192.618
47a1ef-NOZ5DP-11-18-06-35,1196.0299
47a1ef-NOZ5PY-11-01-16-00,1019.08606
47a1ef-NOZ5PY-11-13-16-00,995.1002
47a1ef-NOZ605-12-09-06-48,1111.9316
47a1ef-NOZ606-12-09-08-30,1127.7555
47a1ef-NOZ606-12-13-11-10,1146.1931
47a1ef-NOZ607-11-14-07-18,1158.6881
47a1ef-NOZ607-12-15-07-20,1047.509
47a1ef-NOZ608-12-11-10-01,1001.6002
47a1ef-NOZ611-12-11-08-39,1154.8077
47a1ef-NOZ612-12-11-12-46,1120.6141
47a1ef-NOZ617-12-11-11-15,1167.7603
47a1ef-NOZ620-12-11-15-46,1043.0481
47a1ef-NOZ620-12-13-16-40,1272.3394
47a1ef-NOZ625-12-11-14-11,1003.2976
47a1ef-NOZ625-12-13-14-58,1160.2693
47a1ef-NOZ628-11-01-17-30,1173.0078
47a1ef-NOZ628-11-13-17-32,1180.6221
47a1ef-NOZ631-12-14-15-28,1038.0051
47a1ef-NOZ632-12-11-18-25,1068.9922
47a1ef-NOZ632-12-13-19-40,1092.6396
47a1ef-NOZ637-12-11-17-07,1241.9521
47a1ef-NOZ637-12-13-17-56,1048.7839
47a1ef-NOZ638-11-13-20-33,1184.016
47a1ef-NOZ638-12-06-20-16,950.82526
47a1ef-NOZ639-12-18-18-02,1072.3832
47a1ef-NOZ645-11-01-18-58,1059.455
47a1ef-NOZ645-11-13-19-26,1046.5234
47a1ef-NOZ647-12-11-19-39,1090.725
47a1ef-NOZ648-12-11-21-02,1043.0057
47a1ef-NOZ8400-11-02-21-18,1112.7687
47a1ef-NOZ9BH-11-09-15-33,1080.742
47a1ef-NOZ9T-11-17-16-50,1140.3779
47a218-NOZ140-12-12-07-11,602.7633
47a218-NOZ141-12-12-08-13,551.23065
47a218-NOZ144-12-09-16-31,601.8638
47a218-NOZ145-12-09-17-23,1274.4281
47a218-NOZ181-11-14-06-24,993.3755
47a218-NOZ181-11-15-06-01,1070.5342
47a218-NOZ181-11-24-06-05,1181.282
47a218-NOZ182-11-14-07-53,1058.0873
47a218-NOZ182-11-15-07-38,963.1152
47a218-NOZ182-11-24-08-00,1219.7997
47a218-NOZ182-12-29-08-06,1116.3827
47a218-NOZ183-11-14-09-07,1004.23
47a218-NOZ183-11-15-08-53,941.3835
47a218-NOZ183-11-24-09-07,1118.7594
47a218-NOZ183-12-29-09-25,1098.8473
47a218-NOZ191-11-14-17-10,1005.10046
47a218-NOZ1BG-12-05-06-01,1452.2454
47a218-NOZ276-11-10-15-53,1058.5895
47a218-NOZ276-12-02-15-57,986.24066
47a218-NOZ277-11-10-17-25,999.4433
47a218-NOZ277-12-02-17-20,836.5284
47a218-NOZ345-12-11-10-16,1424.0361
47a218-NOZ4HF-11-18-07-15,1051.5035
47a218-NOZ4RZ-12-11-08-14,1440.9122
47a218-NOZ523-12-14-06-52,1011.6903
47a218-NOZ523-12-19-06-28,1153.0492
47a218-NOZ523-12-20-06-26,1005.053
47a218-NOZ525-12-26-07-24,1132.1683
47a218-NOZ526-12-14-08-21,973.464
47a218-NOZ526-12-19-08-12,903.13495
47a218-NOZ526-12-20-07-58,1029.5516
47a218-NOZ530-12-02-10-13,1130.4373
47a218-NOZ531-12-02-11-19,1082.9788
47a218-NOZ532-12-14-11-01,856.3587
47a218-NOZ532-12-18-12-42,1017.43713
47a218-NOZ532-12-19-11-04,973.60834
47a218-NOZ532-12-20-11-09,948.9524
47a218-NOZ534-12-02-12-42,1122.9164
47a218-NOZ535-12-14-12-31,1039.4103
47a218-NOZ535-12-18-13-57,1104.5371
47a218-NOZ535-12-19-12-31,1088.0
47a218-NOZ535-12-20-12-41,1229.9056
47a218-NOZ536-12-14-14-19,984.97925
47a218-NOZ536-12-19-14-22,1127.0039
47a218-NOZ536-12-20-14-26,1203.9967
47a218-NOZ537-12-02-13-55,1120.8204
47a218-NOZ538-12-18-15-29,1068.8668
47a218-NOZ541-12-14-15-46,1016.1804
47a218-NOZ541-12-19-15-45,916.4684
47a218-NOZ541-12-20-15-45,1162.6736
47a218-NOZ543-12-18-17-02,1267.634
47a218-NOZ544-12-18-18-29,1317.6558
47a218-NOZ544-12-19-17-34,1061.6189
47a218-NOZ544-12-20-17-46,1308.6254
47a218-NOZ547-12-20-18-57,1276.8302
47a218-NOZ548-11-27-18-35,1169.3014
47a218-NOZ549-12-18-19-38,1188.2511
47a218-NOZ550-12-13-20-25,1033.5349
47a218-NOZ550-12-18-21-06,1123.6802
47a218-NOZ550-12-20-20-20,1249.266
47a218-NOZ550-12-30-19-33,997.0357
47a218-NOZ553-11-27-19-57,1223.9009
47a218-NOZ56U-12-04-20-01,1490.7207
47a218-NOZ5AY-12-14-09-26,1068.6466
47a218-NOZ5AY-12-19-09-28,1162.3575
47a218-NOZ608-11-18-10-03,1153.2086
47a218-NOZ608-11-19-08-57,1014.453
47a218-NOZ608-11-20-09-46,1315.4435
47a218-NOZ609-11-19-07-35,1082.875
47a218-NOZ611-11-18-08-35,1197.4702
47a218-NOZ611-11-20-08-24,1095.1956
47a218-NOZ612-11-18-12-40,1085.8828
47a218-NOZ612-11-20-12-41,1019.261
47a218-NOZ617-11-18-11-19,1133.4053
47a218-NOZ617-11-20-11-06,1141.7745
47a218-NOZ620-11-18-15-42,1085.3961
47a218-NOZ620-11-20-15-48,1131.961
47a218-NOZ625-11-18-14-07,1093.0205
47a218-NOZ625-11-20-14-01,1043.9476
47a218-NOZ632-11-18-18-32,1081.5679
47a218-NOZ632-11-20-18-28,1115.6493
47a218-NOZ637-11-18-16-52,1124.3395
47a218-NOZ637-11-20-17-02,1159.651
47a218-NOZ639-12-07-17-28,1068.1459
47a218-NOZ647-11-20-19-40,1242.1742
47a218-NOZ6TM-11-13-20-12,1205.9928
47a218-NOZ6TM-11-14-18-42,1128.224
47a218-NOZ6TM-11-23-19-49,1111.2087
47a22c-NOZ133-12-04-15-57,647.6964
47a22c-NOZ134-12-04-16-58,587.62506
47a22c-NOZ140-11-17-07-06,534.0003
47a22c-NOZ140-11-18-07-14,535.22546
47a22c-NOZ141-11-17-08-01,1247.5391
47a22c-NOZ141-11-18-08-19,1258.8655
47a22c-NOZ144-11-11-15-46,572.7455
47a22c-NOZ144-11-14-15-50,509.06848
47a22c-NOZ145-11-11-16-48,626.80066
47a22c-NOZ145-11-14-16-46,1360.1272
47a22c-NOZ271-11-02-06-23,1131.3086
47a22c-NOZ276-12-01-15-57,1174.8019
47a22c-NOZ277-12-01-17-20,769.4105
47a22c-NOZ278-11-01-18-44,846.1083
47a22c-NOZ2UC-11-04-16-05,1057.6257
47a22c-NOZ2UC-12-13-16-13,1012.2163
47a22c-NOZ2UC-12-27-16-17,1278.4421
47a22c-NOZ345-12-16-10-50,1526.3152
47a22c-NOZ44A-11-11-07-58,1227.7235
47a22c-NOZ4RZ-12-16-07-59,1584.2373
47a22c-NOZ50A-12-15-18-01,1496.6315
47a22c-NOZ50A-12-16-19-02,1470.5085
47a22c-NOZ521-11-01-05-29,1097.8125
47a22c-NOZ522-11-07-06-06,1064.617
47a22c-NOZ522-11-30-06-05,1073.0165
47a22c-NOZ522-12-21-06-17,929.8195
47a22c-NOZ523-12-03-06-00,1152.9117
47a22c-NOZ523-12-05-06-40,995.9015
47a22c-NOZ523-12-06-06-30,976.78204
47a22c-NOZ523-12-07-06-36,818.94415
47a22c-NOZ523-12-08-07-03,1077.3728
47a22c-NOZ523-12-09-06-39,1078.7603
47a22c-NOZ524-11-01-06-58,1024.5925
47a22c-NOZ524-12-03-07-32,1144.2413
47a22c-NOZ525-11-07-07-20,1182.049
47a22c-NOZ525-11-30-07-26,1230.9957
47a22c-NOZ525-12-11-13-43,1186.7313
47a22c-NOZ525-12-21-07-31,1077.3203
47a22c-NOZ526-12-05-08-07,1022.4007
47a22c-NOZ526-12-06-08-30,1059.5293
47a22c-NOZ526-12-07-08-03,1083.5299
47a22c-NOZ526-12-08-08-27,906.80804
47a22c-NOZ526-12-09-08-16,874.62744
47a22c-NOZ530-11-04-09-57,1318.5809
47a22c-NOZ531-11-01-11-26,1049.7692
47a22c-NOZ531-11-04-11-14,1153.5155
47a22c-NOZ531-12-03-08-51,1274.4755
47a22c-NOZ532-12-03-10-14,1164.9644
47a22c-NOZ532-12-05-10-58,1063.563
47a22c-NOZ532-12-06-11-04,977.2819
47a22c-NOZ532-12-07-11-05,1116.5626
47a22c-NOZ532-12-08-11-11,1076.7606
47a22c-NOZ534-11-01-12-36,945.0134
47a22c-NOZ535-12-05-12-38,1046.6228
47a22c-NOZ535-12-06-12-40,928.9908
47a22c-NOZ535-12-07-12-40,987.5159
47a22c-NOZ535-12-08-12-31,1023.0844
47a22c-NOZ536-12-05-14-15,1093.0857
47a22c-NOZ536-12-06-14-17,943.8957
47a22c-NOZ536-12-07-14-33,978.3954
47a22c-NOZ536-12-08-14-13,1137.2218
47a22c-NOZ536-12-11-15-25,1193.3245
47a22c-NOZ537-11-01-13-56,811.52795
47a22c-NOZ537-11-04-14-00,1191.7642
47a22c-NOZ538-11-08-15-20,1190.5605
47a22c-NOZ541-12-05-15-44,1067.7161
47a22c-NOZ541-12-06-15-43,935.0799
47a22c-NOZ541-12-07-15-44,1002.75287
47a22c-NOZ541-12-11-16-43,1179.1216
47a22c-NOZ543-11-08-16-44,1005.5079
47a22c-NOZ544-12-05-17-18,1041.273
47a22c-NOZ544-12-06-17-17,984.5848
47a22c-NOZ544-12-07-17-11,984.4571
47a22c-NOZ544-12-09-17-35,1166.5342
47a22c-NOZ546-11-08-18-11,1167.665
47a22c-NOZ547-12-06-18-29,904.74744
47a22c-NOZ547-12-07-18-27,898.1485
47a22c-NOZ549-11-08-19-28,958.39966
47a22c-NOZ550-12-02-19-44,1170.0829
47a22c-NOZ550-12-06-19-59,897.55853
47a22c-NOZ550-12-07-20-05,933.61273
47a22c-NOZ55J-12-15-20-03,1450.271
47a22c-NOZ55J-12-16-21-18,1416.9613
47a22c-NOZ59B-11-18-10-48,1219.2711
47a22c-NOZ5AY-12-05-09-19,1072.261
47a22c-NOZ5AY-12-06-09-47,1063.981
47a22c-NOZ5AY-12-07-09-26,919.00037
47a22c-NOZ5AY-12-08-09-39,1093.4886
47a22c-NOZ5AY-12-09-09-26,1057.4357
47a22c-NOZ5PR-11-20-16-04,1172.4364
47a22c-NOZ606-12-22-08-25,1100.6271
47a22c-NOZ612-12-22-12-46,1062.5396
47a22c-NOZ617-12-22-11-14,1305.5726
47a22c-NOZ620-12-22-16-06,1152.4604
47a22c-NOZ625-12-22-14-11,1161.8799
47a22c-NOZ639-11-04-17-25,1177.7224
47a22c-NOZ639-11-22-17-49,1096.7744
47a22c-NOZ639-12-13-17-46,1090.868
47a22c-NOZ639-12-27-17-43,949.0329
47a22c-NOZ6CF-11-02-08-01,1457.3809
47a31a-NOZ132-11-22-14-04,582.3833
47a31a-NOZ132-11-24-13-56,504.00018
47a31a-NOZ132-11-25-14-05,511.7967
47a31a-NOZ132-11-28-13-55,492.2708
47a31a-NOZ133-11-22-14-52,338.32275
47a31a-NOZ133-11-24-14-55,548.35345
47a31a-NOZ133-11-25-15-04,582.45026
47a31a-NOZ133-11-28-14-57,484.22028
47a31a-NOZ181-12-03-08-53,1060.428
47a31a-NOZ181-12-21-06-11,1035.5693
47a31a-NOZ182-12-03-07-34,1013.8659
47a31a-NOZ191-11-03-17-04,1158.9241
47a31a-NOZ1BG-11-03-06-01,1463.4694
47a31a-NOZ271-11-30-06-00,849.61835
47a31a-NOZ276-12-20-16-04,856.55066
47a31a-NOZ277-12-20-17-29,984.3576
47a31a-NOZ278-11-29-18-50,942.73785
47a31a-NOZ2DC-11-25-06-05,525.0172
47a31a-NOZ2DC-12-08-06-15,565.7282
47a31a-NOZ2KT-12-18-16-09,1178.9749
47a31a-NOZ2UC-12-01-16-12,1086.1805
47a31a-NOZ345-11-21-09-57,1390.6127
47a31a-NOZ346-12-12-14-45,1537.8799
47a31a-NOZ347-12-12-16-42,1518.9421
47a31a-NOZ3JE-11-25-07-00,726.9867
47a31a-NOZ3JE-12-08-07-52,580.8139
47a31a-NOZ3TV-12-09-20-12,1097.1117
47a31a-NOZ4HF-12-09-07-00,1174.8265
47a31a-NOZ4RZ-11-21-08-02,1607.9667
47a31a-NOZ50A-11-20-16-44,1551.9688
47a31a-NOZ522-11-08-06-10,990.60974
47a31a-NOZ525-11-08-07-29,1168.2949
47a31a-NOZ530-11-02-09-52,970.8467
47a31a-NOZ530-11-03-09-59,1290.9635
47a31a-NOZ530-12-19-10-01,1005.6134
47a31a-NOZ531-11-02-11-08,847.34656
47a31a-NOZ531-11-03-11-15,942.434
47a31a-NOZ531-12-19-11-14,998.49207
47a31a-NOZ534-11-02-12-38,1191.8738
47a31a-NOZ534-11-03-12-36,1107.5992
47a31a-NOZ534-12-19-12-45,895.2986
47a31a-NOZ537-11-02-13-54,1077.9633
47a31a-NOZ537-11-03-13-55,1171.65
47a31a-NOZ537-12-19-14-00,1021.8704
47a31a-NOZ538-12-14-15-38,1003.4995
47a31a-NOZ540-11-02-16-12,1004.29987
47a31a-NOZ545-11-02-17-25,998.6887
47a31a-NOZ546-12-14-18-10,954.1171
47a31a-NOZ548-11-13-18-38,1147.5531
47a31a-NOZ549-12-14-19-26,937.16534
47a31a-NOZ553-11-13-20-01,1144.2332
47a31a-NOZ55J-11-20-18-37,1572.5399
47a31a-NOZ56U-11-02-18-52,1426.4855
47a31a-NOZ601-12-09-05-36,934.38947
47a31a-NOZ602-12-12-06-15,1166.0948
47a31a-NOZ607-11-29-06-58,1133.2236
47a31a-NOZ608-11-26-09-04,1198.5344
47a31a-NOZ608-11-27-09-47,1058.383
47a31a-NOZ608-12-09-10-02,1155.2412
47a31a-NOZ609-11-26-07-29,1112.2386
47a31a-NOZ609-12-12-07-31,1156.6837
47a31a-NOZ611-11-27-08-22,1132.0841
47a31a-NOZ611-12-09-08-21,1089.491
47a31a-NOZ612-11-27-13-56,1164.1542
47a31a-NOZ612-12-09-12-41,1156.0325
47a31a-NOZ617-11-27-11-11,1171.66
47a31a-NOZ617-12-09-11-19,1196.3635
47a31a-NOZ620-12-09-15-56,1017.85785
47a31a-NOZ625-12-09-14-14,1088.1852
47a31a-NOZ626-11-27-17-06,1134.5581
47a31a-NOZ626-12-08-17-17,1103.0513
47a31a-NOZ631-11-27-15-40,1153.8632
47a31a-NOZ631-12-08-15-33,1050.2633
47a31a-NOZ632-12-09-18-37,1024.7195
47a31a-NOZ634-11-27-19-59,973.7458
47a31a-NOZ637-12-09-17-10,1154.1108
47a31a-NOZ638-11-21-20-04,1229.9496
47a31a-NOZ638-12-07-20-18,1167.4105
47a31a-NOZ639-12-01-17-23,975.30853
47a31a-NOZ643-11-27-18-32,1083.6306
47a31a-NOZ6TM-12-20-19-17,1253.8063
47a31a-NOZ9BH-11-03-15-34,1170.8246
47a32e-NOZ133-11-27-15-51,558.68475
47a32e-NOZ134-11-27-17-04,456.2671
47a32e-NOZ181-11-11-06-02,1181.2223
47a32e-NOZ181-11-18-06-10,1173.0134
47a32e-NOZ182-11-11-07-35,1229.0503
47a32e-NOZ182-11-18-07-41,1127.2781
47a32e-NOZ183-11-06-07-49,956.5114
47a32e-NOZ183-11-11-08-57,1133.4928
47a32e-NOZ183-11-18-08-59,1199.0673
47a32e-NOZ183-12-18-07-55,1110.8008
47a32e-NOZ191-11-15-16-56,1021.89233
47a32e-NOZ1BG-11-02-06-00,1324.2095
47a32e-NOZ1TT-11-16-14-37,1038.319
47a32e-NOZ1TT-12-27-14-43,1146.8846
47a32e-NOZ1TT-12-30-14-33,1038.1506
47a32e-NOZ270-11-08-07-26,955.1591
47a32e-NOZ270-11-16-07-32,954.3328
47a32e-NOZ271-11-08-06-06,883.83997
47a32e-NOZ272-12-18-15-50,982.96075
47a32e-NOZ275-12-18-17-09,887.94934
47a32e-NOZ278-11-07-18-59,990.86584
47a32e-NOZ345-11-09-09-27,1574.8129
47a32e-NOZ346-11-08-14-27,1603.8835
47a32e-NOZ346-11-13-14-36,1647.7006
47a32e-NOZ347-11-08-16-33,1356.6398
47a32e-NOZ347-11-13-16-35,1626.889
47a32e-NOZ3VG-12-30-16-01,1085.1793
47a32e-NOZ4RZ-11-09-07-32,1464.5214
47a32e-NOZ521-11-28-05-24,1066.7736
47a32e-NOZ522-11-14-06-12,916.96405
47a32e-NOZ522-12-19-06-14,873.9504
47a32e-NOZ523-11-29-06-29,942.0548
47a32e-NOZ523-11-30-06-25,1034.1935
47a32e-NOZ524-11-28-07-20,1200.2107
47a32e-NOZ525-11-14-07-33,1271.2151
47a32e-NOZ525-12-19-07-30,1173.2579
47a32e-NOZ526-11-29-07-53,890.1563
47a32e-NOZ526-11-30-07-50,1002.86615
47a32e-NOZ532-11-29-11-06,907.01996
47a32e-NOZ532-11-30-10-49,1018.187
47a32e-NOZ535-11-29-12-29,971.9936
47a32e-NOZ535-11-30-12-31,1031.9314
47a32e-NOZ536-11-29-14-23,1032.2233
47a32e-NOZ538-11-21-15-32,1012.8005
47a32e-NOZ538-12-15-15-30,1048.3989
47a32e-NOZ540-11-01-16-25,1155.8291
47a32e-NOZ540-11-04-16-14,1325.0793
47a32e-NOZ540-11-07-16-10,1181.8489
47a32e-NOZ541-11-29-15-41,1065.2527
47a32e-NOZ541-11-30-15-41,1009.4265
47a32e-NOZ543-11-21-16-40,873.22723
47a32e-NOZ543-12-15-16-49,1103.1255
47a32e-NOZ544-11-29-17-09,1139.3958
47a32e-NOZ544-11-30-17-19,1179.2566
47a32e-NOZ545-11-01-17-33,1006.1232
47a32e-NOZ545-11-04-17-35,972.5328
47a32e-NOZ545-11-07-17-29,1188.1843
47a32e-NOZ546-11-21-18-13,1005.8177
47a32e-NOZ546-12-15-18-26,982.31885
47a32e-NOZ547-11-29-18-23,948.54114
47a32e-NOZ547-11-30-18-27,963.72845
47a32e-NOZ549-11-21-19-24,1087.4144
47a32e-NOZ549-12-15-19-34,848.5648
47a32e-NOZ550-11-25-19-28,1123.7311
47a32e-NOZ550-11-29-20-06,1048.21
47a32e-NOZ56U-11-01-18-48,1337.9336
47a32e-NOZ5AY-11-29-09-23,944.4008
47a32e-NOZ5PY-11-16-15-56,1036.9138
47a32e-NOZ607-11-03-07-01,1189.6713
47a32e-NOZ628-11-16-17-30,1085.9283
47a32e-NOZ628-12-27-18-45,1143.5171
47a32e-NOZ628-12-30-17-43,1203.2695
47a32e-NOZ638-11-02-20-08,1313.3501
47a32e-NOZ639-11-23-17-51,1136.7621
47a32e-NOZ645-11-16-18-49,1060.6357
47a32e-NOZ645-12-27-20-02,1066.0962
47a32e-NOZ645-12-30-19-06,1010.2543
47a32e-NOZ6TM-11-10-19-02,1334.6527
47a32e-NOZ6TM-11-17-19-27,1092.7991
47a32e-NOZ6TM-12-16-23-03,1260.3995
47a32e-NOZ7C-11-08-08-39,896.29297
47a32e-NOZ7C-11-16-08-49,876.54297
47a32e-NOZ93E-11-17-18-03,1228.7455
47a32e-NOZ9BH-11-15-15-32,1140.4518
47a3b0-NOZ140-11-01-06-59,574.09814
47a3b0-NOZ140-11-02-07-06,498.99017
47a3b0-NOZ140-11-04-07-18,585.93396
47a3b0-NOZ140-11-07-07-14,485.89716
47a3b0-NOZ140-11-08-07-11,540.44775
47a3b0-NOZ141-11-01-07-58,612.82294
47a3b0-NOZ141-11-02-08-01,1250.3757
47a3b0-NOZ141-11-04-08-13,1383.0818
47a3b0-NOZ141-11-07-08-14,1195.3793
47a3b0-NOZ141-11-08-08-07,446.9593
47a3b0-NOZ144-11-01-15-43,1329.1622
47a3b0-NOZ144-11-02-15-53,571.52167
47a3b0-NOZ144-11-03-15-12,424.32208
47a3b0-NOZ144-11-08-15-48,474.2665
47a3b0-NOZ144-11-10-15-13,542.8875
47a3b0-NOZ145-11-01-16-48,1220.7168
47a3b0-NOZ145-11-02-16-45,754.76447
47a3b0-NOZ145-11-03-16-12,1299.3353
47a3b0-NOZ145-11-08-16-43,483.45572
47a3b0-NOZ145-11-10-16-10,656.13043
47a3b0-NOZ181-11-17-06-02,943.68774
47a3b0-NOZ181-11-29-05-59,1017.65454
47a3b0-NOZ182-11-17-07-35,1169.9177
47a3b0-NOZ182-11-29-07-34,1067.4126
47a3b0-NOZ182-12-01-07-42,1092.4515
47a3b0-NOZ183-11-17-08-51,1077.9417
47a3b0-NOZ183-11-29-08-49,1040.9513
47a3b0-NOZ183-12-01-08-49,1094.9193
47a3b0-NOZ191-11-28-17-04,1177.6449
47a3b0-NOZ270-11-25-07-30,845.0571
47a3b0-NOZ271-11-25-06-09,952.4757
47a3b0-NOZ276-11-16-15-55,936.02026
47a3b0-NOZ276-11-30-15-52,917.54974
47a3b0-NOZ277-11-16-17-20,787.52924
47a3b0-NOZ277-11-30-17-22,967.475
47a3b0-NOZ278-11-24-19-09,1019.1016
47a3b0-NOZ2UC-12-23-16-12,1066.2
47a3b0-NOZ345-11-06-10-14,1623.4716
47a3b0-NOZ345-12-02-09-42,1518.7112
47a3b0-NOZ42U-11-11-07-06,1111.41
47a3b0-NOZ4RZ-11-06-08-18,1424.14
47a3b0-NOZ4RZ-12-02-07-41,1517.9003
47a3b0-NOZ50A-11-29-16-40,1662.2302
47a3b0-NOZ50A-12-02-16-47,1535.0753
47a3b0-NOZ522-11-21-05-58,920.0931
47a3b0-NOZ525-11-21-07-16,1212.0918
47a3b0-NOZ530-12-23-10-14,1171.0038
47a3b0-NOZ531-12-23-11-26,1106.1515
47a3b0-NOZ534-12-23-12-49,1196.84
47a3b0-NOZ537-12-23-14-24,1137.9541
47a3b0-NOZ540-11-24-16-25,994.2508
47a3b0-NOZ545-11-24-17-39,1226.6182
47a3b0-NOZ545-12-28-17-31,1152.9023
47a3b0-NOZ548-12-11-18-49,1257.8574
47a3b0-NOZ54Z-11-11-12-38,1235.9115
47a3b0-NOZ553-12-11-20-03,1251.2006
47a3b0-NOZ55J-11-29-18-33,1244.3718
47a3b0-NOZ55J-12-02-18-44,1267.6787
47a3b0-NOZ60M-11-11-15-29,1283.7739
47a3b0-NOZ639-12-23-17-29,1120.6553
47a3b0-NOZ6TM-11-16-18-47,1232.5028
47a3b0-NOZ6TM-11-28-18-50,1096.3838
47a3b0-NOZ6TM-11-30-18-47,1186.2278
47a3b0-NOZ7C-11-25-08-44,946.1375
47a3b0-NOZ8ME-11-11-18-10,1234.8447
47a3b0-NOZ9BH-11-28-15-39,1264.6769
47a50d-NOZ142-11-27-13-53,539.8023
47a50d-NOZ143-11-27-14-46,1261.7952
47a50d-NOZ144-12-27-15-52,622.71216
47a50d-NOZ144-12-28-15-53,544.99365
47a50d-NOZ144-12-30-15-54,469.86362
47a50d-NOZ145-12-27-17-10,582.119
47a50d-NOZ145-12-28-16-56,730.48035
47a50d-NOZ145-12-30-16-55,530.9864
47a50d-NOZ181-11-05-08-55,1001.02246
47a50d-NOZ194-12-04-18-49,1174.6545
47a50d-NOZ195-12-04-20-09,1148.5155
47a50d-NOZ1BG-11-22-06-05,1471.485
47a50d-NOZ1BG-11-25-06-17,1691.5848
47a50d-NOZ1BG-12-09-06-26,1535.7694
47a50d-NOZ1TT-12-09-14-39,958.7311
47a50d-NOZ270-11-09-07-26,851.4328
47a50d-NOZ276-12-04-13-42,1123.6748
47a50d-NOZ276-12-19-16-54,907.1043
47a50d-NOZ277-12-04-14-44,860.15204
47a50d-NOZ277-12-19-18-14,863.6911
47a50d-NOZ2UC-12-04-16-07,1072.357
47a50d-NOZ2UC-12-06-16-40,1235.6399
47a50d-NOZ2UC-12-20-16-18,1156.2877
47a50d-NOZ346-11-25-14-41,1533.7678
47a50d-NOZ346-12-25-14-55,1474.5502
47a50d-NOZ347-11-25-16-30,1565.3243
47a50d-NOZ347-12-25-16-51,1343.2893
47a50d-NOZ3VG-12-09-16-03,1099.8958
47a50d-NOZ42U-12-15-07-12,1123.317
47a50d-NOZ50A-12-12-16-49,1596.0233
47a50d-NOZ525-11-20-11-42,1076.4166
47a50d-NOZ534-11-20-13-34,1252.874
47a50d-NOZ534-12-12-12-55,1078.0923
47a50d-NOZ536-11-06-14-18,1063.3876
47a50d-NOZ537-11-20-14-53,1118.9312
47a50d-NOZ537-12-12-14-08,1019.95917
47a50d-NOZ540-11-20-16-29,1151.2784
47a50d-NOZ545-11-20-17-38,1171.5679
47a50d-NOZ546-11-20-19-31,1227.8055
47a50d-NOZ550-11-18-19-28,1210.4249
47a50d-NOZ555-11-20-20-37,1157.1432
47a50d-NOZ55J-12-12-18-35,1233.1366
47a50d-NOZ56U-11-21-19-16,1503.4459
47a50d-NOZ56U-11-24-19-12,1273.6548
47a50d-NOZ5PR-11-17-16-07,1174.2178
47a50d-NOZ628-12-09-17-40,1131.5503
47a50d-NOZ639-12-04-17-25,1167.699
47a50d-NOZ639-12-06-17-48,1101.3112
47a50d-NOZ639-12-20-17-41,1067.4609
47a50d-NOZ639-12-22-18-07,1266.1401
47a50d-NOZ645-12-09-18-53,1173.8539
47a50d-NOZ66Y-12-18-18-24,1168.7897
47a50d-NOZ7C-11-09-08-41,953.19037
47a50d-NOZ8ME-12-15-20-18,1209.1437
47a50d-NOZ96F-12-15-22-32,1041.4398
47a518-NOZ132-12-15-14-22,563.3593
47a518-NOZ133-12-15-15-15,551.5164
47a518-NOZ164-12-15-06-36,1230.2118
47a518-NOZ1BG-11-14-06-16,1402.359
47a518-NOZ1BG-11-23-05-56,1154.6106
47a518-NOZ1BG-12-17-07-08,1655.7759
47a518-NOZ1TT-11-08-14-31,1034.8402
47a518-NOZ1YA-12-16-17-45,1176.8613
47a518-NOZ271-11-12-07-35,842.29736
47a518-NOZ271-11-18-06-28,889.2972
47a518-NOZ276-12-08-16-16,863.9045
47a518-NOZ277-12-08-17-38,867.7846
47a518-NOZ278-11-11-18-57,971.4357
47a518-NOZ278-11-17-19-18,1190.2325
47a518-NOZ2BE-11-01-12-36,1547.5378
47a518-NOZ2DC-12-12-05-59,573.4894
47a518-NOZ2DC-12-16-06-11,598.0936
47a518-NOZ2DC-12-21-05-58,520.6797
47a518-NOZ2UC-11-09-16-06,1250.0651
47a518-NOZ2UC-12-28-16-10,1078.8677
47a518-NOZ345-11-18-09-44,1529.8534
47a518-NOZ3JE-12-12-07-01,484.36368
47a518-NOZ3JE-12-16-08-34,641.00757
47a518-NOZ3JE-12-21-06-52,511.59467
47a518-NOZ4RZ-11-18-07-53,1547.4722
47a518-NOZ50A-11-18-16-41,1549.5271
47a518-NOZ522-12-07-06-18,1020.1922
47a518-NOZ525-12-07-07-35,1108.0831
47a518-NOZ536-11-20-14-31,1120.8445
47a518-NOZ538-12-22-16-12,1261.7471
47a518-NOZ540-11-22-16-32,886.64197
47a518-NOZ541-11-20-15-44,1117.8268
47a518-NOZ543-12-22-17-34,1160.5239
47a518-NOZ545-11-22-17-37,1016.2657
47a518-NOZ55J-11-18-18-37,1470.8606
47a518-NOZ56U-11-13-20-05,1404.5621
47a518-NOZ56U-11-22-19-05,1244.4122
47a518-NOZ56U-12-16-23-56,1607.7059
47a518-NOZ5PY-11-08-16-00,973.43933
47a518-NOZ605-12-20-06-36,905.40295
47a518-NOZ605-12-22-06-39,1071.7212
47a518-NOZ606-12-20-08-12,1170.5571
47a518-NOZ607-11-15-07-18,1147.8043
47a518-NOZ608-12-13-13-31,1123.2944
47a518-NOZ611-12-13-12-01,1048.157
47a518-NOZ612-11-14-12-35,1075.9009
47a518-NOZ620-12-21-15-47,1173.79
47a518-NOZ625-12-21-14-16,1161.2545
47a518-NOZ626-11-14-16-46,1034.8658
47a518-NOZ626-12-11-17-41,1124.9932
47a518-NOZ626-12-12-17-01,1103.1123
47a518-NOZ626-12-13-16-58,1107.0359
47a518-NOZ626-12-20-17-07,1299.1494
47a518-NOZ628-11-08-17-24,1112.4318
47a518-NOZ631-11-14-15-27,1067.9274
47a518-NOZ631-12-11-15-58,1003.7086
47a518-NOZ631-12-12-15-31,940.5431
47a518-NOZ631-12-13-15-26,1112.5055
47a518-NOZ631-12-20-15-27,1174.9358
47a518-NOZ632-12-21-19-02,1195.9471
47a518-NOZ634-12-11-20-12,1056.0449
47a518-NOZ637-12-21-17-06,1218.3778
47a518-NOZ638-12-19-20-20,985.43396
47a518-NOZ639-11-09-17-23,1027.8495
47a518-NOZ639-12-28-17-30,1007.2364
47a518-NOZ639-12-29-19-14,1097.757
47a518-NOZ643-12-11-18-56,1181.2449
47a518-NOZ645-11-08-18-44,1070.3826
47a518-NOZ6TC-11-01-17-09,1674.3577
47a531-NOZ132-12-13-14-31,640.904
47a531-NOZ133-11-06-15-50,633.65717
47a531-NOZ133-12-13-15-33,540.42584
47a531-NOZ134-11-06-17-05,495.54868
47a531-NOZ140-12-07-07-22,530.30273
47a531-NOZ140-12-15-07-28,748.294
47a531-NOZ141-12-07-08-15,1290.4441
47a531-NOZ141-12-15-08-25,539.1502
47a531-NOZ144-12-07-16-28,570.6317
47a531-NOZ144-12-16-16-10,570.6097
47a531-NOZ144-12-19-15-52,580.892
47a531-NOZ145-12-07-17-28,543.8576
47a531-NOZ145-12-16-17-19,569.10895
47a531-NOZ145-12-19-16-52,1351.1671
47a531-NOZ181-12-02-06-05,1038.3243
47a531-NOZ182-12-02-07-43,903.98114
47a531-NOZ183-12-02-09-09,1094.1636
47a531-NOZ1TT-12-11-15-27,1191.3676
47a531-NOZ276-11-13-13-22,977.3364
47a531-NOZ277-11-13-14-39,915.7982
47a531-NOZ2GH-12-25-14-58,1224.5015
47a531-NOZ3VG-12-11-16-42,1104.0232
47a531-NOZ4HF-12-12-07-07,1007.7706
47a531-NOZ521-11-07-05-32,1054.7637
47a531-NOZ521-11-09-05-29,1181.5085
47a531-NOZ521-11-10-05-29,1145.5499
47a531-NOZ521-11-17-05-29,1095.7692
47a531-NOZ523-11-08-06-33,1115.36
47a531-NOZ523-11-11-06-28,1144.7036
47a531-NOZ523-11-12-06-00,1093.7244
47a531-NOZ523-11-13-06-30,1055.0372
47a531-NOZ523-11-19-06-01,1106.9019
47a531-NOZ523-11-21-06-52,1110.8188
47a531-NOZ523-11-22-06-25,1155.9178
47a531-NOZ523-11-23-06-29,1094.853
47a531-NOZ523-11-24-06-34,915.4433
47a531-NOZ523-11-25-06-49,1190.1694
47a531-NOZ523-11-27-06-29,1020.9781
47a531-NOZ524-11-07-07-07,1133.3425
47a531-NOZ524-11-09-06-59,1159.9607
47a531-NOZ524-11-10-06-59,933.0787
47a531-NOZ524-11-12-07-21,911.10803
47a531-NOZ524-11-19-07-22,964.53296
47a531-NOZ526-11-08-08-04,1087.7002
47a531-NOZ526-11-11-08-00,980.3736
47a531-NOZ526-11-21-08-29,1126.6444
47a531-NOZ526-11-22-08-14,1190.266
47a531-NOZ526-11-23-08-45,962.6872
47a531-NOZ526-11-24-08-23,995.17523
47a531-NOZ530-11-20-09-26,1053.6416
47a531-NOZ531-11-12-08-37,941.38934
47a531-NOZ531-11-19-08-37,1185.3016
47a531-NOZ531-11-20-08-00,1053.8104
47a531-NOZ532-11-08-10-59,1009.5613
47a531-NOZ532-11-11-11-04,1141.8176
47a531-NOZ532-11-12-10-08,1246.505
47a531-NOZ532-11-19-10-06,1217.1642
47a531-NOZ532-11-20-12-25,1126.1744
47a531-NOZ532-11-21-11-12,1065.367
47a531-NOZ532-11-22-11-12,1007.7947
47a531-NOZ532-11-23-11-10,1071.127
47a531-NOZ532-11-24-11-11,939.79803
47a531-NOZ532-11-25-11-14,1066.9374
47a531-NOZ535-11-08-12-27,981.58746
47a531-NOZ535-11-11-12-31,1122.4758
47a531-NOZ535-11-20-13-37,1031.0452
47a531-NOZ535-11-21-12-35,883.41565
47a531-NOZ535-11-22-12-29,884.3509
47a531-NOZ535-11-23-12-30,954.2786
47a531-NOZ535-11-24-12-34,1072.8323
47a531-NOZ535-11-25-12-32,1169.655
47a531-NOZ536-11-08-14-15,928.9611
47a531-NOZ536-11-11-14-14,1235.8379
47a531-NOZ536-11-16-14-59,1126.9867
47a531-NOZ536-11-21-14-17,923.5977
47a531-NOZ536-11-22-14-23,1057.1055
47a531-NOZ536-11-23-14-32,1203.9669
47a531-NOZ536-11-24-14-29,998.1626
47a531-NOZ536-11-25-14-26,1172.3715
47a531-NOZ538-11-18-15-22,1042.434
47a531-NOZ538-11-20-15-15,1196.8959
47a531-NOZ541-11-08-15-42,1088.4083
47a531-NOZ541-11-11-15-48,1231.5148
47a531-NOZ541-11-16-16-31,1209.1356
47a531-NOZ541-11-21-15-38,884.07513
47a531-NOZ541-11-22-15-46,1182.4283
47a531-NOZ541-11-23-15-45,1204.4734
47a531-NOZ541-11-24-15-47,1067.4264
47a531-NOZ541-11-25-15-55,1134.1556
47a531-NOZ543-11-18-16-41,1129.6613
47a531-NOZ543-11-20-16-39,1086.7307
47a531-NOZ544-11-08-17-14,1121.5856
47a531-NOZ544-11-11-17-20,1186.2793
47a531-NOZ544-11-16-17-43,1188.4744
47a531-NOZ544-11-20-18-25,1039.7745
47a531-NOZ544-11-21-17-16,868.10657
47a531-NOZ544-11-22-17-51,1061.2504
47a531-NOZ544-11-23-17-45,1169.2161
47a531-NOZ544-11-24-17-14,1136.0934
47a531-NOZ544-11-25-17-20,1169.9188
47a531-NOZ545-12-30-17-52,1217.8853
47a531-NOZ546-11-18-18-19,1021.8553
47a531-NOZ547-11-16-18-53,971.1319
47a531-NOZ547-11-22-18-57,1038.4531
47a531-NOZ547-11-23-18-51,928.79144
47a531-NOZ547-11-24-18-30,1035.1447
47a531-NOZ549-11-20-19-45,1116.0963
47a531-NOZ550-11-04-20-06,1030.5393
47a531-NOZ550-11-16-20-15,1212.5947
47a531-NOZ550-11-20-21-09,1012.3539
47a531-NOZ550-11-22-20-25,1172.1389
47a531-NOZ550-11-23-20-16,1116.1633
47a531-NOZ550-11-24-20-12,1022.51575
47a531-NOZ5AY-11-08-09-23,861.7104
47a531-NOZ5AY-11-11-09-18,1211.7676
47a531-NOZ5AY-11-20-10-46,1019.1235
47a531-NOZ5AY-11-21-09-32,985.30524
47a531-NOZ5AY-11-22-09-19,968.5648
47a531-NOZ5AY-11-23-09-52,1102.6842
47a531-NOZ5AY-11-24-09-32,972.52814
47a531-NOZ5AY-11-25-09-49,1184.1035
47a531-NOZ601-12-12-05-30,969.50653
47a531-NOZ602-11-15-06-15,963.7289
47a531-NOZ607-12-14-07-20,1051.2965
47a531-NOZ608-12-12-09-57,1167.5186
47a531-NOZ609-11-15-07-36,1056.7139
47a531-NOZ611-12-12-08-31,1109.2029
47a531-NOZ612-12-12-12-48,1023.364
47a531-NOZ617-12-12-11-17,1114.5673
47a531-NOZ620-12-12-15-30,1060.8755
47a531-NOZ620-12-23-15-39,1154.3083
47a531-NOZ625-12-12-14-05,994.52057
47a531-NOZ628-12-11-18-00,1113.336
47a531-NOZ632-12-12-18-07,1166.7144
47a531-NOZ632-12-23-18-47,1103.4148
47a531-NOZ637-12-12-16-42,994.984
47a531-NOZ637-12-23-16-48,1132.4026
47a531-NOZ638-12-11-20-50,1091.8839
47a531-NOZ645-12-11-19-22,1185.3141
47a531-NOZ64N-12-06-17-24,1212.3224
47a531-NOZ6TM-12-30-19-25,1038.0541
47a7a8-NOZ181-12-15-06-30,1118.6345
47a7a8-NOZ182-12-15-07-43,1094.2758
47a7a8-NOZ182-12-28-07-45,1093.2046
47a7a8-NOZ183-12-15-09-00,1147.5531
47a7a8-NOZ183-12-28-09-08,1119.789
47a7a8-NOZ270-11-03-07-29,916.0516
47a7a8-NOZ271-11-03-06-08,1054.8873
47a7a8-NOZ276-11-07-16-03,852.4988
47a7a8-NOZ276-12-21-16-31,952.06793
47a7a8-NOZ277-11-07-17-22,900.204
47a7a8-NOZ277-12-21-17-52,1011.88184
47a7a8-NOZ278-11-02-19-06,1013.8079
47a7a8-NOZ2DC-11-28-06-09,603.3019
47a7a8-NOZ2DC-12-30-06-12,565.01245
47a7a8-NOZ2GH-11-27-15-39,1135.1213
47a7a8-NOZ2KT-11-02-16-12,1302.2468
47a7a8-NOZ2UC-11-03-16-02,1182.3104
47a7a8-NOZ2UC-11-11-16-04,1237.8744
47a7a8-NOZ345-11-05-11-21,1533.3553
47a7a8-NOZ345-11-10-09-47,1542.3486
47a7a8-NOZ346-11-16-14-35,1503.5248
47a7a8-NOZ346-11-17-14-39,1472.5364
47a7a8-NOZ347-11-16-16-36,1514.7443
47a7a8-NOZ347-11-17-16-33,1500.5868
47a7a8-NOZ3JE-11-28-06-57,584.58466
47a7a8-NOZ3JE-12-30-07-05,607.93677
47a7a8-NOZ4HF-11-25-07-04,1072.511
47a7a8-NOZ4HF-11-30-07-02,1267.839
47a7a8-NOZ4HF-12-01-06-58,1001.96515
47a7a8-NOZ4HF-12-02-07-06,822.20233
47a7a8-NOZ4RZ-11-05-09-28,1276.776
47a7a8-NOZ4RZ-11-10-07-42,1614.0869
47a7a8-NOZ50A-11-09-16-36,1650.529
47a7a8-NOZ50A-11-14-16-36,1531.9456
47a7a8-NOZ523-12-12-06-36,1082.0687
47a7a8-NOZ526-12-12-08-03,1065.8583
47a7a8-NOZ526-12-13-07-57,872.8355
47a7a8-NOZ530-12-11-10-04,1150.2963
47a7a8-NOZ531-12-11-08-48,1177.3322
47a7a8-NOZ532-12-11-13-18,1163.7069
47a7a8-NOZ532-12-12-11-20,1121.9979
47a7a8-NOZ535-12-11-14-29,1115.142
47a7a8-NOZ535-12-12-12-35,975.4108
47a7a8-NOZ536-12-12-14-23,1178.023
47a7a8-NOZ538-12-09-15-28,984.17786
47a7a8-NOZ538-12-11-16-04,1032.8983
47a7a8-NOZ541-12-12-15-54,1054.996
47a7a8-NOZ543-12-09-16-46,1127.9185
47a7a8-NOZ543-12-11-17-22,1216.018
47a7a8-NOZ544-11-03-18-47,1264.027
47a7a8-NOZ544-12-11-18-47,1164.0459
47a7a8-NOZ544-12-12-17-17,1094.162
47a7a8-NOZ546-12-09-18-18,1061.2277
47a7a8-NOZ547-11-03-19-57,1168.7618
47a7a8-NOZ548-11-06-18-32,1030.1876
47a7a8-NOZ549-12-11-19-58,1095.1261
47a7a8-NOZ550-12-11-21-12,1161.8422
47a7a8-NOZ553-11-06-19-56,1072.4164
47a7a8-NOZ55J-11-09-18-39,1458.5272
47a7a8-NOZ55J-11-14-18-34,1399.0515
47a7a8-NOZ5AY-12-11-11-26,1193.0406
47a7a8-NOZ5AY-12-12-09-20,1028.8837
47a7a8-NOZ5AY-12-13-09-17,1049.8652
47a7a8-NOZ601-11-25-05-37,1057.6661
47a7a8-NOZ601-11-30-05-37,994.32043
47a7a8-NOZ601-12-01-05-35,1128.0835
47a7a8-NOZ601-12-02-05-31,1037.5231
47a7a8-NOZ605-11-29-06-34,1082.0671
47a7a8-NOZ605-12-29-06-30,1064.6438
47a7a8-NOZ606-11-29-07-56,1047.5215
47a7a8-NOZ606-12-29-08-45,1152.5544
47a7a8-NOZ608-11-25-09-58,1153.5925
47a7a8-NOZ608-12-01-09-46,944.23285
47a7a8-NOZ608-12-02-10-17,1224.7689
47a7a8-NOZ611-11-25-08-30,1073.4146
47a7a8-NOZ611-12-01-08-21,1104.0958
47a7a8-NOZ611-12-02-08-32,1105.6917
47a7a8-NOZ612-11-25-12-40,1100.115
47a7a8-NOZ612-11-30-12-18,1138.7727
47a7a8-NOZ612-12-01-12-41,1085.7244
47a7a8-NOZ612-12-02-12-47,1078.3503
47a7a8-NOZ612-12-28-13-11,1145.9756
47a7a8-NOZ614-12-04-14-00,976.12225
47a7a8-NOZ617-11-25-11-13,1135.7576
47a7a8-NOZ617-11-30-10-55,1082.9323
47a7a8-NOZ617-12-01-11-08,1227.2969
47a7a8-NOZ617-12-02-11-26,1187.1072
47a7a8-NOZ620-11-24-15-57,1157.4396
47a7a8-NOZ620-11-25-15-26,1145.6499
47a7a8-NOZ620-11-30-15-29,975.45734
47a7a8-NOZ620-12-01-15-29,1046.8838
47a7a8-NOZ620-12-02-15-36,1172.7131
47a7a8-NOZ620-12-28-16-20,1206.5951
47a7a8-NOZ623-12-04-12-31,1106.9446
47a7a8-NOZ624-11-27-16-54,1098.5942
47a7a8-NOZ625-11-25-14-06,1021.3273
47a7a8-NOZ625-12-01-14-03,1236.452
47a7a8-NOZ625-12-02-14-08,1096.447
47a7a8-NOZ625-12-28-14-41,1090.8873
47a7a8-NOZ626-11-28-16-44,1070.4832
47a7a8-NOZ626-11-29-16-55,1085.3062
47a7a8-NOZ626-12-04-17-03,1067.467
47a7a8-NOZ626-12-29-17-15,1159.3916
47a7a8-NOZ631-11-28-15-24,1145.3927
47a7a8-NOZ631-11-29-15-27,1000.1112
47a7a8-NOZ631-12-04-15-32,1014.9601
47a7a8-NOZ631-12-29-15-22,1240.8228
47a7a8-NOZ632-11-24-18-41,1282.022
47a7a8-NOZ632-11-25-18-12,1156.6748
47a7a8-NOZ632-11-30-18-03,968.1802
47a7a8-NOZ632-12-02-18-11,1038.1215
47a7a8-NOZ637-11-24-17-10,1162.5233
47a7a8-NOZ637-11-25-16-46,1084.649
47a7a8-NOZ637-11-30-16-46,1072.0289
47a7a8-NOZ637-12-01-16-42,1044.2952
47a7a8-NOZ637-12-02-16-53,1090.4447
47a7a8-NOZ639-11-03-17-28,1211.2067
47a7a8-NOZ639-11-11-17-38,986.1734
47a7a8-NOZ643-12-04-18-17,1046.1752
47a7a8-NOZ6TM-12-14-18-45,1099.0559
47a7a8-NOZ7C-11-03-08-44,821.231
4aca0a-NOZ181-12-19-06-08,1087.6312
4aca0a-NOZ276-12-22-16-53,1171.0613
4aca0a-NOZ277-12-22-18-16,854.1557
4aca0a-NOZ538-12-29-16-10,1028.8832
4aca0a-NOZ543-12-29-17-34,1224.1722
4aca0a-NOZ546-12-29-19-16,1142.7817
4aca0a-NOZ549-12-29-20-31,1119.0779
4aca0a-NOZ6TM-12-18-20-20,1123.7858
4aca42-NOZ1YA-12-17-13-01,1120.0404
4aca42-NOZ639-12-19-17-41,1282.3301
4aca46-NOZ345-11-29-09-30,1310.9688
4aca46-NOZ346-11-28-14-42,1552.8682
4aca46-NOZ347-11-28-16-40,1575.0952
4aca46-NOZ4RZ-11-29-07-30,1409.1614
4aca46-NOZ538-12-01-15-35,1197.8928
4aca46-NOZ549-12-01-16-57,1006.24365
4aca46-NOZ602-12-01-06-06,975.43036
4aca46-NOZ609-11-28-07-29,1100.5773
4aca46-NOZ609-12-01-07-29,1165.783
4aca47-NOZ270-11-04-07-25,923.91003
4aca47-NOZ271-11-05-07-46,952.2223
4aca47-NOZ271-11-09-06-13,1108.013
4aca47-NOZ278-11-04-18-55,1105.8125
4aca47-NOZ278-11-08-18-52,1005.2289
4aca47-NOZ7C-11-04-08-45,1036.4442
4aca4a-NOZ2UC-11-16-16-01,1145.0258
4aca4a-NOZ639-11-16-17-20,1097.276
4aca4e-NOZ194-11-13-18-54,1188.1327
4aca4e-NOZ195-11-13-20-18,1181.6499
4aca4e-NOZ1BG-11-07-05-59,1592.4891
4aca4e-NOZ271-11-04-06-14,951.7861
4aca4e-NOZ278-11-03-18-59,1077.5726
4aca4e-NOZ2UC-11-13-16-04,1059.8506
4aca4e-NOZ345-11-24-09-53,1513.9282
4aca4e-NOZ4RZ-11-24-08-12,1582.0134
4aca4e-NOZ538-11-17-15-22,1008.61865
4aca4e-NOZ540-11-03-16-17,1185.252
4aca4e-NOZ543-11-17-16-46,1007.39825
4aca4e-NOZ545-11-03-17-35,1112.7162
4aca4e-NOZ546-11-17-18-24,1120.5725
4aca4e-NOZ549-11-17-19-43,1049.6
4aca4e-NOZ56U-11-06-19-59,1598.1777
4aca4e-NOZ639-11-13-17-28,1120.5345
4aca4f-NOZ191-12-16-19-50,1052.7312
4aca4f-NOZ346-12-18-14-54,1620.4784
4aca4f-NOZ347-12-18-17-50,1554.2438
4aca4f-NOZ40T-12-16-06-13,1016.9943
4aca4f-NOZ534-12-11-13-35,1263.4352
4aca4f-NOZ537-12-11-15-01,1156.3793
4aca4f-NOZ540-12-11-16-24,1154.5654
4aca4f-NOZ545-12-11-17-37,1051.8209
4aca4f-NOZ546-12-11-19-11,1106.1357
4aca4f-NOZ555-12-11-20-31,979.6563
4aca4f-NOZ9BH-12-16-17-59,1224.9558
