flight_id,pred_landing
4784c2-NOZ191-11-01-17-02,6.934162
4784c2-NOZ191-11-13-13-36,7.652603
4784c2-NOZ191-11-29-17-09,7.230371
4784c2-NOZ270-11-14-07-26,9.882898
4784c2-NOZ270-11-30-07-26,9.788662
4784c2-NOZ270-12-02-07-24,6.916464
4784c2-NOZ271-11-14-06-15,8.16944
4784c2-NOZ271-12-02-06-14,7.784329
4784c2-NOZ271-12-03-07-52,7.676924
4784c2-NOZ278-12-02-19-03,7.317732
4784c2-NOZ2UC-11-07-16-07,7.8431864
4784c2-NOZ2UC-11-08-16-03,7.426058
4784c2-NOZ345-11-12-11-17,8.103792
4784c2-NOZ345-11-26-11-13,7.2674594
4784c2-NOZ346-11-27-14-53,8.274775
4784c2-NOZ347-11-27-16-44,7.9132113
4784c2-NOZ4RZ-11-12-09-18,8.73974
4784c2-NOZ4RZ-11-26-09-20,7.992216
4784c2-NOZ50A-11-03-16-50,8.51421
4784c2-NOZ522-11-28-06-12,7.14343
4784c2-NOZ525-11-28-07-26,6.325273
4784c2-NOZ540-12-01-16-18,7.1170483
4784c2-NOZ546-11-01-18-20,6.9424105
4784c2-NOZ549-11-01-19-33,8.020073
4784c2-NOZ55J-11-03-18-43,7.7001257
4784c2-NOZ605-11-15-06-32,8.353963
4784c2-NOZ605-12-28-06-33,7.6714225
4784c2-NOZ606-11-15-08-02,8.430889
4784c2-NOZ607-11-01-07-02,8.146981
4784c2-NOZ612-12-27-14-55,9.19821
4784c2-NOZ617-12-27-13-18,7.304156
4784c2-NOZ620-12-27-18-47,8.27347
4784c2-NOZ625-12-27-17-17,7.0403466
4784c2-NOZ626-12-22-17-24,7.6313605
4784c2-NOZ631-11-15-15-28,7.7880454
4784c2-NOZ631-12-22-15-22,7.465396
4784c2-NOZ638-11-14-20-08,7.1121545
4784c2-NOZ638-12-21-20-17,7.4783025
4784c2-NOZ639-11-07-17-22,7.506485
4784c2-NOZ639-11-08-17-27,7.14775
4784c2-NOZ7C-11-14-08-44,7.8230915
4784c2-NOZ7C-12-02-08-42,8.383372
4784c2-NOZ8C-11-13-21-07,7.327382
4784c2-NOZ9BH-11-01-15-38,7.526246
4784c2-NOZ9BH-11-13-12-09,10.281083
4784c2-NOZ9BH-11-29-15-45,9.943458
47873f-NOZ181-12-31-09-25,6.8910465
47873f-NOZ191-12-28-17-25,7.697585
47873f-NOZ538-12-21-15-53,7.004925
47873f-NOZ543-12-21-17-15,8.850205
47873f-NOZ9BH-12-28-15-59,7.7517123
478741-NOZ181-11-12-08-54,7.819289
478741-NOZ181-11-23-06-07,7.7395005
478741-NOZ182-11-12-07-29,10.78497
478741-NOZ183-11-23-09-32,7.5553374
478741-NOZ1BG-11-11-06-13,7.746381
478741-NOZ1BG-12-23-10-02,7.5309668
478741-NOZ1TT-11-06-14-35,7.989709
478741-NOZ1TT-11-18-14-47,7.1000643
478741-NOZ1TT-12-20-14-32,8.516409
478741-NOZ276-11-21-16-07,8.794432
478741-NOZ276-11-22-16-43,8.103804
478741-NOZ277-11-21-18-11,8.853539
478741-NOZ277-11-22-18-17,8.100709
478741-NOZ345-11-04-09-43,7.4305754
478741-NOZ346-12-21-15-24,7.7557573
478741-NOZ347-12-21-17-22,8.143507
478741-NOZ3VG-12-20-16-02,7.663174
478741-NOZ4HF-11-09-07-03,7.3756433
478741-NOZ4RZ-11-04-07-46,8.683082
478741-NOZ50A-11-04-16-47,8.525788
478741-NOZ523-11-01-06-30,7.5222187
478741-NOZ523-11-02-06-31,8.989269
478741-NOZ523-12-15-06-54,7.5868883
478741-NOZ526-11-01-08-06,6.7793612
478741-NOZ526-11-02-08-01,7.1966734
478741-NOZ526-12-15-08-18,6.779074
478741-NOZ530-11-14-09-50,6.5074997
478741-NOZ531-11-14-11-12,7.6113
478741-NOZ532-11-01-11-02,7.150663
478741-NOZ532-11-02-10-59,6.637902
478741-NOZ534-11-14-12-41,7.806416
478741-NOZ535-11-01-12-31,8.116013
478741-NOZ535-11-02-12-29,7.6831846
478741-NOZ536-11-01-14-11,6.99195
478741-NOZ536-11-02-14-14,7.273224
478741-NOZ537-11-14-13-58,7.590487
478741-NOZ537-12-18-14-56,8.233782
478741-NOZ538-11-14-15-19,8.896912
478741-NOZ538-12-16-15-37,6.991678
478741-NOZ538-12-27-16-00,7.0193157
478741-NOZ540-12-18-16-22,7.206204
478741-NOZ541-11-01-15-46,7.476773
478741-NOZ541-11-02-15-38,7.713131
478741-NOZ543-12-16-18-03,7.5979357
478741-NOZ543-12-27-17-18,8.385211
478741-NOZ544-11-01-17-11,7.37433
478741-NOZ544-11-02-17-10,7.2036343
478741-NOZ545-12-18-17-59,7.6264334
478741-NOZ546-11-14-18-10,6.869928
478741-NOZ546-12-16-20-25,8.090541
478741-NOZ546-12-18-19-13,7.35363
478741-NOZ546-12-27-18-43,7.4596667
478741-NOZ547-11-01-18-24,8.453653
478741-NOZ547-11-02-18-24,7.7961507
478741-NOZ549-11-14-19-25,7.598744
478741-NOZ549-12-27-19-54,6.9943533
478741-NOZ550-11-01-19-53,7.0856066
478741-NOZ550-12-14-20-21,7.0207853
478741-NOZ55J-11-04-18-38,9.033532
478741-NOZ56U-11-10-18-52,8.521393
478741-NOZ56U-12-22-20-29,9.405539
478741-NOZ5AY-11-01-09-21,7.6137304
478741-NOZ5AY-11-02-09-34,8.116447
478741-NOZ5AY-12-15-09-30,7.3721905
478741-NOZ5PY-11-06-16-03,8.119709
478741-NOZ5PY-11-18-16-23,7.674593
478741-NOZ601-11-07-05-45,8.944058
478741-NOZ601-11-09-05-35,7.9588656
478741-NOZ602-11-08-06-06,9.372265
478741-NOZ607-11-10-07-01,8.394051
478741-NOZ608-11-07-09-47,7.848993
478741-NOZ608-11-09-09-45,8.186701
478741-NOZ609-11-08-07-27,7.9980454
478741-NOZ611-11-07-08-26,8.75764
478741-NOZ611-11-09-08-30,6.9343076
478741-NOZ612-11-07-12-35,7.769923
478741-NOZ612-11-09-12-26,8.209411
478741-NOZ617-11-07-11-01,7.908933
478741-NOZ617-11-09-11-04,8.059425
478741-NOZ620-11-09-15-20,8.231775
478741-NOZ625-11-07-14-08,7.4696617
478741-NOZ625-11-09-13-59,8.84446
478741-NOZ628-11-06-17-28,7.835099
478741-NOZ628-11-18-18-08,7.670252
478741-NOZ632-11-09-18-00,8.397057
478741-NOZ637-11-09-16-42,7.7306814
478741-NOZ638-11-06-20-18,7.383451
478741-NOZ638-11-08-20-09,7.5117416
478741-NOZ645-11-06-18-48,7.721782
478741-NOZ645-11-18-20-23,8.746503
478741-NOZ6CF-11-03-08-05,12.226231
478741-NOZ6TM-11-22-19-40,8.628451
478741-NOZ8920-12-28-06-34,7.527994
478742-NOZ133-12-18-15-53,7.2532806
478742-NOZ134-12-18-16-55,7.818637
478742-NOZ144-11-21-15-47,7.182855
478742-NOZ145-11-21-16-51,7.0061097
478742-NOZ182-11-30-07-39,7.999075
478742-NOZ191-11-18-17-55,8.716495
478742-NOZ191-12-30-17-23,8.406835
478742-NOZ1BG-12-07-06-35,8.587629
478742-NOZ1BG-12-16-06-25,8.889415
478742-NOZ1BG-12-27-06-15,8.341269
478742-NOZ1TT-12-16-16-22,8.380749
478742-NOZ1TT-12-21-14-48,7.85471
478742-NOZ270-12-30-07-27,10.332418
478742-NOZ271-12-10-07-32,7.9267955
478742-NOZ276-11-29-15-51,10.345357
478742-NOZ277-11-29-17-09,7.7787724
478742-NOZ278-12-09-19-00,7.166362
478742-NOZ2DC-11-11-06-06,7.296687
478742-NOZ2DC-11-14-05-58,6.780428
478742-NOZ2DC-11-15-06-02,7.4447317
478742-NOZ346-12-11-14-41,9.560533
478742-NOZ347-12-11-16-32,8.127977
478742-NOZ3JE-11-11-06-55,7.261943
478742-NOZ3JE-11-15-06-57,7.928226
478742-NOZ3VG-12-21-16-18,7.570989
478742-NOZ50A-11-22-17-34,8.782652
478742-NOZ50A-12-22-17-29,11.047011
478742-NOZ522-11-17-06-10,7.6676354
478742-NOZ524-12-02-07-07,8.0602255
478742-NOZ524-12-17-08-41,7.3079133
478742-NOZ525-11-17-07-25,6.9611135
478742-NOZ525-12-04-11-30,7.1793256
478742-NOZ530-11-29-09-52,7.325898
478742-NOZ531-11-29-11-06,9.138683
478742-NOZ531-12-17-10-15,7.7682858
478742-NOZ532-12-17-12-13,6.6440396
478742-NOZ534-11-29-12-36,7.003356
478742-NOZ534-12-04-13-25,7.4104104
478742-NOZ534-12-09-13-30,6.964165
478742-NOZ537-11-29-13-58,6.943833
478742-NOZ537-12-04-14-45,8.102944
478742-NOZ537-12-09-14-40,7.7335296
478742-NOZ537-12-20-14-13,7.6764665
478742-NOZ540-11-17-16-15,7.938578
478742-NOZ540-12-04-16-20,7.0298386
478742-NOZ540-12-06-16-19,7.218467
478742-NOZ540-12-29-18-41,6.9276648
478742-NOZ545-11-17-17-42,7.4448967
478742-NOZ545-12-04-17-34,7.5050106
478742-NOZ545-12-06-17-35,7.716811
478742-NOZ545-12-29-19-51,8.526146
478742-NOZ546-12-04-18-58,7.086885
478742-NOZ555-12-04-20-30,7.0854692
478742-NOZ55J-11-22-19-16,8.453492
478742-NOZ55J-12-22-19-30,11.874796
478742-NOZ56U-12-06-19-08,12.469562
478742-NOZ56U-12-15-20-11,10.483417
478742-NOZ56U-12-26-23-04,8.505613
478742-NOZ607-11-16-06-59,8.179642
478742-NOZ608-11-13-09-56,9.613864
478742-NOZ611-11-13-08-28,7.9197717
478742-NOZ617-11-13-11-14,8.187612
478742-NOZ620-11-13-15-29,8.381752
478742-NOZ625-11-13-14-00,7.6587377
478742-NOZ628-12-16-20-11,6.8551035
478742-NOZ628-12-21-17-45,7.7794604
478742-NOZ632-11-13-18-15,7.3844666
478742-NOZ637-11-13-16-52,7.566483
478742-NOZ638-11-10-20-24,7.825272
478742-NOZ645-12-16-21-30,7.796366
478742-NOZ645-12-21-19-15,7.5341525
478742-NOZ647-11-13-19-36,7.5575604
478742-NOZ648-11-13-20-58,6.6773734
478742-NOZ6TM-11-29-18-46,8.490486
478742-NOZ7C-12-30-08-36,8.234079
478742-NOZ9BH-11-18-16-32,8.374524
478742-NOZ9BH-12-30-15-48,8.279426
47875a-NOZ181-12-07-06-10,6.9346848
47875a-NOZ181-12-14-06-41,7.628412
47875a-NOZ182-12-14-08-07,12.760619
47875a-NOZ183-12-07-08-44,7.892807
47875a-NOZ183-12-14-09-21,7.6257625
47875a-NOZ191-11-25-17-31,8.796915
47875a-NOZ191-12-07-17-06,8.268729
47875a-NOZ1TT-11-23-14-58,8.37343
47875a-NOZ1TT-12-02-14-51,7.874918
47875a-NOZ1YA-12-15-14-41,7.9618964
47875a-NOZ270-11-11-07-19,8.770693
47875a-NOZ270-11-23-08-11,8.440183
47875a-NOZ270-12-16-08-06,11.542784
47875a-NOZ271-11-11-06-07,8.219261
47875a-NOZ271-12-16-06-19,7.828577
47875a-NOZ276-12-12-15-58,7.494684
47875a-NOZ276-12-13-16-21,9.098798
47875a-NOZ277-12-06-17-34,7.8315916
47875a-NOZ277-12-12-17-22,8.53961
47875a-NOZ277-12-13-18-13,7.8355308
47875a-NOZ278-11-10-18-57,12.122177
47875a-NOZ278-12-15-19-48,10.802913
47875a-NOZ2UC-11-15-16-06,8.144029
47875a-NOZ2UC-11-21-16-17,8.698053
47875a-NOZ2UC-11-28-16-11,7.885381
47875a-NOZ345-12-10-11-30,8.494111
47875a-NOZ345-12-15-10-31,6.7709007
47875a-NOZ346-12-01-14-44,8.164083
47875a-NOZ347-12-01-16-37,8.268964
47875a-NOZ40A-12-15-13-29,7.817228
47875a-NOZ4RZ-12-10-09-40,8.019821
47875a-NOZ4RZ-12-15-07-54,11.318166
47875a-NOZ50A-12-14-17-07,8.426406
47875a-NOZ522-11-24-06-18,6.9187226
47875a-NOZ525-11-24-07-29,7.627015
47875a-NOZ538-11-02-15-19,7.1834455
47875a-NOZ538-12-05-16-27,8.444853
47875a-NOZ540-11-10-16-23,7.0625963
47875a-NOZ540-12-15-16-10,6.9031024
47875a-NOZ543-11-02-16-34,7.51191
47875a-NOZ543-12-05-17-40,6.598896
47875a-NOZ545-11-10-17-43,7.2901516
47875a-NOZ545-12-15-17-22,8.083305
47875a-NOZ546-11-02-18-10,7.519972
47875a-NOZ546-12-05-19-04,9.230487
47875a-NOZ549-11-02-19-21,7.382675
47875a-NOZ549-12-05-20-17,8.607309
47875a-NOZ55J-12-14-18-57,7.2945075
47875a-NOZ58Z-11-11-14-33,9.98591
47875a-NOZ5PY-11-23-16-14,7.947928
47875a-NOZ5PY-12-02-16-12,8.006532
47875a-NOZ602-11-03-06-06,10.464113
47875a-NOZ609-11-03-07-31,8.481958
47875a-NOZ628-11-23-18-02,7.666504
47875a-NOZ628-12-02-17-45,8.6236
47875a-NOZ639-11-15-17-22,7.328557
47875a-NOZ639-11-21-17-27,8.93928
47875a-NOZ639-11-28-17-22,7.425663
47875a-NOZ645-11-23-19-08,8.828096
47875a-NOZ645-12-02-18-54,8.150729
47875a-NOZ7C-11-11-08-44,8.10586
47875a-NOZ9BH-11-25-15-35,8.58333
47875a-NOZ9BH-12-07-15-46,9.530817
47875a-NOZ9PL-11-17-07-33,7.839171
47875c-NOZ132-11-01-13-55,7.356449
47875c-NOZ132-11-10-14-02,6.990828
47875c-NOZ133-11-10-15-08,9.131816
47875c-NOZ140-12-05-07-12,7.3490286
47875c-NOZ140-12-19-07-25,7.261595
47875c-NOZ141-12-05-08-04,7.8425374
47875c-NOZ141-12-19-08-20,9.623741
47875c-NOZ142-12-18-14-10,6.97966
47875c-NOZ143-12-18-15-15,7.084872
47875c-NOZ144-12-08-15-16,7.518283
47875c-NOZ181-11-28-05-59,7.294606
47875c-NOZ181-12-10-09-02,9.327637
47875c-NOZ182-11-28-07-41,11.076127
47875c-NOZ182-12-10-07-49,9.98403
47875c-NOZ183-11-28-08-56,7.998289
47875c-NOZ191-11-30-16-56,7.618297
47875c-NOZ191-12-13-17-22,7.6155043
47875c-NOZ191-12-15-17-06,7.236279
47875c-NOZ1BG-12-15-07-11,8.735598
47875c-NOZ1YA-12-10-13-12,7.5011697
47875c-NOZ2DC-11-03-06-03,7.4322357
47875c-NOZ2DC-11-04-05-59,7.643355
47875c-NOZ2DC-11-07-06-03,7.8187804
47875c-NOZ2DC-11-09-06-02,6.999963
47875c-NOZ2DC-11-16-06-05,8.940213
47875c-NOZ2DC-11-21-06-00,6.569734
47875c-NOZ2DC-11-22-06-01,8.331337
47875c-NOZ2DC-11-23-05-57,6.63014
47875c-NOZ2DC-11-24-06-07,8.114672
47875c-NOZ2GH-11-06-14-59,7.9190316
47875c-NOZ345-12-03-11-23,8.205045
47875c-NOZ3JE-11-02-07-00,6.9726205
47875c-NOZ3JE-11-03-06-52,8.149722
47875c-NOZ3JE-11-04-07-04,7.7548733
47875c-NOZ3JE-11-07-08-10,7.812864
47875c-NOZ3JE-11-09-07-01,7.8811426
47875c-NOZ3JE-11-16-07-10,7.3675456
47875c-NOZ3JE-11-21-07-04,7.464152
47875c-NOZ3JE-11-22-06-56,6.938902
47875c-NOZ3JE-11-23-06-55,7.455597
47875c-NOZ3JE-11-24-07-05,8.2249975
47875c-NOZ40A-12-10-11-13,7.8523507
47875c-NOZ4HF-11-08-06-59,8.15357
47875c-NOZ4HF-11-10-07-03,9.137086
47875c-NOZ4RZ-12-03-09-20,8.66873
47875c-NOZ522-11-29-06-02,7.0770555
47875c-NOZ522-12-12-06-12,6.376607
47875c-NOZ525-11-29-07-15,7.1812234
47875c-NOZ525-12-12-07-20,8.029703
47875c-NOZ530-12-14-09-58,6.180848
47875c-NOZ530-12-15-10-23,7.2525487
47875c-NOZ531-12-14-11-06,7.689373
47875c-NOZ531-12-15-11-35,8.263231
47875c-NOZ534-12-14-12-43,8.065206
47875c-NOZ534-12-15-12-57,6.8017073
47875c-NOZ537-12-14-13-53,7.750657
47875c-NOZ537-12-15-14-10,8.398122
47875c-NOZ538-12-30-15-16,7.554892
47875c-NOZ543-12-30-16-47,6.804751
47875c-NOZ545-12-14-17-26,7.957029
47875c-NOZ546-12-30-18-13,7.1384826
47875c-NOZ56U-12-14-18-56,8.145895
47875c-NOZ601-11-08-05-36,7.6901174
47875c-NOZ601-11-10-05-36,8.039181
47875c-NOZ607-11-11-07-08,8.532541
47875c-NOZ607-11-25-07-06,7.139595
47875c-NOZ608-11-08-09-39,8.015
47875c-NOZ608-11-10-09-44,8.964003
47875c-NOZ60M-12-07-16-25,8.224166
47875c-NOZ611-11-08-08-24,7.996476
47875c-NOZ611-11-10-08-20,8.762919
47875c-NOZ612-11-08-12-21,8.318765
47875c-NOZ612-11-10-12-27,8.906923
47875c-NOZ614-11-20-13-57,7.576238
47875c-NOZ617-11-08-10-58,7.463712
47875c-NOZ617-11-10-11-10,8.023546
47875c-NOZ620-11-08-15-22,8.245605
47875c-NOZ620-11-23-15-51,8.01457
47875c-NOZ623-11-20-12-34,7.789026
47875c-NOZ624-11-06-16-21,7.338463
47875c-NOZ625-11-08-13-56,9.046281
47875c-NOZ625-11-23-14-03,7.70884
47875c-NOZ626-11-02-16-45,7.6250315
47875c-NOZ626-11-07-17-04,7.8246694
47875c-NOZ626-11-09-16-42,7.9978547
47875c-NOZ626-11-15-16-56,7.316337
47875c-NOZ626-11-16-16-41,7.7768936
47875c-NOZ626-11-18-17-13,7.6173453
47875c-NOZ626-11-20-17-08,7.576583
47875c-NOZ631-11-02-15-23,8.185517
47875c-NOZ631-11-07-15-30,8.364548
47875c-NOZ631-11-09-15-23,8.211531
47875c-NOZ631-11-16-15-24,7.9129734
47875c-NOZ631-11-18-15-40,8.032987
47875c-NOZ631-11-20-15-38,8.467675
47875c-NOZ632-11-08-18-00,8.53313
47875c-NOZ632-11-23-18-40,8.563564
47875c-NOZ634-11-20-20-06,7.821499
47875c-NOZ637-11-08-16-38,8.378716
47875c-NOZ637-11-23-17-03,8.2425
47875c-NOZ643-11-20-18-24,8.303282
47875c-NOZ64N-11-11-16-55,9.402429
47875c-NOZ6TM-11-27-20-11,10.052158
47875c-NOZ8820-11-17-13-44,8.092191
47875c-NOZ8821-11-17-16-52,7.6570764
47875c-NOZ9BH-11-30-15-33,9.686441
47875c-NOZ9BH-12-15-15-40,7.667959
47875c-NOZ9WB-11-17-07-35,7.1994686
47875c-NOZ9WB-11-18-07-29,6.4565325
478772-NOZ181-12-20-07-39,7.4452853
478772-NOZ191-11-04-17-33,8.0724125
478772-NOZ191-11-17-16-57,7.8793297
478772-NOZ191-12-08-17-41,7.4180274
478772-NOZ191-12-19-18-25,7.524694
478772-NOZ191-12-20-17-20,7.2863054
478772-NOZ194-11-06-19-12,8.916297
478772-NOZ195-11-06-20-33,7.690314
478772-NOZ1BG-11-15-06-20,9.0673685
478772-NOZ1BG-11-17-06-06,8.123789
478772-NOZ1BG-12-08-06-31,7.467755
478772-NOZ271-12-21-06-16,8.062234
478772-NOZ276-11-24-16-07,8.573466
478772-NOZ277-11-24-17-25,7.239129
478772-NOZ278-12-20-19-12,10.396339
478772-NOZ2BE-11-11-12-46,8.375933
478772-NOZ2DC-12-27-06-26,6.7933226
478772-NOZ2UC-11-06-16-14,7.7850266
478772-NOZ347-12-04-16-59,7.82344
478772-NOZ3JE-12-27-08-06,8.031568
478772-NOZ4HF-11-24-07-12,8.04528
478772-NOZ50A-11-15-16-37,8.088307
478772-NOZ50A-11-21-16-40,8.993885
478772-NOZ50A-12-06-16-57,9.468972
478772-NOZ521-11-29-05-31,8.169548
478772-NOZ521-11-30-05-36,7.906588
478772-NOZ521-12-01-05-26,7.830959
478772-NOZ521-12-02-05-28,7.4757566
478772-NOZ522-11-22-06-24,7.529132
478772-NOZ522-12-13-06-10,7.095464
478772-NOZ523-11-26-06-03,7.421116
478772-NOZ523-11-28-06-30,8.548506
478772-NOZ524-11-26-07-35,7.7572756
478772-NOZ524-11-29-06-59,7.031845
478772-NOZ524-11-30-07-04,7.6766825
478772-NOZ524-12-01-07-01,6.99159
478772-NOZ525-11-22-07-33,7.4519377
478772-NOZ525-12-13-07-24,8.163843
478772-NOZ526-11-28-07-57,6.764433
478772-NOZ530-11-16-09-52,7.4350004
478772-NOZ530-11-17-09-59,6.8236227
478772-NOZ530-11-21-10-13,6.1587925
478772-NOZ530-11-27-09-32,7.136861
478772-NOZ530-12-08-09-49,7.954834
478772-NOZ531-11-16-11-09,7.0413184
478772-NOZ531-11-17-11-19,7.796357
478772-NOZ531-11-21-11-21,7.628916
478772-NOZ531-11-26-08-51,7.306199
478772-NOZ531-11-27-08-01,8.952915
478772-NOZ531-12-08-11-08,7.3833647
478772-NOZ532-11-26-10-17,6.747191
478772-NOZ532-11-27-12-17,7.439311
478772-NOZ532-11-28-10-57,7.126556
478772-NOZ534-11-16-12-39,7.6428137
478772-NOZ534-11-17-12-47,6.608054
478772-NOZ534-11-21-12-42,6.7868543
478772-NOZ534-12-08-12-46,7.1079545
478772-NOZ534-12-16-14-07,6.5907254
478772-NOZ535-11-27-14-01,7.33416
478772-NOZ535-11-28-12-31,8.119536
478772-NOZ536-11-28-14-16,6.8050575
478772-NOZ536-12-18-14-57,7.283007
478772-NOZ537-11-16-14-04,7.651687
478772-NOZ537-11-17-14-14,7.4875617
478772-NOZ537-11-21-13-57,8.068985
478772-NOZ537-12-08-14-18,7.614932
478772-NOZ537-12-16-17-54,8.037579
478772-NOZ538-11-01-15-14,6.7640047
478772-NOZ538-11-25-15-19,6.8276553
478772-NOZ538-11-27-15-30,6.7685394
478772-NOZ540-12-07-16-29,7.427862
478772-NOZ541-11-28-15-43,8.040404
478772-NOZ541-12-18-16-17,7.2529426
478772-NOZ543-11-01-16-34,8.049657
478772-NOZ543-11-25-16-42,7.911302
478772-NOZ543-11-27-16-52,7.2794666
478772-NOZ544-11-27-18-21,7.078217
478772-NOZ544-11-28-17-17,7.362563
478772-NOZ545-12-07-17-39,7.284105
478772-NOZ546-11-25-18-20,7.271554
478772-NOZ549-11-27-19-47,7.8239474
478772-NOZ550-11-27-21-05,7.218695
478772-NOZ55J-11-15-18-29,8.107514
478772-NOZ55J-11-21-18-28,8.244746
478772-NOZ55J-12-06-18-44,8.751101
478772-NOZ56U-11-14-19-13,8.548004
478772-NOZ56U-11-16-19-03,9.024043
478772-NOZ56U-12-07-19-08,8.974021
478772-NOZ5AY-11-27-10-57,7.287828
478772-NOZ5AY-11-28-09-20,8.165386
478772-NOZ5PR-11-18-16-00,7.6853833
478772-NOZ601-11-24-05-35,8.305137
478772-NOZ602-11-09-07-05,12.135196
478772-NOZ602-11-16-06-02,8.362641
478772-NOZ602-12-06-06-05,9.452104
478772-NOZ608-11-24-10-05,8.038995
478772-NOZ608-12-28-10-15,8.647252
478772-NOZ609-11-09-08-18,7.308335
478772-NOZ609-11-16-07-25,8.115714
478772-NOZ609-12-06-07-23,8.27982
478772-NOZ611-11-24-08-28,7.937333
478772-NOZ611-12-28-08-43,8.184187
478772-NOZ612-11-24-12-43,7.1792393
478772-NOZ617-11-24-11-21,8.989955
478772-NOZ617-12-28-11-39,8.091186
478772-NOZ625-11-24-14-02,7.344201
478772-NOZ626-12-27-16-51,8.371849
478772-NOZ631-12-27-15-23,9.597229
478772-NOZ638-11-23-20-28,8.38294
478772-NOZ639-11-06-17-43,7.956369
478772-NOZ639-12-09-17-32,8.243078
478772-NOZ639-12-16-21-45,9.054103
478772-NOZ639-12-30-17-42,10.485414
478772-NOZ64N-12-23-17-53,7.207824
478772-NOZ6CF-11-11-08-14,8.610583
478772-NOZ6TC-11-11-17-22,12.299979
478772-NOZ6TM-12-19-20-36,9.267138
478772-NOZ9BH-11-17-15-36,9.291761
478772-NOZ9BH-12-08-15-49,10.280193
478772-NOZ9BH-12-19-16-57,9.788132
478772-NOZ9BH-12-20-15-53,10.00503
47878c-NOZ132-11-08-13-59,7.0590067
47878c-NOZ132-11-11-14-02,7.1755233
47878c-NOZ133-11-08-15-00,8.026202
47878c-NOZ133-11-11-15-05,8.169544
47878c-NOZ140-11-22-07-20,6.934891
47878c-NOZ140-11-23-06-59,7.2257543
47878c-NOZ141-11-22-08-14,7.2786508
47878c-NOZ141-11-23-07-58,7.4171414
47878c-NOZ144-11-22-15-43,6.942982
47878c-NOZ145-11-22-16-41,7.482524
47878c-NOZ194-11-27-18-56,8.215288
47878c-NOZ195-11-27-20-17,8.470413
47878c-NOZ1BG-11-16-06-05,8.613262
47878c-NOZ1BG-12-14-06-01,8.183161
47878c-NOZ270-12-27-07-43,7.9913187
47878c-NOZ2DC-11-10-05-57,7.1997504
47878c-NOZ2DC-12-07-06-11,7.8409243
47878c-NOZ2UC-11-27-16-10,7.5701914
47878c-NOZ345-11-01-09-37,7.14674
47878c-NOZ345-12-28-09-49,8.311353
47878c-NOZ346-12-27-14-37,7.9568696
47878c-NOZ347-12-27-17-01,8.635365
47878c-NOZ3JE-11-10-06-57,8.4500265
47878c-NOZ3JE-12-07-07-02,7.418662
47878c-NOZ4HF-11-03-06-59,7.810113
47878c-NOZ4HF-11-14-07-09,8.128693
47878c-NOZ4HF-12-06-07-23,7.293029
47878c-NOZ4HF-12-08-07-12,8.057262
47878c-NOZ4RZ-11-01-07-37,9.967369
47878c-NOZ4RZ-12-28-07-55,9.349254
47878c-NOZ530-11-15-09-58,7.430067
47878c-NOZ531-11-15-11-10,7.708059
47878c-NOZ534-11-15-12-42,6.4978967
47878c-NOZ537-11-15-14-02,8.311832
47878c-NOZ540-11-15-16-04,7.5211267
47878c-NOZ540-12-13-16-29,6.9520617
47878c-NOZ545-11-15-17-31,7.7339797
47878c-NOZ545-12-13-17-44,7.8297863
47878c-NOZ56U-11-15-18-55,7.7802615
47878c-NOZ56U-12-13-19-17,7.5803413
47878c-NOZ601-11-03-05-34,8.187617
47878c-NOZ601-11-14-05-33,8.247587
47878c-NOZ601-12-06-05-32,9.104112
47878c-NOZ601-12-08-05-59,7.6706266
47878c-NOZ602-11-17-06-04,8.447069
47878c-NOZ605-11-02-06-42,7.979659
47878c-NOZ605-11-07-06-35,8.053271
47878c-NOZ605-11-09-06-29,7.764797
47878c-NOZ605-11-11-06-32,7.481436
47878c-NOZ605-12-12-06-30,8.92872
47878c-NOZ606-11-02-08-04,7.550513
47878c-NOZ606-11-07-08-06,7.7286744
47878c-NOZ606-11-09-07-59,7.7234135
47878c-NOZ606-11-11-08-05,7.857851
47878c-NOZ606-12-12-08-07,7.4808865
47878c-NOZ608-11-03-09-47,8.004046
47878c-NOZ608-11-14-09-46,8.11192
47878c-NOZ608-12-06-09-43,9.021593
47878c-NOZ608-12-08-09-51,7.2615576
47878c-NOZ609-11-17-07-34,7.682719
47878c-NOZ611-11-03-08-23,8.408332
47878c-NOZ611-11-14-08-31,7.829092
47878c-NOZ611-12-06-08-28,7.9551473
47878c-NOZ611-12-08-08-37,8.258243
47878c-NOZ612-11-03-12-32,8.196524
47878c-NOZ612-12-06-12-28,7.3770194
47878c-NOZ612-12-08-12-38,7.6475196
47878c-NOZ614-12-11-14-37,8.757677
47878c-NOZ617-11-03-11-06,8.5391655
47878c-NOZ617-12-06-10-58,8.0386715
47878c-NOZ617-12-08-11-10,7.809532
47878c-NOZ620-11-03-15-24,7.7293363
47878c-NOZ620-12-06-15-30,8.651521
47878c-NOZ620-12-08-15-31,7.651926
47878c-NOZ623-12-11-13-06,7.379932
47878c-NOZ625-11-03-14-02,8.460676
47878c-NOZ625-12-06-13-50,8.828431
47878c-NOZ625-12-08-13-58,7.5933833
47878c-NOZ626-11-04-17-02,8.224521
47878c-NOZ626-11-10-16-54,8.324839
47878c-NOZ626-12-07-16-46,7.913815
47878c-NOZ626-12-09-16-55,7.4102902
47878c-NOZ631-11-04-15-32,8.192784
47878c-NOZ631-11-10-15-32,7.620617
47878c-NOZ631-12-07-15-31,7.7201624
47878c-NOZ631-12-09-15-26,7.6836886
47878c-NOZ632-11-03-18-07,7.67512
47878c-NOZ632-12-06-18-17,7.841896
47878c-NOZ632-12-08-18-11,8.5682125
47878c-NOZ637-11-03-16-45,8.019673
47878c-NOZ637-12-06-16-45,7.8979325
47878c-NOZ637-12-08-16-51,7.9411564
47878c-NOZ638-11-01-20-00,7.358351
47878c-NOZ638-12-05-20-12,8.381532
47878c-NOZ639-11-27-17-32,8.315319
47878c-NOZ639-11-30-17-26,7.7850695
47878c-NOZ7C-12-27-08-49,8.394107
47878c-NOZ8GN-11-18-07-11,8.117148
47878d-NOZ132-11-07-14-02,7.391479
47878d-NOZ132-11-29-13-57,7.508669
47878d-NOZ132-12-29-14-04,7.456783
47878d-NOZ133-11-07-14-53,7.481994
47878d-NOZ133-11-29-14-51,7.434054
47878d-NOZ133-12-29-14-58,7.6193414
47878d-NOZ181-11-01-06-03,7.648802
47878d-NOZ181-12-09-06-38,7.5289326
47878d-NOZ182-11-01-07-34,10.773761
47878d-NOZ182-12-09-08-06,8.4376955
47878d-NOZ183-11-01-08-49,7.222932
47878d-NOZ183-12-04-08-06,6.9969444
47878d-NOZ183-12-09-09-28,8.0016
47878d-NOZ183-12-25-10-41,8.99705
47878d-NOZ191-11-23-17-18,7.653176
47878d-NOZ1BG-11-12-06-04,7.8615727
47878d-NOZ1BG-12-06-06-15,8.257018
47878d-NOZ1TT-11-15-14-39,8.138856
47878d-NOZ1TT-11-25-14-47,9.192396
47878d-NOZ271-12-07-06-36,7.54203
47878d-NOZ272-12-04-15-46,7.373143
47878d-NOZ275-12-04-17-02,7.7288055
47878d-NOZ276-12-18-13-42,8.77702
47878d-NOZ277-12-18-15-30,9.754733
47878d-NOZ278-12-06-19-16,10.24705
47878d-NOZ2KT-12-06-16-26,9.510461
47878d-NOZ345-11-15-09-32,8.613096
47878d-NOZ345-11-28-09-43,7.652375
47878d-NOZ346-11-09-14-35,8.720993
47878d-NOZ346-11-14-14-40,7.7800374
47878d-NOZ347-11-09-16-32,7.8320436
47878d-NOZ347-11-14-16-37,8.518929
47878d-NOZ3DB-11-18-18-19,8.21352
47878d-NOZ3J-11-18-15-26,8.660104
47878d-NOZ4RZ-11-15-07-36,9.64607
47878d-NOZ4RZ-11-28-07-46,7.5924797
47878d-NOZ50A-11-08-16-41,10.313015
47878d-NOZ50A-11-27-16-42,7.785051
47878d-NOZ50A-12-27-16-50,8.823654
47878d-NOZ522-11-03-06-02,6.8708777
47878d-NOZ522-11-23-06-34,7.053543
47878d-NOZ525-11-03-07-20,8.368623
47878d-NOZ525-11-23-07-42,7.51311
47878d-NOZ530-12-06-10-01,6.784895
47878d-NOZ531-12-06-11-11,7.0457964
47878d-NOZ534-12-06-12-37,6.780318
47878d-NOZ537-12-06-13-53,7.325935
47878d-NOZ540-12-02-16-13,6.5740223
47878d-NOZ545-12-02-17-26,7.682514
47878d-NOZ55J-11-08-18-37,8.866248
47878d-NOZ55J-11-27-18-49,8.068968
47878d-NOZ55J-12-27-18-42,8.285016
47878d-NOZ56U-11-11-19-08,8.399592
47878d-NOZ56U-12-05-18-58,11.055646
47878d-NOZ5PY-11-15-16-03,8.9122
47878d-NOZ5PY-11-25-16-11,8.185676
47878d-NOZ602-11-14-06-06,7.4689674
47878d-NOZ602-12-20-07-11,8.070437
47878d-NOZ605-11-17-06-39,7.969172
47878d-NOZ606-11-17-08-05,6.925844
47878d-NOZ606-12-28-08-23,8.234019
47878d-NOZ607-11-08-07-00,7.432652
47878d-NOZ607-11-18-07-00,8.110559
47878d-NOZ607-11-30-06-58,7.705253
47878d-NOZ608-11-05-09-10,7.4136424
47878d-NOZ608-11-06-09-44,8.30909
47878d-NOZ608-12-30-09-52,8.384372
47878d-NOZ609-11-14-07-27,7.7211213
47878d-NOZ609-12-20-08-37,7.9929366
47878d-NOZ611-11-06-08-27,8.022072
47878d-NOZ611-12-30-08-26,6.887598
47878d-NOZ612-11-06-12-42,8.053919
47878d-NOZ612-12-30-12-54,10.967016
47878d-NOZ617-11-06-11-08,8.813419
47878d-NOZ617-12-30-11-25,6.685991
47878d-NOZ620-11-06-15-31,7.907968
47878d-NOZ620-11-17-15-38,6.7105994
47878d-NOZ620-12-30-15-55,15.121587
47878d-NOZ625-11-06-14-10,10.407798
47878d-NOZ625-11-17-14-06,7.940723
47878d-NOZ625-12-30-14-18,8.150997
47878d-NOZ628-11-15-17-29,8.0143585
47878d-NOZ628-11-25-17-29,9.61085
47878d-NOZ632-11-06-18-21,7.3245697
47878d-NOZ632-11-07-19-55,7.9242597
47878d-NOZ632-11-17-18-25,7.3593946
47878d-NOZ637-11-06-16-59,7.859187
47878d-NOZ637-11-07-18-29,8.033632
47878d-NOZ637-11-17-16-57,8.625434
47878d-NOZ638-11-28-20-07,8.781567
47878d-NOZ645-11-25-18-49,7.9310527
47878d-NOZ647-11-06-19-40,7.545737
47878d-NOZ648-11-06-21-05,7.46394
47878d-NOZ6TM-12-02-19-02,8.314781
47878d-NOZ6TM-12-08-19-13,8.280584
47878d-NOZ9BH-11-23-15-55,10.378647
47878d-NOZ9BH-12-09-16-22,9.91052
47878d-NOZ9BH-12-21-15-45,7.991246
4787a0-NOZ140-11-09-07-08,7.396249
4787a0-NOZ141-11-09-08-10,6.8631516
4787a0-NOZ142-11-13-12-12,14.164971
4787a0-NOZ143-11-13-14-38,8.080771
4787a0-NOZ144-11-07-15-51,7.9102325
4787a0-NOZ144-11-09-15-50,7.212044
4787a0-NOZ145-11-07-16-47,7.5442743
4787a0-NOZ145-11-09-16-44,8.289807
4787a0-NOZ181-12-17-10-02,8.088637
4787a0-NOZ182-12-17-08-30,7.5842514
4787a0-NOZ191-12-27-17-29,8.253979
4787a0-NOZ1BG-11-29-05-59,8.081761
4787a0-NOZ1BG-12-03-06-00,7.9405904
4787a0-NOZ1BG-12-20-06-08,8.572622
4787a0-NOZ1TT-12-08-14-35,7.82167
4787a0-NOZ270-11-17-07-28,9.701781
4787a0-NOZ270-11-24-07-44,8.416281
4787a0-NOZ270-12-28-08-05,7.567425
4787a0-NOZ271-11-17-06-10,8.165126
4787a0-NOZ271-11-24-06-09,7.3902187
4787a0-NOZ271-11-26-07-34,8.218763
4787a0-NOZ271-12-14-06-28,7.929901
4787a0-NOZ276-12-05-16-52,7.4506145
4787a0-NOZ276-12-15-16-31,8.551384
4787a0-NOZ277-12-05-18-09,7.1003685
4787a0-NOZ277-12-15-17-53,7.912864
4787a0-NOZ278-11-16-18-57,7.841603
4787a0-NOZ278-11-23-19-29,11.130767
4787a0-NOZ278-11-25-18-59,11.193767
4787a0-NOZ278-12-13-19-06,10.281174
4787a0-NOZ2DC-11-30-05-59,7.6078496
4787a0-NOZ2DC-12-09-05-56,6.980625
4787a0-NOZ2GH-12-11-15-03,8.472134
4787a0-NOZ2UC-11-01-16-05,8.637047
4787a0-NOZ345-12-31-11-23,8.784654
4787a0-NOZ346-11-11-14-35,9.065983
4787a0-NOZ346-12-29-16-30,8.116415
4787a0-NOZ347-11-11-16-35,8.679101
4787a0-NOZ347-12-29-21-05,8.303078
4787a0-NOZ3JE-11-30-06-51,7.0249643
4787a0-NOZ3JE-12-09-07-05,8.140389
4787a0-NOZ4RZ-12-31-09-26,8.353795
4787a0-NOZ50A-12-21-17-11,8.2183075
4787a0-NOZ530-12-13-10-07,7.1359572
4787a0-NOZ531-12-13-11-17,7.508934
4787a0-NOZ534-12-13-12-54,6.956678
4787a0-NOZ537-12-13-14-17,8.017119
4787a0-NOZ538-11-03-15-25,7.2155876
4787a0-NOZ538-12-26-15-59,6.896061
4787a0-NOZ538-12-28-15-34,7.00965
4787a0-NOZ543-11-03-16-54,8.707622
4787a0-NOZ543-12-26-17-12,8.151076
4787a0-NOZ546-11-03-18-19,7.7390466
4787a0-NOZ546-12-28-18-39,7.0922475
4787a0-NOZ549-11-03-19-32,7.810521
4787a0-NOZ549-12-28-19-47,7.9008727
4787a0-NOZ55J-12-21-19-15,8.367609
4787a0-NOZ56U-11-28-18-54,8.189929
4787a0-NOZ56U-12-02-19-10,7.8823643
4787a0-NOZ56U-12-19-20-06,8.443496
4787a0-NOZ607-12-01-07-02,8.687325
4787a0-NOZ607-12-12-07-06,7.6225157
4787a0-NOZ608-12-10-08-59,7.002365
4787a0-NOZ609-12-10-07-36,7.5436864
4787a0-NOZ624-12-11-16-33,7.1190014
4787a0-NOZ626-11-30-16-41,9.456035
4787a0-NOZ628-12-08-17-41,8.164797
4787a0-NOZ631-11-30-15-21,7.535728
4787a0-NOZ638-11-29-20-03,7.753045
4787a0-NOZ638-12-08-20-23,8.009984
4787a0-NOZ639-11-01-17-20,8.633892
4787a0-NOZ639-11-24-17-28,8.008758
4787a0-NOZ645-12-08-18-57,8.689779
4787a0-NOZ7C-11-17-08-46,8.260462
4787a0-NOZ7C-11-24-08-55,7.777908
4787a0-NOZ7C-12-28-09-40,7.606629
4787a0-NOZ93E-11-16-17-29,7.7162795
4787b3-NOZ132-12-01-14-05,7.607889
4787b3-NOZ132-12-06-14-06,7.2675195
4787b3-NOZ133-12-01-14-56,7.586067
4787b3-NOZ133-12-06-14-53,6.590995
4787b3-NOZ144-12-29-15-16,7.6457424
4787b3-NOZ145-12-29-16-12,7.522274
4787b3-NOZ1BG-12-13-06-01,8.548126
4787b3-NOZ1TT-12-05-14-43,7.911659
4787b3-NOZ270-12-05-07-25,8.322788
4787b3-NOZ271-12-05-06-06,8.547629
4787b3-NOZ2DC-11-29-06-06,7.6014476
4787b3-NOZ2DC-12-01-06-03,7.636069
4787b3-NOZ345-11-14-10-01,9.112668
4787b3-NOZ345-11-19-11-22,7.8837757
4787b3-NOZ345-11-22-09-34,8.164427
4787b3-NOZ346-11-21-14-40,8.117222
4787b3-NOZ347-11-21-16-38,8.928376
4787b3-NOZ3JE-11-29-07-01,6.255459
4787b3-NOZ3JE-12-01-06-59,7.7877536
4787b3-NOZ3VG-12-05-16-06,8.122087
4787b3-NOZ4HF-11-28-07-04,7.8532944
4787b3-NOZ4HF-12-07-07-00,7.8541594
4787b3-NOZ4RZ-11-14-07-35,8.250768
4787b3-NOZ4RZ-11-19-09-22,8.215353
4787b3-NOZ4RZ-11-22-07-50,9.60683
4787b3-NOZ50A-11-13-16-35,8.851676
4787b3-NOZ50A-11-17-16-51,8.3285885
4787b3-NOZ521-11-11-05-30,7.0231524
4787b3-NOZ523-11-07-06-31,7.728796
4787b3-NOZ524-11-11-07-03,6.976756
4787b3-NOZ525-11-13-11-38,7.359146
4787b3-NOZ526-11-07-07-57,7.2777643
4787b3-NOZ530-11-06-09-36,7.0706644
4787b3-NOZ531-11-06-08-11,7.926858
4787b3-NOZ532-11-06-12-21,7.725469
4787b3-NOZ532-11-07-11-01,7.071676
4787b3-NOZ532-12-09-11-16,6.954197
4787b3-NOZ534-11-13-13-21,7.0321393
4787b3-NOZ535-11-06-13-38,7.4008937
4787b3-NOZ535-11-07-12-30,8.673508
4787b3-NOZ535-12-09-12-51,7.4427476
4787b3-NOZ535-12-27-13-02,6.96255
4787b3-NOZ536-11-07-14-18,6.4849715
4787b3-NOZ536-12-09-14-27,6.86451
4787b3-NOZ536-12-27-14-39,6.911705
4787b3-NOZ537-11-13-14-43,8.116991
4787b3-NOZ538-11-04-15-41,7.4080787
4787b3-NOZ538-11-06-15-06,6.9790025
4787b3-NOZ541-11-07-15-45,7.4254646
4787b3-NOZ541-12-09-15-54,8.28886
4787b3-NOZ541-12-27-15-56,7.078925
4787b3-NOZ543-11-04-17-13,8.062935
4787b3-NOZ543-11-06-16-42,7.5441017
4787b3-NOZ544-11-06-18-14,6.8596144
4787b3-NOZ544-11-07-17-09,6.360861
4787b3-NOZ546-11-04-18-45,8.209725
4787b3-NOZ549-11-06-19-36,7.861691
4787b3-NOZ550-11-06-21-03,8.517164
4787b3-NOZ55J-11-13-18-43,7.691205
4787b3-NOZ55J-11-17-18-44,7.7258945
4787b3-NOZ56U-12-12-19-29,8.094088
4787b3-NOZ5AY-11-06-10-49,6.7099133
4787b3-NOZ5AY-11-07-09-16,7.219443
4787b3-NOZ601-11-23-05-33,7.580927
4787b3-NOZ601-11-28-05-29,8.37932
4787b3-NOZ601-12-07-05-39,7.5887027
4787b3-NOZ602-11-01-06-05,7.6773505
4787b3-NOZ602-11-21-06-04,7.7223897
4787b3-NOZ605-11-24-06-37,7.9913206
4787b3-NOZ605-11-30-06-30,7.731712
4787b3-NOZ606-11-24-08-26,8.524678
4787b3-NOZ606-11-30-08-03,8.374994
4787b3-NOZ607-12-02-07-06,7.3269215
4787b3-NOZ607-12-08-07-20,7.896167
4787b3-NOZ608-11-23-10-57,8.667371
4787b3-NOZ608-11-28-09-47,7.4402866
4787b3-NOZ608-12-07-09-42,7.6702595
4787b3-NOZ609-11-01-07-26,7.292523
4787b3-NOZ609-11-21-07-26,8.183734
4787b3-NOZ611-11-23-08-34,8.336517
4787b3-NOZ611-11-28-08-19,7.3787127
4787b3-NOZ611-12-07-08-18,7.451108
4787b3-NOZ612-11-23-13-36,7.173263
4787b3-NOZ612-11-28-12-22,7.8936667
4787b3-NOZ612-12-03-12-33,7.8553185
4787b3-NOZ612-12-07-12-24,7.6374397
4787b3-NOZ617-11-23-12-07,8.275329
4787b3-NOZ617-11-28-11-03,8.15166
4787b3-NOZ617-12-07-10-58,7.6271677
4787b3-NOZ620-11-27-16-12,11.747374
4787b3-NOZ620-11-28-15-21,8.059137
4787b3-NOZ620-12-07-15-52,7.4621253
4787b3-NOZ625-11-27-14-32,8.795516
4787b3-NOZ625-11-28-14-01,8.078814
4787b3-NOZ625-12-03-14-02,8.1655855
4787b3-NOZ625-12-07-14-04,8.250897
4787b3-NOZ626-11-23-17-40,8.114223
4787b3-NOZ626-11-24-17-03,7.8802843
4787b3-NOZ626-11-25-16-58,9.101909
4787b3-NOZ628-12-05-17-29,7.5245576
4787b3-NOZ631-11-23-15-28,8.231263
4787b3-NOZ631-11-24-15-21,8.496265
4787b3-NOZ631-11-25-15-41,8.456458
4787b3-NOZ632-11-27-18-52,7.8487964
4787b3-NOZ637-11-27-17-31,7.9895163
4787b3-NOZ637-11-28-16-39,7.6161413
4787b3-NOZ637-12-07-16-55,7.4569426
4787b3-NOZ638-11-22-20-25,7.8503647
4787b3-NOZ647-11-27-20-17,8.003829
4787b3-NOZ648-11-27-21-37,7.9752126
4787b3-NOZ6TM-12-21-19-56,8.038664
4787b3-NOZ7C-12-05-08-41,6.956299
4787b3-NOZ8C-12-04-21-08,7.2845545
4787b3-NOZ9BH-12-04-12-17,7.900952
4791ac-NOZ132-11-17-14-04,8.963421
4791ac-NOZ133-11-17-15-09,6.864879
4791ac-NOZ140-11-10-07-06,6.6756077
4791ac-NOZ140-11-11-07-13,8.519105
4791ac-NOZ141-11-10-08-06,7.580838
4791ac-NOZ141-11-11-08-08,8.132895
4791ac-NOZ144-11-24-15-12,7.223204
4791ac-NOZ145-11-24-16-08,8.241463
4791ac-NOZ183-11-20-07-53,7.055503
4791ac-NOZ191-11-16-17-08,7.7319736
4791ac-NOZ1BG-11-08-06-25,8.823829
4791ac-NOZ1TT-11-27-14-34,8.811276
4791ac-NOZ1TT-11-29-14-36,8.426488
4791ac-NOZ270-11-18-07-22,7.396288
4791ac-NOZ270-11-22-09-01,7.4115057
4791ac-NOZ271-11-22-07-54,8.491529
4791ac-NOZ272-11-20-15-39,8.326575
4791ac-NOZ275-11-20-16-48,9.467957
4791ac-NOZ278-11-21-19-01,7.443654
4791ac-NOZ2BE-11-13-12-33,9.252251
4791ac-NOZ2KT-12-23-16-32,8.482998
4791ac-NOZ2UC-12-12-16-22,7.780751
4791ac-NOZ345-11-13-10-22,7.6414924
4791ac-NOZ345-11-23-09-57,8.384897
4791ac-NOZ345-12-09-10-04,8.060949
4791ac-NOZ346-11-22-14-28,9.339271
4791ac-NOZ347-11-22-16-32,7.8124967
4791ac-NOZ357-12-23-23-01,8.174278
4791ac-NOZ4RZ-11-13-08-17,10.500484
4791ac-NOZ4RZ-11-23-08-25,9.186862
4791ac-NOZ4RZ-12-09-07-50,8.356855
4791ac-NOZ50A-12-09-17-14,8.676997
4791ac-NOZ50A-12-19-17-19,9.651971
4791ac-NOZ521-11-02-05-28,7.2048674
4791ac-NOZ521-11-03-05-26,6.969984
4791ac-NOZ522-11-15-06-01,7.20937
4791ac-NOZ522-12-15-06-32,6.8063707
4791ac-NOZ522-12-22-06-16,7.225971
4791ac-NOZ523-11-04-06-31,7.545564
4791ac-NOZ523-11-06-06-30,7.7026873
4791ac-NOZ524-11-02-07-11,7.602941
4791ac-NOZ524-11-03-07-01,7.491833
4791ac-NOZ525-11-15-07-18,7.7359657
4791ac-NOZ525-12-15-07-45,7.730469
4791ac-NOZ525-12-22-07-30,7.8436427
4791ac-NOZ526-11-04-08-04,6.460358
4791ac-NOZ530-11-01-09-55,8.711516
4791ac-NOZ532-11-04-11-06,7.2316484
4791ac-NOZ535-11-04-12-52,8.15855
4791ac-NOZ536-11-04-14-25,8.63389
4791ac-NOZ538-11-30-15-21,8.032104
4791ac-NOZ540-11-18-16-19,7.262587
4791ac-NOZ540-11-21-16-10,6.8824635
4791ac-NOZ541-11-04-16-15,7.0238333
4791ac-NOZ543-11-30-16-41,9.028651
4791ac-NOZ544-11-04-17-41,7.303675
4791ac-NOZ545-11-18-17-31,8.327214
4791ac-NOZ545-11-21-17-25,8.021924
4791ac-NOZ546-11-30-18-18,6.8530993
4791ac-NOZ549-11-30-19-31,7.7860403
4791ac-NOZ55J-12-09-19-07,7.615212
4791ac-NOZ55J-12-19-19-51,7.5611453
4791ac-NOZ56U-11-07-18-54,9.229487
4791ac-NOZ56U-12-23-20-48,11.350607
4791ac-NOZ5AY-11-04-09-20,7.3083253
4791ac-NOZ5PY-11-27-16-06,9.151683
4791ac-NOZ5PY-11-29-16-07,7.6934514
4791ac-NOZ601-11-18-05-40,7.7433577
4791ac-NOZ612-11-17-12-44,8.0221195
4791ac-NOZ628-11-27-17-29,7.8155932
4791ac-NOZ628-11-29-17-28,8.026782
4791ac-NOZ628-12-29-18-14,8.6531315
4791ac-NOZ634-12-04-20-31,8.463366
4791ac-NOZ639-12-12-17-36,8.024036
4791ac-NOZ645-11-27-18-49,9.629388
4791ac-NOZ645-11-29-18-46,6.8567386
4791ac-NOZ645-12-05-18-55,8.28905
4791ac-NOZ645-12-29-19-35,9.732423
4791ac-NOZ6TC-11-13-17-17,10.78737
4791ac-NOZ6TM-11-18-19-02,8.063043
4791ac-NOZ7C-11-18-08-40,7.9227123
4791ac-NOZ7C-11-22-10-37,8.73506
4791ac-NOZ9BH-11-16-15-40,10.32266
4791dd-NOZ140-11-03-07-11,7.060151
4791dd-NOZ141-11-03-08-10,7.833773
4791dd-NOZ142-11-06-13-41,6.8821707
4791dd-NOZ143-11-06-14-34,7.616285
4791dd-NOZ144-11-04-15-48,8.068425
4791dd-NOZ145-11-04-16-48,7.879993
4791dd-NOZ181-11-21-06-12,8.137669
4791dd-NOZ181-11-22-06-03,8.323161
4791dd-NOZ182-11-09-07-35,9.894509
4791dd-NOZ182-11-21-07-36,8.00087
4791dd-NOZ182-11-22-07-50,7.930943
4791dd-NOZ183-11-21-08-51,7.6369867
4791dd-NOZ183-11-22-08-58,7.722718
4791dd-NOZ183-12-27-09-37,7.249556
4791dd-NOZ191-11-24-17-10,8.258496
4791dd-NOZ191-12-06-17-02,7.116328
4791dd-NOZ1BG-11-24-06-09,9.007679
4791dd-NOZ1TT-11-10-14-34,10.1286125
4791dd-NOZ1TT-11-11-14-36,7.5995355
4791dd-NOZ1TT-11-28-14-34,7.898669
4791dd-NOZ1TT-12-01-14-47,7.665199
4791dd-NOZ270-11-10-07-30,8.581501
4791dd-NOZ270-11-15-07-27,7.399602
4791dd-NOZ270-11-28-07-30,9.946543
4791dd-NOZ270-12-01-07-28,5.944143
4791dd-NOZ271-11-10-06-07,7.8365884
4791dd-NOZ271-11-15-06-01,7.3533216
4791dd-NOZ271-11-19-08-07,7.3667483
4791dd-NOZ271-11-28-06-06,8.036014
4791dd-NOZ271-12-01-06-10,7.4032087
4791dd-NOZ271-12-22-06-11,7.480255
4791dd-NOZ276-11-08-15-55,10.835371
4791dd-NOZ276-12-11-13-44,9.525837
4791dd-NOZ277-11-08-17-21,8.394423
4791dd-NOZ277-12-11-14-56,8.23478
4791dd-NOZ278-11-09-18-57,10.559175
4791dd-NOZ278-11-14-18-58,10.245599
4791dd-NOZ278-11-18-19-20,7.8608437
4791dd-NOZ278-11-30-18-57,8.503184
4791dd-NOZ278-12-21-20-03,10.905599
4791dd-NOZ2DC-12-05-06-14,6.6830497
4791dd-NOZ345-11-16-09-30,7.564263
4791dd-NOZ345-11-17-11-53,7.8949676
4791dd-NOZ345-12-13-09-38,7.8326616
4791dd-NOZ345-12-22-09-54,8.429506
4791dd-NOZ346-11-15-14-34,8.1960535
4791dd-NOZ347-11-15-16-31,8.430722
4791dd-NOZ3JE-12-05-07-01,7.144551
4791dd-NOZ4RZ-11-16-07-34,8.12003
4791dd-NOZ4RZ-11-17-07-49,8.192021
4791dd-NOZ4RZ-12-13-07-42,9.489068
4791dd-NOZ4RZ-12-22-07-46,8.922686
4791dd-NOZ50A-12-30-17-20,9.003091
4791dd-NOZ530-11-24-10-05,6.848671
4791dd-NOZ531-11-24-11-21,7.6340485
4791dd-NOZ534-11-24-12-46,7.181624
4791dd-NOZ536-11-13-14-15,7.1669517
4791dd-NOZ537-11-24-14-02,7.302952
4791dd-NOZ540-11-14-16-05,6.7082787
4791dd-NOZ541-11-13-15-42,6.796279
4791dd-NOZ545-11-14-17-19,7.595777
4791dd-NOZ55J-12-30-19-49,8.106031
4791dd-NOZ56U-11-23-20-32,8.445319
4791dd-NOZ5PY-11-10-16-05,10.486689
4791dd-NOZ5PY-11-11-16-09,8.5254755
4791dd-NOZ5PY-11-28-16-02,7.755977
4791dd-NOZ5PY-12-01-16-04,7.5946107
4791dd-NOZ607-12-06-07-12,9.127467
4791dd-NOZ608-12-04-09-59,7.7144513
4791dd-NOZ611-12-04-08-38,7.1470613
4791dd-NOZ612-12-04-12-46,7.813326
4791dd-NOZ617-12-04-11-11,8.071125
4791dd-NOZ620-12-04-15-35,8.561919
4791dd-NOZ625-12-04-14-16,8.368106
4791dd-NOZ626-12-02-17-01,7.503268
4791dd-NOZ626-12-05-16-46,8.454073
4791dd-NOZ628-11-10-17-30,7.140285
4791dd-NOZ628-11-11-17-30,7.834655
4791dd-NOZ628-11-28-17-28,7.954028
4791dd-NOZ631-12-02-15-27,8.150838
4791dd-NOZ631-12-05-15-21,7.4996195
4791dd-NOZ632-12-04-18-14,8.257679
4791dd-NOZ637-12-04-16-50,7.4760313
4791dd-NOZ638-12-01-20-15,7.4823275
4791dd-NOZ645-11-10-18-57,7.2995496
4791dd-NOZ645-11-11-18-53,8.448871
4791dd-NOZ645-11-28-18-42,7.5756097
4791dd-NOZ647-12-04-19-27,7.63752
4791dd-NOZ648-12-04-21-03,7.735246
4791dd-NOZ6TM-11-08-18-48,7.7423277
4791dd-NOZ6TM-11-20-20-20,8.523768
4791dd-NOZ6TM-11-21-18-46,8.146909
4791dd-NOZ7C-11-10-08-39,8.492498
4791dd-NOZ7C-11-15-08-35,8.740433
4791dd-NOZ7C-11-28-08-42,8.608957
4791dd-NOZ7C-12-01-08-38,8.434839
4791dd-NOZ8C-11-27-20-58,9.70472
4791dd-NOZ9BH-11-21-15-58,7.705558
4791dd-NOZ9BH-11-24-15-51,7.9423532
4791dd-NOZ9BH-11-27-12-25,8.027679
47921c-NOZ132-11-04-14-08,7.4822545
47921c-NOZ133-11-04-16-06,9.1534195
47921c-NOZ140-12-13-11-57,7.4384313
47921c-NOZ140-12-14-07-25,6.5759554
47921c-NOZ141-12-13-13-10,7.38907
47921c-NOZ141-12-14-08-19,6.934048
47921c-NOZ144-11-23-16-00,8.7382965
47921c-NOZ144-11-25-15-50,7.5989666
47921c-NOZ144-11-28-15-40,10.7781
47921c-NOZ144-12-14-15-47,7.077419
47921c-NOZ145-11-23-17-00,8.230547
47921c-NOZ145-11-25-16-44,7.129847
47921c-NOZ1BG-11-18-06-08,8.499378
47921c-NOZ1TT-11-03-14-38,7.919636
47921c-NOZ345-12-08-09-39,7.9142547
47921c-NOZ345-12-26-10-26,9.593893
47921c-NOZ346-11-20-14-43,7.396048
47921c-NOZ346-12-22-15-46,10.188513
47921c-NOZ347-11-20-16-44,9.69712
47921c-NOZ347-12-22-17-51,7.6761007
47921c-NOZ44A-12-31-08-07,9.612947
47921c-NOZ4HF-11-17-07-02,8.035065
47921c-NOZ4RZ-12-08-07-38,8.302058
47921c-NOZ4RZ-12-26-08-36,8.9906435
47921c-NOZ50A-11-10-16-42,8.570037
47921c-NOZ50A-12-20-17-27,7.9008594
47921c-NOZ50A-12-28-18-12,7.310815
47921c-NOZ521-11-14-05-33,7.3748283
47921c-NOZ523-11-09-06-25,7.60328
47921c-NOZ523-11-15-06-24,7.4628725
47921c-NOZ523-11-16-06-37,7.606634
47921c-NOZ524-11-14-06-56,6.194848
47921c-NOZ526-11-09-07-54,7.1511436
47921c-NOZ526-11-15-08-01,7.538972
47921c-NOZ526-11-16-07-59,6.850105
47921c-NOZ530-11-13-09-27,7.012716
47921c-NOZ531-11-13-07-54,7.5317283
47921c-NOZ532-11-09-11-03,7.9753876
47921c-NOZ532-11-13-12-39,7.696359
47921c-NOZ532-11-15-11-03,6.817054
47921c-NOZ532-11-16-10-59,6.708948
47921c-NOZ535-11-09-12-29,7.918465
47921c-NOZ535-11-13-13-57,7.9505396
47921c-NOZ535-11-15-12-29,8.132116
47921c-NOZ535-11-16-12-36,8.413606
47921c-NOZ536-11-09-14-14,6.7145023
47921c-NOZ536-11-15-14-20,7.089976
47921c-NOZ538-11-11-15-33,7.7333765
47921c-NOZ538-11-13-15-22,7.237085
47921c-NOZ541-11-09-15-39,7.348579
47921c-NOZ541-11-15-15-45,7.734625
47921c-NOZ543-11-11-16-55,7.5516562
47921c-NOZ543-11-13-16-49,7.014124
47921c-NOZ544-11-09-17-09,7.498799
47921c-NOZ544-11-15-17-11,7.469986
47921c-NOZ546-11-11-18-17,6.769712
47921c-NOZ547-11-09-18-25,7.650596
47921c-NOZ547-11-15-18-31,7.9133525
47921c-NOZ549-11-13-19-34,7.3896675
47921c-NOZ550-11-08-19-59,6.8401113
47921c-NOZ550-11-13-21-02,7.0023365
47921c-NOZ550-11-15-19-54,7.2632847
47921c-NOZ55J-11-10-18-45,8.712267
47921c-NOZ55J-12-20-19-28,6.7557096
47921c-NOZ55J-12-28-20-30,9.912996
47921c-NOZ56U-11-17-19-00,8.744439
47921c-NOZ5AY-11-09-09-19,8.113109
47921c-NOZ5AY-11-13-11-05,7.849324
47921c-NOZ5AY-11-15-09-19,7.7892747
47921c-NOZ5AY-11-16-09-18,8.509429
47921c-NOZ5PY-11-03-16-03,8.109457
47921c-NOZ601-11-17-05-32,8.382247
47921c-NOZ602-12-19-06-20,9.184717
47921c-NOZ602-12-21-06-37,8.153205
47921c-NOZ605-11-04-06-52,8.524117
47921c-NOZ606-11-04-08-16,7.824483
47921c-NOZ608-11-17-09-51,8.644834
47921c-NOZ609-11-05-07-39,8.166763
47921c-NOZ609-12-19-07-41,7.8683476
47921c-NOZ609-12-21-08-01,8.01642
47921c-NOZ611-11-17-08-25,7.886502
47921c-NOZ628-11-03-17-31,8.236607
47921c-NOZ638-11-03-20-11,8.754744
47921c-NOZ638-11-16-20-09,9.226055
47921c-NOZ639-12-08-18-48,8.280335
47921c-NOZ645-11-03-18-48,8.200706
47921c-NOZ64N-12-15-17-01,9.046221
479227-NOZ132-11-15-14-05,7.629308
479227-NOZ132-11-21-14-05,7.660913
479227-NOZ133-11-15-15-05,6.843992
479227-NOZ133-11-21-14-52,8.377309
479227-NOZ140-11-15-07-16,7.43441
479227-NOZ141-11-15-08-09,8.22147
479227-NOZ1BG-11-01-06-04,8.342858
479227-NOZ1BG-11-19-06-02,9.524125
479227-NOZ1BG-12-22-06-09,6.8687353
479227-NOZ1TT-11-02-14-31,7.8907127
479227-NOZ1TT-11-20-14-38,7.3068757
479227-NOZ1TT-12-14-14-43,7.686488
479227-NOZ1TT-12-22-15-40,8.742309
479227-NOZ1TT-12-29-15-47,7.898997
479227-NOZ2FV-12-17-15-43,8.679875
479227-NOZ2UC-11-10-16-09,9.277459
479227-NOZ345-11-11-09-55,8.349582
479227-NOZ346-11-03-14-35,9.015908
479227-NOZ346-11-07-14-45,9.30534
479227-NOZ347-11-03-16-36,7.4587245
479227-NOZ347-11-07-16-42,7.4139695
479227-NOZ3J-11-17-15-46,8.1390505
479227-NOZ3LH-12-15-20-00,7.7573457
479227-NOZ3TV-12-17-17-11,7.73563
479227-NOZ3VG-12-22-17-14,8.371418
479227-NOZ3VG-12-29-17-13,7.696952
479227-NOZ47Y-11-16-19-32,7.4040527
479227-NOZ4HF-11-16-07-12,7.0316615
479227-NOZ4RZ-11-11-07-48,7.8776617
479227-NOZ50A-11-11-16-37,8.113029
479227-NOZ50A-12-07-16-47,8.943099
479227-NOZ522-11-09-05-57,7.5203447
479227-NOZ522-12-06-06-20,7.3350296
479227-NOZ525-11-09-07-17,8.001692
479227-NOZ525-12-06-07-40,7.2416577
479227-NOZ532-12-24-10-47,6.9285116
479227-NOZ534-12-21-12-43,7.6150193
479227-NOZ537-12-21-14-04,9.183413
479227-NOZ538-12-12-15-53,7.300382
479227-NOZ538-12-20-15-34,7.171105
479227-NOZ540-11-13-16-18,7.041669
479227-NOZ540-11-23-17-01,7.8970513
479227-NOZ540-12-21-16-24,7.5822988
479227-NOZ543-12-12-17-09,8.818796
479227-NOZ543-12-20-16-53,7.7173395
479227-NOZ545-11-13-17-36,7.650301
479227-NOZ545-11-23-18-23,8.189349
479227-NOZ545-12-21-17-48,9.110331
479227-NOZ546-11-13-19-03,6.9348907
479227-NOZ546-12-12-18-25,6.668645
479227-NOZ549-12-12-19-35,8.150121
479227-NOZ555-11-13-20-28,7.503148
479227-NOZ55J-11-11-18-36,7.529394
479227-NOZ55J-12-07-18-38,8.244811
479227-NOZ56U-11-18-19-10,8.250614
479227-NOZ56U-12-21-20-16,7.8178596
479227-NOZ5PY-11-02-16-08,7.916223
479227-NOZ5PY-11-20-16-02,8.14602
479227-NOZ602-11-02-06-02,7.1201687
479227-NOZ602-11-07-06-01,7.872033
479227-NOZ602-12-08-06-14,7.383909
479227-NOZ602-12-13-08-23,8.207549
479227-NOZ602-12-14-06-13,8.113969
479227-NOZ605-11-22-06-33,7.817343
479227-NOZ606-11-22-08-25,8.112913
479227-NOZ607-12-16-07-24,7.717367
479227-NOZ607-12-23-07-17,8.037146
479227-NOZ608-11-16-09-42,6.6759024
479227-NOZ609-11-02-07-39,7.693391
479227-NOZ609-11-07-07-29,7.4330754
479227-NOZ609-12-08-07-33,8.553647
479227-NOZ609-12-13-12-55,9.606738
479227-NOZ609-12-14-07-56,8.559521
479227-NOZ611-11-16-08-25,8.132182
479227-NOZ612-11-16-12-30,7.118006
479227-NOZ612-11-26-12-31,8.146198
479227-NOZ612-12-17-12-50,7.123144
479227-NOZ617-11-16-11-06,8.223362
479227-NOZ620-11-16-15-35,7.2448063
479227-NOZ625-11-16-14-09,8.07782
479227-NOZ625-11-26-13-57,8.036234
479227-NOZ625-12-17-14-07,7.6625714
479227-NOZ628-11-02-17-29,8.7330675
479227-NOZ628-11-20-17-35,7.6273913
479227-NOZ628-12-14-17-29,7.0685163
479227-NOZ628-12-22-18-53,7.3875713
479227-NOZ637-11-16-16-47,8.595769
479227-NOZ638-11-20-20-41,7.3931656
479227-NOZ638-12-22-21-57,7.857162
479227-NOZ639-11-10-17-35,8.882262
479227-NOZ645-11-02-18-46,7.308772
479227-NOZ645-11-15-19-05,8.426247
479227-NOZ645-11-20-18-52,8.404594
479227-NOZ645-12-14-18-48,8.370965
479227-NOZ645-12-22-20-20,7.280364
479227-NOZ6CF-11-19-08-28,8.811289
479227-NOZ8GN-11-17-07-09,8.05994
479227-NOZ8ME-11-16-18-20,7.044482
4792a6-NOZ132-11-14-14-05,6.8845487
4792a6-NOZ133-11-14-15-26,8.070676
4792a6-NOZ140-11-30-07-02,7.5188837
4792a6-NOZ140-12-01-06-59,7.496675
4792a6-NOZ141-11-30-07-54,7.122983
4792a6-NOZ141-12-01-08-00,8.545514
4792a6-NOZ144-11-15-15-42,6.976467
4792a6-NOZ144-11-30-15-44,6.965517
4792a6-NOZ145-11-15-16-38,7.7964573
4792a6-NOZ145-11-30-16-48,7.494359
4792a6-NOZ164-11-11-06-09,7.6455636
4792a6-NOZ191-11-06-13-41,6.935089
4792a6-NOZ191-12-18-14-40,8.346
4792a6-NOZ1BG-11-04-06-09,7.4272103
4792a6-NOZ1KD-11-16-14-04,8.358937
4792a6-NOZ1TD-11-10-21-10,7.8640566
4792a6-NOZ1TT-11-07-14-32,7.4777193
4792a6-NOZ1TT-12-19-14-56,8.250483
4792a6-NOZ270-11-02-07-22,10.687938
4792a6-NOZ270-11-07-07-25,9.739451
4792a6-NOZ270-12-06-08-42,10.680706
4792a6-NOZ270-12-29-08-19,9.76139
4792a6-NOZ271-11-07-06-08,8.727264
4792a6-NOZ271-12-06-06-41,8.127867
4792a6-NOZ271-12-19-06-26,8.014839
4792a6-NOZ278-12-05-18-55,9.986631
4792a6-NOZ2DC-11-17-06-03,8.121289
4792a6-NOZ2DC-11-18-05-59,7.054087
4792a6-NOZ2GH-11-20-15-01,10.031938
4792a6-NOZ345-11-25-09-42,7.4973135
4792a6-NOZ346-11-02-14-34,7.710279
4792a6-NOZ346-11-04-14-36,8.863035
4792a6-NOZ346-12-15-14-47,8.262997
4792a6-NOZ346-12-16-16-20,11.188161
4792a6-NOZ346-12-30-14-46,10.428053
4792a6-NOZ347-11-02-16-31,8.026459
4792a6-NOZ347-11-04-16-29,7.5928454
4792a6-NOZ347-12-15-16-45,8.02488
4792a6-NOZ347-12-16-19-04,8.563199
4792a6-NOZ347-12-30-17-50,7.850812
4792a6-NOZ3JE-11-17-07-00,7.1583242
4792a6-NOZ3JE-11-18-07-00,7.920463
4792a6-NOZ3VG-12-19-16-17,7.1777554
4792a6-NOZ4RZ-11-25-07-39,7.720113
4792a6-NOZ50A-11-25-16-42,7.9204254
4792a6-NOZ522-12-08-06-12,7.726025
4792a6-NOZ522-12-20-06-35,6.845451
4792a6-NOZ525-12-08-08-03,8.087588
4792a6-NOZ525-12-20-07-45,7.1346297
4792a6-NOZ526-11-10-08-19,6.696982
4792a6-NOZ530-11-08-09-45,6.6520367
4792a6-NOZ530-11-23-10-59,6.2949986
4792a6-NOZ531-11-08-11-06,7.720464
4792a6-NOZ531-11-23-12-10,7.554035
4792a6-NOZ532-11-10-10-59,8.643898
4792a6-NOZ532-12-13-11-00,6.8818693
4792a6-NOZ534-11-08-12-37,7.3860435
4792a6-NOZ534-11-23-13-43,10.102956
4792a6-NOZ535-11-10-12-28,7.721425
4792a6-NOZ535-12-13-12-42,7.4109635
4792a6-NOZ536-11-10-14-19,7.276025
4792a6-NOZ536-11-27-14-21,6.9104486
4792a6-NOZ536-12-13-14-18,6.692977
4792a6-NOZ537-11-08-13-56,7.153252
4792a6-NOZ537-11-23-15-08,7.3455153
4792a6-NOZ538-12-06-15-31,6.1782446
4792a6-NOZ538-12-07-15-32,7.388896
4792a6-NOZ540-12-05-16-12,7.7686453
4792a6-NOZ541-11-10-15-43,8.186416
4792a6-NOZ541-11-27-15-44,8.752258
4792a6-NOZ541-12-13-15-43,7.8210626
4792a6-NOZ543-12-06-16-55,7.6139846
4792a6-NOZ543-12-07-16-44,7.268539
4792a6-NOZ544-11-10-17-14,7.2538505
4792a6-NOZ544-12-13-17-25,7.3830643
4792a6-NOZ545-12-05-17-28,7.416229
4792a6-NOZ546-12-06-18-12,6.6996603
4792a6-NOZ546-12-07-18-19,7.036357
4792a6-NOZ547-11-10-18-33,7.6249495
4792a6-NOZ547-12-13-18-38,7.5309343
4792a6-NOZ549-12-06-19-25,7.9147735
4792a6-NOZ549-12-07-19-27,8.747896
4792a6-NOZ550-11-10-19-55,7.2650023
4792a6-NOZ55J-11-25-18-41,7.4021835
4792a6-NOZ56U-11-03-19-04,8.444063
4792a6-NOZ5AY-11-10-09-32,7.773264
4792a6-NOZ5PY-11-07-15-58,7.9581256
4792a6-NOZ602-11-23-06-46,7.005294
4792a6-NOZ605-11-10-06-30,7.865255
4792a6-NOZ605-11-14-06-30,8.109254
4792a6-NOZ606-11-14-08-04,8.145372
4792a6-NOZ609-11-23-07-54,8.113528
4792a6-NOZ612-12-31-12-34,7.9266047
4792a6-NOZ614-11-13-13-49,8.003823
4792a6-NOZ623-11-13-12-31,7.520863
4792a6-NOZ625-12-31-13-58,8.863663
4792a6-NOZ626-11-11-16-52,8.129455
4792a6-NOZ626-11-13-17-05,7.208382
4792a6-NOZ626-11-17-16-47,7.256511
4792a6-NOZ628-11-07-17-32,9.511975
4792a6-NOZ631-11-11-15-20,9.006315
4792a6-NOZ631-11-13-15-30,7.3788366
4792a6-NOZ631-11-17-15-24,8.285199
4792a6-NOZ632-11-16-18-18,8.13737
4792a6-NOZ634-11-13-19-51,7.5525546
4792a6-NOZ638-11-09-20-06,8.346414
4792a6-NOZ643-11-13-18-25,7.688209
4792a6-NOZ645-11-07-18-53,8.264272
4792a6-NOZ7C-11-02-08-37,7.8854523
4792a6-NOZ7C-11-07-08-44,6.9340863
4792a6-NOZ7C-12-06-09-57,8.037867
4792a6-NOZ7C-12-29-09-33,9.4487095
4792a6-NOZ8C-11-06-21-23,11.816946
4792a6-NOZ8C-12-18-22-03,10.712825
4792a6-NOZ8ME-12-18-19-01,8.232317
4792a6-NOZ9BH-11-06-12-14,9.17651
4792a6-NOZ9BH-12-18-12-46,11.745867
4792d3-NOZ181-11-19-08-53,7.2838964
4792d3-NOZ181-12-05-06-04,6.977849
4792d3-NOZ181-12-06-06-05,8.652232
4792d3-NOZ182-11-19-07-27,9.914333
4792d3-NOZ182-12-05-07-46,10.614849
4792d3-NOZ183-12-05-09-06,6.8110704
4792d3-NOZ183-12-06-09-25,7.785619
4792d3-NOZ191-12-02-17-12,8.780351
4792d3-NOZ191-12-05-17-11,7.0503883
4792d3-NOZ191-12-11-14-32,8.474697
4792d3-NOZ1BG-11-05-06-05,8.297578
4792d3-NOZ1BG-11-26-06-06,8.531193
4792d3-NOZ1BG-11-30-06-00,8.354411
4792d3-NOZ1TT-11-21-14-43,7.858351
4792d3-NOZ1TT-12-12-14-37,8.847351
4792d3-NOZ1TT-12-18-14-45,7.907702
4792d3-NOZ1TT-12-28-14-40,7.226925
4792d3-NOZ270-11-21-08-03,7.838113
4792d3-NOZ270-12-12-07-34,7.872797
4792d3-NOZ271-11-21-06-19,8.621567
4792d3-NOZ271-11-23-06-08,7.7229276
4792d3-NOZ271-12-12-06-04,8.581487
4792d3-NOZ276-11-18-16-09,9.978651
4792d3-NOZ276-12-09-17-36,7.008045
4792d3-NOZ277-11-18-18-14,8.165171
4792d3-NOZ277-12-09-19-02,7.945033
4792d3-NOZ278-11-22-19-15,7.6095963
4792d3-NOZ2FV-12-10-16-13,7.985171
4792d3-NOZ2UC-12-15-16-34,8.306257
4792d3-NOZ345-11-03-09-51,9.69841
4792d3-NOZ345-12-20-10-33,9.159076
4792d3-NOZ346-12-07-14-47,8.877601
4792d3-NOZ346-12-08-14-58,10.023001
4792d3-NOZ346-12-19-14-55,9.009741
4792d3-NOZ347-12-07-16-43,7.6615667
4792d3-NOZ347-12-08-16-50,7.1149883
4792d3-NOZ347-12-19-17-11,8.236716
4792d3-NOZ3TV-12-10-17-26,7.8329496
4792d3-NOZ3VG-12-12-16-03,7.1702456
4792d3-NOZ3VG-12-18-16-06,6.7840047
4792d3-NOZ3VG-12-28-16-06,8.543726
4792d3-NOZ40A-12-09-13-57,7.721521
4792d3-NOZ4RZ-11-03-07-58,9.762909
4792d3-NOZ4RZ-12-20-08-08,8.369971
4792d3-NOZ50A-12-13-17-00,7.877342
4792d3-NOZ522-11-16-06-00,8.217089
4792d3-NOZ522-12-01-06-02,7.122883
4792d3-NOZ523-12-21-06-32,7.9943924
4792d3-NOZ523-12-22-06-34,6.467276
4792d3-NOZ525-11-16-07-31,8.166749
4792d3-NOZ525-12-01-07-22,6.625848
4792d3-NOZ526-12-21-08-20,7.5270104
4792d3-NOZ526-12-22-08-07,7.8766046
4792d3-NOZ530-11-22-10-15,6.958899
4792d3-NOZ531-11-22-11-24,7.510386
4792d3-NOZ532-12-21-11-07,6.7447047
4792d3-NOZ532-12-22-11-05,7.0896344
4792d3-NOZ534-11-22-12-43,7.0511193
4792d3-NOZ534-12-20-12-46,6.9620686
4792d3-NOZ535-12-21-12-37,7.41775
4792d3-NOZ535-12-22-12-35,7.2585297
4792d3-NOZ536-12-21-14-21,7.1361938
4792d3-NOZ536-12-22-14-57,6.916563
4792d3-NOZ537-11-22-14-04,7.348853
4792d3-NOZ538-11-24-15-29,6.812187
4792d3-NOZ540-11-29-16-05,6.2305555
4792d3-NOZ541-12-21-15-45,7.478973
4792d3-NOZ541-12-22-16-38,8.224125
4792d3-NOZ543-11-24-16-41,7.889505
4792d3-NOZ544-12-21-17-26,7.824796
4792d3-NOZ545-11-29-17-27,7.472079
4792d3-NOZ546-11-24-18-34,6.687436
4792d3-NOZ547-12-21-18-38,8.512994
4792d3-NOZ549-11-24-19-40,7.777511
4792d3-NOZ550-12-21-20-49,6.829126
4792d3-NOZ55J-12-13-18-42,7.897106
4792d3-NOZ56U-11-04-19-07,8.687159
4792d3-NOZ56U-11-25-19-07,8.461651
4792d3-NOZ56U-11-29-18-54,7.409886
4792d3-NOZ5AY-12-21-09-33,7.1323285
4792d3-NOZ5AY-12-22-09-25,8.080172
4792d3-NOZ5PY-11-21-16-11,8.3808
4792d3-NOZ5PY-11-30-15-53,7.684172
4792d3-NOZ602-11-24-06-29,7.6340427
4792d3-NOZ602-11-29-06-08,8.3557
4792d3-NOZ605-12-15-07-09,7.5676684
4792d3-NOZ606-12-15-08-39,7.910057
4792d3-NOZ607-12-19-07-13,7.1249766
4792d3-NOZ609-11-24-07-48,7.9325767
4792d3-NOZ609-11-29-07-24,8.517304
4792d3-NOZ625-12-10-14-57,8.024021
4792d3-NOZ628-11-21-17-41,8.03871
4792d3-NOZ628-11-30-17-26,7.665791
4792d3-NOZ628-12-12-17-39,8.428441
4792d3-NOZ628-12-18-17-31,8.491084
4792d3-NOZ628-12-28-17-38,8.302411
4792d3-NOZ638-12-14-20-23,7.3969154
4792d3-NOZ638-12-18-20-14,7.9116454
4792d3-NOZ639-11-17-17-31,8.216496
4792d3-NOZ639-12-15-17-49,8.320915
4792d3-NOZ645-11-21-18-52,7.4860964
4792d3-NOZ645-11-30-18-42,7.35194
4792d3-NOZ645-12-12-18-57,7.8396716
4792d3-NOZ645-12-18-18-54,7.900579
4792d3-NOZ645-12-28-18-53,7.8900466
4792d3-NOZ68L-11-11-19-26,9.546006
4792d3-NOZ6TM-12-04-20-10,7.3756056
4792d3-NOZ6TM-12-05-18-54,9.602054
4792d3-NOZ7C-11-21-09-10,11.27746
4792d3-NOZ8402-12-10-13-41,9.043814
4792d3-NOZ8921-12-15-10-33,7.7841487
4792d3-NOZ8C-11-20-21-12,7.123803
4792d3-NOZ8C-12-11-21-51,7.5656767
4792d3-NOZ9BH-11-20-12-29,9.21638
4792d3-NOZ9BH-12-02-15-44,9.114862
4792d3-NOZ9BH-12-05-15-56,9.976893
4792d3-NOZ9BH-12-11-12-51,8.681202
4792d3-NOZ9PL-11-18-07-35,7.401624
4792db-NOZ132-12-19-14-05,7.0656247
4792db-NOZ132-12-20-13-57,6.968522
4792db-NOZ133-12-19-14-57,8.541306
4792db-NOZ133-12-20-14-54,6.448899
4792db-NOZ140-11-14-07-24,7.0210238
4792db-NOZ141-11-14-08-18,7.8404756
4792db-NOZ144-12-01-14-54,7.7281365
4792db-NOZ144-12-02-15-46,6.952251
4792db-NOZ145-12-01-16-01,9.336014
4792db-NOZ145-12-02-16-45,6.800825
4792db-NOZ181-11-16-06-02,7.827377
4792db-NOZ181-12-13-06-18,8.536695
4792db-NOZ182-11-16-07-36,7.469865
4792db-NOZ182-12-13-07-35,11.845676
4792db-NOZ183-11-16-08-48,7.8030033
4792db-NOZ183-12-13-08-58,8.053406
4792db-NOZ191-11-08-17-02,9.274984
4792db-NOZ191-12-12-17-15,8.854627
4792db-NOZ1TT-11-22-14-45,7.4802213
4792db-NOZ270-12-26-07-41,10.154485
4792db-NOZ276-11-04-16-09,8.82376
4792db-NOZ276-11-15-16-01,8.465279
4792db-NOZ276-12-30-16-11,9.447406
4792db-NOZ277-11-04-17-29,8.302238
4792db-NOZ277-11-15-17-28,7.790049
4792db-NOZ277-12-30-17-25,7.412188
4792db-NOZ2BE-11-16-12-27,11.582312
4792db-NOZ2DC-12-15-06-22,7.0409966
4792db-NOZ345-12-04-10-18,7.0129485
4792db-NOZ345-12-05-10-09,8.12716
4792db-NOZ345-12-27-09-55,8.883679
4792db-NOZ345-12-29-10-09,9.250826
4792db-NOZ346-11-10-14-39,9.083614
4792db-NOZ347-11-10-16-34,7.4112887
4792db-NOZ4HF-12-14-07-04,7.935702
4792db-NOZ4HF-12-16-07-13,7.7898426
4792db-NOZ4RZ-12-04-08-17,9.0563
4792db-NOZ4RZ-12-05-07-41,11.658634
4792db-NOZ4RZ-12-27-07-51,7.9042883
4792db-NOZ4RZ-12-29-08-12,7.9652553
4792db-NOZ50A-11-01-16-32,9.170565
4792db-NOZ50A-11-02-16-38,8.962077
4792db-NOZ50A-11-24-16-59,9.434179
4792db-NOZ50A-11-30-16-27,8.44571
4792db-NOZ50A-12-04-16-35,8.980568
4792db-NOZ530-12-16-11-40,7.5973363
4792db-NOZ531-12-16-13-13,11.686147
4792db-NOZ538-11-29-15-14,6.824289
4792db-NOZ540-12-23-16-21,6.8842163
4792db-NOZ543-11-29-16-36,6.940967
4792db-NOZ545-12-23-17-34,7.284654
4792db-NOZ546-11-29-18-15,6.7383075
4792db-NOZ549-11-29-19-25,7.8879724
4792db-NOZ55J-11-01-18-27,7.547257
4792db-NOZ55J-11-02-18-36,8.050624
4792db-NOZ55J-11-24-18-40,7.4311
4792db-NOZ55J-11-30-18-28,8.869178
4792db-NOZ55J-12-04-19-34,9.0050125
4792db-NOZ5PY-11-22-16-07,7.976532
4792db-NOZ601-12-14-05-46,8.055645
4792db-NOZ601-12-16-05-49,9.1188965
4792db-NOZ602-12-07-06-10,7.422114
4792db-NOZ605-12-21-06-40,7.684436
4792db-NOZ606-12-21-08-27,8.452819
4792db-NOZ607-12-22-07-04,6.921284
4792db-NOZ608-12-14-09-49,7.900756
4792db-NOZ609-12-07-07-19,8.3591385
4792db-NOZ611-12-14-08-23,8.246026
4792db-NOZ611-12-16-08-48,7.2713532
4792db-NOZ612-11-05-12-23,8.754306
4792db-NOZ612-11-19-12-25,7.044023
4792db-NOZ612-12-14-12-39,6.8624897
4792db-NOZ612-12-16-15-18,8.018278
4792db-NOZ612-12-21-12-40,8.044674
4792db-NOZ617-12-14-11-18,7.635546
4792db-NOZ617-12-21-11-13,8.253916
4792db-NOZ620-12-16-19-41,8.684042
4792db-NOZ625-11-05-14-01,7.6931505
4792db-NOZ625-11-19-13-54,9.212434
4792db-NOZ625-12-14-14-02,8.328096
4792db-NOZ625-12-16-17-33,6.8044314
4792db-NOZ626-12-15-16-50,7.871209
4792db-NOZ626-12-21-17-15,8.462038
4792db-NOZ628-11-22-18-10,7.23636
4792db-NOZ631-12-15-15-35,8.6979065
4792db-NOZ631-12-21-15-24,7.6225066
4792db-NOZ632-12-14-18-02,7.530401
4792db-NOZ632-12-16-22-56,8.01397
4792db-NOZ637-12-16-21-02,7.6465335
4792db-NOZ638-12-13-20-27,8.921844
4792db-NOZ645-11-22-19-19,8.015541
4792db-NOZ6TM-11-15-18-45,9.270879
4792db-NOZ6TM-12-12-18-49,10.727127
4792db-NOZ7C-12-26-08-52,8.017511
4792db-NOZ9BH-11-08-15-34,8.443804
4792db-NOZ9BH-12-12-15-46,9.420148
47945c-NOZ132-12-23-13-58,7.186095
47945c-NOZ132-12-26-13-04,6.9127827
47945c-NOZ132-12-27-14-24,7.6230755
47945c-NOZ132-12-30-14-02,7.218517
47945c-NOZ133-12-23-14-56,7.3844843
47945c-NOZ133-12-26-13-57,7.92661
47945c-NOZ133-12-27-15-40,7.751642
47945c-NOZ133-12-30-14-58,8.872979
47945c-NOZ144-12-13-15-57,6.8663154
47945c-NOZ145-12-13-16-55,7.462961
47945c-NOZ181-11-03-06-05,9.185131
47945c-NOZ181-12-12-06-01,7.691243
47945c-NOZ182-11-03-07-36,8.878083
47945c-NOZ182-12-12-07-35,8.838713
47945c-NOZ183-11-03-08-58,7.15201
47945c-NOZ183-12-12-08-57,9.623682
47945c-NOZ1YA-12-08-15-01,8.1302
47945c-NOZ270-12-09-07-35,7.775003
47945c-NOZ271-12-09-06-21,8.139345
47945c-NOZ276-11-02-15-58,12.16563
47945c-NOZ277-11-02-17-25,6.9708242
47945c-NOZ278-12-08-19-14,8.477854
47945c-NOZ27C-12-09-08-42,7.9707494
47945c-NOZ2DC-12-20-05-59,6.9664736
47945c-NOZ2DC-12-22-05-58,7.0123672
47945c-NOZ2DC-12-28-06-16,7.650611
47945c-NOZ2DC-12-29-06-02,7.013121
47945c-NOZ2PC-12-17-08-21,8.627841
47945c-NOZ2UC-11-25-16-13,8.076801
47945c-NOZ345-11-08-09-33,8.026288
47945c-NOZ345-12-06-10-57,7.4741387
47945c-NOZ345-12-07-09-46,11.338419
47945c-NOZ346-12-05-14-53,7.3261304
47945c-NOZ346-12-06-14-32,8.791388
47945c-NOZ347-12-05-16-59,7.5592976
47945c-NOZ347-12-06-16-41,7.7972736
47945c-NOZ3JE-12-20-06-57,7.438233
47945c-NOZ3JE-12-22-06-52,7.916502
47945c-NOZ3JE-12-28-07-05,7.111818
47945c-NOZ3JE-12-29-06-58,7.6183114
47945c-NOZ40A-12-08-13-31,7.1156297
47945c-NOZ4RZ-11-08-07-29,8.409474
47945c-NOZ4RZ-12-06-08-25,10.970041
47945c-NOZ4RZ-12-07-07-47,8.556599
47945c-NOZ521-11-04-05-29,7.728188
47945c-NOZ523-11-05-06-14,7.584371
47945c-NOZ524-11-04-07-15,6.4909134
47945c-NOZ524-11-05-07-32,6.7609906
47945c-NOZ525-11-06-11-27,7.958298
47945c-NOZ530-11-25-09-51,7.2677846
47945c-NOZ531-11-05-08-48,8.632758
47945c-NOZ531-11-25-11-15,7.0503664
47945c-NOZ531-11-30-11-05,7.917378
47945c-NOZ532-11-05-10-19,7.9812403
47945c-NOZ534-11-06-13-14,8.217191
47945c-NOZ534-11-25-12-47,7.2885265
47945c-NOZ534-11-30-12-34,6.9803123
47945c-NOZ537-11-06-14-41,7.609734
47945c-NOZ537-11-25-14-06,7.519825
47945c-NOZ540-11-06-16-12,7.157517
47945c-NOZ545-11-06-17-38,7.5960197
47945c-NOZ546-11-06-19-05,6.8465805
47945c-NOZ555-11-06-20-25,7.463785
47945c-NOZ602-11-30-06-12,7.983473
47945c-NOZ602-12-05-06-02,8.525601
47945c-NOZ605-12-19-06-33,8.016451
47945c-NOZ605-12-23-06-48,8.202326
47945c-NOZ605-12-27-07-09,8.255016
47945c-NOZ605-12-30-06-40,7.8904195
47945c-NOZ606-12-19-08-20,8.835424
47945c-NOZ606-12-23-08-17,6.356283
47945c-NOZ606-12-27-08-47,8.659656
47945c-NOZ606-12-30-08-21,7.9405847
47945c-NOZ608-12-17-11-07,7.373007
47945c-NOZ608-12-18-09-55,7.5825467
47945c-NOZ608-12-24-09-38,7.413261
47945c-NOZ609-11-30-07-34,6.806242
47945c-NOZ609-12-05-07-27,7.105786
47945c-NOZ609-12-17-09-37,8.035814
47945c-NOZ609-12-24-07-46,7.80451
47945c-NOZ609-12-31-07-23,8.801442
47945c-NOZ611-12-18-08-42,7.536021
47945c-NOZ612-12-18-12-28,7.766747
47945c-NOZ617-12-18-11-17,7.579588
47945c-NOZ620-12-18-15-31,7.6313424
47945c-NOZ625-12-18-14-06,7.9321833
47945c-NOZ626-12-26-17-27,8.22206
47945c-NOZ626-12-28-17-06,8.501695
47945c-NOZ631-12-26-15-50,8.035602
47945c-NOZ631-12-28-15-31,8.529594
47945c-NOZ632-12-18-18-15,9.188892
47945c-NOZ637-12-18-16-50,8.107921
47945c-NOZ639-11-25-17-31,7.6445594
47945c-NOZ647-12-18-19-34,7.9518285
47945c-NOZ648-12-18-21-16,7.3840766
47945c-NOZ6TM-11-02-18-49,10.835745
47945c-NOZ6TM-12-11-20-15,10.374677
47947c-NOZ144-11-17-15-03,6.688033
47947c-NOZ145-11-17-16-08,7.5991154
47947c-NOZ181-11-26-09-00,7.504837
47947c-NOZ182-11-02-07-34,8.665168
47947c-NOZ182-11-26-07-47,9.193085
47947c-NOZ191-11-11-17-13,7.5899243
47947c-NOZ1BG-12-30-07-28,7.4854627
47947c-NOZ1KD-11-18-14-22,8.4581375
47947c-NOZ1TT-11-09-14-32,7.384507
47947c-NOZ270-12-14-08-19,7.218548
47947c-NOZ271-12-17-07-43,7.4321985
47947c-NOZ276-11-01-16-02,9.223348
47947c-NOZ276-11-25-16-03,9.718471
47947c-NOZ276-12-28-16-18,8.024746
47947c-NOZ277-11-01-17-19,7.2656536
47947c-NOZ277-11-25-17-28,8.868709
47947c-NOZ278-12-16-23-57,9.930489
47947c-NOZ2DC-12-02-06-04,7.6863303
47947c-NOZ2DC-12-06-06-20,7.2167783
47947c-NOZ346-11-06-14-30,8.518756
47947c-NOZ347-11-06-16-34,7.6552343
47947c-NOZ3DB-11-16-18-14,7.6923842
47947c-NOZ3JE-12-02-06-56,7.726449
47947c-NOZ3JE-12-06-07-13,7.4806204
47947c-NOZ4HF-12-05-07-06,8.81439
47947c-NOZ51Q-11-18-08-38,7.864668
47947c-NOZ522-11-10-06-07,6.4940023
47947c-NOZ525-11-10-07-22,8.165947
47947c-NOZ538-11-22-15-31,6.6873193
47947c-NOZ538-11-28-15-18,7.02186
47947c-NOZ543-11-22-16-45,7.5426197
47947c-NOZ543-11-28-16-34,7.238474
47947c-NOZ546-11-22-18-20,7.1238847
47947c-NOZ546-11-28-18-18,6.7936053
47947c-NOZ548-11-20-18-48,7.0734825
47947c-NOZ549-11-22-19-31,7.285283
47947c-NOZ549-11-28-19-33,7.473121
47947c-NOZ553-11-20-20-03,7.642755
47947c-NOZ56U-12-29-20-08,8.724787
47947c-NOZ5PY-11-09-15-55,8.178333
47947c-NOZ601-11-22-05-32,8.524766
47947c-NOZ601-12-05-05-50,7.602629
47947c-NOZ605-11-08-06-27,8.404207
47947c-NOZ605-12-01-06-28,7.6419697
47947c-NOZ606-11-08-08-02,8.827659
47947c-NOZ606-11-21-08-29,7.901564
47947c-NOZ606-12-01-07-59,7.974739
47947c-NOZ607-11-09-07-07,7.30015
47947c-NOZ607-12-07-07-33,7.6728034
47947c-NOZ608-12-03-09-17,7.293312
47947c-NOZ608-12-05-09-46,7.339026
47947c-NOZ609-12-03-07-45,8.175563
47947c-NOZ611-12-05-08-19,6.8977895
47947c-NOZ612-11-12-12-22,8.0773115
47947c-NOZ612-12-05-12-33,7.7682824
47947c-NOZ617-12-05-11-05,6.750381
47947c-NOZ620-12-05-15-25,7.937755
47947c-NOZ625-11-12-13-58,7.62331
47947c-NOZ625-12-05-14-04,7.648528
47947c-NOZ626-11-08-16-53,9.024322
47947c-NOZ626-11-21-16-46,8.442392
47947c-NOZ628-11-09-17-40,7.603996
47947c-NOZ631-11-08-15-25,7.598501
47947c-NOZ631-11-21-15-29,8.471069
47947c-NOZ632-12-05-18-10,8.309819
47947c-NOZ637-12-05-16-54,7.5039835
47947c-NOZ638-11-30-20-06,8.004462
47947c-NOZ645-11-09-18-56,7.3358693
47947c-NOZ648-11-20-21-39,7.1083045
47947c-NOZ64N-11-02-17-02,11.232724
47947c-NOZ68L-11-13-20-45,9.715295
47947c-NOZ6MH-11-18-11-32,8.03406
47947c-NOZ6TM-11-01-18-53,11.233983
47947c-NOZ7C-12-14-09-36,8.154697
47947c-NOZ9BH-11-11-15-42,10.120821
47947c-NOZ9T-11-18-16-55,7.330682
4794f2-NOZ132-12-16-14-20,7.2437983
4794f2-NOZ133-12-16-15-26,7.7172675
4794f2-NOZ181-11-04-06-01,7.0488496
4794f2-NOZ181-11-07-06-05,8.211761
4794f2-NOZ181-11-08-06-01,7.5780773
4794f2-NOZ182-11-08-07-33,8.237378
4794f2-NOZ183-11-04-09-01,7.6575418
4794f2-NOZ183-11-07-08-49,7.74668
4794f2-NOZ183-11-08-08-46,8.067485
4794f2-NOZ183-12-11-08-39,6.973498
4794f2-NOZ191-11-07-17-04,7.764988
4794f2-NOZ191-11-10-17-06,8.432879
4794f2-NOZ191-11-22-17-06,7.112588
4794f2-NOZ191-12-01-17-04,6.8013964
4794f2-NOZ191-12-22-17-29,10.768624
4794f2-NOZ1BG-11-10-06-01,7.7293396
4794f2-NOZ1BG-11-28-06-05,8.383948
4794f2-NOZ1BG-12-01-06-05,7.678094
4794f2-NOZ1TT-12-13-15-05,7.854955
4794f2-NOZ270-11-01-07-30,7.838212
4794f2-NOZ271-11-01-06-06,7.982196
4794f2-NOZ272-12-11-16-07,8.550499
4794f2-NOZ275-12-11-17-44,7.9927
4794f2-NOZ276-11-17-15-58,7.3709903
4794f2-NOZ276-11-23-18-36,10.80451
4794f2-NOZ277-11-17-17-35,7.782191
4794f2-NOZ277-11-23-19-44,8.088647
4794f2-NOZ2BE-11-02-12-35,9.477903
4794f2-NOZ2DC-12-19-06-00,7.6015816
4794f2-NOZ345-11-02-09-29,7.75998
4794f2-NOZ345-11-20-10-19,8.367801
4794f2-NOZ346-11-01-14-29,10.96299
4794f2-NOZ347-11-01-16-33,7.654497
4794f2-NOZ3JE-12-19-06-53,6.8798656
4794f2-NOZ4RZ-11-02-07-35,8.670173
4794f2-NOZ4RZ-11-20-08-17,9.102187
4794f2-NOZ50A-11-16-16-42,9.306661
4794f2-NOZ50A-12-05-16-51,10.197544
4794f2-NOZ530-11-09-09-47,7.1812882
4794f2-NOZ530-11-10-09-54,6.562284
4794f2-NOZ530-12-01-09-52,6.869192
4794f2-NOZ530-12-05-10-20,6.4702134
4794f2-NOZ530-12-07-10-01,7.322966
4794f2-NOZ531-11-09-11-05,7.244583
4794f2-NOZ531-11-10-11-04,8.069505
4794f2-NOZ531-12-01-11-05,6.613366
4794f2-NOZ531-12-05-11-28,5.4979177
4794f2-NOZ531-12-07-11-14,7.474812
4794f2-NOZ534-11-09-12-35,6.8398333
4794f2-NOZ534-11-10-12-42,7.149665
4794f2-NOZ534-12-01-12-50,6.887549
4794f2-NOZ534-12-05-12-54,6.8747654
4794f2-NOZ534-12-07-12-37,7.117666
4794f2-NOZ537-11-09-14-00,7.965373
4794f2-NOZ537-11-10-14-00,7.846753
4794f2-NOZ537-12-01-14-03,7.6833644
4794f2-NOZ537-12-05-14-06,7.6122675
4794f2-NOZ537-12-07-13-59,7.1921043
4794f2-NOZ538-11-23-15-43,7.600371
4794f2-NOZ540-11-09-16-09,7.3908463
4794f2-NOZ540-11-30-16-17,6.811219
4794f2-NOZ540-12-09-16-14,7.4161954
4794f2-NOZ543-11-23-16-56,7.7755313
4794f2-NOZ545-11-09-17-21,7.7980375
4794f2-NOZ545-11-30-17-24,7.710803
4794f2-NOZ545-12-09-17-41,7.641263
4794f2-NOZ55J-11-16-18-38,8.681442
4794f2-NOZ55J-12-05-18-55,8.820845
4794f2-NOZ56U-11-09-18-49,8.8176565
4794f2-NOZ56U-11-27-20-09,8.688963
4794f2-NOZ56U-11-30-18-55,8.320685
4794f2-NOZ601-11-16-05-34,7.6344595
4794f2-NOZ601-12-15-05-51,7.0470524
4794f2-NOZ602-11-22-06-32,8.21149
4794f2-NOZ605-12-14-06-41,8.337278
4794f2-NOZ605-12-16-06-43,8.350223
4794f2-NOZ606-12-14-08-05,8.008836
4794f2-NOZ606-12-16-08-43,8.852582
4794f2-NOZ607-12-21-07-02,7.9022627
4794f2-NOZ608-12-15-09-49,7.2846065
4794f2-NOZ608-12-29-10-20,10.085114
4794f2-NOZ609-11-22-07-42,7.9831223
4794f2-NOZ611-12-15-08-24,9.674883
4794f2-NOZ611-12-29-08-27,8.269549
4794f2-NOZ612-12-15-12-33,7.658484
4794f2-NOZ612-12-20-12-33,7.8692183
4794f2-NOZ612-12-29-14-02,7.921041
4794f2-NOZ614-12-18-14-00,7.5465984
4794f2-NOZ617-12-15-11-06,7.4907184
4794f2-NOZ617-12-20-11-01,8.729768
4794f2-NOZ617-12-29-11-41,6.7959948
4794f2-NOZ620-12-15-15-27,7.260352
4794f2-NOZ620-12-20-15-29,7.660458
4794f2-NOZ620-12-29-17-43,7.3177667
4794f2-NOZ623-12-18-12-35,8.09068
4794f2-NOZ625-12-15-14-05,7.4753485
4794f2-NOZ625-12-20-14-00,8.261571
4794f2-NOZ625-12-29-15-29,7.6858797
4794f2-NOZ626-12-18-17-02,7.9998016
4794f2-NOZ626-12-19-17-41,10.8640375
4794f2-NOZ626-12-30-17-00,9.133628
4794f2-NOZ631-12-18-15-35,8.215952
4794f2-NOZ631-12-19-15-34,7.911606
4794f2-NOZ631-12-30-15-40,8.689087
4794f2-NOZ632-12-15-18-11,7.7887154
4794f2-NOZ632-12-20-18-23,8.258372
4794f2-NOZ634-12-18-20-02,8.406704
4794f2-NOZ637-12-15-16-43,8.523291
4794f2-NOZ637-12-20-16-48,8.011464
4794f2-NOZ638-11-15-20-22,7.3168526
4794f2-NOZ643-12-18-18-24,8.603189
4794f2-NOZ6MH-11-19-10-08,6.6897354
4794f2-NOZ6TM-11-03-19-00,10.726314
4794f2-NOZ6TM-11-06-20-05,7.3752117
4794f2-NOZ6TM-11-07-18-44,11.332136
4794f2-NOZ6TM-12-09-19-05,9.740434
4794f2-NOZ7C-11-01-08-39,8.079346
4794f2-NOZ8404-12-16-19-37,8.055236
4794f2-NOZ9BH-11-07-15-34,8.541805
4794f2-NOZ9BH-11-10-15-30,8.151716
4794f2-NOZ9BH-11-22-15-41,8.514503
4794f2-NOZ9BH-12-01-15-33,7.856356
47956b-NOZ132-11-03-13-55,7.719553
47956b-NOZ133-11-03-15-03,6.8893785
47956b-NOZ133-12-11-17-04,7.821305
47956b-NOZ133-12-22-15-10,8.615799
47956b-NOZ134-12-11-18-07,6.434907
47956b-NOZ183-12-16-13-11,8.224292
47956b-NOZ1BG-11-09-06-04,8.211622
47956b-NOZ1BG-11-21-06-22,8.229207
47956b-NOZ1TT-11-14-14-29,8.979435
47956b-NOZ276-11-11-16-01,11.290624
47956b-NOZ276-12-29-17-32,11.640795
47956b-NOZ277-11-11-17-31,8.526012
47956b-NOZ277-12-29-18-40,8.777366
47956b-NOZ2UC-12-05-16-06,8.178061
47956b-NOZ345-12-30-10-10,7.959112
47956b-NOZ346-11-23-15-21,8.888512
47956b-NOZ346-11-24-14-50,8.759227
47956b-NOZ347-11-23-17-11,8.337942
47956b-NOZ4HF-11-02-07-13,8.805816
47956b-NOZ4RZ-12-30-07-41,10.287576
47956b-NOZ50A-11-28-16-46,8.047841
47956b-NOZ521-12-08-05-46,8.213286
47956b-NOZ521-12-09-05-45,7.7112827
47956b-NOZ521-12-12-05-33,7.125759
47956b-NOZ521-12-13-05-27,7.4792347
47956b-NOZ521-12-14-05-33,7.724607
47956b-NOZ521-12-15-05-51,7.7492585
47956b-NOZ523-11-10-06-36,8.008076
47956b-NOZ523-12-16-07-43,7.638709
47956b-NOZ524-12-07-07-13,7.9516315
47956b-NOZ524-12-08-07-00,7.4856215
47956b-NOZ524-12-09-07-10,8.205456
47956b-NOZ524-12-12-07-09,6.7606287
47956b-NOZ524-12-13-07-00,8.132419
47956b-NOZ524-12-14-07-06,6.9572253
47956b-NOZ524-12-15-07-10,6.6694417
47956b-NOZ530-11-18-09-51,7.1242166
47956b-NOZ530-11-28-10-04,6.9660845
47956b-NOZ530-12-18-09-30,6.9093733
47956b-NOZ531-11-18-11-17,7.1816196
47956b-NOZ531-11-28-11-15,7.282224
47956b-NOZ531-12-18-08-07,7.8579526
47956b-NOZ532-12-16-14-40,7.796437
47956b-NOZ534-11-18-12-53,6.8328223
47956b-NOZ534-11-28-12-37,6.923559
47956b-NOZ535-12-16-17-00,7.5114784
47956b-NOZ536-12-16-19-29,7.3364577
47956b-NOZ537-11-18-14-09,7.2112174
47956b-NOZ537-11-28-13-58,7.4722443
47956b-NOZ538-11-10-15-21,7.030344
47956b-NOZ540-11-08-16-28,6.8559794
47956b-NOZ541-12-16-20-57,8.514076
47956b-NOZ543-11-10-16-42,7.1711955
47956b-NOZ544-12-16-22-58,7.409651
47956b-NOZ545-11-08-17-43,7.0388722
47956b-NOZ546-11-10-18-12,7.2834125
47956b-NOZ548-12-04-18-28,7.196588
47956b-NOZ549-11-10-19-30,7.811785
47956b-NOZ550-11-09-19-59,6.933206
47956b-NOZ553-12-04-19-43,7.7947884
47956b-NOZ55J-11-28-18-42,7.209622
47956b-NOZ56U-11-08-19-06,7.656001
47956b-NOZ56U-11-20-20-23,8.348825
47956b-NOZ5AY-12-18-11-03,7.6883464
47956b-NOZ5PY-11-14-15-56,8.066768
47956b-NOZ601-11-02-05-43,7.9361353
47956b-NOZ605-11-01-06-41,7.8709273
47956b-NOZ606-11-01-08-02,6.6258926
47956b-NOZ607-11-04-07-03,8.221727
47956b-NOZ607-11-23-07-05,7.433542
47956b-NOZ608-11-02-09-54,7.632068
47956b-NOZ608-12-26-10-34,8.245305
47956b-NOZ611-11-02-08-37,9.886391
47956b-NOZ611-12-26-08-27,6.6013327
47956b-NOZ612-11-02-12-22,7.4905596
47956b-NOZ612-12-26-13-27,8.541996
47956b-NOZ617-11-02-11-05,8.505277
47956b-NOZ617-12-26-11-52,9.030554
47956b-NOZ620-11-02-15-22,7.321154
47956b-NOZ620-12-26-16-14,8.140153
47956b-NOZ625-11-02-13-57,7.7513113
47956b-NOZ625-12-26-14-44,7.001507
47956b-NOZ626-11-01-16-55,7.943993
47956b-NOZ626-11-22-17-40,8.554012
47956b-NOZ628-11-14-17-39,8.045852
47956b-NOZ631-11-01-15-24,8.374832
47956b-NOZ632-11-02-17-57,8.20842
47956b-NOZ637-11-02-16-37,7.4493284
47956b-NOZ637-12-26-17-34,8.482063
47956b-NOZ638-12-20-20-17,7.494089
47956b-NOZ639-11-18-17-33,8.174528
47956b-NOZ639-12-05-17-30,7.825354
47956b-NOZ645-11-14-19-11,8.257179
479d40-NOZ140-12-08-07-28,7.404648
479d40-NOZ140-12-09-07-09,6.608802
479d40-NOZ140-12-21-07-12,7.9912558
479d40-NOZ141-12-08-08-30,7.194712
479d40-NOZ141-12-09-08-22,7.7940245
479d40-NOZ141-12-21-08-08,9.448408
479d40-NOZ142-12-11-13-40,7.5891967
479d40-NOZ143-12-11-14-39,7.333949
479d40-NOZ144-12-05-15-53,8.512809
479d40-NOZ144-12-12-16-10,7.513549
479d40-NOZ144-12-21-15-54,7.041265
479d40-NOZ144-12-22-15-28,7.1202617
479d40-NOZ145-12-05-16-55,8.1307335
479d40-NOZ145-12-12-17-22,7.8734236
479d40-NOZ145-12-21-16-55,7.488015
479d40-NOZ145-12-22-16-36,8.812188
479d40-NOZ183-11-27-07-47,7.520128
479d40-NOZ1BG-12-02-06-07,8.30988
479d40-NOZ270-11-29-07-16,9.511644
479d40-NOZ271-11-29-06-01,8.154546
479d40-NOZ272-11-13-15-33,8.522446
479d40-NOZ272-11-27-15-37,11.516493
479d40-NOZ275-11-13-16-48,8.531083
479d40-NOZ275-11-27-16-53,8.148539
479d40-NOZ276-11-03-15-58,9.453154
479d40-NOZ277-11-03-17-22,8.951997
479d40-NOZ278-11-28-18-52,10.83698
479d40-NOZ345-12-17-15-20,8.1640215
479d40-NOZ346-11-29-14-44,8.912688
479d40-NOZ346-12-02-14-48,9.201957
479d40-NOZ347-11-29-16-40,8.605576
479d40-NOZ347-12-02-16-41,7.720573
479d40-NOZ4RZ-12-17-12-20,10.372082
479d40-NOZ522-11-02-06-00,7.3057885
479d40-NOZ525-11-02-07-20,7.595056
479d40-NOZ530-11-11-09-55,7.988886
479d40-NOZ531-11-11-11-21,7.7515426
479d40-NOZ534-11-11-12-41,7.706414
479d40-NOZ537-11-11-14-01,7.955538
479d40-NOZ538-11-07-15-22,7.3010645
479d40-NOZ538-11-09-15-16,7.691267
479d40-NOZ538-11-15-15-14,7.0943065
479d40-NOZ540-11-28-16-13,7.32267
479d40-NOZ543-11-07-16-40,7.8509507
479d40-NOZ543-11-09-16-33,7.8495393
479d40-NOZ543-11-15-16-45,8.115136
479d40-NOZ545-11-25-17-42,6.8623443
479d40-NOZ545-11-28-17-25,7.794569
479d40-NOZ546-11-07-18-16,7.1048594
479d40-NOZ546-11-09-18-16,7.0497336
479d40-NOZ546-11-15-18-16,8.287133
479d40-NOZ549-11-07-19-36,7.8268075
479d40-NOZ549-11-09-19-26,7.0725255
479d40-NOZ549-11-15-19-27,7.8259063
479d40-NOZ602-12-15-06-58,7.1699324
479d40-NOZ608-12-31-08-51,8.762702
479d40-NOZ609-12-15-08-13,7.8036804
479d40-NOZ6TM-11-25-19-09,9.380233
479d40-NOZ7C-11-29-08-44,7.846188
479d40-NOZ8ME-12-06-18-13,10.020334
479ee7-NOZ132-12-05-13-57,6.2998714
479ee7-NOZ133-12-05-15-01,6.548634
479ee7-NOZ194-12-11-19-04,12.207233
479ee7-NOZ195-12-11-20-21,7.7749934
479ee7-NOZ1TT-12-04-14-33,8.092349
479ee7-NOZ270-12-13-07-49,9.748986
479ee7-NOZ271-12-13-06-33,8.3815155
479ee7-NOZ276-12-23-17-03,9.114165
479ee7-NOZ276-12-27-18-07,10.302123
479ee7-NOZ277-12-23-18-16,8.245561
479ee7-NOZ277-12-27-19-19,9.258842
479ee7-NOZ278-12-12-18-56,7.4820476
479ee7-NOZ345-12-01-09-38,7.5060143
479ee7-NOZ345-12-14-09-38,7.326022
479ee7-NOZ346-12-13-14-48,11.245506
479ee7-NOZ347-12-13-16-35,7.815476
479ee7-NOZ3LH-12-08-09-44,8.8848
479ee7-NOZ4DG-12-08-20-47,8.932641
479ee7-NOZ4RZ-12-01-07-45,8.058696
479ee7-NOZ4RZ-12-14-07-43,9.7432165
479ee7-NOZ50A-12-08-16-54,8.689885
479ee7-NOZ50A-12-29-17-57,11.528344
479ee7-NOZ540-12-12-16-25,7.008925
479ee7-NOZ545-12-12-17-43,7.6358266
479ee7-NOZ55J-12-08-18-49,8.394625
479ee7-NOZ55J-12-29-23-25,7.162668
479ee7-NOZ5PY-12-04-15-54,7.0151772
479ee7-NOZ605-12-05-06-42,8.181652
479ee7-NOZ605-12-06-06-42,8.312246
479ee7-NOZ605-12-07-06-38,8.127406
479ee7-NOZ605-12-08-07-09,8.286912
479ee7-NOZ606-12-05-08-06,8.136211
479ee7-NOZ606-12-06-08-23,9.329603
479ee7-NOZ606-12-07-08-01,7.039672
479ee7-NOZ606-12-08-08-20,7.3372755
479ee7-NOZ607-12-09-07-00,8.44675
479ee7-NOZ626-12-06-16-53,7.6777625
479ee7-NOZ628-12-04-17-24,8.216503
479ee7-NOZ631-12-06-15-30,7.5289507
479ee7-NOZ638-12-04-20-19,8.950838
479ee7-NOZ639-12-11-17-40,8.349727
479ee7-NOZ645-12-04-18-47,8.085618
479ee7-NOZ7C-12-13-08-58,7.8092585
47a039-NOZ132-11-18-14-04,8.083989
47a039-NOZ133-11-18-15-01,8.666535
47a039-NOZ140-11-29-07-00,7.7727766
47a039-NOZ140-12-02-07-15,7.49435
47a039-NOZ140-12-16-07-36,7.677647
47a039-NOZ141-11-29-08-04,7.8820014
47a039-NOZ141-12-02-08-11,7.2623663
47a039-NOZ141-12-16-08-44,7.1562653
47a039-NOZ142-12-04-13-32,6.512632
47a039-NOZ143-12-04-14-29,7.4178753
47a039-NOZ144-11-29-15-48,7.9840364
47a039-NOZ144-12-15-16-04,6.926814
47a039-NOZ145-11-29-16-42,8.320888
47a039-NOZ145-12-15-16-57,7.1765566
47a039-NOZ181-11-10-06-26,8.6620035
47a039-NOZ182-11-10-07-53,12.593484
47a039-NOZ183-11-10-09-17,7.1186614
47a039-NOZ1BG-12-12-06-06,8.390979
47a039-NOZ1BG-12-21-06-54,10.176676
47a039-NOZ1BG-12-28-06-35,7.20991
47a039-NOZ1BG-12-31-06-19,8.466117
47a039-NOZ1TT-11-04-14-44,8.085034
47a039-NOZ1TT-11-17-14-40,8.133042
47a039-NOZ1TT-11-24-14-46,8.203906
47a039-NOZ1TT-12-06-14-43,8.580663
47a039-NOZ1TT-12-07-14-52,8.26634
47a039-NOZ271-11-16-06-01,7.7423205
47a039-NOZ272-11-06-15-24,9.992143
47a039-NOZ275-11-06-16-46,8.416226
47a039-NOZ276-11-09-15-58,8.14975
47a039-NOZ276-11-14-15-55,10.587994
47a039-NOZ277-11-09-17-31,8.077957
47a039-NOZ277-11-14-17-24,8.289222
47a039-NOZ278-11-15-18-55,7.1802654
47a039-NOZ2DC-11-01-05-57,7.5461864
47a039-NOZ345-12-18-10-29,7.4622517
47a039-NOZ345-12-19-10-26,7.501658
47a039-NOZ346-12-28-14-58,8.495358
47a039-NOZ347-12-28-16-59,9.340907
47a039-NOZ3JE-11-01-06-58,6.931134
47a039-NOZ3LH-11-25-13-11,10.621223
47a039-NOZ3LH-11-26-07-32,7.7869925
47a039-NOZ4HF-11-21-07-07,8.05934
47a039-NOZ4RZ-12-18-08-28,9.115269
47a039-NOZ4RZ-12-19-07-53,9.737035
47a039-NOZ50A-12-18-17-38,8.92189
47a039-NOZ50F-12-05-09-48,7.852555
47a039-NOZ538-11-16-15-18,7.139777
47a039-NOZ540-12-20-16-51,7.3781776
47a039-NOZ543-11-16-16-49,7.9327793
47a039-NOZ545-12-20-18-15,7.9147677
47a039-NOZ545-12-27-17-49,7.3731213
47a039-NOZ546-11-16-18-12,6.735291
47a039-NOZ549-11-16-19-28,7.580829
47a039-NOZ550-12-23-21-38,6.9660096
47a039-NOZ55J-12-18-20-38,8.547554
47a039-NOZ56U-12-11-20-06,9.485266
47a039-NOZ56U-12-20-19-54,9.210556
47a039-NOZ56U-12-27-19-16,7.8499007
47a039-NOZ56U-12-30-19-42,7.676084
47a039-NOZ5PY-11-04-16-15,8.308654
47a039-NOZ5PY-11-17-15-58,7.4996123
47a039-NOZ5PY-11-24-16-05,8.091473
47a039-NOZ5PY-12-06-15-59,7.946056
47a039-NOZ5PY-12-07-16-10,7.014417
47a039-NOZ601-11-21-05-35,7.866106
47a039-NOZ605-11-03-06-40,8.812936
47a039-NOZ605-11-18-06-31,7.8769875
47a039-NOZ605-11-25-06-48,8.299056
47a039-NOZ606-11-18-08-06,8.770132
47a039-NOZ606-11-25-08-21,8.439472
47a039-NOZ607-11-22-07-05,8.246798
47a039-NOZ607-11-28-07-02,9.267155
47a039-NOZ608-11-21-10-05,7.088246
47a039-NOZ611-11-21-08-20,7.921152
47a039-NOZ612-11-21-12-32,7.164412
47a039-NOZ614-11-27-15-08,8.543398
47a039-NOZ617-11-21-11-13,7.8231325
47a039-NOZ620-11-21-15-29,8.640377
47a039-NOZ623-11-27-13-39,8.479453
47a039-NOZ625-11-21-14-01,7.9199266
47a039-NOZ628-11-04-17-39,7.9451675
47a039-NOZ628-11-17-17-32,8.181128
47a039-NOZ628-11-24-17-45,7.7534204
47a039-NOZ628-12-06-17-23,7.7962623
47a039-NOZ628-12-07-17-33,7.4058957
47a039-NOZ632-11-21-18-08,8.283615
47a039-NOZ637-11-21-16-41,8.145097
47a039-NOZ638-11-17-20-15,8.689209
47a039-NOZ638-11-24-20-29,8.054825
47a039-NOZ639-12-21-17-34,7.9887147
47a039-NOZ645-11-04-18-54,8.668586
47a039-NOZ645-11-17-18-46,7.4212894
47a039-NOZ645-11-24-18-58,7.429245
47a039-NOZ645-12-06-18-42,7.116417
47a039-NOZ645-12-07-18-47,8.04485
47a039-NOZ6CF-11-16-08-06,9.9324045
47a039-NOZ6TM-11-09-18-55,7.733166
47a05e-NOZ133-11-20-15-59,8.534511
47a05e-NOZ134-11-20-17-00,7.775277
47a05e-NOZ164-12-16-06-21,7.5740147
47a05e-NOZ172-12-18-11-56,8.495757
47a05e-NOZ182-12-30-07-36,11.162964
47a05e-NOZ183-11-13-07-52,8.277795
47a05e-NOZ183-12-30-09-03,8.15207
47a05e-NOZ191-11-02-17-04,8.289855
47a05e-NOZ1BG-12-10-06-07,7.2047195
47a05e-NOZ1TT-12-15-14-57,9.461781
47a05e-NOZ270-12-07-07-22,7.06964
47a05e-NOZ270-12-15-07-35,8.054253
47a05e-NOZ271-12-15-06-24,8.324126
47a05e-NOZ276-11-06-13-22,9.628132
47a05e-NOZ277-11-06-14-35,7.1606927
47a05e-NOZ278-12-14-18-54,10.425771
47a05e-NOZ2GH-12-18-15-15,8.014211
47a05e-NOZ2UC-11-14-15-59,7.931862
47a05e-NOZ2UC-11-29-16-00,8.659138
47a05e-NOZ3VG-12-13-16-31,7.0089707
47a05e-NOZ3VG-12-15-16-16,7.941355
47a05e-NOZ4RZ-12-12-07-39,8.034067
47a05e-NOZ50A-12-11-16-57,8.350777
47a05e-NOZ521-11-18-05-38,7.9864426
47a05e-NOZ521-11-21-05-30,8.249842
47a05e-NOZ521-11-22-05-30,7.520418
47a05e-NOZ521-11-23-05-33,7.2158914
47a05e-NOZ521-11-24-05-29,7.6762104
47a05e-NOZ521-11-25-05-30,7.623328
47a05e-NOZ521-12-05-05-45,8.507552
47a05e-NOZ521-12-06-05-29,7.9851995
47a05e-NOZ521-12-07-05-45,7.9361353
47a05e-NOZ523-12-01-06-26,8.055175
47a05e-NOZ523-12-02-06-50,7.4701424
47a05e-NOZ524-11-17-07-11,7.3369713
47a05e-NOZ524-11-18-07-04,6.415984
47a05e-NOZ524-11-21-07-11,7.28112
47a05e-NOZ524-11-22-07-10,6.9254494
47a05e-NOZ524-11-23-07-24,7.5931153
47a05e-NOZ524-11-24-07-09,6.3056784
47a05e-NOZ524-11-25-06-58,8.424116
47a05e-NOZ524-12-05-07-07,6.9200935
47a05e-NOZ524-12-06-07-21,6.4468856
47a05e-NOZ525-11-27-11-29,8.390269
47a05e-NOZ526-12-01-08-09,6.7493834
47a05e-NOZ526-12-02-08-14,6.982909
47a05e-NOZ530-12-04-09-27,6.834091
47a05e-NOZ531-12-04-07-59,6.2879467
47a05e-NOZ532-12-01-10-54,8.016229
47a05e-NOZ532-12-02-11-09,7.075224
47a05e-NOZ534-11-27-13-43,7.7432876
47a05e-NOZ535-12-01-12-30,7.1314487
47a05e-NOZ535-12-02-12-37,7.642846
47a05e-NOZ535-12-04-13-35,7.8745446
47a05e-NOZ536-12-01-14-17,7.176141
47a05e-NOZ536-12-02-14-13,7.367453
47a05e-NOZ537-11-27-15-06,7.6917915
47a05e-NOZ538-12-04-15-03,6.963141
47a05e-NOZ540-11-11-16-13,7.2841697
47a05e-NOZ540-11-16-16-09,8.804949
47a05e-NOZ540-11-27-16-29,6.9347515
47a05e-NOZ541-12-01-15-41,7.6521487
47a05e-NOZ541-12-02-15-59,7.2897987
47a05e-NOZ543-12-04-16-38,7.599786
47a05e-NOZ544-12-01-17-08,11.151802
47a05e-NOZ544-12-02-17-26,7.6510267
47a05e-NOZ544-12-04-18-06,6.464449
47a05e-NOZ545-11-11-17-34,7.847015
47a05e-NOZ545-11-16-17-29,8.501502
47a05e-NOZ545-11-27-17-44,7.6227646
47a05e-NOZ546-11-27-19-05,7.015097
47a05e-NOZ549-12-04-19-33,7.8294916
47a05e-NOZ550-11-30-20-02,6.8298554
47a05e-NOZ550-12-04-20-59,6.981057
47a05e-NOZ555-11-27-20-27,7.8627577
47a05e-NOZ55J-12-11-18-50,8.204055
47a05e-NOZ56U-12-09-19-23,9.496659
47a05e-NOZ5AY-12-01-09-22,6.8370476
47a05e-NOZ5AY-12-02-09-27,7.6344433
47a05e-NOZ5AY-12-04-10-52,12.155108
47a05e-NOZ607-12-20-07-09,8.280184
47a05e-NOZ612-12-19-12-36,7.128403
47a05e-NOZ617-12-19-11-06,7.49509
47a05e-NOZ620-12-19-15-48,9.7167635
47a05e-NOZ624-12-18-16-34,7.5972457
47a05e-NOZ625-12-19-14-09,7.586487
47a05e-NOZ626-12-16-17-30,8.017222
47a05e-NOZ628-12-13-17-44,7.444167
47a05e-NOZ628-12-15-17-41,7.9719577
47a05e-NOZ631-12-16-15-46,8.077331
47a05e-NOZ637-12-19-17-16,8.020588
47a05e-NOZ638-12-12-20-16,7.5314875
47a05e-NOZ638-12-15-20-25,7.7405634
47a05e-NOZ639-11-14-17-24,8.397734
47a05e-NOZ639-11-29-17-21,8.869334
47a05e-NOZ645-12-13-18-54,8.215972
47a05e-NOZ645-12-15-18-54,8.663443
47a05e-NOZ6TC-11-04-17-10,9.158522
47a05e-NOZ6TM-11-11-19-02,7.9581747
47a05e-NOZ7C-12-07-08-44,8.307357
47a05e-NOZ7C-12-15-08-50,8.903934
47a05e-NOZ9BH-11-02-15-37,9.950582
47a097-NOZ181-12-08-07-41,7.555438
47a097-NOZ182-12-08-09-26,8.303403
47a097-NOZ183-12-08-11-14,8.408143
47a097-NOZ271-12-20-07-05,7.951512
47a097-NOZ276-12-07-16-11,10.658204
47a097-NOZ277-12-07-17-27,8.037339
47a097-NOZ278-12-19-20-13,7.5244036
47a097-NOZ345-12-21-10-29,7.2621393
47a097-NOZ346-12-09-15-26,8.565128
47a097-NOZ346-12-20-15-14,8.558959
47a097-NOZ347-12-09-17-14,8.283755
47a097-NOZ347-12-20-17-57,7.3487015
47a097-NOZ4HF-11-01-06-57,7.079731
47a097-NOZ4RZ-12-21-07-46,8.134262
47a097-NOZ522-12-14-06-27,6.925489
47a097-NOZ523-12-10-06-07,7.5701785
47a097-NOZ523-12-11-06-53,7.249007
47a097-NOZ523-12-28-06-49,7.966009
47a097-NOZ523-12-29-06-32,8.115693
47a097-NOZ523-12-30-06-26,8.320432
47a097-NOZ523-12-31-06-02,7.724242
47a097-NOZ524-12-10-07-29,7.1629977
47a097-NOZ524-12-31-07-28,7.4846363
47a097-NOZ525-12-14-07-39,7.407494
47a097-NOZ526-12-28-08-27,6.874053
47a097-NOZ526-12-29-08-35,7.0082197
47a097-NOZ526-12-30-08-13,6.6777873
47a097-NOZ531-12-10-08-47,7.6451225
47a097-NOZ531-12-31-08-55,9.777657
47a097-NOZ532-12-10-10-15,6.8158593
47a097-NOZ532-12-28-11-19,7.2345533
47a097-NOZ532-12-29-11-46,7.507056
47a097-NOZ532-12-30-11-04,7.661879
47a097-NOZ532-12-31-10-15,7.4980946
47a097-NOZ535-12-28-12-38,6.8836064
47a097-NOZ535-12-29-13-05,7.4742203
47a097-NOZ535-12-30-12-39,7.5172706
47a097-NOZ536-12-28-14-17,7.62041
47a097-NOZ536-12-29-14-42,6.7635903
47a097-NOZ536-12-30-14-22,7.467023
47a097-NOZ540-12-19-17-06,6.786212
47a097-NOZ541-12-28-15-42,6.8478923
47a097-NOZ541-12-29-16-04,8.243013
47a097-NOZ541-12-30-15-57,7.5314984
47a097-NOZ544-12-27-17-42,6.953684
47a097-NOZ544-12-28-17-32,6.903797
47a097-NOZ544-12-29-18-16,6.879933
47a097-NOZ544-12-30-17-23,7.4848094
47a097-NOZ545-12-19-18-26,7.241064
47a097-NOZ548-12-18-19-49,7.7431808
47a097-NOZ550-12-09-19-34,7.6068573
47a097-NOZ553-12-18-21-05,6.8303914
47a097-NOZ5AY-12-28-09-37,6.9654274
47a097-NOZ5AY-12-29-10-00,7.973874
47a097-NOZ5AY-12-30-09-33,7.4678135
47a097-NOZ601-11-01-05-34,7.6934276
47a097-NOZ602-12-22-06-12,7.7078676
47a097-NOZ607-11-02-07-55,7.256184
47a097-NOZ608-11-01-09-39,7.6237917
47a097-NOZ609-12-22-07-41,7.601257
47a097-NOZ60M-12-18-16-05,8.5966625
47a097-NOZ611-11-01-08-23,7.3503356
47a097-NOZ612-11-01-12-22,8.191513
47a097-NOZ617-11-01-10-56,7.339362
47a097-NOZ6TM-12-07-18-46,11.272877
47a0bf-NOZ132-12-02-14-02,6.857951
47a0bf-NOZ133-11-13-15-49,7.9707985
47a0bf-NOZ133-12-02-14-57,8.093445
47a0bf-NOZ134-11-13-16-53,7.4127784
47a0bf-NOZ140-12-06-07-02,8.515143
47a0bf-NOZ141-12-06-08-04,7.7747726
47a0bf-NOZ144-12-06-16-16,8.596085
47a0bf-NOZ145-12-06-17-12,9.159643
47a0bf-NOZ191-12-29-17-44,9.491524
47a0bf-NOZ271-12-23-06-24,7.547088
47a0bf-NOZ276-11-27-13-30,11.951313
47a0bf-NOZ276-12-26-16-31,9.254387
47a0bf-NOZ277-11-27-14-41,10.433646
47a0bf-NOZ277-12-26-17-40,7.486912
47a0bf-NOZ278-12-22-20-35,9.560257
47a0bf-NOZ2GH-12-04-15-02,8.000122
47a0bf-NOZ345-12-23-10-24,7.3837895
47a0bf-NOZ4HF-11-04-07-10,8.020379
47a0bf-NOZ4HF-11-22-07-16,7.9076624
47a0bf-NOZ4HF-11-29-07-01,9.318654
47a0bf-NOZ4RZ-12-23-07-39,11.621768
47a0bf-NOZ521-11-15-05-24,8.228146
47a0bf-NOZ521-11-16-05-30,8.227986
47a0bf-NOZ521-12-16-06-06,8.305644
47a0bf-NOZ522-11-01-05-58,7.314899
47a0bf-NOZ523-11-14-06-36,7.6652813
47a0bf-NOZ523-11-17-06-27,7.7376533
47a0bf-NOZ523-11-18-06-39,7.6895437
47a0bf-NOZ523-11-20-06-38,7.3874416
47a0bf-NOZ523-12-18-06-28,7.858925
47a0bf-NOZ524-11-15-06-53,7.1505146
47a0bf-NOZ524-11-16-07-05,9.586421
47a0bf-NOZ524-12-16-07-37,8.329337
47a0bf-NOZ525-11-01-07-25,7.4923778
47a0bf-NOZ526-11-14-08-03,7.5531526
47a0bf-NOZ526-11-17-07-54,7.049199
47a0bf-NOZ526-11-18-08-03,8.331898
47a0bf-NOZ532-11-14-11-01,7.151217
47a0bf-NOZ532-11-17-11-06,6.7410064
47a0bf-NOZ532-11-18-11-12,7.372759
47a0bf-NOZ532-12-15-11-41,7.3186235
47a0bf-NOZ535-11-14-12-35,8.200897
47a0bf-NOZ535-11-17-12-36,6.825954
47a0bf-NOZ535-11-18-12-41,7.346919
47a0bf-NOZ535-12-15-12-55,7.186211
47a0bf-NOZ536-11-14-14-11,7.5980935
47a0bf-NOZ536-11-17-14-23,6.708032
47a0bf-NOZ536-11-18-14-32,8.101397
47a0bf-NOZ536-12-15-14-19,7.1937733
47a0bf-NOZ540-12-22-16-49,7.398708
47a0bf-NOZ541-11-14-15-43,7.8543353
47a0bf-NOZ541-11-17-15-54,8.381663
47a0bf-NOZ541-11-18-15-59,7.513398
47a0bf-NOZ544-11-14-17-14,6.5258756
47a0bf-NOZ544-11-17-17-15,6.651296
47a0bf-NOZ544-11-18-17-32,7.033867
47a0bf-NOZ544-12-15-17-18,7.1533256
47a0bf-NOZ545-12-22-18-04,7.6205244
47a0bf-NOZ547-11-17-18-35,8.103041
47a0bf-NOZ547-12-15-18-34,8.235273
47a0bf-NOZ550-11-11-19-23,7.1277575
47a0bf-NOZ550-11-17-20-20,6.6539235
47a0bf-NOZ550-12-15-20-19,6.825924
47a0bf-NOZ5AY-11-14-09-24,7.4625306
47a0bf-NOZ5AY-11-17-09-20,7.3091793
47a0bf-NOZ5AY-11-18-09-28,7.8093905
47a0bf-NOZ601-11-04-05-42,7.415592
47a0bf-NOZ601-11-29-05-38,7.7703514
47a0bf-NOZ602-11-10-05-57,8.294957
47a0bf-NOZ605-11-23-06-29,8.0024395
47a0bf-NOZ605-11-28-06-29,8.417733
47a0bf-NOZ605-12-02-06-36,8.044414
47a0bf-NOZ606-11-03-08-23,8.857802
47a0bf-NOZ606-11-23-08-32,7.7649083
47a0bf-NOZ606-11-28-08-02,8.284144
47a0bf-NOZ606-12-02-08-09,7.839728
47a0bf-NOZ607-11-07-07-05,8.018683
47a0bf-NOZ607-11-24-07-13,8.101673
47a0bf-NOZ607-12-05-07-05,7.9751267
47a0bf-NOZ608-11-04-09-49,8.325751
47a0bf-NOZ608-11-22-09-50,6.79756
47a0bf-NOZ608-11-29-09-44,7.282018
47a0bf-NOZ609-11-10-07-27,8.065533
47a0bf-NOZ611-11-04-08-27,8.104364
47a0bf-NOZ611-11-22-08-26,7.803701
47a0bf-NOZ611-11-29-08-20,7.525401
47a0bf-NOZ612-11-04-12-36,8.506976
47a0bf-NOZ612-11-22-12-29,7.323646
47a0bf-NOZ612-11-29-12-22,8.700454
47a0bf-NOZ614-11-06-14-06,8.276006
47a0bf-NOZ617-11-04-11-08,8.135205
47a0bf-NOZ617-11-22-11-01,7.886861
47a0bf-NOZ617-11-29-11-00,7.2040763
47a0bf-NOZ620-11-04-15-21,8.059664
47a0bf-NOZ620-11-22-15-55,8.826897
47a0bf-NOZ620-11-29-15-24,8.525717
47a0bf-NOZ623-11-06-12-44,7.9737673
47a0bf-NOZ624-12-04-16-30,8.137706
47a0bf-NOZ625-11-04-14-06,8.019833
47a0bf-NOZ625-11-22-13-59,8.242911
47a0bf-NOZ625-11-29-14-00,7.9921913
47a0bf-NOZ626-11-03-16-53,8.216013
47a0bf-NOZ626-11-06-17-01,9.123542
47a0bf-NOZ631-11-03-15-27,7.5284033
47a0bf-NOZ631-11-06-15-31,8.140102
47a0bf-NOZ631-12-01-15-21,8.367969
47a0bf-NOZ632-11-04-18-02,7.802707
47a0bf-NOZ632-11-22-18-21,8.189519
47a0bf-NOZ632-11-29-18-07,7.3000655
47a0bf-NOZ634-11-06-19-50,7.594399
47a0bf-NOZ637-11-04-16-44,7.972144
47a0bf-NOZ637-11-22-17-08,8.31834
47a0bf-NOZ637-11-29-16-43,7.2600794
47a0bf-NOZ638-11-27-20-19,6.984984
47a0bf-NOZ643-11-06-18-28,7.936466
47a185-NOZ181-11-25-06-04,8.409633
47a185-NOZ181-12-16-07-20,7.648238
47a185-NOZ182-11-25-07-32,7.9644065
47a185-NOZ183-11-25-08-50,8.009169
47a185-NOZ194-11-20-18-50,8.726619
47a185-NOZ195-11-20-19-58,8.201591
47a185-NOZ1BG-12-19-06-52,6.516443
47a185-NOZ270-12-08-07-35,7.964448
47a185-NOZ271-12-08-06-23,7.626173
47a185-NOZ276-11-20-13-39,9.154363
47a185-NOZ276-11-28-16-07,9.846059
47a185-NOZ277-11-20-14-52,8.769856
47a185-NOZ277-11-28-17-20,8.007098
47a185-NOZ278-12-07-19-46,7.1989403
47a185-NOZ2DC-11-08-06-00,7.5013847
47a185-NOZ2GH-11-13-15-02,7.891845
47a185-NOZ2UC-11-02-15-59,8.11163
47a185-NOZ2UC-11-20-16-08,9.011457
47a185-NOZ345-11-07-09-38,7.7882032
47a185-NOZ346-11-18-14-36,8.7705
47a185-NOZ347-11-18-16-31,8.027149
47a185-NOZ347-11-30-16-45,7.7415357
47a185-NOZ3JE-11-08-06-56,6.817309
47a185-NOZ4HF-11-11-07-01,8.249348
47a185-NOZ4HF-11-15-06-57,7.97701
47a185-NOZ4RZ-11-07-07-39,9.032406
47a185-NOZ50A-11-06-16-37,8.200674
47a185-NOZ523-12-04-06-31,7.3148274
47a185-NOZ536-12-04-14-27,6.7350526
47a185-NOZ538-12-02-15-33,6.6634293
47a185-NOZ538-12-13-15-55,6.754786
47a185-NOZ540-12-16-18-14,7.9216733
47a185-NOZ541-12-04-15-41,7.664696
47a185-NOZ543-12-02-16-48,7.0580726
47a185-NOZ543-12-13-17-12,7.706188
47a185-NOZ545-12-16-20-02,6.673637
47a185-NOZ546-12-02-18-24,6.6157627
47a185-NOZ546-12-13-18-35,6.8441677
47a185-NOZ549-12-13-19-54,8.180159
47a185-NOZ55J-11-06-18-38,7.9259696
47a185-NOZ56U-12-18-20-35,10.488477
47a185-NOZ601-11-11-05-38,8.066469
47a185-NOZ601-11-15-05-39,7.7535276
47a185-NOZ605-11-16-06-33,8.941908
47a185-NOZ606-11-16-08-06,12.654697
47a185-NOZ607-11-17-07-01,7.9369373
47a185-NOZ608-11-11-09-45,7.8929987
47a185-NOZ608-11-12-08-57,7.6966915
47a185-NOZ608-11-15-09-39,8.5154295
47a185-NOZ609-11-12-07-30,8.039294
47a185-NOZ611-11-11-08-24,9.143491
47a185-NOZ611-11-15-08-19,9.521714
47a185-NOZ612-11-11-12-33,7.855877
47a185-NOZ612-11-15-12-24,7.06392
47a185-NOZ617-11-11-11-11,8.168371
47a185-NOZ617-11-15-10-55,6.979794
47a185-NOZ620-11-10-15-25,7.9304266
47a185-NOZ620-11-11-15-24,8.241187
47a185-NOZ620-11-14-15-29,7.963907
47a185-NOZ620-11-15-15-23,7.9377513
47a185-NOZ624-11-13-16-25,8.01346
47a185-NOZ625-11-10-14-06,8.738706
47a185-NOZ625-11-11-14-05,7.8484464
47a185-NOZ625-11-14-14-07,7.8498764
47a185-NOZ625-11-15-14-07,7.515034
47a185-NOZ632-11-10-18-06,7.9163456
47a185-NOZ632-11-11-18-11,7.9136887
47a185-NOZ632-11-14-18-07,8.19567
47a185-NOZ632-11-15-18-13,7.520076
47a185-NOZ637-11-11-16-45,8.027777
47a185-NOZ637-11-14-16-46,7.902135
47a185-NOZ637-11-15-16-37,7.988985
47a185-NOZ638-11-07-20-14,7.5943065
47a185-NOZ639-11-02-17-20,7.8661137
47a185-NOZ639-11-20-17-22,8.249635
47a185-NOZ67-11-10-16-50,7.890598
47a185-NOZ6TM-11-24-19-39,9.244421
47a185-NOZ6TM-12-15-19-52,9.763885
47a185-NOZ7C-12-08-08-47,8.003125
47a1ef-NOZ132-12-08-14-07,6.884394
47a1ef-NOZ132-12-09-14-08,6.818241
47a1ef-NOZ132-12-12-14-06,7.070554
47a1ef-NOZ133-12-08-15-11,8.083101
47a1ef-NOZ133-12-09-15-08,7.6015577
47a1ef-NOZ133-12-12-15-00,7.0363035
47a1ef-NOZ140-11-16-07-02,9.041761
47a1ef-NOZ140-11-21-07-14,6.540073
47a1ef-NOZ140-11-24-07-14,7.158942
47a1ef-NOZ140-11-25-07-07,7.1583276
47a1ef-NOZ140-12-20-07-10,8.792117
47a1ef-NOZ140-12-22-07-32,7.078367
47a1ef-NOZ140-12-23-07-11,7.411836
47a1ef-NOZ141-11-16-08-10,9.090517
47a1ef-NOZ141-11-21-08-05,7.6676335
47a1ef-NOZ141-11-24-08-05,7.1120343
47a1ef-NOZ141-11-25-08-06,8.642346
47a1ef-NOZ141-11-28-08-05,7.906126
47a1ef-NOZ141-12-20-08-08,8.185678
47a1ef-NOZ141-12-22-08-23,8.963402
47a1ef-NOZ141-12-23-08-04,7.670431
47a1ef-NOZ142-11-20-13-39,7.706135
47a1ef-NOZ143-11-20-14-35,6.4042315
47a1ef-NOZ144-11-16-14-25,11.336105
47a1ef-NOZ144-11-18-14-26,11.935345
47a1ef-NOZ144-12-20-15-52,7.0392036
47a1ef-NOZ145-11-16-16-55,8.438044
47a1ef-NOZ145-11-18-16-45,7.9685545
47a1ef-NOZ145-12-20-16-51,8.139611
47a1ef-NOZ191-11-09-16-59,7.3685575
47a1ef-NOZ194-12-18-19-27,9.425634
47a1ef-NOZ195-12-18-20-52,7.535604
47a1ef-NOZ1KD-11-17-14-12,7.8476586
47a1ef-NOZ1TT-11-01-14-31,8.737828
47a1ef-NOZ1TT-11-13-14-32,8.477691
47a1ef-NOZ2DC-12-14-06-12,6.6390214
47a1ef-NOZ345-11-27-10-21,8.174588
47a1ef-NOZ3JE-12-14-07-05,8.165819
47a1ef-NOZ47Y-11-17-19-30,7.291344
47a1ef-NOZ4RZ-11-27-08-16,9.748995
47a1ef-NOZ50A-11-07-16-37,8.030566
47a1ef-NOZ51Q-11-17-08-22,7.29514
47a1ef-NOZ522-12-05-06-03,7.2386465
47a1ef-NOZ523-11-03-06-28,9.649479
47a1ef-NOZ523-12-17-06-02,7.6891937
47a1ef-NOZ525-12-05-07-22,7.9075155
47a1ef-NOZ526-11-03-08-00,6.871918
47a1ef-NOZ530-11-07-09-59,7.5102067
47a1ef-NOZ531-11-07-11-17,8.561494
47a1ef-NOZ532-11-03-11-52,7.203983
47a1ef-NOZ534-11-07-12-43,6.60082
47a1ef-NOZ535-11-03-13-38,8.018697
47a1ef-NOZ537-11-07-14-02,7.7645473
47a1ef-NOZ538-12-19-15-43,7.623183
47a1ef-NOZ543-12-19-17-02,7.605746
47a1ef-NOZ550-12-17-01-17,7.2701683
47a1ef-NOZ55J-11-07-18-44,7.4732904
47a1ef-NOZ5AY-11-03-09-19,8.104472
47a1ef-NOZ5DP-11-18-06-35,8.406014
47a1ef-NOZ5PY-11-01-16-00,8.085363
47a1ef-NOZ5PY-11-13-16-00,7.918039
47a1ef-NOZ605-12-09-06-48,7.97538
47a1ef-NOZ606-12-09-08-30,8.14783
47a1ef-NOZ606-12-13-11-10,7.97434
47a1ef-NOZ607-11-14-07-18,7.5287175
47a1ef-NOZ607-12-15-07-20,8.273198
47a1ef-NOZ608-12-11-10-01,7.5919533
47a1ef-NOZ611-12-11-08-39,7.400735
47a1ef-NOZ612-12-11-12-46,8.19887
47a1ef-NOZ617-12-11-11-15,8.380523
47a1ef-NOZ620-12-11-15-46,7.784453
47a1ef-NOZ620-12-13-16-40,7.9855494
47a1ef-NOZ625-12-11-14-11,8.054749
47a1ef-NOZ625-12-13-14-58,7.882165
47a1ef-NOZ628-11-01-17-30,7.7927146
47a1ef-NOZ628-11-13-17-32,8.019626
47a1ef-NOZ631-12-14-15-28,7.2286305
47a1ef-NOZ632-12-11-18-25,7.399143
47a1ef-NOZ632-12-13-19-40,7.3035946
47a1ef-NOZ637-12-11-17-07,7.664954
47a1ef-NOZ637-12-13-17-56,8.236304
47a1ef-NOZ638-11-13-20-33,8.227094
47a1ef-NOZ638-12-06-20-16,7.971722
47a1ef-NOZ639-12-18-18-02,7.663523
47a1ef-NOZ645-11-01-18-58,7.9176254
47a1ef-NOZ645-11-13-19-26,7.657759
47a1ef-NOZ647-12-11-19-39,7.9833264
47a1ef-NOZ648-12-11-21-02,6.972263
47a1ef-NOZ8400-11-02-21-18,6.8912783
47a1ef-NOZ9BH-11-09-15-33,7.9864826
47a1ef-NOZ9T-11-17-16-50,7.7064767
47a218-NOZ140-12-12-07-11,7.367045
47a218-NOZ141-12-12-08-13,7.1385055
47a218-NOZ144-12-09-16-31,6.886854
47a218-NOZ145-12-09-17-23,6.293937
47a218-NOZ181-11-14-06-24,7.6687765
47a218-NOZ181-11-15-06-01,8.06681
47a218-NOZ181-11-24-06-05,8.380181
47a218-NOZ182-11-14-07-53,7.0650706
47a218-NOZ182-11-15-07-38,7.0247426
47a218-NOZ182-11-24-08-00,9.8105
47a218-NOZ182-12-29-08-06,8.129622
47a218-NOZ183-11-14-09-07,8.148129
47a218-NOZ183-11-15-08-53,7.884708
47a218-NOZ183-11-24-09-07,7.825384
47a218-NOZ183-12-29-09-25,8.286572
47a218-NOZ191-11-14-17-10,7.737766
47a218-NOZ1BG-12-05-06-01,6.9075084
47a218-NOZ276-11-10-15-53,11.278
47a218-NOZ276-12-02-15-57,7.4482894
47a218-NOZ277-11-10-17-25,9.4707
47a218-NOZ277-12-02-17-20,8.281145
47a218-NOZ345-12-11-10-16,7.7619305
47a218-NOZ4HF-11-18-07-15,7.1864395
47a218-NOZ4RZ-12-11-08-14,7.8442917
47a218-NOZ523-12-14-06-52,7.942785
47a218-NOZ523-12-19-06-28,7.50989
47a218-NOZ523-12-20-06-26,6.686977
47a218-NOZ525-12-26-07-24,6.374272
47a218-NOZ526-12-14-08-21,6.8638916
47a218-NOZ526-12-19-08-12,6.76685
47a218-NOZ526-12-20-07-58,6.700802
47a218-NOZ530-12-02-10-13,7.1246014
47a218-NOZ531-12-02-11-19,7.2065477
47a218-NOZ532-12-14-11-01,6.770008
47a218-NOZ532-12-18-12-42,8.2058115
47a218-NOZ532-12-19-11-04,7.450881
47a218-NOZ532-12-20-11-09,7.461072
47a218-NOZ534-12-02-12-42,7.285475
47a218-NOZ535-12-14-12-31,7.268964
47a218-NOZ535-12-18-13-57,8.112983
47a218-NOZ535-12-19-12-31,7.6954346
47a218-NOZ535-12-20-12-41,7.573074
47a218-NOZ536-12-14-14-19,6.614911
47a218-NOZ536-12-19-14-22,7.216078
47a218-NOZ536-12-20-14-26,7.4037704
47a218-NOZ537-12-02-13-55,7.6652994
47a218-NOZ538-12-18-15-29,7.612369
47a218-NOZ541-12-14-15-46,7.894318
47a218-NOZ541-12-19-15-45,7.1056557
47a218-NOZ541-12-20-15-45,7.6498394
47a218-NOZ543-12-18-17-02,6.781165
47a218-NOZ544-12-18-18-29,7.1464343
47a218-NOZ544-12-19-17-34,7.7893414
47a218-NOZ544-12-20-17-46,7.429754
47a218-NOZ547-12-20-18-57,7.1905313
47a218-NOZ548-11-27-18-35,6.810304
47a218-NOZ549-12-18-19-38,7.4170938
47a218-NOZ550-12-13-20-25,8.166973
47a218-NOZ550-12-18-21-06,7.2370977
47a218-NOZ550-12-20-20-20,6.7564287
47a218-NOZ550-12-30-19-33,7.207686
47a218-NOZ553-11-27-19-57,7.1876073
47a218-NOZ56U-12-04-20-01,9.899236
47a218-NOZ5AY-12-14-09-26,7.455526
47a218-NOZ5AY-12-19-09-28,7.6934147
47a218-NOZ608-11-18-10-03,7.2111745
47a218-NOZ608-11-19-08-57,7.0087404
47a218-NOZ608-11-20-09-46,7.3784432
47a218-NOZ609-11-19-07-35,7.661901
47a218-NOZ611-11-18-08-35,8.174013
47a218-NOZ611-11-20-08-24,7.8968935
47a218-NOZ612-11-18-12-40,7.3535967
47a218-NOZ612-11-20-12-41,7.6598206
47a218-NOZ617-11-18-11-19,8.098086
47a218-NOZ617-11-20-11-06,8.493981
47a218-NOZ620-11-18-15-42,7.0247107
47a218-NOZ620-11-20-15-48,7.1504574
47a218-NOZ625-11-18-14-07,7.666502
47a218-NOZ625-11-20-14-01,7.9908137
47a218-NOZ632-11-18-18-32,7.77468
47a218-NOZ632-11-20-18-28,7.2007194
47a218-NOZ637-11-18-16-52,7.440659
47a218-NOZ637-11-20-17-02,10.016759
47a218-NOZ639-12-07-17-28,7.8143635
47a218-NOZ647-11-20-19-40,8.277813
47a218-NOZ6TM-11-13-20-12,10.06138
47a218-NOZ6TM-11-14-18-42,8.346934
47a218-NOZ6TM-11-23-19-49,8.601729
47a22c-NOZ133-12-04-15-57,7.614444
47a22c-NOZ134-12-04-16-58,6.9154177
47a22c-NOZ140-11-17-07-06,6.560701
47a22c-NOZ140-11-18-07-14,7.916453
47a22c-NOZ141-11-17-08-01,7.617469
47a22c-NOZ141-11-18-08-19,8.747143
47a22c-NOZ144-11-11-15-46,7.432583
47a22c-NOZ144-11-14-15-50,6.9771204
47a22c-NOZ145-11-14-16-46,7.930077
47a22c-NOZ271-11-02-06-23,7.116307
47a22c-NOZ276-12-01-15-57,10.499083
47a22c-NOZ277-12-01-17-20,8.199751
47a22c-NOZ278-11-01-18-44,11.112471
47a22c-NOZ2UC-11-04-16-05,7.345406
47a22c-NOZ2UC-12-13-16-13,7.0145745
47a22c-NOZ2UC-12-27-16-17,8.0025425
47a22c-NOZ345-12-16-10-50,7.778913
47a22c-NOZ44A-11-11-07-58,7.987115
47a22c-NOZ4RZ-12-16-07-59,9.881192
47a22c-NOZ50A-12-15-18-01,8.917981
47a22c-NOZ50A-12-16-19-02,11.426808
47a22c-NOZ521-11-01-05-29,7.5371065
47a22c-NOZ522-11-07-06-06,6.8211555
47a22c-NOZ522-11-30-06-05,6.736088
47a22c-NOZ522-12-21-06-17,7.495619
47a22c-NOZ523-12-03-06-00,8.018579
47a22c-NOZ523-12-05-06-40,7.7684045
47a22c-NOZ523-12-06-06-30,8.288285
47a22c-NOZ523-12-07-06-36,7.405456
47a22c-NOZ523-12-08-07-03,7.348035
47a22c-NOZ523-12-09-06-39,7.4098487
47a22c-NOZ524-11-01-06-58,8.562036
47a22c-NOZ524-12-03-07-32,6.986516
47a22c-NOZ525-11-07-07-20,7.668663
47a22c-NOZ525-11-30-07-26,7.435928
47a22c-NOZ525-12-11-13-43,7.7337766
47a22c-NOZ525-12-21-07-31,8.356355
47a22c-NOZ526-12-05-08-07,6.753356
47a22c-NOZ526-12-06-08-30,7.8254924
47a22c-NOZ526-12-07-08-03,7.171921
47a22c-NOZ526-12-08-08-27,8.236966
47a22c-NOZ526-12-09-08-16,6.826842
47a22c-NOZ530-11-04-09-57,6.299558
47a22c-NOZ531-11-01-11-26,7.596063
47a22c-NOZ531-11-04-11-14,8.182249
47a22c-NOZ531-12-03-08-51,7.9679866
47a22c-NOZ532-12-03-10-14,7.029021
47a22c-NOZ532-12-05-10-58,7.4646072
47a22c-NOZ532-12-06-11-04,5.904731
47a22c-NOZ532-12-07-11-05,6.9433265
47a22c-NOZ532-12-08-11-11,6.7614927
47a22c-NOZ534-11-01-12-36,7.7168355
47a22c-NOZ535-12-05-12-38,6.3298926
47a22c-NOZ535-12-06-12-40,8.109345
47a22c-NOZ535-12-07-12-40,7.675156
47a22c-NOZ535-12-08-12-31,7.6188293
47a22c-NOZ536-12-05-14-15,7.3350735
47a22c-NOZ536-12-06-14-17,6.596473
47a22c-NOZ536-12-07-14-33,7.164089
47a22c-NOZ536-12-08-14-13,6.024293
47a22c-NOZ536-12-11-15-25,6.799245
47a22c-NOZ537-11-01-13-56,7.500721
47a22c-NOZ537-11-04-14-00,7.2187934
47a22c-NOZ538-11-08-15-20,7.0595336
47a22c-NOZ541-12-05-15-44,8.203048
47a22c-NOZ541-12-06-15-43,7.6679773
47a22c-NOZ541-12-07-15-44,6.343474
47a22c-NOZ541-12-11-16-43,7.6768565
47a22c-NOZ543-11-08-16-44,7.8956995
47a22c-NOZ544-12-05-17-18,8.337161
47a22c-NOZ544-12-06-17-17,6.734269
47a22c-NOZ544-12-07-17-11,6.62451
47a22c-NOZ544-12-09-17-35,7.634853
47a22c-NOZ546-11-08-18-11,7.461307
47a22c-NOZ547-12-06-18-29,7.6905775
47a22c-NOZ547-12-07-18-27,7.096377
47a22c-NOZ549-11-08-19-28,7.712934
47a22c-NOZ550-12-02-19-44,6.170394
47a22c-NOZ550-12-06-19-59,8.302349
47a22c-NOZ550-12-07-20-05,7.0423093
47a22c-NOZ55J-12-15-20-03,9.020301
47a22c-NOZ55J-12-16-21-18,7.685418
47a22c-NOZ59B-11-18-10-48,7.3529606
47a22c-NOZ5AY-12-05-09-19,6.579292
47a22c-NOZ5AY-12-06-09-47,8.505203
47a22c-NOZ5AY-12-07-09-26,8.002807
47a22c-NOZ5AY-12-08-09-39,7.392485
47a22c-NOZ5AY-12-09-09-26,7.6509085
47a22c-NOZ5PR-11-20-16-04,7.8365097
47a22c-NOZ606-12-22-08-25,8.031214
47a22c-NOZ612-12-22-12-46,8.279099
47a22c-NOZ617-12-22-11-14,7.854412
47a22c-NOZ620-12-22-16-06,7.709152
47a22c-NOZ625-12-22-14-11,7.9378552
47a22c-NOZ639-11-04-17-25,8.419118
47a22c-NOZ639-11-22-17-49,7.7313247
47a22c-NOZ639-12-13-17-46,7.7278676
47a22c-NOZ639-12-27-17-43,7.3332
47a22c-NOZ6CF-11-02-08-01,9.062869
47a31a-NOZ132-11-22-14-04,7.19289
47a31a-NOZ132-11-24-13-56,7.684993
47a31a-NOZ132-11-25-14-05,8.058755
47a31a-NOZ132-11-28-13-55,7.4869404
47a31a-NOZ133-11-22-14-52,7.529967
47a31a-NOZ133-11-24-14-55,6.631892
47a31a-NOZ133-11-25-15-04,6.9984517
47a31a-NOZ133-11-28-14-57,7.5890956
47a31a-NOZ181-12-03-08-53,8.586976
47a31a-NOZ181-12-21-06-11,8.099116
47a31a-NOZ182-12-03-07-34,8.095913
47a31a-NOZ191-11-03-17-04,8.037136
47a31a-NOZ1BG-11-03-06-01,9.43581
47a31a-NOZ271-11-30-06-00,7.7389984
47a31a-NOZ276-12-20-16-04,9.746611
47a31a-NOZ277-12-20-17-29,7.8996406
47a31a-NOZ278-11-29-18-50,10.156281
47a31a-NOZ2DC-11-25-06-05,7.5434036
47a31a-NOZ2DC-12-08-06-15,7.70725
47a31a-NOZ2KT-12-18-16-09,7.823362
47a31a-NOZ2UC-12-01-16-12,8.062001
47a31a-NOZ345-11-21-09-57,8.998575
47a31a-NOZ346-12-12-14-45,8.667182
47a31a-NOZ347-12-12-16-42,9.0279
47a31a-NOZ3JE-11-25-07-00,7.590373
47a31a-NOZ3JE-12-08-07-52,7.541248
47a31a-NOZ3TV-12-09-20-12,7.3564296
47a31a-NOZ4HF-12-09-07-00,8.040868
47a31a-NOZ4RZ-11-21-08-02,8.549441
47a31a-NOZ50A-11-20-16-44,8.336674
47a31a-NOZ522-11-08-06-10,7.941134
47a31a-NOZ525-11-08-07-29,8.1382065
47a31a-NOZ530-11-02-09-52,6.5847507
47a31a-NOZ530-11-03-09-59,6.938026
47a31a-NOZ530-12-19-10-01,7.757246
47a31a-NOZ531-11-02-11-08,7.706651
47a31a-NOZ531-11-03-11-15,8.2469425
47a31a-NOZ531-12-19-11-14,7.237494
47a31a-NOZ534-11-02-12-38,6.582176
47a31a-NOZ534-11-03-12-36,6.996821
47a31a-NOZ534-12-19-12-45,7.0659795
47a31a-NOZ537-11-02-13-54,7.417058
47a31a-NOZ537-11-03-13-55,7.947083
47a31a-NOZ537-12-19-14-00,7.007899
47a31a-NOZ538-12-14-15-38,7.039041
47a31a-NOZ540-11-02-16-12,7.0184784
47a31a-NOZ545-11-02-17-25,7.097128
47a31a-NOZ546-12-14-18-10,6.8385615
47a31a-NOZ548-11-13-18-38,6.7662177
47a31a-NOZ549-12-14-19-26,7.481118
47a31a-NOZ553-11-13-20-01,7.9057927
47a31a-NOZ55J-11-20-18-37,8.552387
47a31a-NOZ56U-11-02-18-52,7.897087
47a31a-NOZ601-12-09-05-36,7.979431
47a31a-NOZ602-12-12-06-15,7.921519
47a31a-NOZ607-11-29-06-58,7.994688
47a31a-NOZ608-11-26-09-04,8.089631
47a31a-NOZ608-11-27-09-47,10.048665
47a31a-NOZ608-12-09-10-02,6.917391
47a31a-NOZ609-11-26-07-29,7.730947
47a31a-NOZ609-12-12-07-31,7.897658
47a31a-NOZ611-11-27-08-22,8.19902
47a31a-NOZ611-12-09-08-21,7.5574503
47a31a-NOZ612-11-27-13-56,7.8124933
47a31a-NOZ612-12-09-12-41,7.239221
47a31a-NOZ617-11-27-11-11,9.528122
47a31a-NOZ617-12-09-11-19,8.109283
47a31a-NOZ620-12-09-15-56,8.23279
47a31a-NOZ625-12-09-14-14,8.182581
47a31a-NOZ626-11-27-17-06,7.9943237
47a31a-NOZ626-12-08-17-17,8.962716
47a31a-NOZ631-11-27-15-40,8.182878
47a31a-NOZ631-12-08-15-33,8.642877
47a31a-NOZ632-12-09-18-37,7.9859495
47a31a-NOZ634-11-27-19-59,7.343569
47a31a-NOZ637-12-09-17-10,8.216728
47a31a-NOZ638-11-21-20-04,8.04481
47a31a-NOZ638-12-07-20-18,7.663571
47a31a-NOZ639-12-01-17-23,7.7124743
47a31a-NOZ643-11-27-18-32,7.6944566
47a31a-NOZ6TM-12-20-19-17,9.38693
47a31a-NOZ9BH-11-03-15-34,7.1850185
47a32e-NOZ133-11-27-15-51,7.116235
47a32e-NOZ134-11-27-17-04,7.4493213
47a32e-NOZ181-11-11-06-02,8.4208
47a32e-NOZ181-11-18-06-10,7.842874
47a32e-NOZ182-11-11-07-35,9.235809
47a32e-NOZ182-11-18-07-41,7.241894
47a32e-NOZ183-11-06-07-49,8.009565
47a32e-NOZ183-11-11-08-57,7.5697055
47a32e-NOZ183-11-18-08-59,7.7549734
47a32e-NOZ183-12-18-07-55,7.8918586
47a32e-NOZ191-11-15-16-56,7.0530133
47a32e-NOZ1BG-11-02-06-00,7.518041
47a32e-NOZ1TT-11-16-14-37,7.1240587
47a32e-NOZ1TT-12-27-14-43,7.7176633
47a32e-NOZ1TT-12-30-14-33,11.214488
47a32e-NOZ270-11-08-07-26,8.200823
47a32e-NOZ270-11-16-07-32,8.757349
47a32e-NOZ271-11-08-06-06,8.441392
47a32e-NOZ272-12-18-15-50,11.05159
47a32e-NOZ275-12-18-17-09,7.452
47a32e-NOZ278-11-07-18-59,10.109083
47a32e-NOZ345-11-09-09-27,7.4078298
47a32e-NOZ346-11-08-14-27,8.884594
47a32e-NOZ346-11-13-14-36,10.5636015
47a32e-NOZ347-11-08-16-33,7.790606
47a32e-NOZ347-11-13-16-35,8.068018
47a32e-NOZ3VG-12-30-16-01,8.316556
47a32e-NOZ4RZ-11-09-07-32,8.819234
47a32e-NOZ521-11-28-05-24,8.148642
47a32e-NOZ522-11-14-06-12,6.142139
47a32e-NOZ522-12-19-06-14,6.791977
47a32e-NOZ523-11-29-06-29,7.594531
47a32e-NOZ523-11-30-06-25,8.69412
47a32e-NOZ524-11-28-07-20,6.615547
47a32e-NOZ525-11-14-07-33,7.7937717
47a32e-NOZ525-12-19-07-30,7.6257243
47a32e-NOZ526-11-29-07-53,7.1994815
47a32e-NOZ526-11-30-07-50,7.3695116
47a32e-NOZ532-11-29-11-06,6.8748426
47a32e-NOZ532-11-30-10-49,7.5020337
47a32e-NOZ535-11-29-12-29,7.3031425
47a32e-NOZ535-11-30-12-31,7.531462
47a32e-NOZ536-11-29-14-23,7.080575
47a32e-NOZ538-11-21-15-32,6.493955
47a32e-NOZ538-12-15-15-30,6.3907766
47a32e-NOZ540-11-01-16-25,7.0053983
47a32e-NOZ540-11-04-16-14,7.611128
47a32e-NOZ540-11-07-16-10,6.875935
47a32e-NOZ541-11-29-15-41,7.809899
47a32e-NOZ541-11-30-15-41,6.8449025
47a32e-NOZ543-11-21-16-40,8.60576
47a32e-NOZ543-12-15-16-49,7.587934
47a32e-NOZ544-11-29-17-09,6.5272803
47a32e-NOZ544-11-30-17-19,6.9330597
47a32e-NOZ545-11-01-17-33,8.248455
47a32e-NOZ545-11-04-17-35,8.386713
47a32e-NOZ545-11-07-17-29,7.812728
47a32e-NOZ546-11-21-18-13,6.608048
47a32e-NOZ546-12-15-18-26,7.325097
47a32e-NOZ547-11-29-18-23,6.951964
47a32e-NOZ547-11-30-18-27,7.4765625
47a32e-NOZ549-11-21-19-24,7.4586782
47a32e-NOZ549-12-15-19-34,7.8308935
47a32e-NOZ550-11-25-19-28,7.073578
47a32e-NOZ550-11-29-20-06,6.7226467
47a32e-NOZ56U-11-01-18-48,9.369216
47a32e-NOZ5AY-11-29-09-23,7.6902037
47a32e-NOZ5PY-11-16-15-56,6.9577303
47a32e-NOZ607-11-03-07-01,8.913719
47a32e-NOZ628-11-16-17-30,8.104434
47a32e-NOZ628-12-27-18-45,8.077215
47a32e-NOZ628-12-30-17-43,9.43651
47a32e-NOZ638-11-02-20-08,8.87947
47a32e-NOZ639-11-23-17-51,8.094744
47a32e-NOZ645-11-16-18-49,8.4654045
47a32e-NOZ645-12-27-20-02,7.032906
47a32e-NOZ645-12-30-19-06,10.00342
47a32e-NOZ6TM-11-10-19-02,9.984001
47a32e-NOZ6TM-11-17-19-27,8.97691
47a32e-NOZ6TM-12-16-23-03,7.643019
47a32e-NOZ7C-11-08-08-39,7.6342087
47a32e-NOZ7C-11-16-08-49,7.8176003
47a32e-NOZ93E-11-17-18-03,7.544161
47a32e-NOZ9BH-11-15-15-32,7.602905
47a3b0-NOZ140-11-01-06-59,7.32375
47a3b0-NOZ140-11-02-07-06,7.3463106
47a3b0-NOZ140-11-04-07-18,7.0840096
47a3b0-NOZ140-11-07-07-14,6.7089806
47a3b0-NOZ140-11-08-07-11,8.561411
47a3b0-NOZ141-11-01-07-58,8.36002
47a3b0-NOZ141-11-02-08-01,7.974186
47a3b0-NOZ141-11-04-08-13,7.8387504
47a3b0-NOZ141-11-07-08-14,7.1363854
47a3b0-NOZ141-11-08-08-07,8.833815
47a3b0-NOZ144-11-01-15-43,7.3247848
47a3b0-NOZ144-11-02-15-53,7.235521
47a3b0-NOZ144-11-03-15-12,7.2198114
47a3b0-NOZ144-11-08-15-48,6.964567
47a3b0-NOZ144-11-10-15-13,8.3736
47a3b0-NOZ145-11-01-16-48,11.455365
47a3b0-NOZ145-11-02-16-45,7.2739477
47a3b0-NOZ145-11-03-16-12,7.6958547
47a3b0-NOZ145-11-08-16-43,7.50305
47a3b0-NOZ145-11-10-16-10,7.49346
47a3b0-NOZ181-11-17-06-02,7.3163486
47a3b0-NOZ181-11-29-05-59,7.6768823
47a3b0-NOZ182-11-17-07-35,8.435982
47a3b0-NOZ182-11-29-07-34,8.01509
47a3b0-NOZ182-12-01-07-42,8.023871
47a3b0-NOZ183-11-17-08-51,7.825399
47a3b0-NOZ183-11-29-08-49,7.519758
47a3b0-NOZ183-12-01-08-49,7.8744283
47a3b0-NOZ191-11-28-17-04,6.9008
47a3b0-NOZ270-11-25-07-30,12.268325
47a3b0-NOZ271-11-25-06-09,8.611661
47a3b0-NOZ276-11-16-15-55,7.9846797
47a3b0-NOZ276-11-30-15-52,8.470623
47a3b0-NOZ277-11-16-17-20,8.34434
47a3b0-NOZ277-11-30-17-22,7.4574494
47a3b0-NOZ278-11-24-19-09,9.393436
47a3b0-NOZ2UC-12-23-16-12,8.106484
47a3b0-NOZ345-11-06-10-14,6.8910704
47a3b0-NOZ345-12-02-09-42,8.975797
47a3b0-NOZ42U-11-11-07-06,10.035706
47a3b0-NOZ4RZ-11-06-08-18,8.965571
47a3b0-NOZ4RZ-12-02-07-41,8.245031
47a3b0-NOZ50A-11-29-16-40,8.462443
47a3b0-NOZ50A-12-02-16-47,8.596081
47a3b0-NOZ522-11-21-05-58,6.786488
47a3b0-NOZ525-11-21-07-16,8.42855
47a3b0-NOZ530-12-23-10-14,6.6491194
47a3b0-NOZ531-12-23-11-26,7.731428
47a3b0-NOZ534-12-23-12-49,6.8953805
47a3b0-NOZ537-12-23-14-24,8.170989
47a3b0-NOZ540-11-24-16-25,7.1560955
47a3b0-NOZ545-11-24-17-39,7.597742
47a3b0-NOZ545-12-28-17-31,7.930839
47a3b0-NOZ548-12-11-18-49,6.985456
47a3b0-NOZ54Z-11-11-12-38,7.6839595
47a3b0-NOZ553-12-11-20-03,7.470495
47a3b0-NOZ55J-11-29-18-33,7.9420047
47a3b0-NOZ55J-12-02-18-44,8.664354
47a3b0-NOZ60M-11-11-15-29,7.942781
47a3b0-NOZ639-12-23-17-29,8.0466385
47a3b0-NOZ6TM-11-16-18-47,11.685993
47a3b0-NOZ6TM-11-28-18-50,7.665994
47a3b0-NOZ6TM-11-30-18-47,8.35288
47a3b0-NOZ7C-11-25-08-44,10.689408
47a3b0-NOZ8ME-11-11-18-10,9.443231
47a3b0-NOZ9BH-11-28-15-39,7.866982
47a50d-NOZ142-11-27-13-53,7.283978
47a50d-NOZ143-11-27-14-46,11.083233
47a50d-NOZ144-12-27-15-52,6.810118
47a50d-NOZ144-12-28-15-53,7.368543
47a50d-NOZ144-12-30-15-54,6.3585143
47a50d-NOZ145-12-27-17-10,7.1845217
47a50d-NOZ145-12-28-16-56,6.87963
47a50d-NOZ145-12-30-16-55,8.528222
47a50d-NOZ181-11-05-08-55,7.668709
47a50d-NOZ194-12-04-18-49,10.62637
47a50d-NOZ195-12-04-20-09,7.028372
47a50d-NOZ1BG-11-22-06-05,8.509303
47a50d-NOZ1BG-11-25-06-17,7.7527714
47a50d-NOZ1BG-12-09-06-26,8.377382
47a50d-NOZ1TT-12-09-14-39,6.778106
47a50d-NOZ270-11-09-07-26,9.487147
47a50d-NOZ276-12-04-13-42,7.557472
47a50d-NOZ276-12-19-16-54,10.60284
47a50d-NOZ277-12-04-14-44,7.7015686
47a50d-NOZ277-12-19-18-14,7.822023
47a50d-NOZ2UC-12-04-16-07,7.86955
47a50d-NOZ2UC-12-06-16-40,7.7479506
47a50d-NOZ2UC-12-20-16-18,8.688433
47a50d-NOZ346-11-25-14-41,7.617351
47a50d-NOZ346-12-25-14-55,8.733979
47a50d-NOZ347-11-25-16-30,8.418253
47a50d-NOZ347-12-25-16-51,7.1120086
47a50d-NOZ3VG-12-09-16-03,8.30742
47a50d-NOZ42U-12-15-07-12,9.181079
47a50d-NOZ50A-12-12-16-49,7.7923098
47a50d-NOZ525-11-20-11-42,7.628501
47a50d-NOZ534-11-20-13-34,6.5808244
47a50d-NOZ534-12-12-12-55,6.530273
47a50d-NOZ536-11-06-14-18,7.4438014
47a50d-NOZ537-11-20-14-53,7.8668714
47a50d-NOZ537-12-12-14-08,7.518525
47a50d-NOZ540-11-20-16-29,7.022452
47a50d-NOZ545-11-20-17-38,8.252521
47a50d-NOZ546-11-20-19-31,6.614654
47a50d-NOZ550-11-18-19-28,7.268524
47a50d-NOZ555-11-20-20-37,8.4024105
47a50d-NOZ55J-12-12-18-35,9.164292
47a50d-NOZ56U-11-21-19-16,8.473271
47a50d-NOZ56U-11-24-19-12,7.752694
47a50d-NOZ5PR-11-17-16-07,6.864082
47a50d-NOZ628-12-09-17-40,7.967643
47a50d-NOZ639-12-04-17-25,7.76761
47a50d-NOZ639-12-06-17-48,8.288593
47a50d-NOZ639-12-20-17-41,7.0688825
47a50d-NOZ639-12-22-18-07,9.549519
47a50d-NOZ645-12-09-18-53,8.553052
47a50d-NOZ66Y-12-18-18-24,7.3322096
47a50d-NOZ7C-11-09-08-41,7.650788
47a50d-NOZ8ME-12-15-20-18,7.945982
47a50d-NOZ96F-12-15-22-32,9.422212
47a518-NOZ132-12-15-14-22,7.335995
47a518-NOZ133-12-15-15-15,8.925926
47a518-NOZ164-12-15-06-36,7.525094
47a518-NOZ1BG-11-14-06-16,8.286126
47a518-NOZ1BG-11-23-05-56,8.449076
47a518-NOZ1BG-12-17-07-08,8.865396
47a518-NOZ1TT-11-08-14-31,9.320787
47a518-NOZ1YA-12-16-17-45,7.989113
47a518-NOZ271-11-12-07-35,8.383766
47a518-NOZ271-11-18-06-28,7.9467306
47a518-NOZ276-12-08-16-16,10.788242
47a518-NOZ277-12-08-17-38,9.96936
47a518-NOZ278-11-11-18-57,8.091976
47a518-NOZ278-11-17-19-18,7.7390075
47a518-NOZ2BE-11-01-12-36,11.040176
47a518-NOZ2DC-12-12-05-59,7.2550673
47a518-NOZ2DC-12-16-06-11,6.856491
47a518-NOZ2DC-12-21-05-58,7.0107865
47a518-NOZ2UC-11-09-16-06,7.4535336
47a518-NOZ2UC-12-28-16-10,8.424955
47a518-NOZ345-11-18-09-44,7.9037704
47a518-NOZ3JE-12-12-07-01,7.5066357
47a518-NOZ3JE-12-16-08-34,6.981287
47a518-NOZ3JE-12-21-06-52,8.735547
47a518-NOZ4RZ-11-18-07-53,9.068945
47a518-NOZ50A-11-18-16-41,8.633256
47a518-NOZ522-12-07-06-18,7.249889
47a518-NOZ525-12-07-07-35,7.544368
47a518-NOZ536-11-20-14-31,7.003544
47a518-NOZ538-12-22-16-12,6.8419933
47a518-NOZ540-11-22-16-32,6.6215286
47a518-NOZ541-11-20-15-44,7.922773
47a518-NOZ543-12-22-17-34,6.901147
47a518-NOZ545-11-22-17-37,7.3688297
47a518-NOZ55J-11-18-18-37,7.5408897
47a518-NOZ56U-11-13-20-05,9.365521
47a518-NOZ56U-11-22-19-05,7.7805233
47a518-NOZ56U-12-16-23-56,9.815541
47a518-NOZ5PY-11-08-16-00,8.203922
47a518-NOZ605-12-20-06-36,7.5313454
47a518-NOZ605-12-22-06-39,7.278893
47a518-NOZ606-12-20-08-12,8.3110695
47a518-NOZ607-11-15-07-18,8.583773
47a518-NOZ608-12-13-13-31,9.401525
47a518-NOZ611-12-13-12-01,7.57712
47a518-NOZ612-11-14-12-35,8.047057
47a518-NOZ620-12-21-15-47,8.003545
47a518-NOZ625-12-21-14-16,8.349966
47a518-NOZ626-11-14-16-46,8.278857
47a518-NOZ626-12-11-17-41,7.7858562
47a518-NOZ626-12-12-17-01,8.086326
47a518-NOZ626-12-13-16-58,8.857268
47a518-NOZ626-12-20-17-07,8.190967
47a518-NOZ628-11-08-17-24,7.769514
47a518-NOZ631-11-14-15-27,7.972184
47a518-NOZ631-12-11-15-58,7.9154396
47a518-NOZ631-12-12-15-31,8.189744
47a518-NOZ631-12-13-15-26,8.267175
47a518-NOZ631-12-20-15-27,8.198553
47a518-NOZ632-12-21-19-02,7.8734536
47a518-NOZ634-12-11-20-12,8.160027
47a518-NOZ637-12-21-17-06,8.87637
47a518-NOZ638-12-19-20-20,8.741639
47a518-NOZ639-11-09-17-23,7.1786027
47a518-NOZ639-12-28-17-30,7.556121
47a518-NOZ639-12-29-19-14,8.763246
47a518-NOZ643-12-11-18-56,7.7727675
47a518-NOZ645-11-08-18-44,7.669539
47a518-NOZ6TC-11-01-17-09,10.169
47a531-NOZ132-12-13-14-31,7.2985635
47a531-NOZ133-11-06-15-50,7.6555777
47a531-NOZ133-12-13-15-33,7.7253547
47a531-NOZ134-11-06-17-05,7.221105
47a531-NOZ140-12-07-07-22,7.2498455
47a531-NOZ140-12-15-07-28,6.865405
47a531-NOZ141-12-07-08-15,8.265882
47a531-NOZ141-12-15-08-25,7.7931046
47a531-NOZ144-12-07-16-28,7.3248563
47a531-NOZ144-12-16-16-10,7.5144053
47a531-NOZ144-12-19-15-52,7.915062
47a531-NOZ145-12-07-17-28,7.35398
47a531-NOZ145-12-16-17-19,7.790259
47a531-NOZ145-12-19-16-52,11.0711155
47a531-NOZ181-12-02-06-05,7.6255693
47a531-NOZ182-12-02-07-43,8.120402
47a531-NOZ183-12-02-09-09,8.307155
47a531-NOZ1TT-12-11-15-27,8.409765
47a531-NOZ276-11-13-13-22,9.519151
47a531-NOZ277-11-13-14-39,8.080088
47a531-NOZ2GH-12-25-14-58,8.238084
47a531-NOZ3VG-12-11-16-42,7.2312326
47a531-NOZ4HF-12-12-07-07,6.9957485
47a531-NOZ521-11-07-05-32,7.493952
47a531-NOZ521-11-09-05-29,7.5996842
47a531-NOZ521-11-10-05-29,7.3457255
47a531-NOZ521-11-17-05-29,6.551602
47a531-NOZ523-11-08-06-33,7.4416475
47a531-NOZ523-11-11-06-28,8.165339
47a531-NOZ523-11-12-06-00,6.656145
47a531-NOZ523-11-13-06-30,7.925227
47a531-NOZ523-11-19-06-01,7.7216444
47a531-NOZ523-11-21-06-52,8.048809
47a531-NOZ523-11-22-06-25,7.715842
47a531-NOZ523-11-23-06-29,7.78341
47a531-NOZ523-11-24-06-34,7.500714
47a531-NOZ523-11-25-06-49,7.82881
47a531-NOZ523-11-27-06-29,7.5845227
47a531-NOZ524-11-07-07-07,7.245719
47a531-NOZ524-11-09-06-59,7.4898577
47a531-NOZ524-11-10-06-59,6.7207036
47a531-NOZ524-11-12-07-21,6.6569414
47a531-NOZ524-11-19-07-22,7.268091
47a531-NOZ526-11-08-08-04,7.419975
47a531-NOZ526-11-11-08-00,7.350001
47a531-NOZ526-11-21-08-29,7.118762
47a531-NOZ526-11-22-08-14,6.848906
47a531-NOZ526-11-23-08-45,7.64785
47a531-NOZ526-11-24-08-23,7.11488
47a531-NOZ530-11-20-09-26,6.6817465
47a531-NOZ531-11-12-08-37,7.5536604
47a531-NOZ531-11-19-08-37,6.8948298
47a531-NOZ531-11-20-08-00,7.638744
47a531-NOZ532-11-08-10-59,7.3907967
47a531-NOZ532-11-11-11-04,7.8349724
47a531-NOZ532-11-12-10-08,6.2442327
47a531-NOZ532-11-19-10-06,6.5840344
47a531-NOZ532-11-20-12-25,6.339239
47a531-NOZ532-11-21-11-12,6.0842566
47a531-NOZ532-11-22-11-12,6.986873
47a531-NOZ532-11-23-11-10,7.120779
47a531-NOZ532-11-24-11-11,6.8065705
47a531-NOZ532-11-25-11-14,6.9152255
47a531-NOZ535-11-08-12-27,8.663017
47a531-NOZ535-11-11-12-31,8.217343
47a531-NOZ535-11-20-13-37,7.9104815
47a531-NOZ535-11-21-12-35,8.16591
47a531-NOZ535-11-22-12-29,6.8097253
47a531-NOZ535-11-23-12-30,7.878663
47a531-NOZ535-11-24-12-34,7.825597
47a531-NOZ535-11-25-12-32,7.786818
47a531-NOZ536-11-08-14-15,6.804138
47a531-NOZ536-11-11-14-14,6.739277
47a531-NOZ536-11-16-14-59,8.382485
47a531-NOZ536-11-21-14-17,7.1729884
47a531-NOZ536-11-22-14-23,6.7924814
47a531-NOZ536-11-23-14-32,7.608379
47a531-NOZ536-11-24-14-29,6.6002126
47a531-NOZ536-11-25-14-26,7.330367
47a531-NOZ538-11-18-15-22,7.337505
47a531-NOZ538-11-20-15-15,6.705221
47a531-NOZ541-11-08-15-42,7.154256
47a531-NOZ541-11-11-15-48,7.5254188
47a531-NOZ541-11-16-16-31,8.001402
47a531-NOZ541-11-21-15-38,7.913468
47a531-NOZ541-11-22-15-46,7.560388
47a531-NOZ541-11-23-15-45,7.515527
47a531-NOZ541-11-24-15-47,7.1840925
47a531-NOZ541-11-25-15-55,7.920729
47a531-NOZ543-11-18-16-41,7.747291
47a531-NOZ543-11-20-16-39,8.152411
47a531-NOZ544-11-08-17-14,7.452865
47a531-NOZ544-11-11-17-20,7.368401
47a531-NOZ544-11-16-17-43,6.949439
47a531-NOZ544-11-20-18-25,6.773559
47a531-NOZ544-11-21-17-16,6.947152
47a531-NOZ544-11-22-17-51,6.811448
47a531-NOZ544-11-23-17-45,6.1360974
47a531-NOZ544-11-24-17-14,6.907075
47a531-NOZ544-11-25-17-20,6.5680714
47a531-NOZ545-12-30-17-52,6.897119
47a531-NOZ546-11-18-18-19,6.778216
47a531-NOZ547-11-16-18-53,7.3988204
47a531-NOZ547-11-22-18-57,9.018961
47a531-NOZ547-11-23-18-51,7.193319
47a531-NOZ547-11-24-18-30,8.425548
47a531-NOZ549-11-20-19-45,7.624862
47a531-NOZ550-11-04-20-06,8.273561
47a531-NOZ550-11-16-20-15,7.315808
47a531-NOZ550-11-20-21-09,7.2675524
47a531-NOZ550-11-22-20-25,7.02613
47a531-NOZ550-11-23-20-16,6.8817697
47a531-NOZ550-11-24-20-12,8.114677
47a531-NOZ5AY-11-08-09-23,8.108087
47a531-NOZ5AY-11-11-09-18,7.4931655
47a531-NOZ5AY-11-20-10-46,7.05166
47a531-NOZ5AY-11-21-09-32,7.808508
47a531-NOZ5AY-11-22-09-19,8.279542
47a531-NOZ5AY-11-23-09-52,7.7979426
47a531-NOZ5AY-11-24-09-32,7.5181704
47a531-NOZ5AY-11-25-09-49,8.33413
47a531-NOZ601-12-12-05-30,7.2765775
47a531-NOZ602-11-15-06-15,7.7367826
47a531-NOZ607-12-14-07-20,7.9596357
47a531-NOZ608-12-12-09-57,8.254205
47a531-NOZ609-11-15-07-36,7.618851
47a531-NOZ611-12-12-08-31,8.1970415
47a531-NOZ612-12-12-12-48,7.149364
47a531-NOZ617-12-12-11-17,7.7566414
47a531-NOZ620-12-12-15-30,7.2273855
47a531-NOZ620-12-23-15-39,7.829936
47a531-NOZ625-12-12-14-05,7.365413
47a531-NOZ628-12-11-18-00,7.8319244
47a531-NOZ632-12-12-18-07,7.246645
47a531-NOZ632-12-23-18-47,7.2249694
47a531-NOZ637-12-12-16-42,8.291195
47a531-NOZ637-12-23-16-48,7.920705
47a531-NOZ638-12-11-20-50,7.820986
47a531-NOZ645-12-11-19-22,8.048637
47a531-NOZ64N-12-06-17-24,9.558578
47a531-NOZ6TM-12-30-19-25,11.208731
47a7a8-NOZ181-12-15-06-30,7.930179
47a7a8-NOZ182-12-15-07-43,8.2704525
47a7a8-NOZ182-12-28-07-45,8.938819
47a7a8-NOZ183-12-15-09-00,8.057672
47a7a8-NOZ183-12-28-09-08,8.290337
47a7a8-NOZ270-11-03-07-29,7.8642387
47a7a8-NOZ271-11-03-06-08,10.387734
47a7a8-NOZ276-11-07-16-03,10.846009
47a7a8-NOZ276-12-21-16-31,11.190736
47a7a8-NOZ277-11-07-17-22,7.665718
47a7a8-NOZ277-12-21-17-52,9.209662
47a7a8-NOZ278-11-02-19-06,9.652764
47a7a8-NOZ2DC-11-28-06-09,7.82932
47a7a8-NOZ2DC-12-30-06-12,6.9754543
47a7a8-NOZ2GH-11-27-15-39,10.491868
47a7a8-NOZ2KT-11-02-16-12,11.167473
47a7a8-NOZ2UC-11-03-16-02,7.617258
47a7a8-NOZ2UC-11-11-16-04,7.7162666
47a7a8-NOZ345-11-05-11-21,7.552373
47a7a8-NOZ345-11-10-09-47,7.7498775
47a7a8-NOZ346-11-16-14-35,8.352011
47a7a8-NOZ346-11-17-14-39,8.667254
47a7a8-NOZ347-11-16-16-36,8.039657
47a7a8-NOZ347-11-17-16-33,8.5939665
47a7a8-NOZ3JE-11-28-06-57,7.6947412
47a7a8-NOZ3JE-12-30-07-05,7.2843895
47a7a8-NOZ4HF-11-25-07-04,7.85601
47a7a8-NOZ4HF-11-30-07-02,8.002464
47a7a8-NOZ4HF-12-01-06-58,7.0474277
47a7a8-NOZ4HF-12-02-07-06,7.4183493
47a7a8-NOZ4RZ-11-05-09-28,8.657181
47a7a8-NOZ4RZ-11-10-07-42,7.835368
47a7a8-NOZ50A-11-09-16-36,7.741636
47a7a8-NOZ50A-11-14-16-36,8.473647
47a7a8-NOZ523-12-12-06-36,7.9696183
47a7a8-NOZ526-12-12-08-03,7.7345605
47a7a8-NOZ526-12-13-07-57,7.0588946
47a7a8-NOZ530-12-11-10-04,7.542564
47a7a8-NOZ531-12-11-08-48,7.180289
47a7a8-NOZ532-12-11-13-18,5.976785
47a7a8-NOZ532-12-12-11-20,7.1198263
47a7a8-NOZ535-12-11-14-29,6.962838
47a7a8-NOZ535-12-12-12-35,7.7723765
47a7a8-NOZ536-12-12-14-23,7.0339108
47a7a8-NOZ538-12-09-15-28,6.7356687
47a7a8-NOZ538-12-11-16-04,6.9441433
47a7a8-NOZ541-12-12-15-54,7.985211
47a7a8-NOZ543-12-09-16-46,7.5529346
47a7a8-NOZ543-12-11-17-22,7.9971642
47a7a8-NOZ544-11-03-18-47,7.582881
47a7a8-NOZ544-12-11-18-47,7.434646
47a7a8-NOZ544-12-12-17-17,6.726762
47a7a8-NOZ546-12-09-18-18,6.9278913
47a7a8-NOZ547-11-03-19-57,7.734704
47a7a8-NOZ548-11-06-18-32,6.8936234
47a7a8-NOZ549-12-11-19-58,7.890581
47a7a8-NOZ550-12-11-21-12,7.557609
47a7a8-NOZ553-11-06-19-56,7.3150496
47a7a8-NOZ55J-11-09-18-39,7.3206406
47a7a8-NOZ55J-11-14-18-34,8.250396
47a7a8-NOZ5AY-12-11-11-26,7.6279845
47a7a8-NOZ5AY-12-12-09-20,7.928162
47a7a8-NOZ5AY-12-13-09-17,7.784034
47a7a8-NOZ601-11-25-05-37,8.016818
47a7a8-NOZ601-11-30-05-37,7.712415
47a7a8-NOZ601-12-01-05-35,7.5391803
47a7a8-NOZ601-12-02-05-31,7.7098947
47a7a8-NOZ605-11-29-06-34,7.7577047
47a7a8-NOZ605-12-29-06-30,7.78097
47a7a8-NOZ606-11-29-07-56,8.128475
47a7a8-NOZ606-12-29-08-45,10.049896
47a7a8-NOZ608-11-25-09-58,7.520438
47a7a8-NOZ608-12-01-09-46,7.4216824
47a7a8-NOZ608-12-02-10-17,7.1469293
47a7a8-NOZ611-11-25-08-30,8.709895
47a7a8-NOZ611-12-01-08-21,7.2102985
47a7a8-NOZ611-12-02-08-32,8.217483
47a7a8-NOZ612-11-25-12-40,7.4893255
47a7a8-NOZ612-11-30-12-18,7.02584
47a7a8-NOZ612-12-01-12-41,7.209188
47a7a8-NOZ612-12-02-12-47,7.1752386
47a7a8-NOZ612-12-28-13-11,9.319643
47a7a8-NOZ614-12-04-14-00,7.5656443
47a7a8-NOZ617-11-25-11-13,8.23729
47a7a8-NOZ617-11-30-10-55,7.8101373
47a7a8-NOZ617-12-01-11-08,7.816609
47a7a8-NOZ617-12-02-11-26,7.913879
47a7a8-NOZ620-11-24-15-57,7.2318473
47a7a8-NOZ620-11-25-15-26,7.9674487
47a7a8-NOZ620-11-30-15-29,8.317405
47a7a8-NOZ620-12-01-15-29,8.102078
47a7a8-NOZ620-12-02-15-36,7.3958926
47a7a8-NOZ620-12-28-16-20,7.612146
47a7a8-NOZ623-12-04-12-31,8.028945
47a7a8-NOZ624-11-27-16-54,7.676055
47a7a8-NOZ625-11-25-14-06,7.238462
47a7a8-NOZ625-12-01-14-03,7.47663
47a7a8-NOZ625-12-02-14-08,8.50011
47a7a8-NOZ625-12-28-14-41,8.20367
47a7a8-NOZ626-11-28-16-44,7.3212805
47a7a8-NOZ626-11-29-16-55,8.25062
47a7a8-NOZ626-12-04-17-03,8.000105
47a7a8-NOZ626-12-29-17-15,9.0681925
47a7a8-NOZ631-11-28-15-24,8.144487
47a7a8-NOZ631-11-29-15-27,7.836265
47a7a8-NOZ631-12-04-15-32,7.23503
47a7a8-NOZ631-12-29-15-22,8.778047
47a7a8-NOZ632-11-24-18-41,7.9858236
47a7a8-NOZ632-11-25-18-12,9.859944
47a7a8-NOZ632-11-30-18-03,7.4753466
47a7a8-NOZ632-12-02-18-11,7.2217565
47a7a8-NOZ637-11-24-17-10,7.911053
47a7a8-NOZ637-11-25-16-46,7.070021
47a7a8-NOZ637-11-30-16-46,8.345762
47a7a8-NOZ637-12-01-16-42,7.7136106
47a7a8-NOZ637-12-02-16-53,7.65852
47a7a8-NOZ639-11-03-17-28,7.8839917
47a7a8-NOZ639-11-11-17-38,8.045064
47a7a8-NOZ643-12-04-18-17,8.187688
47a7a8-NOZ6TM-12-14-18-45,10.693209
47a7a8-NOZ7C-11-03-08-44,10.799473
4aca0a-NOZ181-12-19-06-08,7.566754
4aca0a-NOZ276-12-22-16-53,8.83546
4aca0a-NOZ277-12-22-18-16,9.526192
4aca0a-NOZ538-12-29-16-10,7.152814
4aca0a-NOZ543-12-29-17-34,7.7159247
4aca0a-NOZ546-12-29-19-16,7.017348
4aca0a-NOZ549-12-29-20-31,8.312845
4aca0a-NOZ6TM-12-18-20-20,8.473354
4aca42-NOZ1YA-12-17-13-01,7.9669986
4aca42-NOZ639-12-19-17-41,7.1268144
4aca46-NOZ345-11-29-09-30,7.392378
4aca46-NOZ346-11-28-14-42,8.732347
4aca46-NOZ347-11-28-16-40,8.807019
4aca46-NOZ4RZ-11-29-07-30,8.907083
4aca46-NOZ538-12-01-15-35,6.9445415
4aca46-NOZ549-12-01-16-57,11.953661
4aca46-NOZ602-12-01-06-06,7.3030405
4aca46-NOZ609-11-28-07-29,8.271156
4aca46-NOZ609-12-01-07-29,7.493603
4aca47-NOZ270-11-04-07-25,8.364877
4aca47-NOZ271-11-05-07-46,8.769236
4aca47-NOZ271-11-09-06-13,8.058505
4aca47-NOZ278-11-04-18-55,8.505297
4aca47-NOZ278-11-08-18-52,11.093155
4aca47-NOZ7C-11-04-08-45,8.073621
4aca4a-NOZ2UC-11-16-16-01,7.695695
4aca4a-NOZ639-11-16-17-20,7.483826
4aca4e-NOZ194-11-13-18-54,8.75148
4aca4e-NOZ195-11-13-20-18,8.036981
4aca4e-NOZ1BG-11-07-05-59,8.290495
4aca4e-NOZ271-11-04-06-14,7.3094196
4aca4e-NOZ278-11-03-18-59,9.659464
4aca4e-NOZ2UC-11-13-16-04,7.366471
4aca4e-NOZ345-11-24-09-53,8.772002
4aca4e-NOZ4RZ-11-24-08-12,8.454634
4aca4e-NOZ538-11-17-15-22,7.0924087
4aca4e-NOZ540-11-03-16-17,6.7102156
4aca4e-NOZ543-11-17-16-46,6.950444
4aca4e-NOZ545-11-03-17-35,7.079017
4aca4e-NOZ546-11-17-18-24,7.7510066
4aca4e-NOZ549-11-17-19-43,7.5094156
4aca4e-NOZ56U-11-06-19-59,8.777355
4aca4e-NOZ639-11-13-17-28,7.829807
4aca4f-NOZ191-12-16-19-50,7.655207
4aca4f-NOZ346-12-18-14-54,8.265442
4aca4f-NOZ347-12-18-17-50,8.94892
4aca4f-NOZ40T-12-16-06-13,9.309898
4aca4f-NOZ534-12-11-13-35,7.345621
4aca4f-NOZ537-12-11-15-01,7.7088966
4aca4f-NOZ540-12-11-16-24,6.570905
4aca4f-NOZ545-12-11-17-37,8.110832
4aca4f-NOZ546-12-11-19-11,7.843768
4aca4f-NOZ555-12-11-20-31,7.5771646
4aca4f-NOZ9BH-12-16-17-59,10.302561
