flight_id,pred_cruise
4784c2-NOZ191-11-01-17-02,189.90919577666688
4784c2-NOZ191-11-29-17-09,128.4302286670672
4784c2-NOZ270-11-14-07-26,190.1653347271696
4784c2-NOZ270-11-30-07-26,159.44416204329144
4784c2-NOZ270-12-02-07-24,138.24110164795013
4784c2-NOZ271-12-02-06-14,50.518525618047676
4784c2-NOZ271-12-03-07-52,106.98811795710628
4784c2-NOZ278-12-02-19-03,81.81556142569322
4784c2-NOZ2UC-11-07-16-07,159.2371369928671
4784c2-NOZ345-11-12-11-17,959.3172056708578
4784c2-NOZ345-11-26-11-13,992.6365037649766
4784c2-NOZ346-11-27-14-53,801.0381564518797
4784c2-NOZ347-11-27-16-44,1208.4725450542621
4784c2-NOZ4RZ-11-12-09-18,947.2027369862313
4784c2-NOZ4RZ-11-26-09-20,895.3422925118655
4784c2-NOZ50A-11-03-16-50,1041.6719817397668
4784c2-NOZ522-11-28-06-12,101.75322994181913
4784c2-NOZ540-12-01-16-18,172.65169854424045
4784c2-NOZ546-11-01-18-20,107.38047275778719
4784c2-NOZ549-11-01-19-33,195.01039029800538
4784c2-NOZ55J-11-03-18-43,1066.2868714237231
4784c2-NOZ605-11-15-06-32,159.78498131117996
4784c2-NOZ606-11-15-08-02,146.66299254446542
4784c2-NOZ607-11-01-07-02,128.9780820287177
4784c2-NOZ612-12-27-14-55,129.86919507660778
4784c2-NOZ617-12-27-13-18,164.18695277549793
4784c2-NOZ620-12-27-18-47,141.1225102378624
4784c2-NOZ625-12-27-17-17,153.91496034237514
4784c2-NOZ626-12-22-17-24,228.6402930723028
4784c2-NOZ631-11-15-15-28,104.66379069518528
4784c2-NOZ631-12-22-15-22,204.3679957576087
4784c2-NOZ638-11-14-20-08,93.9412735404591
4784c2-NOZ638-12-21-20-17,134.77251084019753
4784c2-NOZ639-11-07-17-22,94.3958355542978
4784c2-NOZ8C-11-13-21-07,219.9603006221717
4784c2-NOZ9BH-11-01-15-38,222.42440344685272
4784c2-NOZ9BH-11-13-12-09,169.81971151118563
4784c2-NOZ9BH-11-29-15-45,204.08850468759258
47873f-NOZ191-12-28-17-25,103.28645446674297
47873f-NOZ9BH-12-28-15-59,234.21172424788836
478741-NOZ181-11-23-06-07,166.59690749618372
478741-NOZ182-11-12-07-29,201.5399951989106
478741-NOZ183-11-23-09-32,114.49616473477917
478741-NOZ1BG-11-11-06-13,960.394412531132
478741-NOZ1BG-12-23-10-02,1139.6949279616629
478741-NOZ1TT-11-06-14-35,272.56363008290464
478741-NOZ1TT-11-18-14-47,184.64423067875487
478741-NOZ1TT-12-20-14-32,91.24675202879921
478741-NOZ276-11-21-16-07,198.1927958967969
478741-NOZ276-11-22-16-43,217.72827607414837
478741-NOZ277-11-21-18-11,65.32425434117015
478741-NOZ345-11-04-09-43,1162.141331212566
478741-NOZ346-12-21-15-24,959.6356037380565
478741-NOZ347-12-21-17-22,1035.9936825719617
478741-NOZ4HF-11-09-07-03,229.86133491393736
478741-NOZ4RZ-11-04-07-46,975.3614866435106
478741-NOZ50A-11-04-16-47,1031.611231886289
478741-NOZ523-11-01-06-30,204.01106300414955
478741-NOZ523-11-02-06-31,146.35923852736883
478741-NOZ523-12-15-06-54,181.406651454644
478741-NOZ526-11-01-08-06,275.6644141273014
478741-NOZ526-11-02-08-01,274.0201446888808
478741-NOZ526-12-15-08-18,381.1545763520085
478741-NOZ530-11-14-09-50,67.17592351132778
478741-NOZ532-11-01-11-02,305.3082965164191
478741-NOZ532-11-02-10-59,279.69561996366747
478741-NOZ534-11-14-12-41,322.19299680181314
478741-NOZ535-11-01-12-31,294.29957528186236
478741-NOZ535-11-02-12-29,67.90760414170988
478741-NOZ536-11-01-14-11,66.44280725460466
478741-NOZ536-11-02-14-14,208.96655927285335
478741-NOZ537-11-14-13-58,111.78816537068023
478741-NOZ538-11-14-15-19,131.14155906678448
478741-NOZ538-12-16-15-37,466.0033584927001
478741-NOZ538-12-27-16-00,178.5760548644584
478741-NOZ540-12-18-16-22,150.4258424492929
478741-NOZ541-11-01-15-46,57.18565178299673
478741-NOZ541-11-02-15-38,53.82883405882274
478741-NOZ543-12-16-18-03,298.8295960079314
478741-NOZ543-12-27-17-18,287.1976509894464
478741-NOZ544-11-02-17-10,105.96917978528602
478741-NOZ545-12-18-17-59,80.62891975603019
478741-NOZ546-12-16-20-25,175.98810495754623
478741-NOZ546-12-18-19-13,215.52971424713016
478741-NOZ546-12-27-18-43,245.8041979967706
478741-NOZ547-11-01-18-24,66.55069589393229
478741-NOZ547-11-02-18-24,58.42872781474932
478741-NOZ549-11-14-19-25,65.37828758871457
478741-NOZ549-12-27-19-54,124.26361634404893
478741-NOZ550-12-14-20-21,78.06864492893793
478741-NOZ555-12-18-20-30,217.37802078642363
478741-NOZ55J-11-04-18-38,982.0527682120298
478741-NOZ56U-11-10-18-52,1194.1902296874046
478741-NOZ56U-12-22-20-29,997.24482731287
478741-NOZ5AY-11-01-09-21,229.77298470746945
478741-NOZ5AY-11-02-09-34,180.4510549575704
478741-NOZ5AY-12-15-09-30,249.2039439509601
478741-NOZ5PY-11-18-16-23,115.14721731644049
478741-NOZ601-11-07-05-45,360.75872772359094
478741-NOZ601-11-09-05-35,385.24650163350947
478741-NOZ602-11-08-06-06,159.8176661757008
478741-NOZ607-11-10-07-01,167.0529898785447
478741-NOZ608-11-07-09-47,105.31237524033041
478741-NOZ608-11-09-09-45,198.62803664466725
478741-NOZ609-11-08-07-27,84.31859500547584
478741-NOZ611-11-07-08-26,198.13698720505684
478741-NOZ611-11-09-08-30,242.09485464900862
478741-NOZ612-11-09-12-26,134.74862952822957
478741-NOZ617-11-07-11-01,187.72096784614197
478741-NOZ617-11-09-11-04,364.80705077817004
478741-NOZ620-11-09-15-20,239.13509594140774
478741-NOZ625-11-07-14-08,233.10065984731386
478741-NOZ625-11-09-13-59,169.80757276827646
478741-NOZ628-11-06-17-28,200.37823121122145
478741-NOZ628-11-18-18-08,58.33156002336391
478741-NOZ632-11-09-18-00,221.28430972406932
478741-NOZ637-11-09-16-42,91.76343803810175
478741-NOZ638-11-06-20-18,218.85408305755823
478741-NOZ638-11-08-20-09,165.32030612536545
478741-NOZ645-11-06-18-48,282.30427588685984
478741-NOZ645-11-18-20-23,49.326041086106784
478741-NOZ6CF-11-03-08-05,1351.8050785380035
478741-NOZ6TM-11-22-19-40,100.44680178133571
478741-NOZ8920-12-28-06-34,405.33313949016235
478742-NOZ133-12-18-15-53,295.13102599475815
478742-NOZ144-11-21-15-47,49.92047887894394
478742-NOZ145-11-21-16-51,229.0651221355427
478742-NOZ182-11-30-07-39,106.02459097303027
478742-NOZ191-11-18-17-55,140.72465584346605
478742-NOZ1BG-12-07-06-35,997.8646386104433
478742-NOZ1BG-12-16-06-25,1141.3110314511437
478742-NOZ1BG-12-27-06-15,1072.0118583528001
478742-NOZ1TT-12-16-16-22,58.832495509388266
478742-NOZ1TT-12-21-14-48,167.86399336552685
478742-NOZ270-12-30-07-27,129.16708269741093
478742-NOZ271-12-10-07-32,186.30939537924687
478742-NOZ276-11-29-15-51,417.2857768134659
478742-NOZ278-12-09-19-00,167.72878613940236
478742-NOZ346-12-11-14-41,948.5783802741854
478742-NOZ347-12-11-16-32,1099.663027126334
478742-NOZ3JE-11-11-06-55,240.49220382737246
478742-NOZ3JE-11-15-06-57,262.9243805863417
478742-NOZ50A-11-22-17-34,1000.0306854796714
478742-NOZ50A-12-22-17-29,1037.866356242899
478742-NOZ522-11-17-06-10,191.10663593625182
478742-NOZ524-12-02-07-07,242.1997676315641
478742-NOZ524-12-17-08-41,192.43572216883825
478742-NOZ525-11-17-07-25,185.84996707961037
478742-NOZ525-12-04-11-30,233.8958945549676
478742-NOZ530-11-29-09-52,278.9227645429997
478742-NOZ531-11-29-11-06,204.2933647697855
478742-NOZ531-12-17-10-15,265.2693460755031
478742-NOZ532-12-17-12-13,218.5469663463458
478742-NOZ534-11-29-12-36,286.91033455403743
478742-NOZ534-12-04-13-25,192.40669087585204
478742-NOZ537-11-29-13-58,184.44723915471639
478742-NOZ537-12-04-14-45,230.40737062362837
478742-NOZ537-12-09-14-40,366.6574615943279
478742-NOZ537-12-20-14-13,73.79527502710269
478742-NOZ540-11-17-16-15,181.21118459449977
478742-NOZ540-12-04-16-20,194.99246085593634
478742-NOZ540-12-06-16-19,64.49446079985412
478742-NOZ545-11-17-17-42,77.9343096190689
478742-NOZ545-12-04-17-34,168.69245359164847
478742-NOZ545-12-06-17-35,63.62141629303714
478742-NOZ545-12-29-19-51,121.56445238784156
478742-NOZ546-12-04-18-58,221.72070253385058
478742-NOZ555-12-04-20-30,308.715713932724
478742-NOZ55J-11-22-19-16,1332.1495410933599
478742-NOZ55J-12-22-19-30,1083.8252655482822
478742-NOZ56U-12-06-19-08,1062.5756444888411
478742-NOZ56U-12-15-20-11,1157.6646290307415
478742-NOZ56U-12-26-23-04,1117.2461514891882
478742-NOZ607-11-16-06-59,94.33083684534571
478742-NOZ608-11-13-09-56,192.41401462665118
478742-NOZ611-11-13-08-28,169.7187172768118
478742-NOZ617-11-13-11-14,157.96036711240836
478742-NOZ620-11-13-15-29,167.5013404338009
478742-NOZ625-11-13-14-00,71.14358258270083
478742-NOZ628-12-16-20-11,78.08667814919595
478742-NOZ628-12-21-17-45,68.99420147929818
478742-NOZ632-11-13-18-15,167.44322242144554
478742-NOZ638-11-10-20-24,143.3034950420019
478742-NOZ645-12-16-21-30,216.07445682096244
478742-NOZ645-12-21-19-15,68.12979629894978
478742-NOZ647-11-13-19-36,138.02789227944993
478742-NOZ648-11-13-20-58,238.67686700558957
478742-NOZ6TM-11-29-18-46,170.5480395260922
478742-NOZ7C-12-30-08-36,84.32649323943245
478742-NOZ9BH-11-18-16-32,113.25433094117706
478742-NOZ9BH-12-30-15-48,134.65306210368743
47875a-NOZ181-12-07-06-10,151.98064270311082
47875a-NOZ181-12-14-06-41,135.0540463255073
47875a-NOZ182-12-14-08-07,227.05548345965133
47875a-NOZ183-12-07-08-44,67.44650327515107
47875a-NOZ183-12-14-09-21,123.67731995416808
47875a-NOZ191-11-25-17-31,207.47757581329182
47875a-NOZ191-12-07-17-06,102.43510752617202
47875a-NOZ1TT-11-23-14-58,220.50319066173645
47875a-NOZ1TT-12-02-14-51,212.12524932574775
47875a-NOZ1YA-12-15-14-41,70.63396777732372
47875a-NOZ270-11-11-07-19,201.42959311262578
47875a-NOZ270-11-23-08-11,129.17030175457856
47875a-NOZ270-12-16-08-06,260.3975129572112
47875a-NOZ271-11-11-06-07,322.5557138668395
47875a-NOZ271-12-16-06-19,161.05732974594312
47875a-NOZ276-12-12-15-58,95.16377001904237
47875a-NOZ276-12-13-16-21,127.15933086897611
47875a-NOZ277-12-06-17-34,66.2678462960301
47875a-NOZ277-12-12-17-22,88.30803174110865
47875a-NOZ277-12-13-18-13,117.0570941887393
47875a-NOZ278-11-10-18-57,101.0758738244849
47875a-NOZ278-12-15-19-48,215.78733189741297
47875a-NOZ2UC-11-15-16-06,243.88213218091357
47875a-NOZ2UC-11-21-16-17,295.8482065277292
47875a-NOZ2UC-11-28-16-11,124.66034247697662
47875a-NOZ345-12-10-11-30,984.12819732459
47875a-NOZ345-12-15-10-31,1123.5240734358163
47875a-NOZ346-12-01-14-44,986.0802521517207
47875a-NOZ347-12-01-16-37,1230.8709010207424
47875a-NOZ4RZ-12-10-09-40,924.5669697856321
47875a-NOZ4RZ-12-15-07-54,892.476994023582
47875a-NOZ50A-12-14-17-07,1093.913294565493
47875a-NOZ522-11-24-06-18,261.18412644669064
47875a-NOZ525-11-24-07-29,140.07806827578025
47875a-NOZ538-11-02-15-19,186.02929260486076
47875a-NOZ538-12-05-16-27,201.37531790882812
47875a-NOZ540-11-10-16-23,210.7775751927628
47875a-NOZ540-12-15-16-10,94.24983155243241
47875a-NOZ543-11-02-16-34,102.56521936119138
47875a-NOZ543-12-05-17-40,231.35554053987383
47875a-NOZ545-11-10-17-43,298.0576379124084
47875a-NOZ546-11-02-18-10,219.15955951907205
47875a-NOZ546-12-05-19-04,326.9949459463499
47875a-NOZ549-11-02-19-21,60.85260969028652
47875a-NOZ549-12-05-20-17,309.81427061874143
47875a-NOZ55J-12-14-18-57,1120.8860599410145
47875a-NOZ58Z-11-11-14-33,264.2165322327439
47875a-NOZ5PY-11-23-16-14,153.78670896264651
47875a-NOZ5PY-12-02-16-12,126.85023320551973
47875a-NOZ602-11-03-06-06,262.0172676669621
47875a-NOZ609-11-03-07-31,96.28856512010509
47875a-NOZ628-11-23-18-02,60.9258819209723
47875a-NOZ628-12-02-17-45,85.49597338254294
47875a-NOZ639-11-15-17-22,228.19917496364042
47875a-NOZ639-11-21-17-27,110.78712613331149
47875a-NOZ639-11-28-17-22,49.60796399838288
47875a-NOZ645-11-23-19-08,203.5102729520705
47875a-NOZ645-12-02-18-54,105.9677182892916
47875a-NOZ7C-11-11-08-44,67.57246138743012
47875a-NOZ9BH-11-25-15-35,137.24239194014845
47875a-NOZ9BH-12-07-15-46,197.58809253193368
47875a-NOZ9PL-11-17-07-33,224.95688677637636
47875c-NOZ132-11-10-14-02,48.731285863786496
47875c-NOZ133-11-10-15-08,275.96464517898755
47875c-NOZ141-12-05-08-04,307.02857016029907
47875c-NOZ141-12-19-08-20,39.629762595868364
47875c-NOZ144-12-08-15-16,166.9535318521217
47875c-NOZ181-11-28-05-59,99.55367760099178
47875c-NOZ181-12-10-09-02,170.23544702898005
47875c-NOZ182-11-28-07-41,99.33142320138278
47875c-NOZ182-12-10-07-49,104.80558131121016
47875c-NOZ183-11-28-08-56,165.59881135541946
47875c-NOZ191-11-30-16-56,159.27227813751654
47875c-NOZ191-12-13-17-22,160.2190355410764
47875c-NOZ191-12-15-17-06,68.41551865164259
47875c-NOZ1BG-12-15-07-11,916.279348175833
47875c-NOZ2DC-11-03-06-03,109.20281018848034
47875c-NOZ2DC-11-04-05-59,269.7020439976596
47875c-NOZ2DC-11-09-06-02,94.5709401235835
47875c-NOZ2DC-11-16-06-05,127.60874966381313
47875c-NOZ2DC-11-23-05-57,52.12302680005974
47875c-NOZ2GH-11-06-14-59,148.94790795199523
47875c-NOZ345-12-03-11-23,1257.4535819806372
47875c-NOZ3JE-11-02-07-00,232.26548375113762
47875c-NOZ3JE-11-03-06-52,231.2718141830769
47875c-NOZ3JE-11-07-08-10,233.84299218819083
47875c-NOZ3JE-11-09-07-01,235.9547081609765
47875c-NOZ3JE-11-16-07-10,167.110780163687
47875c-NOZ3JE-11-21-07-04,162.29730731144392
47875c-NOZ3JE-11-22-06-56,244.69218622965568
47875c-NOZ3JE-11-23-06-55,269.55737729013595
47875c-NOZ3JE-11-24-07-05,277.8741649287508
47875c-NOZ40A-12-10-11-13,74.34721859291243
47875c-NOZ4HF-11-08-06-59,159.2343772448311
47875c-NOZ4HF-11-10-07-03,248.1820471316112
47875c-NOZ4RZ-12-03-09-20,1196.42787441944
47875c-NOZ522-11-29-06-02,57.9277548588962
47875c-NOZ522-12-12-06-12,124.21875981849497
47875c-NOZ525-12-12-07-20,116.39054297138084
47875c-NOZ530-12-14-09-58,160.37200713566435
47875c-NOZ530-12-15-10-23,146.81865835504723
47875c-NOZ531-12-14-11-06,166.30954570822908
47875c-NOZ531-12-15-11-35,230.89078058010747
47875c-NOZ534-12-14-12-43,210.06038264339566
47875c-NOZ534-12-15-12-57,216.52991508383826
47875c-NOZ537-12-15-14-10,150.06175729128137
47875c-NOZ538-12-30-15-16,135.41919115755127
47875c-NOZ543-12-30-16-47,60.07009633557031
47875c-NOZ545-12-14-17-26,64.63093186996139
47875c-NOZ546-12-30-18-13,77.0323022516275
47875c-NOZ56U-12-14-18-56,951.7681182295039
47875c-NOZ601-11-08-05-36,76.43100290977799
47875c-NOZ601-11-10-05-36,223.4011777914197
47875c-NOZ607-11-11-07-08,9.844503595273691
47875c-NOZ607-11-25-07-06,142.60537250363373
47875c-NOZ608-11-08-09-39,140.83076482105656
47875c-NOZ608-11-10-09-44,286.3401944205388
47875c-NOZ60M-12-07-16-25,172.9928186058078
47875c-NOZ611-11-08-08-24,53.51342067642607
47875c-NOZ611-11-10-08-20,161.81449272365893
47875c-NOZ612-11-08-12-21,193.41558909011522
47875c-NOZ612-11-10-12-27,172.63238603368129
47875c-NOZ614-11-20-13-57,75.31871277331481
47875c-NOZ617-11-08-10-58,267.2292715656228
47875c-NOZ617-11-10-11-10,86.76426938937463
47875c-NOZ620-11-08-15-22,198.29766150521036
47875c-NOZ620-11-23-15-51,145.37624228144625
47875c-NOZ623-11-20-12-34,139.27431519650705
47875c-NOZ624-11-06-16-21,263.31329813650126
47875c-NOZ625-11-08-13-56,226.41088345508965
47875c-NOZ625-11-23-14-03,167.36238119156528
47875c-NOZ626-11-02-16-45,233.01228743240148
47875c-NOZ626-11-07-17-04,149.40926192761316
47875c-NOZ626-11-09-16-42,247.00277303434007
47875c-NOZ626-11-15-16-56,229.1494176108133
47875c-NOZ626-11-16-16-41,98.6946605257329
47875c-NOZ626-11-18-17-13,168.84634102203478
47875c-NOZ631-11-02-15-23,138.17235896648754
47875c-NOZ631-11-07-15-30,291.0122452106588
47875c-NOZ631-11-09-15-23,223.2062106146179
47875c-NOZ631-11-16-15-24,142.6254603771449
47875c-NOZ631-11-18-15-40,88.10090009934815
47875c-NOZ631-11-20-15-38,92.35343601040063
47875c-NOZ632-11-08-18-00,126.15266127689476
47875c-NOZ632-11-23-18-40,146.2214636257199
47875c-NOZ634-11-20-20-06,184.41584875984333
47875c-NOZ637-11-08-16-38,128.48900258084484
47875c-NOZ643-11-20-18-24,140.70413603677073
47875c-NOZ64N-11-11-16-55,193.70405007943197
47875c-NOZ6TM-11-27-20-11,244.1859045556763
47875c-NOZ8820-11-17-13-44,84.54598615913399
47875c-NOZ8821-11-17-16-52,195.555234426593
47875c-NOZ9BH-11-30-15-33,198.2495687813129
47875c-NOZ9WB-11-17-07-35,369.9739733211373
47875c-NOZ9WB-11-18-07-29,411.4947041367903
478772-NOZ181-12-20-07-39,143.9989457838534
478772-NOZ191-11-04-17-33,75.38059468238193
478772-NOZ191-11-17-16-57,170.9387343653324
478772-NOZ191-12-08-17-41,136.80837744599137
478772-NOZ191-12-19-18-25,414.3212097635407
478772-NOZ191-12-20-17-20,179.56966575035148
478772-NOZ194-11-06-19-12,229.95084018284155
478772-NOZ195-11-06-20-33,174.6904875527034
478772-NOZ1BG-11-15-06-20,1045.025829069804
478772-NOZ1BG-11-17-06-06,1148.0400667644087
478772-NOZ1BG-12-08-06-31,992.7051022824093
478772-NOZ271-12-21-06-16,366.98731566051595
478772-NOZ276-11-24-16-07,132.17958283256905
478772-NOZ2BE-11-11-12-46,1656.1741295550498
478772-NOZ2DC-12-27-06-26,224.24309694444756
478772-NOZ2UC-11-06-16-14,178.3509858812255
478772-NOZ347-12-04-16-59,955.4922862787453
478772-NOZ4HF-11-24-07-12,134.79683309965023
478772-NOZ50A-11-15-16-37,1108.634979045675
478772-NOZ50A-11-21-16-40,1011.6311138488363
478772-NOZ50A-12-06-16-57,973.9145750050029
478772-NOZ521-11-29-05-31,176.4897394747557
478772-NOZ521-11-30-05-36,246.10350530578924
478772-NOZ521-12-01-05-26,202.27863510378302
478772-NOZ521-12-02-05-28,230.09009369425743
478772-NOZ522-11-22-06-24,299.7540769616747
478772-NOZ522-12-13-06-10,252.66214964704656
478772-NOZ523-11-26-06-03,79.96270174756175
478772-NOZ523-11-28-06-30,90.56166059658902
478772-NOZ524-11-26-07-35,142.4131171855939
478772-NOZ524-11-29-06-59,311.7624042366595
478772-NOZ524-11-30-07-04,293.824521858074
478772-NOZ524-12-01-07-01,99.60111581794648
478772-NOZ525-12-13-07-24,289.1922223054919
478772-NOZ526-11-28-07-57,273.4524508853569
478772-NOZ530-11-17-09-59,63.96603483553323
478772-NOZ530-11-21-10-13,232.42157992380461
478772-NOZ530-11-27-09-32,184.91214361860617
478772-NOZ530-12-08-09-49,389.62365011896463
478772-NOZ531-11-17-11-19,195.7976617689832
478772-NOZ531-11-21-11-21,239.6782830319592
478772-NOZ531-11-27-08-01,70.09928835403349
478772-NOZ531-12-08-11-08,171.98910320324998
478772-NOZ532-11-26-10-17,76.05571521247002
478772-NOZ532-11-27-12-17,251.60384853519224
478772-NOZ532-11-28-10-57,345.9196323873447
478772-NOZ534-11-21-12-42,176.69101303504624
478772-NOZ534-12-08-12-46,350.66478935166054
478772-NOZ534-12-16-14-07,176.7290469057332
478772-NOZ535-11-27-14-01,53.498583178326584
478772-NOZ535-11-28-12-31,303.392451497154
478772-NOZ536-11-28-14-16,83.10263975983791
478772-NOZ536-12-18-14-57,244.27391751704752
478772-NOZ537-11-17-14-14,140.9975095832535
478772-NOZ537-11-21-13-57,239.45250548248714
478772-NOZ537-12-08-14-18,113.76257862154564
478772-NOZ537-12-16-17-54,277.17474976952417
478772-NOZ538-11-25-15-19,211.13008463797487
478772-NOZ538-11-27-15-30,136.1310037452598
478772-NOZ540-12-07-16-29,332.16525963689605
478772-NOZ541-11-28-15-43,173.57206355190294
478772-NOZ543-11-01-16-34,162.35198182628696
478772-NOZ543-11-25-16-42,206.29251396347536
478772-NOZ543-11-27-16-52,229.90259887806155
478772-NOZ544-11-27-18-21,166.9298797055815
478772-NOZ544-11-28-17-17,148.13878662174903
478772-NOZ545-12-07-17-39,245.30445229051645
478772-NOZ546-11-25-18-20,223.1482391864781
478772-NOZ549-11-27-19-47,128.91177445427059
478772-NOZ550-11-27-21-05,214.8188546111392
478772-NOZ55J-11-15-18-29,992.1146723130236
478772-NOZ55J-11-21-18-28,1052.3395429012883
478772-NOZ55J-12-06-18-44,1012.1036942942972
478772-NOZ56U-11-14-19-13,931.7396113726211
478772-NOZ56U-11-16-19-03,1007.9466545822473
478772-NOZ56U-12-07-19-08,972.8724764689927
478772-NOZ5AY-11-27-10-57,134.54520261117756
478772-NOZ5AY-11-28-09-20,227.9681688512001
478772-NOZ5PR-11-18-16-00,450.7140033043338
478772-NOZ601-11-24-05-35,55.17665442152258
478772-NOZ602-11-09-07-05,90.34334804792536
478772-NOZ602-11-16-06-02,125.39390856170989
478772-NOZ602-12-06-06-05,135.86425823820258
478772-NOZ608-11-24-10-05,107.83323371209451
478772-NOZ608-12-28-10-15,184.2871517290198
478772-NOZ609-11-09-08-18,203.9212611424669
478772-NOZ609-11-16-07-25,133.11367544061807
478772-NOZ609-12-06-07-23,83.81151819632817
478772-NOZ611-11-24-08-28,200.00207419771925
478772-NOZ611-12-28-08-43,80.44484624170363
478772-NOZ612-11-24-12-43,15.505254674043133
478772-NOZ617-11-24-11-21,212.41525724739563
478772-NOZ625-11-24-14-02,156.2405145690027
478772-NOZ626-12-27-16-51,68.08703475455461
478772-NOZ638-11-23-20-28,266.1067736538138
478772-NOZ639-12-09-17-32,122.95192420821938
478772-NOZ639-12-16-21-45,116.30473997615752
478772-NOZ64N-12-23-17-53,83.00178649239807
478772-NOZ6CF-11-11-08-14,1776.9784951084325
478772-NOZ6TC-11-11-17-22,1485.1258016873821
478772-NOZ6TM-12-19-20-36,129.56588613953596
478772-NOZ9BH-11-17-15-36,71.78055889947964
478772-NOZ9BH-12-08-15-49,176.3446794408356
478772-NOZ9BH-12-19-16-57,142.70681245379606
478772-NOZ9BH-12-20-15-53,214.09788518646633
47878c-NOZ132-11-08-13-59,67.07692093363873
47878c-NOZ133-11-08-15-00,241.9728193186164
47878c-NOZ133-11-11-15-05,203.9603001266002
47878c-NOZ140-11-23-06-59,37.84814655040599
47878c-NOZ141-11-22-08-14,228.7150614276215
47878c-NOZ141-11-23-07-58,128.04121402701355
47878c-NOZ194-11-27-18-56,524.420129264708
47878c-NOZ195-11-27-20-17,337.2178870689616
47878c-NOZ1BG-11-16-06-05,1283.7566708814702
47878c-NOZ1BG-12-14-06-01,1069.1920695246913
47878c-NOZ270-12-27-07-43,56.14288723786359
47878c-NOZ2DC-12-07-06-11,110.23605702307809
47878c-NOZ2UC-11-27-16-10,89.65974400129495
47878c-NOZ345-11-01-09-37,1295.8039815562706
47878c-NOZ345-12-28-09-49,1279.79086390903
47878c-NOZ346-12-27-14-37,965.6334944248389
47878c-NOZ347-12-27-17-01,984.470758390869
47878c-NOZ3JE-11-10-06-57,122.87330587788031
47878c-NOZ4HF-11-03-06-59,224.41144857273937
47878c-NOZ4HF-11-14-07-09,212.69231940892928
47878c-NOZ4HF-12-06-07-23,124.3238569995798
47878c-NOZ4HF-12-08-07-12,56.91811017041605
47878c-NOZ4RZ-11-01-07-37,1229.0168016659263
47878c-NOZ4RZ-12-28-07-55,1127.0506274774223
47878c-NOZ530-11-15-09-58,132.87329069317818
47878c-NOZ531-11-15-11-10,264.00253539080165
47878c-NOZ534-11-15-12-42,246.39104457169324
47878c-NOZ540-11-15-16-04,236.95456213965255
47878c-NOZ540-12-13-16-29,159.5504371506023
47878c-NOZ545-11-15-17-31,162.98990410336742
47878c-NOZ545-12-13-17-44,76.1800676119422
47878c-NOZ56U-11-15-18-55,1043.0782453405268
47878c-NOZ56U-12-13-19-17,914.9657077502967
47878c-NOZ601-11-03-05-34,204.68996038455373
47878c-NOZ601-11-14-05-33,108.95476239319191
47878c-NOZ601-12-06-05-32,121.37009715523124
47878c-NOZ601-12-08-05-59,137.2467812064571
47878c-NOZ602-11-17-06-04,251.9068186351583
47878c-NOZ605-11-02-06-42,78.43595614788053
47878c-NOZ605-11-07-06-35,67.77914732851805
47878c-NOZ605-11-09-06-29,140.97749052451047
47878c-NOZ605-11-11-06-32,93.82638143937027
47878c-NOZ605-12-12-06-30,176.86467365387333
47878c-NOZ606-11-02-08-04,140.33183291480174
47878c-NOZ606-11-09-07-59,115.24171565626905
47878c-NOZ606-11-11-08-05,174.32428105488808
47878c-NOZ606-12-12-08-07,180.89576467731598
47878c-NOZ608-11-03-09-47,150.20080653258958
47878c-NOZ608-11-14-09-46,134.73674915112238
47878c-NOZ608-12-06-09-43,186.95983391570732
47878c-NOZ608-12-08-09-51,144.79581318246963
47878c-NOZ609-11-17-07-34,132.34584538887714
47878c-NOZ611-11-03-08-23,187.17109589604257
47878c-NOZ611-11-14-08-31,62.59068575783525
47878c-NOZ611-12-06-08-28,96.49274215275727
47878c-NOZ611-12-08-08-37,85.85689094170858
47878c-NOZ612-11-03-12-32,241.98498894734817
47878c-NOZ612-12-06-12-28,141.43636390088392
47878c-NOZ612-12-08-12-38,90.19668755381193
47878c-NOZ614-12-11-14-37,127.06902981761148
47878c-NOZ617-11-03-11-06,107.60528121595999
47878c-NOZ617-12-06-10-58,91.5889813275934
47878c-NOZ620-11-03-15-24,177.54560627138503
47878c-NOZ620-12-06-15-30,149.86573119465015
47878c-NOZ620-12-08-15-31,223.98565073867113
47878c-NOZ623-12-11-13-06,169.92800236180258
47878c-NOZ625-12-06-13-50,72.06581862695982
47878c-NOZ625-12-08-13-58,138.95557488166543
47878c-NOZ626-11-10-16-54,282.74810606729216
47878c-NOZ626-12-07-16-46,120.80382346818405
47878c-NOZ626-12-09-16-55,220.41553083057156
47878c-NOZ631-11-04-15-32,123.78511137688925
47878c-NOZ631-11-10-15-32,163.8454041151923
47878c-NOZ631-12-07-15-31,136.120638693708
47878c-NOZ632-11-03-18-07,204.36958440767256
47878c-NOZ632-12-06-18-17,106.96858197827197
47878c-NOZ632-12-08-18-11,317.4195021723019
47878c-NOZ637-12-08-16-51,170.97457319665634
47878c-NOZ638-11-01-20-00,257.25145475739237
47878c-NOZ638-12-05-20-12,173.70285019322725
47878c-NOZ639-11-27-17-32,269.27590774706755
47878c-NOZ7C-12-27-08-49,213.31766790535795
47878c-NOZ8GN-11-18-07-11,376.3035846023128
47878d-NOZ132-11-29-13-57,41.15167090888344
47878d-NOZ132-12-29-14-04,68.71991088446623
47878d-NOZ133-11-07-14-53,199.3159486630993
47878d-NOZ133-11-29-14-51,215.08014882706416
47878d-NOZ181-11-01-06-03,202.46646661025105
47878d-NOZ181-12-09-06-38,174.69657669233445
47878d-NOZ182-11-01-07-34,226.59294112499907
47878d-NOZ182-12-09-08-06,218.06994747557113
47878d-NOZ183-11-01-08-49,199.2541620570156
47878d-NOZ183-12-04-08-06,230.02464512741693
47878d-NOZ183-12-09-09-28,172.09732657861778
47878d-NOZ183-12-25-10-41,105.40992032350928
47878d-NOZ191-11-23-17-18,218.9234480445507
47878d-NOZ1BG-11-12-06-04,1077.710980306658
47878d-NOZ1BG-12-06-06-15,1087.4129177304171
47878d-NOZ1TT-11-15-14-39,99.51736401414364
47878d-NOZ1TT-11-25-14-47,80.21250891420632
47878d-NOZ272-12-04-15-46,167.7759462297335
47878d-NOZ275-12-04-17-02,135.1180502010728
47878d-NOZ276-12-18-13-42,279.1693727035523
47878d-NOZ277-12-18-15-30,123.12698133542
47878d-NOZ278-12-06-19-16,292.39327080091687
47878d-NOZ2KT-12-06-16-26,126.66469193842889
47878d-NOZ345-11-15-09-32,1158.7145620761878
47878d-NOZ345-11-28-09-43,1142.240379634172
47878d-NOZ346-11-09-14-35,951.911096445155
47878d-NOZ346-11-14-14-40,1039.1102389350347
47878d-NOZ347-11-09-16-32,976.6189071451978
47878d-NOZ347-11-14-16-37,1051.0070171166408
47878d-NOZ3DB-11-18-18-19,62.093552713125675
47878d-NOZ3J-11-18-15-26,82.01190565440223
47878d-NOZ4RZ-11-15-07-36,1057.6492278130218
47878d-NOZ4RZ-11-28-07-46,1007.5466324270852
47878d-NOZ50A-11-08-16-41,980.3615275158121
47878d-NOZ50A-11-27-16-42,748.4214962701114
47878d-NOZ50A-12-27-16-50,1157.7864453233706
47878d-NOZ522-11-03-06-02,102.24666811589852
47878d-NOZ522-11-23-06-34,275.56462058184206
47878d-NOZ525-11-03-07-20,170.94064885055317
47878d-NOZ525-11-23-07-42,155.67439317260767
47878d-NOZ530-12-06-10-01,236.86634494604266
47878d-NOZ531-12-06-11-11,71.46290591444563
47878d-NOZ534-12-06-12-37,165.0740807859355
47878d-NOZ537-12-06-13-53,129.56874993648452
47878d-NOZ545-12-02-17-26,200.09868873120016
47878d-NOZ55J-11-08-18-37,1063.162415039577
47878d-NOZ55J-11-27-18-49,1359.950899922468
47878d-NOZ55J-12-27-18-42,1095.2236542152532
47878d-NOZ56U-11-11-19-08,803.1195683009087
47878d-NOZ56U-12-05-18-58,1105.517778464711
47878d-NOZ5PY-11-15-16-03,67.97715940757384
47878d-NOZ5PY-11-25-16-11,87.5488335048959
47878d-NOZ602-11-14-06-06,219.72322652879103
47878d-NOZ602-12-20-07-11,138.02746535754468
47878d-NOZ605-11-17-06-39,89.37698809643975
47878d-NOZ606-12-28-08-23,207.83803549702384
47878d-NOZ607-11-08-07-00,283.7455991931885
47878d-NOZ607-11-18-07-00,103.6542330095376
47878d-NOZ607-11-30-06-58,64.03093798189111
47878d-NOZ608-11-05-09-10,183.82536554554576
47878d-NOZ608-11-06-09-44,114.81926356859067
47878d-NOZ608-12-30-09-52,238.32254402840093
47878d-NOZ609-11-14-07-27,61.45320954241277
47878d-NOZ609-12-20-08-37,121.71022275018335
47878d-NOZ611-11-06-08-27,20.01588977805776
47878d-NOZ612-11-06-12-42,212.9703206024061
47878d-NOZ612-12-30-12-54,146.81951098987136
47878d-NOZ617-11-06-11-08,370.0813018861737
47878d-NOZ617-12-30-11-25,85.6165797217968
47878d-NOZ620-11-06-15-31,278.41700114653617
47878d-NOZ620-11-17-15-38,47.72377718147314
47878d-NOZ620-12-30-15-55,95.6923699548252
47878d-NOZ625-11-06-14-10,281.3316129153705
47878d-NOZ625-11-17-14-06,108.97686812636485
47878d-NOZ625-12-30-14-18,137.1617697666555
47878d-NOZ628-11-15-17-29,80.84990719891054
47878d-NOZ628-11-25-17-29,147.44319684523373
47878d-NOZ632-11-06-18-21,273.04634250815883
47878d-NOZ632-11-07-19-55,118.60462069674183
47878d-NOZ637-11-06-16-59,104.42080124923389
47878d-NOZ637-11-07-18-29,273.46439323372493
47878d-NOZ637-11-17-16-57,111.42913698661702
47878d-NOZ638-11-28-20-07,148.9645265343362
47878d-NOZ645-11-25-18-49,169.7791945177752
47878d-NOZ647-11-06-19-40,205.7433439137269
47878d-NOZ648-11-06-21-05,311.51629197104444
47878d-NOZ6TM-12-02-19-02,226.16741511915785
47878d-NOZ6TM-12-08-19-13,240.47405541293236
47878d-NOZ9BH-11-23-15-55,101.657536842903
47878d-NOZ9BH-12-09-16-22,277.80733751940073
47878d-NOZ9BH-12-21-15-45,107.32061019070764
4787a0-NOZ141-11-09-08-10,170.99450438843158
4787a0-NOZ142-11-13-12-12,352.88080588510803
4787a0-NOZ143-11-13-14-38,103.37894775682294
4787a0-NOZ145-11-07-16-47,138.19302096636454
4787a0-NOZ145-11-09-16-44,222.67707734288555
4787a0-NOZ181-12-17-10-02,60.035684096747566
4787a0-NOZ182-12-17-08-30,347.9708572944395
4787a0-NOZ191-12-27-17-29,61.07977240400529
4787a0-NOZ1BG-11-29-05-59,1220.8441606046129
4787a0-NOZ1BG-12-03-06-00,970.0221697258917
4787a0-NOZ1BG-12-20-06-08,964.5017296174153
4787a0-NOZ1TT-12-08-14-35,141.11940440038768
4787a0-NOZ270-11-17-07-28,189.04038238905156
4787a0-NOZ270-11-24-07-44,217.50112301050558
4787a0-NOZ270-12-28-08-05,94.78241407842759
4787a0-NOZ271-11-24-06-09,103.93140979227563
4787a0-NOZ271-11-26-07-34,253.9482086212872
4787a0-NOZ271-12-14-06-28,53.975464055733305
4787a0-NOZ276-12-15-16-31,264.42136053018686
4787a0-NOZ277-12-05-18-09,99.88659018563133
4787a0-NOZ278-11-16-18-57,250.91109199782755
4787a0-NOZ278-11-23-19-29,170.06212079616697
4787a0-NOZ278-12-13-19-06,313.6566367126256
4787a0-NOZ2DC-12-09-05-56,77.90385555077005
4787a0-NOZ2GH-12-11-15-03,69.2297444707681
4787a0-NOZ2UC-11-01-16-05,190.07150407163067
4787a0-NOZ345-12-31-11-23,1072.0066769188209
4787a0-NOZ346-11-11-14-35,974.7694481507616
4787a0-NOZ346-12-29-16-30,1103.4084634157484
4787a0-NOZ347-11-11-16-35,942.3029669380278
4787a0-NOZ347-12-29-21-05,1165.2797227837202
4787a0-NOZ3JE-11-30-06-51,251.83627313002458
4787a0-NOZ3JE-12-09-07-05,252.21662480448921
4787a0-NOZ4RZ-12-31-09-26,953.2809822097217
4787a0-NOZ50A-12-21-17-11,1075.3821907922465
4787a0-NOZ530-12-13-10-07,319.32104619522187
4787a0-NOZ531-12-13-11-17,273.94299828514846
4787a0-NOZ534-12-13-12-54,217.17122226199604
4787a0-NOZ537-12-13-14-17,375.3712619647826
4787a0-NOZ538-11-03-15-25,185.7029259357278
4787a0-NOZ538-12-26-15-59,223.639317868362
4787a0-NOZ538-12-28-15-34,276.225859643004
4787a0-NOZ543-11-03-16-54,209.739885114919
4787a0-NOZ543-12-26-17-12,215.57039667029878
4787a0-NOZ546-11-03-18-19,150.51592727519258
4787a0-NOZ546-12-28-18-39,203.70593535340527
4787a0-NOZ549-11-03-19-32,367.339872379869
4787a0-NOZ549-12-28-19-47,80.33141090510942
4787a0-NOZ55J-12-21-19-15,1023.593771392305
4787a0-NOZ56U-11-28-18-54,909.7765157815475
4787a0-NOZ56U-12-02-19-10,954.973604185251
4787a0-NOZ56U-12-19-20-06,1068.1481518274334
4787a0-NOZ607-12-01-07-02,160.53879630568267
4787a0-NOZ607-12-12-07-06,196.04720861446552
4787a0-NOZ608-12-10-08-59,319.3985901689223
4787a0-NOZ609-12-10-07-36,101.1015563441547
4787a0-NOZ624-12-11-16-33,171.04491078775882
4787a0-NOZ626-11-30-16-41,319.32930390146464
4787a0-NOZ628-12-08-17-41,268.0839267135857
4787a0-NOZ631-11-30-15-21,110.95174302005601
4787a0-NOZ638-11-29-20-03,183.99227362037377
4787a0-NOZ638-12-08-20-23,356.6367586510944
4787a0-NOZ639-11-01-17-20,127.74666307664663
4787a0-NOZ639-11-24-17-28,163.44237779549314
4787a0-NOZ645-12-08-18-57,108.82123606063804
4787a0-NOZ7C-11-17-08-46,165.018606306167
4787a0-NOZ7C-12-28-09-40,93.59748510013152
4787a0-NOZ93E-11-16-17-29,195.042031432257
4787b3-NOZ132-12-01-14-05,125.28935902280432
4787b3-NOZ132-12-06-14-06,147.11810789360115
4787b3-NOZ133-12-01-14-56,312.89245233898953
4787b3-NOZ133-12-06-14-53,132.87924545202145
4787b3-NOZ145-12-29-16-12,163.79158032248083
4787b3-NOZ1BG-12-13-06-01,1083.3361761593005
4787b3-NOZ1TT-12-05-14-43,168.63573501293465
4787b3-NOZ270-12-05-07-25,238.7610840702356
4787b3-NOZ271-12-05-06-06,174.8174747267189
4787b3-NOZ345-11-14-10-01,979.6268433059388
4787b3-NOZ345-11-19-11-22,976.2918351587413
4787b3-NOZ345-11-22-09-34,1139.9634897243645
4787b3-NOZ346-11-21-14-40,885.4561723163976
4787b3-NOZ347-11-21-16-38,894.0926159111378
4787b3-NOZ3JE-11-29-07-01,227.09484711797896
4787b3-NOZ3JE-12-01-06-59,278.67786491219465
4787b3-NOZ3VG-12-05-16-06,142.83940972124506
4787b3-NOZ4HF-11-28-07-04,211.08848662530903
4787b3-NOZ4HF-12-07-07-00,96.2068126218893
4787b3-NOZ4RZ-11-14-07-35,949.6939694448098
4787b3-NOZ4RZ-11-19-09-22,1070.0058474747389
4787b3-NOZ4RZ-11-22-07-50,860.6128401740772
4787b3-NOZ50A-11-13-16-35,1124.9165413470055
4787b3-NOZ50A-11-17-16-51,867.3964031291375
4787b3-NOZ521-11-11-05-30,224.85946364524222
4787b3-NOZ523-11-07-06-31,374.59101693713586
4787b3-NOZ524-11-11-07-03,467.3047388807342
4787b3-NOZ525-11-13-11-38,70.51397412269502
4787b3-NOZ526-11-07-07-57,308.0979199286948
4787b3-NOZ530-11-06-09-36,246.74616376845017
4787b3-NOZ531-11-06-08-11,76.95592964045424
4787b3-NOZ532-11-06-12-21,111.0783660283976
4787b3-NOZ532-11-07-11-01,175.46698878457116
4787b3-NOZ534-11-13-13-21,143.16831701547125
4787b3-NOZ535-11-06-13-38,74.69648534239928
4787b3-NOZ535-11-07-12-30,200.53020305106887
4787b3-NOZ535-12-09-12-51,83.16095945534973
4787b3-NOZ535-12-27-13-02,194.1038112198509
4787b3-NOZ536-11-07-14-18,319.8248946172176
4787b3-NOZ536-12-27-14-39,239.8786207602789
4787b3-NOZ538-11-04-15-41,150.4854191189878
4787b3-NOZ538-11-06-15-06,173.20246273981883
4787b3-NOZ541-11-07-15-45,56.8321928430162
4787b3-NOZ541-12-09-15-54,142.40591673712063
4787b3-NOZ541-12-27-15-56,357.5492593315957
4787b3-NOZ543-11-04-17-13,112.88464524534673
4787b3-NOZ543-11-06-16-42,107.00579337551231
4787b3-NOZ544-11-06-18-14,176.15478689684196
4787b3-NOZ544-11-07-17-09,172.51259768372955
4787b3-NOZ550-11-06-21-03,175.9765753631282
4787b3-NOZ55J-11-13-18-43,1018.5399568217306
4787b3-NOZ55J-11-17-18-44,1315.9335760949455
4787b3-NOZ56U-12-12-19-29,901.6101585210835
4787b3-NOZ5AY-11-06-10-49,101.81373847701211
4787b3-NOZ5AY-11-07-09-16,241.29372878962442
4787b3-NOZ601-11-23-05-33,93.97003912778496
4787b3-NOZ601-11-28-05-29,86.4026385873202
4787b3-NOZ601-12-07-05-39,94.46529080862311
4787b3-NOZ602-11-01-06-05,97.52124989369106
4787b3-NOZ605-11-24-06-37,143.02556998811912
4787b3-NOZ605-11-30-06-30,117.27014882413442
4787b3-NOZ606-11-24-08-26,106.10868753818129
4787b3-NOZ606-11-30-08-03,182.77162733623405
4787b3-NOZ607-12-02-07-06,194.8163721219332
4787b3-NOZ607-12-08-07-20,184.75902024025444
4787b3-NOZ608-11-23-10-57,190.2789696071936
4787b3-NOZ608-11-28-09-47,120.26010599410145
4787b3-NOZ608-12-07-09-42,227.40033394803453
4787b3-NOZ609-11-01-07-26,199.16328202019997
4787b3-NOZ609-11-21-07-26,74.96739789231536
4787b3-NOZ611-11-23-08-34,247.19172004791466
4787b3-NOZ611-11-28-08-19,225.7197295577989
4787b3-NOZ611-12-07-08-18,128.46155361748106
4787b3-NOZ612-11-23-13-36,206.6850238614551
4787b3-NOZ612-11-28-12-22,150.07730860139503
4787b3-NOZ612-12-03-12-33,99.3949303417526
4787b3-NOZ612-12-07-12-24,218.01912351910713
4787b3-NOZ617-11-23-12-07,104.98093401789647
4787b3-NOZ617-11-28-11-03,148.35527802989404
4787b3-NOZ617-12-07-10-58,36.06941861617808
4787b3-NOZ620-11-27-16-12,112.37453173213875
4787b3-NOZ620-11-28-15-21,61.938995425003256
4787b3-NOZ620-12-07-15-52,117.15094943964804
4787b3-NOZ625-11-27-14-32,98.56329400160303
4787b3-NOZ625-11-28-14-01,206.51335405761662
4787b3-NOZ625-12-03-14-02,109.33815986568044
4787b3-NOZ625-12-07-14-04,62.52195257277686
4787b3-NOZ626-11-23-17-40,171.45268942584727
4787b3-NOZ626-11-24-17-03,386.8933347336324
4787b3-NOZ626-11-25-16-58,79.6840576815925
4787b3-NOZ628-12-05-17-29,151.97521753331515
4787b3-NOZ631-11-23-15-28,350.49459141837605
4787b3-NOZ631-11-24-15-21,147.8679670368804
4787b3-NOZ631-11-25-15-41,179.31437093653014
4787b3-NOZ632-11-27-18-52,420.23705740970104
4787b3-NOZ637-11-27-17-31,297.58654831618986
4787b3-NOZ637-11-28-16-39,258.4803491365649
4787b3-NOZ637-12-07-16-55,121.62028882753731
4787b3-NOZ647-11-27-20-17,447.2909645804675
4787b3-NOZ648-11-27-21-37,86.4438660245326
4787b3-NOZ7C-12-05-08-41,137.62384690059622
4787b3-NOZ9BH-12-04-12-17,129.9009539241417
4791ac-NOZ132-11-17-14-04,63.936527019398945
4791ac-NOZ133-11-17-15-09,189.83897166898078
4791ac-NOZ140-11-10-07-06,182.75031044858852
4791ac-NOZ141-11-10-08-06,368.2542286928648
4791ac-NOZ141-11-11-08-08,400.28731278210074
4791ac-NOZ145-11-24-16-08,287.16520662174133
4791ac-NOZ183-11-20-07-53,263.0254825897998
4791ac-NOZ191-11-16-17-08,186.0980273053351
4791ac-NOZ1BG-11-08-06-25,1029.3407001076735
4791ac-NOZ1TT-11-27-14-34,179.10454692751753
4791ac-NOZ1TT-11-29-14-36,200.53505517812502
4791ac-NOZ270-11-18-07-22,175.61468260930096
4791ac-NOZ270-11-22-09-01,122.71870861823268
4791ac-NOZ272-11-20-15-39,295.3566240671512
4791ac-NOZ275-11-20-16-48,63.470924317084375
4791ac-NOZ278-11-21-19-01,196.70444742704092
4791ac-NOZ2BE-11-13-12-33,1932.150395710532
4791ac-NOZ2KT-12-23-16-32,209.49739168090505
4791ac-NOZ2UC-12-12-16-22,211.43025802327995
4791ac-NOZ345-11-13-10-22,1129.4010900156673
4791ac-NOZ345-11-23-09-57,1090.9278648447657
4791ac-NOZ345-12-09-10-04,1167.2382654255798
4791ac-NOZ346-11-22-14-28,1053.665241848977
4791ac-NOZ347-11-22-16-32,1111.7173564556085
4791ac-NOZ357-12-23-23-01,1183.6428531556253
4791ac-NOZ4RZ-11-13-08-17,1126.4728496538885
4791ac-NOZ4RZ-11-23-08-25,1063.0260154179737
4791ac-NOZ4RZ-12-09-07-50,1105.370001940153
4791ac-NOZ50A-12-09-17-14,1048.3787514569901
4791ac-NOZ50A-12-19-17-19,1118.3692286916182
4791ac-NOZ521-11-02-05-28,198.798666063704
4791ac-NOZ521-11-03-05-26,190.41000360189977
4791ac-NOZ522-11-15-06-01,236.54584554361813
4791ac-NOZ522-12-15-06-32,162.86760586737435
4791ac-NOZ522-12-22-06-16,188.0455772234818
4791ac-NOZ523-11-04-06-31,110.40998675059728
4791ac-NOZ523-11-06-06-30,409.09365408386395
4791ac-NOZ524-11-02-07-11,244.7217458740077
4791ac-NOZ524-11-03-07-01,109.68585131627721
4791ac-NOZ525-11-15-07-18,349.07768164987135
4791ac-NOZ525-12-15-07-45,107.1605229313025
4791ac-NOZ525-12-22-07-30,373.27853442182163
4791ac-NOZ526-11-04-08-04,217.37166614095756
4791ac-NOZ530-11-01-09-55,337.1960359817604
4791ac-NOZ532-11-04-11-06,139.977111274525
4791ac-NOZ535-11-04-12-52,140.37343457716935
4791ac-NOZ536-11-04-14-25,150.97992263649778
4791ac-NOZ538-11-30-15-21,274.7466912136553
4791ac-NOZ540-11-18-16-19,144.49180343939454
4791ac-NOZ540-11-21-16-10,172.45425015595788
4791ac-NOZ541-11-04-16-15,157.96068721647018
4791ac-NOZ543-11-30-16-41,258.25550990274473
4791ac-NOZ544-11-04-17-41,260.56770168262943
4791ac-NOZ545-11-18-17-31,186.6711348596527
4791ac-NOZ545-11-21-17-25,206.23689113819773
4791ac-NOZ546-11-30-18-18,273.15930384279096
4791ac-NOZ549-11-30-19-31,297.9048057714042
4791ac-NOZ55J-12-09-19-07,982.9157272873986
4791ac-NOZ55J-12-19-19-51,1029.9496535646508
4791ac-NOZ56U-11-07-18-54,908.7455085763077
4791ac-NOZ56U-12-23-20-48,1067.9261593880433
4791ac-NOZ5AY-11-04-09-20,143.19967563058546
4791ac-NOZ5PY-11-27-16-06,138.61689632930435
4791ac-NOZ5PY-11-29-16-07,168.92826278959006
4791ac-NOZ601-11-18-05-40,192.7423715689888
4791ac-NOZ612-11-17-12-44,201.13001948890226
4791ac-NOZ628-11-27-17-29,223.0549059489739
4791ac-NOZ628-11-29-17-28,209.65462332976523
4791ac-NOZ634-12-04-20-31,232.75781588523256
4791ac-NOZ639-12-12-17-36,160.8301671904403
4791ac-NOZ645-11-27-18-49,130.27794166180783
4791ac-NOZ645-11-29-18-46,144.08597998072236
4791ac-NOZ645-12-05-18-55,291.78360873122625
4791ac-NOZ645-12-29-19-35,153.91656905290802
4791ac-NOZ6TC-11-13-17-17,1875.709822433899
4791ac-NOZ6TM-11-18-19-02,171.60988127629437
4791ac-NOZ7C-11-18-08-40,59.58876203269067
4791ac-NOZ9BH-11-16-15-40,160.299027816545
4791dd-NOZ140-11-03-07-11,72.10439811337285
4791dd-NOZ141-11-03-08-10,172.728863093183
4791dd-NOZ143-11-06-14-34,255.14755209430228
4791dd-NOZ145-11-04-16-48,57.03835584515799
4791dd-NOZ181-11-21-06-12,100.62576096096593
4791dd-NOZ181-11-22-06-03,187.6205655966961
4791dd-NOZ182-11-09-07-35,154.87939071630365
4791dd-NOZ182-11-21-07-36,96.52222708132005
4791dd-NOZ182-11-22-07-50,116.56809590550833
4791dd-NOZ183-11-21-08-51,115.98038031583917
4791dd-NOZ183-11-22-08-58,125.58548506418815
4791dd-NOZ183-12-27-09-37,94.33337201201427
4791dd-NOZ191-11-24-17-10,97.34078655331123
4791dd-NOZ191-12-06-17-02,97.2629714701908
4791dd-NOZ1BG-11-24-06-09,1059.9215631836491
4791dd-NOZ1TT-11-10-14-34,105.36777834948992
4791dd-NOZ1TT-11-11-14-36,201.57302286976568
4791dd-NOZ1TT-11-28-14-34,55.08108622416848
4791dd-NOZ1TT-12-01-14-47,216.16053266354584
4791dd-NOZ270-11-10-07-30,99.03063549681876
4791dd-NOZ270-11-15-07-27,238.29780013196464
4791dd-NOZ270-11-28-07-30,160.4753019402647
4791dd-NOZ270-12-01-07-28,106.75247090703998
4791dd-NOZ271-11-15-06-01,64.06443423176417
4791dd-NOZ271-11-19-08-07,77.7277063552915
4791dd-NOZ271-11-28-06-06,83.25033408269294
4791dd-NOZ271-12-01-06-10,73.61081391946725
4791dd-NOZ271-12-22-06-11,104.02499707855772
4791dd-NOZ276-12-11-13-44,189.41126572699187
4791dd-NOZ277-11-08-17-21,182.6929297748121
4791dd-NOZ277-12-11-14-56,127.0053430988961
4791dd-NOZ278-11-09-18-57,62.38872843713393
4791dd-NOZ278-11-14-18-58,215.8126412549504
4791dd-NOZ278-11-30-18-57,344.84003910742155
4791dd-NOZ278-12-21-20-03,116.71592633328194
4791dd-NOZ2DC-12-05-06-14,68.73675074557839
4791dd-NOZ345-11-16-09-30,1184.5588659669531
4791dd-NOZ345-11-17-11-53,1182.5118544869893
4791dd-NOZ345-12-13-09-38,1053.96010541695
4791dd-NOZ345-12-22-09-54,1057.4989929851554
4791dd-NOZ346-11-15-14-34,984.9873435470467
4791dd-NOZ347-11-15-16-31,967.2093477588554
4791dd-NOZ3JE-12-05-07-01,257.9988198684274
4791dd-NOZ4RZ-11-16-07-34,1111.5901938119562
4791dd-NOZ4RZ-11-17-07-49,1011.7352905880088
4791dd-NOZ4RZ-12-13-07-42,983.9717766297913
4791dd-NOZ4RZ-12-22-07-46,1065.1892954637597
4791dd-NOZ50A-12-30-17-20,979.1662929851834
4791dd-NOZ530-11-24-10-05,67.00972967690893
4791dd-NOZ531-11-24-11-21,98.22452107496238
4791dd-NOZ534-11-24-12-46,57.77749470601851
4791dd-NOZ536-11-13-14-15,210.25832749306394
4791dd-NOZ537-11-24-14-02,164.4378168059231
4791dd-NOZ540-11-14-16-05,365.87334426478776
4791dd-NOZ545-11-14-17-19,263.055400991319
4791dd-NOZ55J-12-30-19-49,1116.9984052820355
4791dd-NOZ56U-11-23-20-32,796.5824727447712
4791dd-NOZ5PY-11-28-16-02,92.88747567668197
4791dd-NOZ5PY-12-01-16-04,69.49816896707905
4791dd-NOZ607-12-06-07-12,198.96392979481422
4791dd-NOZ608-12-04-09-59,95.09164577397732
4791dd-NOZ611-12-04-08-38,160.98013096373353
4791dd-NOZ612-12-04-12-46,189.88564795011715
4791dd-NOZ617-12-04-11-11,119.6182941596101
4791dd-NOZ620-12-04-15-35,373.25261031144026
4791dd-NOZ625-12-04-14-16,105.27454304211219
4791dd-NOZ626-12-02-17-01,65.60175813919871
4791dd-NOZ626-12-05-16-46,132.06127029833792
4791dd-NOZ628-11-10-17-30,288.83973169707775
4791dd-NOZ628-11-11-17-30,234.87454611229927
4791dd-NOZ628-11-28-17-28,234.04041180793257
4791dd-NOZ631-12-02-15-27,109.93565155387627
4791dd-NOZ631-12-05-15-21,165.74877319280347
4791dd-NOZ632-12-04-18-14,348.55845677439294
4791dd-NOZ637-12-04-16-50,109.60220784587257
4791dd-NOZ638-12-01-20-15,382.7341599805231
4791dd-NOZ647-12-04-19-27,134.50918798290968
4791dd-NOZ648-12-04-21-03,286.2521636808073
4791dd-NOZ6TM-11-08-18-48,64.18000574054346
4791dd-NOZ6TM-11-20-20-20,102.6834940435236
4791dd-NOZ6TM-11-21-18-46,64.64568311818641
4791dd-NOZ7C-11-15-08-35,65.22411790339588
4791dd-NOZ7C-12-01-08-38,103.76322313123447
4791dd-NOZ9BH-11-21-15-58,333.23856138319223
4791dd-NOZ9BH-11-24-15-51,100.05657175400093
4791dd-NOZ9BH-11-27-12-25,239.2990983313045
47921c-NOZ132-11-04-14-08,147.06608016697146
47921c-NOZ141-12-13-13-10,40.04559153833496
47921c-NOZ141-12-14-08-19,159.84748364867534
47921c-NOZ144-11-23-16-00,91.84262029679445
47921c-NOZ144-11-28-15-40,369.95445094509324
47921c-NOZ145-11-23-17-00,250.1542391974014
47921c-NOZ145-11-25-16-44,148.68873531746323
47921c-NOZ1BG-11-18-06-08,1110.4036433697931
47921c-NOZ1TT-11-03-14-38,107.2637391068644
47921c-NOZ345-12-08-09-39,1085.6353543956577
47921c-NOZ345-12-26-10-26,1136.663701257632
47921c-NOZ346-11-20-14-43,1038.3726757149611
47921c-NOZ346-12-22-15-46,998.8323793520676
47921c-NOZ347-11-20-16-44,1190.224398303895
47921c-NOZ347-12-22-17-51,1031.3310404796632
47921c-NOZ44A-12-31-08-07,231.20023902014051
47921c-NOZ4RZ-12-08-07-38,972.8940955699377
47921c-NOZ4RZ-12-26-08-36,1034.8370019000033
47921c-NOZ50A-11-10-16-42,1000.6161007257044
47921c-NOZ50A-12-20-17-27,1046.839890938404
47921c-NOZ50A-12-28-18-12,1156.8866856663328
47921c-NOZ521-11-14-05-33,217.39244081262717
47921c-NOZ523-11-09-06-25,177.79258029333886
47921c-NOZ523-11-15-06-24,165.59445213685697
47921c-NOZ523-11-16-06-37,176.23077290467944
47921c-NOZ524-11-14-06-56,308.94615522450437
47921c-NOZ526-11-09-07-54,132.5261413933135
47921c-NOZ526-11-15-08-01,68.90828802962221
47921c-NOZ526-11-16-07-59,60.391171946943786
47921c-NOZ530-11-13-09-27,84.41300510474875
47921c-NOZ531-11-13-07-54,103.74230727875273
47921c-NOZ532-11-09-11-03,167.86744237966053
47921c-NOZ532-11-13-12-39,100.30769759156112
47921c-NOZ532-11-15-11-03,129.027971560233
47921c-NOZ532-11-16-10-59,163.8448085058991
47921c-NOZ535-11-09-12-29,271.5068827802577
47921c-NOZ535-11-13-13-57,61.03798313049704
47921c-NOZ535-11-15-12-29,355.22287361688643
47921c-NOZ535-11-16-12-36,100.99673541440247
47921c-NOZ536-11-09-14-14,296.07553353622995
47921c-NOZ536-11-15-14-20,133.09415535125171
47921c-NOZ538-11-11-15-33,260.73971122858114
47921c-NOZ538-11-13-15-22,143.1963530862768
47921c-NOZ541-11-09-15-39,275.3371632428779
47921c-NOZ541-11-15-15-45,69.08435149870208
47921c-NOZ543-11-11-16-55,81.33914126662494
47921c-NOZ543-11-13-16-49,114.37356904539881
47921c-NOZ544-11-09-17-09,211.14774093423352
47921c-NOZ546-11-11-18-17,122.5652287465116
47921c-NOZ547-11-09-18-25,329.7514637285744
47921c-NOZ547-11-15-18-31,129.56055738611175
47921c-NOZ550-11-08-19-59,154.8656430130196
47921c-NOZ550-11-13-21-02,242.74147665511478
47921c-NOZ550-11-15-19-54,131.4707642765625
47921c-NOZ55J-11-10-18-45,1306.3109595105643
47921c-NOZ55J-12-20-19-28,1097.4511551942808
47921c-NOZ55J-12-28-20-30,1250.0231571985755
47921c-NOZ56U-11-17-19-00,967.0573796476206
47921c-NOZ5AY-11-09-09-19,302.77403744491914
47921c-NOZ5AY-11-13-11-05,95.25375809015648
47921c-NOZ5AY-11-15-09-19,77.04859533248272
47921c-NOZ5AY-11-16-09-18,199.07765358343107
47921c-NOZ5PY-11-03-16-03,147.88741158973082
47921c-NOZ601-11-17-05-32,198.80979543753628
47921c-NOZ602-12-19-06-20,173.9372921992707
47921c-NOZ602-12-21-06-37,201.88095481685863
47921c-NOZ605-11-04-06-52,106.7373081720658
47921c-NOZ606-11-04-08-16,219.81903569061797
47921c-NOZ608-11-17-09-51,123.88751075594885
47921c-NOZ609-11-05-07-39,127.83523166207347
47921c-NOZ609-12-19-07-41,100.06082642579356
47921c-NOZ609-12-21-08-01,71.90448736080907
47921c-NOZ611-11-17-08-25,142.60822797195104
47921c-NOZ628-11-03-17-31,240.4833067734766
47921c-NOZ638-11-03-20-11,156.6118620725674
47921c-NOZ639-12-08-18-48,95.75568916694294
47921c-NOZ645-11-03-18-48,143.40400968849607
47921c-NOZ64N-12-15-17-01,166.14634641839396
479227-NOZ132-11-15-14-05,112.42564667903281
479227-NOZ133-11-15-15-05,325.2447342413548
479227-NOZ140-11-15-07-16,44.81218211895202
479227-NOZ141-11-15-08-09,346.3301634368734
479227-NOZ1BG-11-01-06-04,974.4225648193566
479227-NOZ1BG-11-19-06-02,1095.978466317891
479227-NOZ1BG-12-22-06-09,1040.03655048889
479227-NOZ1TT-11-02-14-31,135.66484514764323
479227-NOZ1TT-11-20-14-38,282.9129149490262
479227-NOZ1TT-12-14-14-43,312.5129967967472
479227-NOZ1TT-12-22-15-40,267.7949488327302
479227-NOZ1TT-12-29-15-47,169.7202684348443
479227-NOZ2FV-12-17-15-43,283.4114478003198
479227-NOZ2UC-11-10-16-09,174.22427935680963
479227-NOZ345-11-11-09-55,928.5647956364284
479227-NOZ346-11-03-14-35,867.5449917447197
479227-NOZ346-11-07-14-45,858.0598583062028
479227-NOZ347-11-03-16-36,1205.1256574721474
479227-NOZ347-11-07-16-42,1007.6428510238698
479227-NOZ3J-11-17-15-46,267.26323624682607
479227-NOZ3LH-12-15-20-00,606.9771537644197
479227-NOZ3VG-12-22-17-14,116.94281468006156
479227-NOZ3VG-12-29-17-13,120.0911902698933
479227-NOZ47Y-11-16-19-32,355.60844998017967
479227-NOZ4RZ-11-11-07-48,1261.8804312595953
479227-NOZ50A-11-11-16-37,978.2458999143435
479227-NOZ50A-12-07-16-47,1106.0879501265188
479227-NOZ522-11-09-05-57,271.8416479437367
479227-NOZ522-12-06-06-20,436.2145389202946
479227-NOZ525-11-09-07-17,144.76449674107823
479227-NOZ525-12-06-07-40,243.09402613470715
479227-NOZ532-12-24-10-47,214.55625369484366
479227-NOZ534-12-21-12-43,240.27035638425716
479227-NOZ537-12-21-14-04,369.6851491213223
479227-NOZ538-12-12-15-53,287.21957874825836
479227-NOZ540-11-13-16-18,388.29895892529333
479227-NOZ540-11-23-17-01,335.82085379510875
479227-NOZ540-12-21-16-24,312.04157202691687
479227-NOZ543-12-12-17-09,227.16621510688483
479227-NOZ543-12-20-16-53,79.72342431614514
479227-NOZ545-11-13-17-36,204.02861093793985
479227-NOZ545-11-23-18-23,299.3635485037913
479227-NOZ545-12-21-17-48,96.93521084746574
479227-NOZ546-11-13-19-03,431.4293070856244
479227-NOZ546-12-12-18-25,249.61250715878043
479227-NOZ549-12-12-19-35,268.3156693087561
479227-NOZ555-11-13-20-28,113.0115363109351
479227-NOZ55J-11-11-18-36,987.538076748354
479227-NOZ55J-12-07-18-38,1029.9224205135156
479227-NOZ56U-11-18-19-10,871.2667353435543
479227-NOZ56U-12-21-20-16,996.0346404296573
479227-NOZ5PY-11-02-16-08,218.32592223685486
479227-NOZ5PY-11-20-16-02,104.00595005021034
479227-NOZ602-11-02-06-02,161.09135847993645
479227-NOZ602-11-07-06-01,336.046752497432
479227-NOZ602-12-08-06-14,210.66311673939694
479227-NOZ602-12-13-08-23,685.8679654960729
479227-NOZ602-12-14-06-13,290.82486662763756
479227-NOZ605-11-22-06-33,164.16754220804245
479227-NOZ606-11-22-08-25,189.36167515497235
479227-NOZ607-12-16-07-24,346.8538541477552
479227-NOZ607-12-23-07-17,146.93791205783367
479227-NOZ608-11-16-09-42,144.3607009286451
479227-NOZ609-11-02-07-39,107.84713809919795
479227-NOZ609-11-07-07-29,205.06389781898244
479227-NOZ609-12-08-07-33,96.22702858405208
479227-NOZ609-12-13-12-55,128.03591150329999
479227-NOZ609-12-14-07-56,149.9743849756414
479227-NOZ611-11-16-08-25,194.08716334247958
479227-NOZ612-11-16-12-30,108.4284354351833
479227-NOZ612-11-26-12-31,286.3231425392641
479227-NOZ612-12-17-12-50,241.08074183037354
479227-NOZ617-11-16-11-06,174.56239733196816
479227-NOZ620-11-16-15-35,43.42432962153104
479227-NOZ625-11-16-14-09,73.3518524273203
479227-NOZ625-11-26-13-57,200.86144505326666
479227-NOZ625-12-17-14-07,125.07198579714817
479227-NOZ628-11-02-17-29,151.4665744150321
479227-NOZ628-11-20-17-35,47.36284010258791
479227-NOZ628-12-14-17-29,306.45298780504993
479227-NOZ628-12-22-18-53,225.5211313862045
479227-NOZ637-11-16-16-47,128.08037214173393
479227-NOZ638-11-20-20-41,189.28573304389656
479227-NOZ638-12-22-21-57,144.89598851818158
479227-NOZ639-11-10-17-35,34.23893279741656
479227-NOZ645-11-02-18-46,255.35817465031013
479227-NOZ645-11-15-19-05,113.1510668685645
479227-NOZ645-11-20-18-52,149.92601191799966
479227-NOZ645-12-14-18-48,163.10226846195752
479227-NOZ645-12-22-20-20,163.60082255694942
479227-NOZ6CF-11-19-08-28,1681.5528839496596
479227-NOZ8GN-11-17-07-09,225.97206446997376
479227-NOZ8ME-11-16-18-20,127.73058218363602
4792a6-NOZ132-11-14-14-05,179.39335835316862
4792a6-NOZ133-11-14-15-26,229.63639454995226
4792a6-NOZ140-11-30-07-02,56.5525195326305
4792a6-NOZ140-12-01-06-59,276.30598643757327
4792a6-NOZ141-11-30-07-54,282.33888617278706
4792a6-NOZ141-12-01-08-00,256.72074282533697
4792a6-NOZ144-11-15-15-42,175.20885755547513
4792a6-NOZ145-11-15-16-38,186.07451733182288
4792a6-NOZ145-11-30-16-48,204.23354384069123
4792a6-NOZ164-11-11-06-09,239.44678765899786
4792a6-NOZ191-11-06-13-41,324.6921720999415
4792a6-NOZ191-12-18-14-40,231.96642863059978
4792a6-NOZ1BG-11-04-06-09,1081.9764229390423
4792a6-NOZ1KD-11-16-14-04,395.8189296590966
4792a6-NOZ1TT-11-07-14-32,128.919621671546
4792a6-NOZ1TT-12-19-14-56,103.53639686106581
4792a6-NOZ270-11-02-07-22,61.64282855810316
4792a6-NOZ270-11-07-07-25,118.0915296291885
4792a6-NOZ270-12-29-08-19,77.4608114952602
4792a6-NOZ271-11-07-06-08,176.52304182955788
4792a6-NOZ271-12-06-06-41,166.10131779225793
4792a6-NOZ271-12-19-06-26,218.83704372483507
4792a6-NOZ278-12-05-18-55,92.4718000245484
4792a6-NOZ2DC-11-17-06-03,68.79421295834987
4792a6-NOZ2DC-11-18-05-59,178.8852681374489
4792a6-NOZ2GH-11-20-15-01,180.7298815360948
4792a6-NOZ345-11-25-09-42,1000.7627617568849
4792a6-NOZ346-11-02-14-34,1061.086866987356
4792a6-NOZ346-11-04-14-36,1050.4036920696174
4792a6-NOZ346-12-15-14-47,917.5910363855909
4792a6-NOZ346-12-16-16-20,1073.9069349920303
4792a6-NOZ346-12-30-14-46,923.7494014639078
4792a6-NOZ347-11-02-16-31,1062.9861380503205
4792a6-NOZ347-11-04-16-29,1045.9997848445187
4792a6-NOZ347-12-15-16-45,1150.7472776101993
4792a6-NOZ347-12-16-19-04,1015.1559746108319
4792a6-NOZ347-12-30-17-50,928.5953263608396
4792a6-NOZ3JE-11-17-07-00,264.7487677611167
4792a6-NOZ3JE-11-18-07-00,176.59868552146662
4792a6-NOZ3VG-12-19-16-17,54.46141908352371
4792a6-NOZ4RZ-11-25-07-39,950.3385515130174
4792a6-NOZ50A-11-25-16-42,1055.0396998925933
4792a6-NOZ522-12-08-06-12,133.5237144175593
4792a6-NOZ522-12-20-06-35,247.34577716064845
4792a6-NOZ525-12-08-08-03,147.48298806631257
4792a6-NOZ525-12-20-07-45,186.89253562962938
4792a6-NOZ526-11-10-08-19,309.1270469745511
4792a6-NOZ530-11-08-09-45,311.48398520110055
4792a6-NOZ530-11-23-10-59,355.56263543573186
4792a6-NOZ531-11-08-11-06,181.40354950055394
4792a6-NOZ531-11-23-12-10,324.1691604922793
4792a6-NOZ532-11-10-10-59,381.34640258234145
4792a6-NOZ532-12-13-11-00,325.9369892477023
4792a6-NOZ534-11-08-12-37,341.7155918432209
4792a6-NOZ534-11-23-13-43,299.4057909569414
4792a6-NOZ535-11-10-12-28,286.90235615901673
4792a6-NOZ535-12-13-12-42,271.5161800959438
4792a6-NOZ536-11-10-14-19,282.07675206244176
4792a6-NOZ536-11-27-14-21,186.79551728092792
4792a6-NOZ536-12-13-14-18,252.61970947664597
4792a6-NOZ537-11-08-13-56,145.33785597947357
4792a6-NOZ537-11-23-15-08,117.57096127454543
4792a6-NOZ538-12-06-15-31,371.757807389978
4792a6-NOZ538-12-07-15-32,446.5115554711379
4792a6-NOZ540-12-05-16-12,370.7991008664818
4792a6-NOZ541-11-10-15-43,83.84877776821614
4792a6-NOZ541-11-27-15-44,194.44313398306778
4792a6-NOZ541-12-13-15-43,354.90339469120323
4792a6-NOZ543-12-06-16-55,114.70942332219154
4792a6-NOZ544-11-10-17-14,271.5302724161562
4792a6-NOZ544-12-13-17-25,363.973492773576
4792a6-NOZ545-12-05-17-28,62.307182253950835
4792a6-NOZ546-12-06-18-12,314.765032568294
4792a6-NOZ546-12-07-18-19,176.1146774153084
4792a6-NOZ547-11-10-18-33,369.9784208610103
4792a6-NOZ547-12-13-18-38,273.4033214637428
4792a6-NOZ549-12-07-19-27,97.12493697852886
4792a6-NOZ550-11-10-19-55,212.09680584562986
4792a6-NOZ55J-11-25-18-41,1097.9621658896374
4792a6-NOZ56U-11-03-19-04,850.870879425783
4792a6-NOZ5AY-11-10-09-32,373.344741372374
4792a6-NOZ5PY-11-07-15-58,122.67934570235195
4792a6-NOZ602-11-23-06-46,236.22348775117217
4792a6-NOZ605-11-10-06-30,177.68051042708345
4792a6-NOZ606-11-14-08-04,202.7476778426426
4792a6-NOZ609-11-23-07-54,198.13573696067763
4792a6-NOZ612-12-31-12-34,107.08929789623058
4792a6-NOZ614-11-13-13-49,170.52870036676705
4792a6-NOZ623-11-13-12-31,219.9592674757467
4792a6-NOZ625-12-31-13-58,179.94657124369053
4792a6-NOZ626-11-11-16-52,122.16285019893907
4792a6-NOZ626-11-13-17-05,234.29377228699929
4792a6-NOZ626-11-17-16-47,234.50509485364358
4792a6-NOZ628-11-07-17-32,109.65863049415252
4792a6-NOZ631-11-11-15-20,230.01194010855255
4792a6-NOZ631-11-13-15-30,124.7292351691488
4792a6-NOZ631-11-17-15-24,128.8807569096036
4792a6-NOZ632-11-16-18-18,205.83277549571727
4792a6-NOZ634-11-13-19-51,162.7852385989459
4792a6-NOZ638-11-09-20-06,165.7913889471799
4792a6-NOZ643-11-13-18-25,136.20840153816943
4792a6-NOZ645-11-07-18-53,278.7198240822894
4792a6-NOZ7C-11-02-08-37,138.22731874158066
4792a6-NOZ7C-11-07-08-44,182.6890360962525
4792a6-NOZ7C-12-06-09-57,124.28526939748136
4792a6-NOZ7C-12-29-09-33,217.98089570788608
4792a6-NOZ8C-11-06-21-23,168.63508942232787
4792a6-NOZ8C-12-18-22-03,78.5170841162842
4792a6-NOZ8ME-12-18-19-01,324.29223663273586
4792a6-NOZ9BH-11-06-12-14,198.3379011786415
4792a6-NOZ9BH-12-18-12-46,127.72638562702352
4792d3-NOZ181-11-19-08-53,160.4446404246627
4792d3-NOZ181-12-05-06-04,147.56822012595325
4792d3-NOZ181-12-06-06-05,230.96057952917374
4792d3-NOZ182-11-19-07-27,133.93617306923582
4792d3-NOZ182-12-05-07-46,136.84483517751792
4792d3-NOZ183-12-05-09-06,201.09627302102732
4792d3-NOZ183-12-06-09-25,141.59747260812483
4792d3-NOZ191-12-02-17-12,98.94959087725155
4792d3-NOZ191-12-05-17-11,100.72260662285585
4792d3-NOZ191-12-11-14-32,165.20365041430895
4792d3-NOZ1BG-11-05-06-05,1015.1882062457694
4792d3-NOZ1BG-11-26-06-06,934.9988934845676
4792d3-NOZ1BG-11-30-06-00,1148.528650141017
4792d3-NOZ1TT-11-21-14-43,105.89905704028571
4792d3-NOZ1TT-12-12-14-37,269.340687110846
4792d3-NOZ1TT-12-18-14-45,244.44856183060426
4792d3-NOZ1TT-12-28-14-40,172.51261813770026
4792d3-NOZ270-11-21-08-03,376.2484924284399
4792d3-NOZ270-12-12-07-34,143.1648897206214
4792d3-NOZ271-11-21-06-19,143.3066598993636
4792d3-NOZ271-12-12-06-04,63.84880106389486
4792d3-NOZ276-11-18-16-09,181.41148236734816
4792d3-NOZ276-12-09-17-36,223.52513236227443
4792d3-NOZ277-11-18-18-14,160.33957060739712
4792d3-NOZ277-12-09-19-02,128.57757954096607
4792d3-NOZ278-11-22-19-15,160.78458852535312
4792d3-NOZ2FV-12-10-16-13,180.2766083306146
4792d3-NOZ2UC-12-15-16-34,157.75796183817704
4792d3-NOZ345-11-03-09-51,1000.7896947950854
4792d3-NOZ345-12-20-10-33,1291.1390980929127
4792d3-NOZ346-12-07-14-47,1038.208420022644
4792d3-NOZ346-12-08-14-58,1143.5389829693502
4792d3-NOZ346-12-19-14-55,1098.2178072002396
4792d3-NOZ347-12-07-16-43,1102.7398009577773
4792d3-NOZ347-12-08-16-50,895.9449526393571
4792d3-NOZ347-12-19-17-11,1152.5455702916472
4792d3-NOZ3TV-12-10-17-26,356.4831305819773
4792d3-NOZ3VG-12-12-16-03,172.2475822002933
4792d3-NOZ3VG-12-28-16-06,76.354480723966
4792d3-NOZ40A-12-09-13-57,273.21804498090506
4792d3-NOZ4RZ-11-03-07-58,882.9737361282666
4792d3-NOZ4RZ-12-20-08-08,1093.6016545007567
4792d3-NOZ50A-12-13-17-00,1008.117224073314
4792d3-NOZ522-11-16-06-00,274.05636150087753
4792d3-NOZ522-12-01-06-02,281.25636629798225
4792d3-NOZ523-12-21-06-32,206.48190904237742
4792d3-NOZ523-12-22-06-34,270.3837279566676
4792d3-NOZ525-11-16-07-31,195.30351111773638
4792d3-NOZ525-12-01-07-22,382.9682638539967
4792d3-NOZ526-12-21-08-20,136.0997953436248
4792d3-NOZ526-12-22-08-07,213.91079320733633
4792d3-NOZ530-11-22-10-15,404.638948129598
4792d3-NOZ531-11-22-11-24,153.99746514144417
4792d3-NOZ532-12-21-11-07,180.72269402527283
4792d3-NOZ532-12-22-11-05,314.77032748610713
4792d3-NOZ534-11-22-12-43,383.71095838409525
4792d3-NOZ534-12-20-12-46,268.15401664203034
4792d3-NOZ535-12-21-12-37,193.33022608845968
4792d3-NOZ535-12-22-12-35,109.70038353059945
4792d3-NOZ536-12-21-14-21,312.70154967230775
4792d3-NOZ536-12-22-14-57,244.6145675995067
4792d3-NOZ537-11-22-14-04,249.48040278708507
4792d3-NOZ538-11-24-15-29,179.1880978379154
4792d3-NOZ540-11-29-16-05,280.132152594251
4792d3-NOZ541-12-21-15-45,221.47624549735016
4792d3-NOZ541-12-22-16-38,216.70648602114403
4792d3-NOZ543-11-24-16-41,167.54599964201645
4792d3-NOZ544-12-21-17-26,184.46693770338018
4792d3-NOZ545-11-29-17-27,251.49144770397757
4792d3-NOZ546-11-24-18-34,105.98287710861365
4792d3-NOZ547-12-21-18-38,125.53326609058088
4792d3-NOZ549-11-24-19-40,153.74596819409038
4792d3-NOZ550-12-21-20-49,144.73416554164416
4792d3-NOZ55J-12-13-18-42,1204.2075229657657
4792d3-NOZ56U-11-04-19-07,1142.0858375441908
4792d3-NOZ56U-11-25-19-07,1068.7737829079326
4792d3-NOZ56U-11-29-18-54,878.9033564025704
4792d3-NOZ5AY-12-21-09-33,238.81443558488468
4792d3-NOZ5AY-12-22-09-25,149.67283815814523
4792d3-NOZ5PY-11-21-16-11,97.77523084001577
4792d3-NOZ5PY-11-30-15-53,111.88678208516261
4792d3-NOZ602-11-24-06-29,180.38068240379022
4792d3-NOZ602-11-29-06-08,140.80259985090976
4792d3-NOZ606-12-15-08-39,161.92937585233364
4792d3-NOZ607-12-19-07-13,73.07110108425844
4792d3-NOZ609-11-29-07-24,102.35869576357867
4792d3-NOZ625-12-10-14-57,198.03352763563367
4792d3-NOZ628-11-21-17-41,134.3586414796688
4792d3-NOZ628-11-30-17-26,188.90558716705348
4792d3-NOZ628-12-12-17-39,324.1516588394062
4792d3-NOZ628-12-18-17-31,300.9488718793
4792d3-NOZ628-12-28-17-38,173.42246898691198
4792d3-NOZ638-12-14-20-23,96.26805106846356
4792d3-NOZ638-12-18-20-14,243.0799190364737
4792d3-NOZ639-11-17-17-31,204.07842266742637
4792d3-NOZ639-12-15-17-49,148.98418359588467
4792d3-NOZ645-11-21-18-52,75.58625452624275
4792d3-NOZ645-11-30-18-42,109.7109191408446
4792d3-NOZ645-12-12-18-57,139.89951362527106
4792d3-NOZ645-12-18-18-54,164.118868473667
4792d3-NOZ645-12-28-18-53,62.2799725906729
4792d3-NOZ68L-11-11-19-26,1645.6961985711505
4792d3-NOZ6TM-12-04-20-10,210.9161632188466
4792d3-NOZ6TM-12-05-18-54,222.8685832004281
4792d3-NOZ7C-11-21-09-10,142.43652117073017
4792d3-NOZ8402-12-10-13-41,431.4635904892327
4792d3-NOZ8921-12-15-10-33,219.48120042607405
4792d3-NOZ8C-11-20-21-12,225.26867295380669
4792d3-NOZ8C-12-11-21-51,248.71875279581656
4792d3-NOZ9BH-11-20-12-29,239.3790654519253
4792d3-NOZ9BH-12-02-15-44,199.7629322925758
4792d3-NOZ9BH-12-05-15-56,228.72515400325577
4792d3-NOZ9BH-12-11-12-51,331.9494869486191
4792d3-NOZ9PL-11-18-07-35,152.5211360717852
4792db-NOZ132-12-19-14-05,29.230780716499563
4792db-NOZ133-12-19-14-57,206.25154349112958
4792db-NOZ133-12-20-14-54,210.29401244114663
4792db-NOZ141-11-14-08-18,247.8862694491798
4792db-NOZ145-12-02-16-45,109.6619731775396
4792db-NOZ181-11-16-06-02,190.68813361064383
4792db-NOZ181-12-13-06-18,258.7369983260882
4792db-NOZ182-11-16-07-36,128.00689635315192
4792db-NOZ182-12-13-07-35,128.97125866011893
4792db-NOZ183-11-16-08-48,177.94152231956042
4792db-NOZ183-12-13-08-58,237.62978665481765
4792db-NOZ191-11-08-17-02,64.59064543629202
4792db-NOZ191-12-12-17-15,136.68387120132834
4792db-NOZ1TT-11-22-14-45,171.89640336904662
4792db-NOZ276-11-04-16-09,61.51911877388892
4792db-NOZ276-11-15-16-01,129.8058550996502
4792db-NOZ276-12-30-16-11,114.84993702927497
4792db-NOZ277-11-15-17-28,56.08985785500542
4792db-NOZ277-12-30-17-25,117.65880216341742
4792db-NOZ2BE-11-16-12-27,1706.0097665755134
4792db-NOZ345-12-04-10-18,1157.6520904408683
4792db-NOZ345-12-05-10-09,911.3426192542281
4792db-NOZ345-12-27-09-55,1057.397235209921
4792db-NOZ345-12-29-10-09,1443.3141879842065
4792db-NOZ346-11-10-14-39,1077.7709310644905
4792db-NOZ347-11-10-16-34,1009.4196215814205
4792db-NOZ4HF-12-14-07-04,151.0378252380026
4792db-NOZ4HF-12-16-07-13,233.97363868257386
4792db-NOZ4RZ-12-04-08-17,1105.6414977198501
4792db-NOZ4RZ-12-05-07-41,1061.885401736031
4792db-NOZ4RZ-12-27-07-51,1064.7229895571747
4792db-NOZ4RZ-12-29-08-12,1056.472716511577
4792db-NOZ50A-11-01-16-32,1017.2606955655352
4792db-NOZ50A-11-02-16-38,929.6808965779386
4792db-NOZ50A-11-24-16-59,981.3773656296561
4792db-NOZ50A-11-30-16-27,934.831427505886
4792db-NOZ50A-12-04-16-35,1163.1693133161543
4792db-NOZ530-12-16-11-40,121.57159365097024
4792db-NOZ531-12-16-13-13,107.87353976581265
4792db-NOZ540-12-23-16-21,261.54057905669805
4792db-NOZ543-11-29-16-36,171.38773364030493
4792db-NOZ545-12-23-17-34,83.34751955412916
4792db-NOZ546-11-29-18-15,322.8593757492062
4792db-NOZ549-11-29-19-25,178.3894219093124
4792db-NOZ55J-11-01-18-27,1121.5032890882226
4792db-NOZ55J-11-02-18-36,1087.1287715810408
4792db-NOZ55J-11-24-18-40,1070.2451276583593
4792db-NOZ55J-11-30-18-28,1021.8075975356174
4792db-NOZ55J-12-04-19-34,1029.3095716103862
4792db-NOZ5PY-11-22-16-07,69.9461483316855
4792db-NOZ601-12-14-05-46,55.88248721642704
4792db-NOZ602-12-07-06-10,169.72717943554332
4792db-NOZ605-12-21-06-40,70.14699037775839
4792db-NOZ606-12-21-08-27,170.2149269582311
4792db-NOZ607-12-22-07-04,293.0936787259835
4792db-NOZ608-12-14-09-49,318.9288502278263
4792db-NOZ609-12-07-07-19,56.40380384789525
4792db-NOZ611-12-14-08-23,163.8535803283678
4792db-NOZ611-12-16-08-48,50.69379889702923
4792db-NOZ612-11-05-12-23,87.37612747936775
4792db-NOZ612-11-19-12-25,161.6416829295465
4792db-NOZ612-12-14-12-39,149.7326631743258
4792db-NOZ612-12-16-15-18,70.57505250647696
4792db-NOZ612-12-21-12-40,228.36506258714212
4792db-NOZ617-12-14-11-18,89.25947787941577
4792db-NOZ617-12-21-11-13,270.393636236146
4792db-NOZ620-12-16-19-41,110.4679009064731
4792db-NOZ625-11-05-14-01,270.1012615150032
4792db-NOZ625-11-19-13-54,146.46638145636518
4792db-NOZ625-12-14-14-02,174.81049903686767
4792db-NOZ625-12-16-17-33,94.37651555947598
4792db-NOZ626-12-15-16-50,132.26212121636425
4792db-NOZ626-12-21-17-15,164.71314326197967
4792db-NOZ628-11-22-18-10,146.8133423636223
4792db-NOZ631-12-15-15-35,165.7980058052385
4792db-NOZ631-12-21-15-24,331.27908949235814
4792db-NOZ632-12-14-18-02,180.92245326620528
4792db-NOZ632-12-16-22-56,231.95477109374542
4792db-NOZ637-12-16-21-02,126.10967514727035
4792db-NOZ638-12-13-20-27,159.71183066972497
4792db-NOZ645-11-22-19-19,68.82992133375147
4792db-NOZ6TM-11-15-18-45,158.59681549078883
4792db-NOZ6TM-12-12-18-49,134.87914848804436
4792db-NOZ9BH-11-08-15-34,204.50516661367095
4792db-NOZ9BH-12-12-15-46,60.576651377998786
47945c-NOZ132-12-23-13-58,119.93450327873931
47945c-NOZ132-12-27-14-24,80.98926132240206
47945c-NOZ132-12-30-14-02,106.07362215729378
47945c-NOZ133-12-23-14-56,71.39258332709696
47945c-NOZ133-12-26-13-57,285.27853909808505
47945c-NOZ133-12-27-15-40,114.585423019333
47945c-NOZ133-12-30-14-58,95.12854063227171
47945c-NOZ144-12-13-15-57,202.18984299436997
47945c-NOZ145-12-13-16-55,69.22181863677946
47945c-NOZ181-11-03-06-05,246.93546673808515
47945c-NOZ181-12-12-06-01,139.3247552218372
47945c-NOZ182-11-03-07-36,126.29729743662239
47945c-NOZ182-12-12-07-35,277.49893469412365
47945c-NOZ183-11-03-08-58,144.99593127401354
47945c-NOZ183-12-12-08-57,131.3549045683041
47945c-NOZ1YA-12-08-15-01,63.02652141336214
47945c-NOZ270-12-09-07-35,151.69362178691864
47945c-NOZ271-12-09-06-21,149.36753807736955
47945c-NOZ277-11-02-17-25,72.28281300911635
47945c-NOZ278-12-08-19-14,231.50552362213696
47945c-NOZ27C-12-09-08-42,116.0874304765434
47945c-NOZ2DC-12-20-05-59,70.10438290492516
47945c-NOZ2DC-12-29-06-02,69.27478196418636
47945c-NOZ2PC-12-17-08-21,266.12489230166136
47945c-NOZ2UC-11-25-16-13,115.5289977338726
47945c-NOZ345-11-08-09-33,1071.2280407178578
47945c-NOZ345-12-06-10-57,1103.7857625355043
47945c-NOZ345-12-07-09-46,984.3456739276315
47945c-NOZ346-12-05-14-53,1086.5171470356336
47945c-NOZ346-12-06-14-32,1097.3007553363088
47945c-NOZ347-12-05-16-59,961.9171296260595
47945c-NOZ347-12-06-16-41,1005.9166348651839
47945c-NOZ3JE-12-20-06-57,229.11005073614544
47945c-NOZ3JE-12-22-06-52,222.04392293720838
47945c-NOZ3JE-12-28-07-05,79.01424795867996
47945c-NOZ3JE-12-29-06-58,256.01463478830016
47945c-NOZ40A-12-08-13-31,259.43431169927135
47945c-NOZ4RZ-11-08-07-29,877.1706714526273
47945c-NOZ4RZ-12-06-08-25,1034.6174435875446
47945c-NOZ4RZ-12-07-07-47,935.1805222584026
47945c-NOZ521-11-04-05-29,167.67357590422006
47945c-NOZ523-11-05-06-14,193.4190305355457
47945c-NOZ524-11-04-07-15,98.20163422727657
47945c-NOZ525-11-06-11-27,132.12187925090797
47945c-NOZ530-11-25-09-51,275.81345092760745
47945c-NOZ531-11-05-08-48,132.42335825120855
47945c-NOZ531-11-25-11-15,217.67812544869338
47945c-NOZ531-11-30-11-05,269.455681090617
47945c-NOZ532-11-05-10-19,110.53632020127472
47945c-NOZ534-11-06-13-14,246.2934947464307
47945c-NOZ534-11-25-12-47,290.1390522900952
47945c-NOZ534-11-30-12-34,315.92432217391826
47945c-NOZ537-11-06-14-41,164.1130024065097
47945c-NOZ537-11-25-14-06,171.89597948227066
47945c-NOZ540-11-06-16-12,253.88324898683018
47945c-NOZ546-11-06-19-05,148.5599698866503
47945c-NOZ550-11-03-21-24,270.47688355726694
47945c-NOZ602-11-30-06-12,222.15080403556175
47945c-NOZ602-12-05-06-02,164.0596380072613
47945c-NOZ605-12-23-06-48,42.70513247710873
47945c-NOZ605-12-27-07-09,143.15504303198173
47945c-NOZ605-12-30-06-40,146.88116647492947
47945c-NOZ606-12-19-08-20,93.34328037794498
47945c-NOZ606-12-23-08-17,93.44526391543715
47945c-NOZ606-12-27-08-47,357.95627551926424
47945c-NOZ606-12-30-08-21,220.93130241120008
47945c-NOZ608-12-17-11-07,109.39162578908476
47945c-NOZ608-12-18-09-55,197.58358119663956
47945c-NOZ608-12-24-09-38,307.6828138322893
47945c-NOZ609-11-30-07-34,139.10866149852168
47945c-NOZ609-12-05-07-27,135.9900088519013
47945c-NOZ609-12-17-09-37,93.57904339160862
47945c-NOZ609-12-31-07-23,127.84586269332505
47945c-NOZ612-12-18-12-28,206.69602137671095
47945c-NOZ620-12-18-15-31,104.91713272891357
47945c-NOZ626-12-26-17-27,134.41294504854264
47945c-NOZ626-12-28-17-06,151.60017402598163
47945c-NOZ631-12-26-15-50,103.12540796443729
47945c-NOZ631-12-28-15-31,82.1082087338234
47945c-NOZ632-12-18-18-15,134.17223405579264
47945c-NOZ639-11-25-17-31,216.41419968279797
47945c-NOZ648-12-18-21-16,103.20666954613057
47945c-NOZ6TM-11-02-18-49,230.42565565158492
47947c-NOZ144-11-17-15-03,44.30142179456002
47947c-NOZ145-11-17-16-08,167.24581237845373
47947c-NOZ181-11-26-09-00,126.69569118211318
47947c-NOZ182-11-02-07-34,191.7607116378444
47947c-NOZ182-11-26-07-47,168.6722752743209
47947c-NOZ191-11-11-17-13,151.14525075334348
47947c-NOZ1BG-12-30-07-28,1146.3521002036355
47947c-NOZ1KD-11-18-14-22,206.94975832580732
47947c-NOZ1TT-11-09-14-32,46.15869153008588
47947c-NOZ270-12-14-08-19,95.09956221867621
47947c-NOZ271-12-17-07-43,257.79327965356794
47947c-NOZ276-11-01-16-02,92.1553065026669
47947c-NOZ276-11-25-16-03,69.18053676661476
47947c-NOZ276-12-28-16-18,251.80819972977622
47947c-NOZ277-11-01-17-19,306.64041487494694
47947c-NOZ277-11-25-17-28,248.21076864775694
47947c-NOZ278-12-16-23-57,49.29216921626283
47947c-NOZ2DC-12-06-06-20,132.16081385738207
47947c-NOZ346-11-06-14-30,1012.1350789003345
47947c-NOZ347-11-06-16-34,1051.5784678041614
47947c-NOZ3DB-11-16-18-14,233.59085787507126
47947c-NOZ3JE-12-02-06-56,262.5288017065194
47947c-NOZ3JE-12-06-07-13,59.59765651328591
47947c-NOZ4HF-12-05-07-06,70.65472477524457
47947c-NOZ51Q-11-18-08-38,71.84621632351687
47947c-NOZ522-11-10-06-07,174.86134713603846
47947c-NOZ525-11-10-07-22,68.88663907891923
47947c-NOZ538-11-22-15-31,264.323553794638
47947c-NOZ538-11-28-15-18,102.7096586114189
47947c-NOZ543-11-22-16-45,182.61504862232096
47947c-NOZ546-11-22-18-20,354.34519563632807
47947c-NOZ548-11-20-18-48,262.8624700884022
47947c-NOZ549-11-22-19-31,363.3084247004326
47947c-NOZ553-11-20-20-03,178.7192137621331
47947c-NOZ56U-12-29-20-08,975.8510322133139
47947c-NOZ5PY-11-09-15-55,60.87381786232808
47947c-NOZ601-11-22-05-32,102.54428742226335
47947c-NOZ601-12-05-05-50,163.14713969788784
47947c-NOZ605-12-01-06-28,133.82231524212074
47947c-NOZ606-11-08-08-02,112.57306191499801
47947c-NOZ606-12-01-07-59,242.82884058988566
47947c-NOZ607-11-09-07-07,140.22650145514717
47947c-NOZ608-12-03-09-17,252.15436843868181
47947c-NOZ608-12-05-09-46,40.322444575067784
47947c-NOZ609-12-03-07-45,56.60579919143498
47947c-NOZ611-12-05-08-19,226.23157255391376
47947c-NOZ612-11-12-12-22,186.70297458467675
47947c-NOZ612-12-05-12-33,65.05476650306643
47947c-NOZ617-12-05-11-05,189.47645603106696
47947c-NOZ620-12-05-15-25,151.24108606668923
47947c-NOZ625-12-05-14-04,52.85320594354923
47947c-NOZ626-11-08-16-53,127.63334327382589
47947c-NOZ626-11-21-16-46,133.29509250159694
47947c-NOZ628-11-09-17-40,131.43070506200974
47947c-NOZ631-11-08-15-25,199.82994514899218
47947c-NOZ631-11-21-15-29,218.6366856861894
47947c-NOZ632-12-05-18-10,290.0874288877347
47947c-NOZ637-12-05-16-54,113.71367810454164
47947c-NOZ638-11-30-20-06,319.71608278696806
47947c-NOZ645-11-09-18-56,88.11716579390291
47947c-NOZ64N-11-02-17-02,98.47596060245651
47947c-NOZ68L-11-13-20-45,1546.1734573554907
47947c-NOZ6MH-11-18-11-32,104.1356532686072
47947c-NOZ6TM-11-01-18-53,131.81706183600815
47947c-NOZ7C-12-14-09-36,118.90357534440683
47947c-NOZ9BH-11-11-15-42,165.83301464177487
47947c-NOZ9T-11-18-16-55,263.83345831241127
4794f2-NOZ133-12-16-15-26,303.02118660195987
4794f2-NOZ181-11-04-06-01,226.35118680177987
4794f2-NOZ181-11-07-06-05,106.46988536568442
4794f2-NOZ181-11-08-06-01,179.5390686369569
4794f2-NOZ182-11-08-07-33,196.24356451245959
4794f2-NOZ183-11-04-09-01,211.9562846449109
4794f2-NOZ183-11-07-08-49,208.76038945474932
4794f2-NOZ183-11-08-08-46,262.25337510327404
4794f2-NOZ183-12-11-08-39,87.81026118105513
4794f2-NOZ191-11-07-17-04,171.5776642054138
4794f2-NOZ191-11-10-17-06,112.063931518747
4794f2-NOZ191-11-22-17-06,230.0837331006237
4794f2-NOZ191-12-01-17-04,103.53463956729166
4794f2-NOZ191-12-22-17-29,194.9904276150556
4794f2-NOZ1BG-11-10-06-01,1057.033774061437
4794f2-NOZ1BG-11-28-06-05,1126.987883923129
4794f2-NOZ1BG-12-01-06-05,929.9072815272204
4794f2-NOZ1TT-12-13-15-05,108.86673479763853
4794f2-NOZ270-11-01-07-30,123.25083050429132
4794f2-NOZ271-11-01-06-06,136.138304947166
4794f2-NOZ272-12-11-16-07,155.29604458816218
4794f2-NOZ275-12-11-17-44,165.20071448285546
4794f2-NOZ276-11-17-15-58,301.8225467822016
4794f2-NOZ276-11-23-18-36,227.7733721637824
4794f2-NOZ277-11-17-17-35,63.856511195383206
4794f2-NOZ277-11-23-19-44,82.85637887772695
4794f2-NOZ2BE-11-02-12-35,1525.0138520907033
4794f2-NOZ2DC-12-19-06-00,52.29988520747947
4794f2-NOZ345-11-02-09-29,1106.2656134197973
4794f2-NOZ345-11-20-10-19,1170.826697199365
4794f2-NOZ346-11-01-14-29,1141.731037492159
4794f2-NOZ347-11-01-16-33,971.1523960696554
4794f2-NOZ3JE-12-19-06-53,213.95371520073917
4794f2-NOZ4RZ-11-02-07-35,954.1953394481106
4794f2-NOZ4RZ-11-20-08-17,928.2213127664794
4794f2-NOZ50A-11-16-16-42,926.6783595546602
4794f2-NOZ50A-12-05-16-51,1010.9499357106644
4794f2-NOZ530-11-09-09-47,254.72360943810685
4794f2-NOZ530-12-01-09-52,387.30489744885114
4794f2-NOZ530-12-05-10-20,101.39431735845474
4794f2-NOZ530-12-07-10-01,354.2617951436884
4794f2-NOZ531-11-09-11-05,211.15072559695273
4794f2-NOZ531-11-10-11-04,275.5866955918288
4794f2-NOZ531-12-01-11-05,235.49726721195904
4794f2-NOZ531-12-05-11-28,190.10754502987382
4794f2-NOZ531-12-07-11-14,162.44734369745112
4794f2-NOZ534-11-09-12-35,171.57063219196823
4794f2-NOZ534-11-10-12-42,68.22531440066459
4794f2-NOZ534-12-01-12-50,96.54908775710165
4794f2-NOZ534-12-05-12-54,201.10156786371385
4794f2-NOZ534-12-07-12-37,136.70261991775735
4794f2-NOZ537-11-09-14-00,257.3126318397409
4794f2-NOZ537-12-01-14-03,184.4000845433536
4794f2-NOZ537-12-05-14-06,161.14169751038258
4794f2-NOZ537-12-07-13-59,169.25695537117244
4794f2-NOZ538-11-23-15-43,302.36181851102896
4794f2-NOZ540-11-09-16-09,168.16623847984314
4794f2-NOZ540-11-30-16-17,233.6236822387678
4794f2-NOZ540-12-09-16-14,178.0052458317726
4794f2-NOZ543-11-23-16-56,125.61444671908073
4794f2-NOZ545-11-09-17-21,375.70631199704883
4794f2-NOZ545-11-30-17-24,416.51929288480346
4794f2-NOZ545-12-09-17-41,88.14073941952039
4794f2-NOZ55J-11-16-18-38,1125.1077196093172
4794f2-NOZ55J-12-05-18-55,992.085041851181
4794f2-NOZ56U-11-09-18-49,1029.0314111804264
4794f2-NOZ56U-11-27-20-09,916.275642283744
4794f2-NOZ56U-11-30-18-55,989.436141302185
4794f2-NOZ601-11-16-05-34,158.01090541720063
4794f2-NOZ601-12-15-05-51,105.4071870912528
4794f2-NOZ602-11-22-06-32,104.46788725074721
4794f2-NOZ605-12-14-06-41,142.68079740553645
4794f2-NOZ605-12-16-06-43,78.59292117326447
4794f2-NOZ606-12-14-08-05,94.49951207120988
4794f2-NOZ606-12-16-08-43,212.5690235599356
4794f2-NOZ607-12-21-07-02,48.66937052106221
4794f2-NOZ608-12-15-09-49,172.8572188875679
4794f2-NOZ608-12-29-10-20,161.20833893531173
4794f2-NOZ609-11-22-07-42,237.9674214218956
4794f2-NOZ611-12-15-08-24,132.2693330068802
4794f2-NOZ611-12-29-08-27,87.89565890165086
4794f2-NOZ612-12-15-12-33,245.49326281263907
4794f2-NOZ612-12-20-12-33,98.5117936438772
4794f2-NOZ612-12-29-14-02,220.65911040391393
4794f2-NOZ614-12-18-14-00,182.3260813665136
4794f2-NOZ617-12-20-11-01,255.19613842289294
4794f2-NOZ617-12-29-11-41,171.68297886801633
4794f2-NOZ620-12-15-15-27,107.19795941780572
4794f2-NOZ620-12-20-15-29,169.71420041037328
4794f2-NOZ620-12-29-17-43,146.80657382628374
4794f2-NOZ623-12-18-12-35,130.99531330533978
4794f2-NOZ625-12-15-14-05,151.5512750291176
4794f2-NOZ625-12-20-14-00,133.05945860762623
4794f2-NOZ626-12-18-17-02,277.8502030896281
4794f2-NOZ626-12-19-17-41,126.70834953071096
4794f2-NOZ626-12-30-17-00,198.97737454248383
4794f2-NOZ631-12-18-15-35,79.68710484958076
4794f2-NOZ631-12-19-15-34,169.4196284267042
4794f2-NOZ631-12-30-15-40,69.98637651667713
4794f2-NOZ632-12-15-18-11,94.58831401104862
4794f2-NOZ632-12-20-18-23,260.2271655814256
4794f2-NOZ634-12-18-20-02,177.78893212450885
4794f2-NOZ637-12-15-16-43,130.51079054939555
4794f2-NOZ637-12-20-16-48,212.73729126863256
4794f2-NOZ638-11-15-20-22,111.05342120124433
4794f2-NOZ643-12-18-18-24,243.57782547141437
4794f2-NOZ6MH-11-19-10-08,105.07972217507802
4794f2-NOZ6TM-11-03-19-00,68.442280637791
4794f2-NOZ6TM-11-06-20-05,160.85271465400967
4794f2-NOZ6TM-11-07-18-44,184.40152861422132
4794f2-NOZ6TM-12-09-19-05,239.28449378583204
4794f2-NOZ8404-12-16-19-37,107.62807795231518
4794f2-NOZ9BH-11-07-15-34,127.64066893977997
4794f2-NOZ9BH-11-22-15-41,267.77380372333585
4794f2-NOZ9BH-12-01-15-33,79.82753344552553
47956b-NOZ133-11-03-15-03,203.961185814779
47956b-NOZ133-12-11-17-04,333.69755144337233
47956b-NOZ133-12-22-15-10,74.41290602686877
47956b-NOZ134-12-11-18-07,45.76637671874414
47956b-NOZ1BG-11-09-06-04,1081.7047098639948
47956b-NOZ1BG-11-21-06-22,1198.3612246351233
47956b-NOZ1TT-11-14-14-29,111.42159898105592
47956b-NOZ276-11-11-16-01,136.4740888530084
47956b-NOZ276-12-29-17-32,108.12796899111413
47956b-NOZ277-11-11-17-31,180.28771082736066
47956b-NOZ277-12-29-18-40,320.01210005291006
47956b-NOZ2UC-12-05-16-06,306.7081503680157
47956b-NOZ345-12-30-10-10,1071.2125890951381
47956b-NOZ346-11-23-15-21,930.1831437571609
47956b-NOZ346-11-24-14-50,940.2212206850804
47956b-NOZ347-11-23-17-11,1192.1024341473883
47956b-NOZ4RZ-12-30-07-41,1013.0537356721195
47956b-NOZ50A-11-28-16-46,855.1214735376012
47956b-NOZ521-12-08-05-46,221.42697611489203
47956b-NOZ521-12-09-05-45,242.35364842079886
47956b-NOZ521-12-12-05-33,184.84480570004564
47956b-NOZ521-12-13-05-27,110.46292906288437
47956b-NOZ521-12-14-05-33,92.8829682320818
47956b-NOZ521-12-15-05-51,161.8120814208556
47956b-NOZ523-11-10-06-36,425.9444305472975
47956b-NOZ523-12-16-07-43,306.9144462222753
47956b-NOZ524-12-07-07-13,386.8898524506192
47956b-NOZ524-12-08-07-00,284.50634157656947
47956b-NOZ524-12-09-07-10,105.23019590704845
47956b-NOZ524-12-12-07-09,100.71078081166851
47956b-NOZ524-12-13-07-00,181.54168189265462
47956b-NOZ524-12-14-07-06,319.907510302011
47956b-NOZ524-12-15-07-10,262.4597721196837
47956b-NOZ530-11-18-09-51,252.1069134219309
47956b-NOZ530-11-28-10-04,132.56407336217137
47956b-NOZ530-12-18-09-30,215.86112585189912
47956b-NOZ531-11-18-11-17,135.37203786358737
47956b-NOZ531-11-28-11-15,142.2175502190054
47956b-NOZ531-12-18-08-07,261.53442116536183
47956b-NOZ532-12-16-14-40,224.03688956341506
47956b-NOZ534-11-28-12-37,131.77570741319033
47956b-NOZ535-12-16-17-00,78.23839959268685
47956b-NOZ536-12-16-19-29,60.180081769293764
47956b-NOZ537-11-18-14-09,293.5608396338377
47956b-NOZ537-11-28-13-58,51.637115564037785
47956b-NOZ538-11-10-15-21,55.64131127211622
47956b-NOZ540-11-08-16-28,101.15618299258833
47956b-NOZ541-12-16-20-57,107.40497473777853
47956b-NOZ543-11-10-16-42,95.92765958829077
47956b-NOZ544-12-16-22-58,94.10458306645043
47956b-NOZ546-11-10-18-12,143.56657453179014
47956b-NOZ548-12-04-18-28,146.69136872391675
47956b-NOZ549-11-10-19-30,125.25648543945711
47956b-NOZ550-11-09-19-59,180.8587962735266
47956b-NOZ553-12-04-19-43,167.83528738120208
47956b-NOZ55J-11-28-18-42,1150.0764567562574
47956b-NOZ56U-11-08-19-06,917.6360641341178
47956b-NOZ56U-11-20-20-23,1085.2600160732125
47956b-NOZ5AY-12-18-11-03,179.92719146329677
47956b-NOZ5PY-11-14-15-56,108.09817057464174
47956b-NOZ601-11-02-05-43,70.26400524886847
47956b-NOZ605-11-01-06-41,112.12047424163559
47956b-NOZ606-11-01-08-02,229.51716117090123
47956b-NOZ608-11-02-09-54,71.686128583028
47956b-NOZ608-12-26-10-34,152.48451770701055
47956b-NOZ611-11-02-08-37,246.71187335139652
47956b-NOZ612-11-02-12-22,151.03966764798554
47956b-NOZ612-12-26-13-27,58.66396489231465
47956b-NOZ617-11-02-11-05,343.86543619778047
47956b-NOZ617-12-26-11-52,73.70992457854611
47956b-NOZ620-11-02-15-22,180.8048742480368
47956b-NOZ620-12-26-16-14,156.87867103922449
47956b-NOZ625-11-02-13-57,60.286507704642105
47956b-NOZ626-11-01-16-55,144.06960086344424
47956b-NOZ626-11-22-17-40,254.450085012753
47956b-NOZ628-11-14-17-39,118.9626886410416
47956b-NOZ631-11-01-15-24,206.46691592113729
47956b-NOZ632-11-02-17-57,159.20073490650452
47956b-NOZ637-11-02-16-37,56.849268342719135
47956b-NOZ638-12-20-20-17,206.9486230939559
47956b-NOZ639-11-18-17-33,199.3384623032046
47956b-NOZ639-12-05-17-30,110.29079765935958
47956b-NOZ645-11-14-19-11,90.17304555033171
479d40-NOZ140-12-08-07-28,76.23019547956663
479d40-NOZ140-12-09-07-09,157.8598239653289
479d40-NOZ140-12-21-07-12,70.64888551526765
479d40-NOZ141-12-08-08-30,124.56572574598295
479d40-NOZ141-12-09-08-22,229.76314824931387
479d40-NOZ141-12-21-08-08,137.27132732133788
479d40-NOZ144-12-22-15-28,145.10562235383836
479d40-NOZ145-12-05-16-55,30.473174243282017
479d40-NOZ145-12-12-17-22,334.24427624557495
479d40-NOZ145-12-21-16-55,82.33813836456959
479d40-NOZ183-11-27-07-47,285.84038635412446
479d40-NOZ1BG-12-02-06-07,1053.9609317021482
479d40-NOZ270-11-29-07-16,63.5516282885834
479d40-NOZ271-11-29-06-01,132.81605231990824
479d40-NOZ272-11-13-15-33,194.68243129790045
479d40-NOZ272-11-27-15-37,62.699871707475324
479d40-NOZ275-11-13-16-48,94.67387000567992
479d40-NOZ275-11-27-16-53,100.13473691043808
479d40-NOZ277-11-03-17-22,148.44764138256187
479d40-NOZ345-12-17-15-20,1256.4304360130322
479d40-NOZ346-11-29-14-44,954.7258451380256
479d40-NOZ346-12-02-14-48,973.0316886573883
479d40-NOZ347-11-29-16-40,1148.1289634763934
479d40-NOZ347-12-02-16-41,1086.9146868009545
479d40-NOZ4RZ-12-17-12-20,1007.9384867182993
479d40-NOZ522-11-02-06-00,339.6199397733965
479d40-NOZ530-11-11-09-55,73.59317560930039
479d40-NOZ534-11-11-12-41,140.09414794669405
479d40-NOZ538-11-07-15-22,208.0512291170422
479d40-NOZ538-11-09-15-16,279.8137491066016
479d40-NOZ538-11-15-15-14,100.51396898901254
479d40-NOZ540-11-28-16-13,308.0985154292157
479d40-NOZ543-11-07-16-40,169.9966699390158
479d40-NOZ543-11-09-16-33,406.01009834843205
479d40-NOZ543-11-15-16-45,160.68326665749913
479d40-NOZ545-11-28-17-25,336.32021833562686
479d40-NOZ546-11-07-18-16,272.7035580260689
479d40-NOZ546-11-09-18-16,260.98583124670876
479d40-NOZ549-11-07-19-36,174.58233365761603
479d40-NOZ549-11-09-19-26,292.11245852134726
479d40-NOZ549-11-15-19-27,65.86369798212756
479d40-NOZ602-12-15-06-58,281.82028486828443
479d40-NOZ608-12-31-08-51,109.24633345660519
479d40-NOZ609-12-15-08-13,107.57283959225303
479d40-NOZ6TM-11-25-19-09,100.0535104659604
479d40-NOZ7C-11-29-08-44,91.78609868967443
479d40-NOZ8ME-12-06-18-13,67.1681404566826
479ee7-NOZ132-12-05-13-57,159.91204921371525
479ee7-NOZ133-12-05-15-01,223.34596035967806
479ee7-NOZ194-12-11-19-04,211.70215236068896
479ee7-NOZ195-12-11-20-21,156.68206843266418
479ee7-NOZ1TT-12-04-14-33,304.00216679049385
479ee7-NOZ270-12-13-07-49,150.8215596401066
479ee7-NOZ271-12-13-06-33,100.49358945138096
479ee7-NOZ276-12-23-17-03,165.99352902829708
479ee7-NOZ276-12-27-18-07,216.1772748361725
479ee7-NOZ277-12-23-18-16,74.67331719465724
479ee7-NOZ277-12-27-19-19,152.52943232642846
479ee7-NOZ278-12-12-18-56,158.9408994177424
479ee7-NOZ345-12-01-09-38,924.1693431331485
479ee7-NOZ345-12-14-09-38,1021.5785205718389
479ee7-NOZ346-12-13-14-48,1094.5774938053128
479ee7-NOZ347-12-13-16-35,1051.8538858009967
479ee7-NOZ3LH-12-08-09-44,340.16719795564666
479ee7-NOZ4DG-12-08-20-47,196.1391505431325
479ee7-NOZ4RZ-12-01-07-45,920.4110331687565
479ee7-NOZ4RZ-12-14-07-43,952.2582452296231
479ee7-NOZ50A-12-08-16-54,960.5359367740307
479ee7-NOZ50A-12-29-17-57,1025.2680063830137
479ee7-NOZ540-12-12-16-25,365.06401908069716
479ee7-NOZ545-12-12-17-43,270.8840550101815
479ee7-NOZ55J-12-08-18-49,1005.7123672092885
479ee7-NOZ55J-12-29-23-25,1166.2324233678025
479ee7-NOZ5PY-12-04-15-54,155.5221913116379
479ee7-NOZ605-12-05-06-42,113.22735983964063
479ee7-NOZ605-12-06-06-42,57.394664762901364
479ee7-NOZ605-12-07-06-38,67.17012303274429
479ee7-NOZ605-12-08-07-09,102.72047282274404
479ee7-NOZ606-12-05-08-06,179.43617258783172
479ee7-NOZ606-12-06-08-23,197.56674789979272
479ee7-NOZ606-12-07-08-01,110.35847225117513
479ee7-NOZ606-12-08-08-20,136.0578101986389
479ee7-NOZ607-12-09-07-00,169.52553714266094
479ee7-NOZ626-12-06-16-53,55.96580813934602
479ee7-NOZ628-12-04-17-24,273.4877249002106
479ee7-NOZ631-12-06-15-30,60.73427523715378
479ee7-NOZ638-12-04-20-19,168.5644887582019
479ee7-NOZ639-12-11-17-40,103.36060163150292
479ee7-NOZ645-12-04-18-47,98.11187291590367
47a039-NOZ133-11-18-15-01,219.63644432870828
47a039-NOZ141-11-29-08-04,199.68170168816727
47a039-NOZ141-12-02-08-11,202.00920790771363
47a039-NOZ141-12-16-08-44,135.25917787519626
47a039-NOZ143-12-04-14-29,202.98417965204118
47a039-NOZ145-11-29-16-42,201.75600843144534
47a039-NOZ145-12-15-16-57,178.52821293329364
47a039-NOZ181-11-10-06-26,330.9144020690332
47a039-NOZ182-11-10-07-53,129.00885748338834
47a039-NOZ183-11-10-09-17,70.23385630810303
47a039-NOZ1BG-12-12-06-06,1049.973587507903
47a039-NOZ1BG-12-21-06-54,1159.5945621466415
47a039-NOZ1BG-12-28-06-35,1257.7690459592163
47a039-NOZ1BG-12-31-06-19,1169.183389602908
47a039-NOZ1TT-11-04-14-44,368.66326991095934
47a039-NOZ1TT-11-17-14-40,189.67039620995644
47a039-NOZ1TT-11-24-14-46,114.89105088972283
47a039-NOZ1TT-12-07-14-52,109.46914883491587
47a039-NOZ272-11-06-15-24,107.54266694285032
47a039-NOZ276-11-09-15-58,100.83725995178797
47a039-NOZ276-11-14-15-55,67.31169294999418
47a039-NOZ278-11-15-18-55,94.43981570640092
47a039-NOZ345-12-18-10-29,931.7429194803863
47a039-NOZ345-12-19-10-26,1004.6883705167031
47a039-NOZ346-12-28-14-58,944.1001228761124
47a039-NOZ347-12-28-16-59,1198.0616249957152
47a039-NOZ3JE-11-01-06-58,186.24804376952912
47a039-NOZ3LH-11-25-13-11,272.9031227689272
47a039-NOZ3LH-11-26-07-32,287.37977539149966
47a039-NOZ4HF-11-21-07-07,146.62632566538514
47a039-NOZ4RZ-12-18-08-28,991.3211232834109
47a039-NOZ4RZ-12-19-07-53,1050.232900719518
47a039-NOZ50A-12-18-17-38,1165.3334167013304
47a039-NOZ50F-12-05-09-48,286.53107943350824
47a039-NOZ538-11-16-15-18,57.53101778119713
47a039-NOZ540-12-20-16-51,185.24529058383925
47a039-NOZ543-11-16-16-49,131.35052469624472
47a039-NOZ545-12-20-18-15,95.55315870149244
47a039-NOZ545-12-27-17-49,286.8681206002786
47a039-NOZ546-11-16-18-12,103.89977322165485
47a039-NOZ549-11-16-19-28,242.21100910455405
47a039-NOZ550-12-23-21-38,132.68884392940691
47a039-NOZ55J-12-18-20-38,994.4392344873454
47a039-NOZ56U-12-11-20-06,1039.6420560218546
47a039-NOZ56U-12-20-19-54,1034.1688381861686
47a039-NOZ56U-12-27-19-16,1009.5844345078676
47a039-NOZ56U-12-30-19-42,896.2395057310896
47a039-NOZ5PY-11-04-16-15,141.45016847852835
47a039-NOZ5PY-11-17-15-58,178.9937831417982
47a039-NOZ5PY-11-24-16-05,164.73674015696665
47a039-NOZ5PY-12-06-15-59,108.71627997871643
47a039-NOZ5PY-12-07-16-10,101.4869911224256
47a039-NOZ601-11-21-05-35,163.36930107634777
47a039-NOZ605-11-03-06-40,151.0561635552029
47a039-NOZ605-11-18-06-31,139.3126448773441
47a039-NOZ606-11-18-08-06,79.55720026808056
47a039-NOZ606-11-25-08-21,130.55087321686477
47a039-NOZ607-11-22-07-05,146.50610999289495
47a039-NOZ607-11-28-07-02,153.68614504381435
47a039-NOZ608-11-21-10-05,49.75762135571951
47a039-NOZ611-11-21-08-20,143.67418253637953
47a039-NOZ612-11-21-12-32,94.21670325640854
47a039-NOZ614-11-27-15-08,66.74592115540356
47a039-NOZ617-11-21-11-13,97.97988197670894
47a039-NOZ620-11-21-15-29,135.5533574399563
47a039-NOZ625-11-21-14-01,91.07449133054156
47a039-NOZ628-11-04-17-39,317.7329463696592
47a039-NOZ628-11-17-17-32,90.69433440264919
47a039-NOZ628-11-24-17-45,52.33043906062691
47a039-NOZ628-12-07-17-33,93.23361472545847
47a039-NOZ632-11-21-18-08,129.63248423542956
47a039-NOZ638-11-17-20-15,396.19276780552633
47a039-NOZ638-11-24-20-29,106.67874484945668
47a039-NOZ645-11-04-18-54,204.20520463779343
47a039-NOZ645-11-17-18-46,155.1453999334456
47a039-NOZ645-11-24-18-58,201.27471883430107
47a039-NOZ645-12-07-18-47,66.9111286394961
47a039-NOZ6CF-11-16-08-06,1669.8586808098798
47a039-NOZ6TM-11-09-18-55,154.55159446142784
47a05e-NOZ133-11-20-15-59,193.3324286070241
47a05e-NOZ134-11-20-17-00,109.27456027934431
47a05e-NOZ164-12-16-06-21,297.82836643678695
47a05e-NOZ172-12-18-11-56,115.53799074401282
47a05e-NOZ182-12-30-07-36,156.94617590914658
47a05e-NOZ183-11-13-07-52,103.08835086484054
47a05e-NOZ183-12-30-09-03,186.6977196408533
47a05e-NOZ191-11-02-17-04,68.84927779016269
47a05e-NOZ1BG-12-10-06-07,996.1646112551979
47a05e-NOZ1TT-12-15-14-57,96.41299244186487
47a05e-NOZ270-12-07-07-22,238.93716876097534
47a05e-NOZ270-12-15-07-35,355.7635651449581
47a05e-NOZ276-11-06-13-22,141.4968003047198
47a05e-NOZ278-12-14-18-54,247.65698967012085
47a05e-NOZ2GH-12-18-15-15,105.8796416798418
47a05e-NOZ2UC-11-14-15-59,182.63432737254118
47a05e-NOZ2UC-11-29-16-00,183.70561415207834
47a05e-NOZ3VG-12-13-16-31,121.31364470271315
47a05e-NOZ4RZ-12-12-07-39,945.5127426323972
47a05e-NOZ50A-12-11-16-57,913.4445442006739
47a05e-NOZ521-11-18-05-38,177.5273979876566
47a05e-NOZ521-11-21-05-30,282.85134771463737
47a05e-NOZ521-11-22-05-30,237.76974479340018
47a05e-NOZ521-11-23-05-33,137.44483970982571
47a05e-NOZ521-11-24-05-29,183.65911803387638
47a05e-NOZ521-11-25-05-30,224.6697040406899
47a05e-NOZ521-12-05-05-45,167.5527654664255
47a05e-NOZ521-12-06-05-29,164.04052801284703
47a05e-NOZ521-12-07-05-45,205.99631672211268
47a05e-NOZ523-12-01-06-26,63.59729450853055
47a05e-NOZ523-12-02-06-50,114.64320967677372
47a05e-NOZ524-11-17-07-11,102.59813523168816
47a05e-NOZ524-11-18-07-04,94.71126910206253
47a05e-NOZ524-11-21-07-11,61.60633351285458
47a05e-NOZ524-11-22-07-10,359.71095145692396
47a05e-NOZ524-11-23-07-24,273.87651203458006
47a05e-NOZ524-11-24-07-09,135.18649983444064
47a05e-NOZ524-11-25-06-58,384.0558441488329
47a05e-NOZ524-12-05-07-07,146.92269092702995
47a05e-NOZ524-12-06-07-21,337.69999151431864
47a05e-NOZ525-11-27-11-29,112.83100089364389
47a05e-NOZ526-12-01-08-09,101.09771638627976
47a05e-NOZ526-12-02-08-14,111.0927225209174
47a05e-NOZ530-12-04-09-27,76.08507475828267
47a05e-NOZ531-12-04-07-59,251.78771203151123
47a05e-NOZ532-12-01-10-54,123.74996835754527
47a05e-NOZ532-12-02-11-09,72.65729383643665
47a05e-NOZ535-12-01-12-30,193.22436676955482
47a05e-NOZ535-12-02-12-37,245.27187746505408
47a05e-NOZ535-12-04-13-35,138.5220195298605
47a05e-NOZ536-12-01-14-17,137.05933360030684
47a05e-NOZ537-11-27-15-06,167.05038075284136
47a05e-NOZ538-12-04-15-03,110.18472506475625
47a05e-NOZ540-11-11-16-13,75.46410380228812
47a05e-NOZ540-11-16-16-09,117.97072659096152
47a05e-NOZ540-11-27-16-29,279.37939383544955
47a05e-NOZ541-12-01-15-41,270.980367476279
47a05e-NOZ541-12-02-15-59,171.02362764082494
47a05e-NOZ543-12-04-16-38,141.36421242341873
47a05e-NOZ544-12-01-17-08,352.26707513475816
47a05e-NOZ544-12-02-17-26,87.65294289213968
47a05e-NOZ545-11-11-17-34,144.70607912213515
47a05e-NOZ545-11-16-17-29,205.93768371594624
47a05e-NOZ545-11-27-17-44,215.92663684320183
47a05e-NOZ546-11-27-19-05,200.759788989997
47a05e-NOZ549-12-04-19-33,169.66917082397003
47a05e-NOZ550-11-30-20-02,138.48455773672075
47a05e-NOZ550-12-04-20-59,146.4197675486945
47a05e-NOZ555-11-27-20-27,114.31266260917954
47a05e-NOZ55J-12-11-18-50,1162.8077830211319
47a05e-NOZ56U-12-09-19-23,1019.6055632143125
47a05e-NOZ5AY-12-01-09-22,63.10220367824764
47a05e-NOZ5AY-12-02-09-27,119.04698041999102
47a05e-NOZ5AY-12-04-10-52,178.29454208118923
47a05e-NOZ607-12-20-07-09,202.08425802628437
47a05e-NOZ612-12-19-12-36,102.82406215726515
47a05e-NOZ617-12-19-11-06,125.63733806709743
47a05e-NOZ620-12-19-15-48,161.2703100344786
47a05e-NOZ624-12-18-16-34,345.3829944548917
47a05e-NOZ625-12-19-14-09,179.44082144400718
47a05e-NOZ626-12-16-17-30,94.53813139677388
47a05e-NOZ628-12-13-17-44,96.26211181221257
47a05e-NOZ628-12-15-17-41,141.09979934376858
47a05e-NOZ632-12-19-18-55,267.76024127512625
47a05e-NOZ637-12-19-17-16,171.53837825304538
47a05e-NOZ638-12-12-20-16,156.36515297706353
47a05e-NOZ638-12-15-20-25,171.18197774044015
47a05e-NOZ639-11-14-17-24,126.62447462899128
47a05e-NOZ639-11-29-17-21,142.42969489478494
47a05e-NOZ645-12-13-18-54,134.59727304201374
47a05e-NOZ645-12-15-18-54,115.04918107199221
47a05e-NOZ6TC-11-04-17-10,1549.4586096553144
47a05e-NOZ6TM-11-11-19-02,132.95912332005304
47a05e-NOZ7C-12-07-08-44,113.46431523457628
47a05e-NOZ7C-12-15-08-50,119.91900676855053
47a05e-NOZ9BH-11-02-15-37,135.39747029169175
47a097-NOZ181-12-08-07-41,163.1073986128177
47a097-NOZ182-12-08-09-26,65.10643807436716
47a097-NOZ183-12-08-11-14,117.59380864816892
47a097-NOZ271-12-20-07-05,199.57912273906226
47a097-NOZ276-12-07-16-11,158.42486500231138
47a097-NOZ277-12-07-17-27,62.80651965333543
47a097-NOZ278-12-19-20-13,96.84031694679669
47a097-NOZ345-12-21-10-29,1059.1348779307136
47a097-NOZ346-12-09-15-26,1033.066661060054
47a097-NOZ346-12-20-15-14,1004.3675527566012
47a097-NOZ347-12-09-17-14,1014.6099207418595
47a097-NOZ347-12-20-17-57,1198.4187139605094
47a097-NOZ4HF-11-01-06-57,203.18859339201634
47a097-NOZ4RZ-12-21-07-46,1033.5177377894595
47a097-NOZ522-12-14-06-27,107.85752334716778
47a097-NOZ523-12-10-06-07,254.56803253020723
47a097-NOZ523-12-11-06-53,283.83310048357276
47a097-NOZ523-12-28-06-49,119.12557975129671
47a097-NOZ523-12-29-06-32,185.9819301326969
47a097-NOZ523-12-30-06-26,140.65892417237174
47a097-NOZ523-12-31-06-02,162.00855873008456
47a097-NOZ524-12-10-07-29,82.13112136992183
47a097-NOZ524-12-31-07-28,452.25023355081925
47a097-NOZ525-12-14-07-39,112.63209414968904
47a097-NOZ526-12-28-08-27,133.419088878903
47a097-NOZ526-12-29-08-35,253.24250539614872
47a097-NOZ526-12-30-08-13,197.21254571805557
47a097-NOZ531-12-10-08-47,131.02999198190184
47a097-NOZ531-12-31-08-55,74.8637939150567
47a097-NOZ532-12-10-10-15,199.05144097152828
47a097-NOZ532-12-28-11-19,179.4381665589313
47a097-NOZ532-12-29-11-46,193.88475555906632
47a097-NOZ532-12-30-11-04,212.7301768128214
47a097-NOZ532-12-31-10-15,368.2466715390079
47a097-NOZ535-12-29-13-05,199.34148093735683
47a097-NOZ535-12-30-12-39,78.03934652242405
47a097-NOZ536-12-28-14-17,104.34090983949743
47a097-NOZ536-12-29-14-42,257.4873871411834
47a097-NOZ536-12-30-14-22,209.14943344097847
47a097-NOZ540-12-19-17-06,102.92056556025153
47a097-NOZ541-12-28-15-42,73.5397499300459
47a097-NOZ541-12-29-16-04,359.02200874092296
47a097-NOZ541-12-30-15-57,73.43398563165326
47a097-NOZ544-12-27-17-42,245.69421907911303
47a097-NOZ544-12-28-17-32,178.1204497249135
47a097-NOZ544-12-29-18-16,280.91086663329133
47a097-NOZ544-12-30-17-23,141.9783201361095
47a097-NOZ545-12-19-18-26,284.1737495521765
47a097-NOZ548-12-18-19-49,183.67228174769593
47a097-NOZ550-12-09-19-34,273.1728833008908
47a097-NOZ553-12-18-21-05,383.0050520502581
47a097-NOZ5AY-12-28-09-37,78.86476514441308
47a097-NOZ5AY-12-29-10-00,88.49912313229028
47a097-NOZ5AY-12-30-09-33,73.81928979502946
47a097-NOZ601-11-01-05-34,137.78597373458163
47a097-NOZ602-12-22-06-12,76.72603762810046
47a097-NOZ608-11-01-09-39,156.31403768922996
47a097-NOZ609-12-22-07-41,179.45616594196684
47a097-NOZ60M-12-18-16-05,259.85217021229704
47a097-NOZ611-11-01-08-23,206.8066311622987
47a097-NOZ612-11-01-12-22,197.0137898490198
47a097-NOZ617-11-01-10-56,139.14678545342403
47a097-NOZ6TM-12-07-18-46,162.88338160323696
47a0bf-NOZ133-11-13-15-49,246.1906948250185
47a0bf-NOZ140-12-06-07-02,188.83375226365953
47a0bf-NOZ141-12-06-08-04,63.863578447887164
47a0bf-NOZ144-12-06-16-16,161.67212366388415
47a0bf-NOZ145-12-06-17-12,112.2241330625206
47a0bf-NOZ191-12-29-17-44,62.87431398708962
47a0bf-NOZ277-11-27-14-41,171.22614715999566
47a0bf-NOZ277-12-26-17-40,241.33160542625734
47a0bf-NOZ278-12-22-20-35,152.7233497205049
47a0bf-NOZ2GH-12-04-15-02,129.44972824029466
47a0bf-NOZ345-12-23-10-24,959.0222918216006
47a0bf-NOZ4HF-11-04-07-10,70.87840977400401
47a0bf-NOZ4HF-11-22-07-16,121.2906839428465
47a0bf-NOZ4HF-11-29-07-01,198.83184811061025
47a0bf-NOZ4RZ-12-23-07-39,1630.0965600716775
47a0bf-NOZ521-11-15-05-24,197.15214431178967
47a0bf-NOZ521-11-16-05-30,65.01693592672942
47a0bf-NOZ521-12-16-06-06,150.9014724942669
47a0bf-NOZ522-11-01-05-58,266.43947784655285
47a0bf-NOZ523-11-14-06-36,347.1283755532615
47a0bf-NOZ523-11-17-06-27,202.40547112878855
47a0bf-NOZ523-11-18-06-39,141.95264994418588
47a0bf-NOZ523-11-20-06-38,250.17025563532448
47a0bf-NOZ523-12-18-06-28,106.0387884963838
47a0bf-NOZ524-11-15-06-53,239.63885715450928
47a0bf-NOZ524-11-16-07-05,133.25018447046406
47a0bf-NOZ524-12-16-07-37,292.9903982530635
47a0bf-NOZ525-11-01-07-25,125.11163911413568
47a0bf-NOZ526-11-14-08-03,324.9585991253668
47a0bf-NOZ526-11-17-07-54,278.8476642519391
47a0bf-NOZ532-11-14-11-01,405.19778779192546
47a0bf-NOZ532-11-17-11-06,279.2113642115027
47a0bf-NOZ532-11-18-11-12,145.62902182734604
47a0bf-NOZ532-12-15-11-41,359.7811477538272
47a0bf-NOZ535-11-14-12-35,311.92235306975067
47a0bf-NOZ535-11-17-12-36,161.23586784780912
47a0bf-NOZ535-11-18-12-41,178.06323413666286
47a0bf-NOZ535-12-15-12-55,237.2769749582593
47a0bf-NOZ536-11-14-14-11,199.9414658362838
47a0bf-NOZ536-11-18-14-32,145.242137099123
47a0bf-NOZ536-12-15-14-19,282.2398378716693
47a0bf-NOZ540-12-22-16-49,202.26790787702427
47a0bf-NOZ541-11-14-15-43,100.57929164632758
47a0bf-NOZ541-11-17-15-54,64.54927204676416
47a0bf-NOZ541-11-18-15-59,165.96673148833545
47a0bf-NOZ544-11-14-17-14,138.07481048366165
47a0bf-NOZ544-11-18-17-32,116.11595678967984
47a0bf-NOZ544-12-15-17-18,243.96772293291113
47a0bf-NOZ545-12-22-18-04,83.34415803375897
47a0bf-NOZ547-11-17-18-35,227.18076673782974
47a0bf-NOZ547-12-15-18-34,270.89797711871137
47a0bf-NOZ550-11-11-19-23,241.439344583791
47a0bf-NOZ550-11-17-20-20,58.16018227640001
47a0bf-NOZ550-12-15-20-19,211.4714241683143
47a0bf-NOZ5AY-11-14-09-24,167.32686684420824
47a0bf-NOZ5AY-11-17-09-20,238.48890596407225
47a0bf-NOZ5AY-11-18-09-28,160.20845082774593
47a0bf-NOZ601-11-04-05-42,160.6850370579369
47a0bf-NOZ601-11-29-05-38,177.03981346111343
47a0bf-NOZ602-11-10-05-57,182.38186051604535
47a0bf-NOZ605-11-23-06-29,70.7812437478097
47a0bf-NOZ605-11-28-06-29,65.64239936194193
47a0bf-NOZ605-12-02-06-36,127.49501454486901
47a0bf-NOZ606-11-03-08-23,193.30437526183476
47a0bf-NOZ606-11-28-08-02,200.5654509306848
47a0bf-NOZ606-12-02-08-09,159.58653384108197
47a0bf-NOZ607-11-24-07-13,111.51231403628523
47a0bf-NOZ607-12-05-07-05,258.1926872887217
47a0bf-NOZ608-11-04-09-49,62.557250931350204
47a0bf-NOZ608-11-22-09-50,327.83679499972413
47a0bf-NOZ608-11-29-09-44,203.58223448852408
47a0bf-NOZ609-11-10-07-27,295.88215596295765
47a0bf-NOZ611-11-04-08-27,177.22712067329047
47a0bf-NOZ611-11-22-08-26,234.10588158855808
47a0bf-NOZ611-11-29-08-20,148.99565014071388
47a0bf-NOZ612-11-04-12-36,57.474767427473644
47a0bf-NOZ612-11-22-12-29,96.31435496012118
47a0bf-NOZ612-11-29-12-22,202.61704330921248
47a0bf-NOZ614-11-06-14-06,258.96427551617757
47a0bf-NOZ617-11-22-11-01,243.08506395475058
47a0bf-NOZ617-11-29-11-00,173.85175494167498
47a0bf-NOZ620-11-04-15-21,136.7777874524692
47a0bf-NOZ620-11-22-15-55,138.50838157682045
47a0bf-NOZ620-11-29-15-24,183.66915678099554
47a0bf-NOZ623-11-06-12-44,243.1195595279358
47a0bf-NOZ624-12-04-16-30,359.6176872231225
47a0bf-NOZ625-11-04-14-06,200.33404134250833
47a0bf-NOZ625-11-22-13-59,65.41523562715756
47a0bf-NOZ625-11-29-14-00,108.58819036992357
47a0bf-NOZ626-11-03-16-53,261.88901412042287
47a0bf-NOZ626-11-06-17-01,259.26273883080273
47a0bf-NOZ631-11-03-15-27,215.9309195783567
47a0bf-NOZ631-11-06-15-31,311.9499488590613
47a0bf-NOZ631-12-01-15-21,100.16301351362117
47a0bf-NOZ632-11-04-18-02,97.00525102912583
47a0bf-NOZ632-11-22-18-21,168.8380146394926
47a0bf-NOZ632-11-29-18-07,271.030931112497
47a0bf-NOZ634-11-06-19-50,271.6874343468481
47a0bf-NOZ637-11-04-16-44,115.21542419269947
47a0bf-NOZ637-11-22-17-08,77.5659007629379
47a0bf-NOZ637-11-29-16-43,66.39735949110154
47a0bf-NOZ638-11-27-20-19,173.87030030176481
47a0bf-NOZ643-11-06-18-28,160.65050900402275
47a185-NOZ181-11-25-06-04,67.34313297970832
47a185-NOZ181-12-16-07-20,125.51892291355635
47a185-NOZ182-11-25-07-32,92.99663732894317
47a185-NOZ183-11-25-08-50,87.70697900509518
47a185-NOZ194-11-20-18-50,187.0494568423235
47a185-NOZ195-11-20-19-58,134.1200745268906
47a185-NOZ1BG-12-19-06-52,1024.5905227986027
47a185-NOZ270-12-08-07-35,343.3187891182838
47a185-NOZ271-12-08-06-23,85.70471348241801
47a185-NOZ276-11-20-13-39,217.91819338161375
47a185-NOZ276-11-28-16-07,77.39539013660614
47a185-NOZ277-11-20-14-52,83.38463729455447
47a185-NOZ277-11-28-17-20,215.9387831415476
47a185-NOZ278-12-07-19-46,167.4554244396685
47a185-NOZ2DC-11-08-06-00,49.07528694146594
47a185-NOZ2GH-11-13-15-02,136.80266342677018
47a185-NOZ2UC-11-02-15-59,166.87007779229717
47a185-NOZ2UC-11-20-16-08,142.8946051958593
47a185-NOZ345-11-07-09-38,1057.8109346571698
47a185-NOZ346-11-18-14-36,924.6424878763208
47a185-NOZ347-11-18-16-31,995.3438054664626
47a185-NOZ347-11-30-16-45,1102.5769519708647
47a185-NOZ3JE-11-08-06-56,83.14268836360361
47a185-NOZ4HF-11-11-07-01,170.2394321820195
47a185-NOZ4HF-11-15-06-57,226.69774694011565
47a185-NOZ4RZ-11-07-07-39,960.8477337486073
47a185-NOZ50A-11-06-16-37,1045.0562823304122
47a185-NOZ523-12-04-06-31,190.60347927052283
47a185-NOZ536-12-04-14-27,168.09816939660433
47a185-NOZ538-12-02-15-33,86.99764258588074
47a185-NOZ538-12-13-15-55,139.8063455462072
47a185-NOZ541-12-04-15-41,76.36136639070861
47a185-NOZ543-12-02-16-48,232.9571086608452
47a185-NOZ543-12-13-17-12,146.67611959227844
47a185-NOZ546-12-02-18-24,125.30435464032044
47a185-NOZ546-12-13-18-35,135.53575063501788
47a185-NOZ549-12-13-19-54,137.76615536711557
47a185-NOZ55J-11-06-18-38,1008.0044707495664
47a185-NOZ56U-12-18-20-35,1039.7646925376528
47a185-NOZ601-11-11-05-38,197.2069017684611
47a185-NOZ601-11-15-05-39,162.9170376360884
47a185-NOZ605-11-16-06-33,92.81064224390886
47a185-NOZ606-11-16-08-06,57.59766633970204
47a185-NOZ607-11-17-07-01,174.29014543589847
47a185-NOZ608-11-11-09-45,107.59146638668848
47a185-NOZ608-11-12-08-57,171.53136602730257
47a185-NOZ608-11-15-09-39,187.65518820687862
47a185-NOZ609-11-12-07-30,47.01597187406844
47a185-NOZ611-11-11-08-24,161.9454678639385
47a185-NOZ611-11-15-08-19,138.09462952276698
47a185-NOZ612-11-11-12-33,128.92813119286095
47a185-NOZ612-11-15-12-24,189.37057811538978
47a185-NOZ617-11-11-11-11,80.42143507996802
47a185-NOZ620-11-10-15-25,198.26073670815754
47a185-NOZ620-11-11-15-24,79.73966338714914
47a185-NOZ620-11-15-15-23,148.44331224744496
47a185-NOZ624-11-13-16-25,172.3503973529298
47a185-NOZ625-11-10-14-06,89.86056722743069
47a185-NOZ625-11-14-14-07,127.8148336784906
47a185-NOZ625-11-15-14-07,170.60092407214813
47a185-NOZ632-11-10-18-06,100.59363163014531
47a185-NOZ632-11-11-18-11,201.12034924259163
47a185-NOZ632-11-14-18-07,63.36140671817083
47a185-NOZ632-11-15-18-13,194.60835813898106
47a185-NOZ637-11-11-16-45,66.62165500678363
47a185-NOZ637-11-14-16-46,97.15592253699307
47a185-NOZ637-11-15-16-37,201.1455520543901
47a185-NOZ638-11-07-20-14,120.77916967464844
47a185-NOZ639-11-02-17-20,51.81340758816253
47a185-NOZ639-11-20-17-22,152.26836646161408
47a185-NOZ67-11-10-16-50,97.54759028263821
47a185-NOZ6TM-11-24-19-39,136.92631397809862
47a185-NOZ6TM-12-15-19-52,130.79666585509483
47a185-NOZ7C-12-08-08-47,99.8799734156368
47a1ef-NOZ132-12-08-14-07,160.18605075268172
47a1ef-NOZ133-12-08-15-11,238.45720399053727
47a1ef-NOZ133-12-09-15-08,43.17850855746298
47a1ef-NOZ133-12-12-15-00,298.79162826360556
47a1ef-NOZ140-11-16-07-02,107.186593982242
47a1ef-NOZ140-11-21-07-14,58.25682480980213
47a1ef-NOZ140-11-24-07-14,64.2719191536157
47a1ef-NOZ140-11-25-07-07,260.72690713309964
47a1ef-NOZ140-12-23-07-11,128.890262393424
47a1ef-NOZ141-11-16-08-10,282.2204492398115
47a1ef-NOZ141-11-21-08-05,165.92739723891552
47a1ef-NOZ141-11-24-08-05,364.24471523900513
47a1ef-NOZ141-11-25-08-06,80.41727917154168
47a1ef-NOZ141-11-28-08-05,105.14822673909669
47a1ef-NOZ141-12-20-08-08,29.978470606485125
47a1ef-NOZ141-12-22-08-23,78.457533811723
47a1ef-NOZ141-12-23-08-04,248.56351476849716
47a1ef-NOZ142-11-20-13-39,119.07083813641336
47a1ef-NOZ143-11-20-14-35,220.75199159307107
47a1ef-NOZ144-11-16-14-25,349.1077720118225
47a1ef-NOZ144-11-18-14-26,174.91647327882075
47a1ef-NOZ145-11-16-16-55,208.07899398957142
47a1ef-NOZ145-12-20-16-51,137.20053893792877
47a1ef-NOZ191-11-09-16-59,104.46248093157652
47a1ef-NOZ194-12-18-19-27,137.5567119377244
47a1ef-NOZ195-12-18-20-52,228.18691347440475
47a1ef-NOZ1KD-11-17-14-12,264.01537483274524
47a1ef-NOZ1TT-11-01-14-31,72.1152005678974
47a1ef-NOZ1TT-11-13-14-32,203.04488542881592
47a1ef-NOZ345-11-27-10-21,1159.7609946938314
47a1ef-NOZ3JE-12-14-07-05,355.59777797753236
47a1ef-NOZ47Y-11-17-19-30,247.60314316574622
47a1ef-NOZ4RZ-11-27-08-16,1112.8988317908108
47a1ef-NOZ50A-11-07-16-37,1015.4715611846759
47a1ef-NOZ51Q-11-17-08-22,282.0768859752077
47a1ef-NOZ522-12-05-06-03,138.49596675022502
47a1ef-NOZ523-11-03-06-28,113.77661357295324
47a1ef-NOZ523-12-17-06-02,109.48625898380305
47a1ef-NOZ525-12-05-07-22,61.66542305060835
47a1ef-NOZ526-11-03-08-00,272.8154278387684
47a1ef-NOZ530-11-07-09-59,310.89912081543605
47a1ef-NOZ531-11-07-11-17,277.9625900226405
47a1ef-NOZ532-11-03-11-52,379.6741465098356
47a1ef-NOZ534-11-07-12-43,279.94324164536624
47a1ef-NOZ535-11-03-13-38,157.94416267271401
47a1ef-NOZ537-11-07-14-02,134.7514778711352
47a1ef-NOZ538-12-19-15-43,197.59447067570056
47a1ef-NOZ550-12-17-01-17,186.05888624339664
47a1ef-NOZ55J-11-07-18-44,1095.3235719655574
47a1ef-NOZ5AY-11-03-09-19,112.37935913145728
47a1ef-NOZ5DP-11-18-06-35,233.1546291794801
47a1ef-NOZ5PY-11-01-16-00,97.77314610178276
47a1ef-NOZ5PY-11-13-16-00,145.8660060790659
47a1ef-NOZ605-12-09-06-48,154.15087035589656
47a1ef-NOZ606-12-09-08-30,231.67329887100618
47a1ef-NOZ606-12-13-11-10,272.1854786121361
47a1ef-NOZ607-11-14-07-18,70.7057594810255
47a1ef-NOZ607-12-15-07-20,61.740674837870294
47a1ef-NOZ608-12-11-10-01,293.61800257242754
47a1ef-NOZ611-12-11-08-39,86.74216581648324
47a1ef-NOZ612-12-11-12-46,223.0134052948831
47a1ef-NOZ620-12-11-15-46,270.52949663828645
47a1ef-NOZ625-12-11-14-11,171.10722729055917
47a1ef-NOZ625-12-13-14-58,55.592165549150494
47a1ef-NOZ628-11-13-17-32,107.36757092767395
47a1ef-NOZ631-12-14-15-28,138.48876751711802
47a1ef-NOZ632-12-11-18-25,266.9162155773757
47a1ef-NOZ632-12-13-19-40,107.37798592608277
47a1ef-NOZ637-12-13-17-56,149.94889982554602
47a1ef-NOZ638-11-13-20-33,95.78773885742886
47a1ef-NOZ638-12-06-20-16,272.033555542127
47a1ef-NOZ639-12-18-18-02,211.66589874712847
47a1ef-NOZ645-11-01-18-58,137.56461493379675
47a1ef-NOZ645-11-13-19-26,93.76472438018806
47a1ef-NOZ647-12-11-19-39,200.55896776298067
47a1ef-NOZ648-12-11-21-02,231.40635437136336
47a1ef-NOZ8400-11-02-21-18,205.53074519117598
47a1ef-NOZ9BH-11-09-15-33,193.3523173147602
47a1ef-NOZ9T-11-17-16-50,363.6168680853858
47a218-NOZ141-12-12-08-13,307.8966584772662
47a218-NOZ145-12-09-17-23,194.77768133448322
47a218-NOZ181-11-14-06-24,146.5482908315456
47a218-NOZ181-11-15-06-01,129.88512174808145
47a218-NOZ181-11-24-06-05,62.460874380913516
47a218-NOZ182-11-14-07-53,225.38563734291225
47a218-NOZ182-11-15-07-38,191.4255482710911
47a218-NOZ182-11-24-08-00,72.22072215063606
47a218-NOZ182-12-29-08-06,201.70386801475829
47a218-NOZ183-11-14-09-07,100.73425309181485
47a218-NOZ183-11-15-08-53,222.3068134330897
47a218-NOZ183-11-24-09-07,97.54084154569004
47a218-NOZ183-12-29-09-25,157.21156633707102
47a218-NOZ191-11-14-17-10,181.8184026185078
47a218-NOZ1BG-12-05-06-01,936.712748620849
47a218-NOZ276-12-02-15-57,206.72672537679873
47a218-NOZ277-11-10-17-25,106.32045538499696
47a218-NOZ277-12-02-17-20,130.06255127238188
47a218-NOZ345-12-11-10-16,1084.1289485831442
47a218-NOZ4HF-11-18-07-15,72.08050048987363
47a218-NOZ4RZ-12-11-08-14,1039.6525433428483
47a218-NOZ523-12-14-06-52,294.47653932639525
47a218-NOZ523-12-19-06-28,107.6323660009873
47a218-NOZ523-12-20-06-26,201.5673447023051
47a218-NOZ525-12-26-07-24,114.44401660379242
47a218-NOZ526-12-14-08-21,418.75520006363746
47a218-NOZ526-12-19-08-12,290.9181116508761
47a218-NOZ526-12-20-07-58,205.22478064626878
47a218-NOZ530-12-02-10-13,85.86221310853244
47a218-NOZ531-12-02-11-19,133.98525572335637
47a218-NOZ532-12-14-11-01,336.0001836013425
47a218-NOZ532-12-18-12-42,298.3138347595886
47a218-NOZ532-12-19-11-04,208.0758923912173
47a218-NOZ532-12-20-11-09,281.77645677539056
47a218-NOZ534-12-02-12-42,68.0071033032322
47a218-NOZ535-12-14-12-31,205.35573253094628
47a218-NOZ535-12-18-13-57,249.86852608298696
47a218-NOZ535-12-19-12-31,106.18913410211519
47a218-NOZ536-12-14-14-19,137.78741443966302
47a218-NOZ536-12-19-14-22,106.5808703390847
47a218-NOZ536-12-20-14-26,71.12937192918642
47a218-NOZ537-12-02-13-55,202.64898731484652
47a218-NOZ538-12-18-15-29,213.95511213543406
47a218-NOZ541-12-14-15-46,225.16446282292168
47a218-NOZ541-12-19-15-45,236.07640423876472
47a218-NOZ541-12-20-15-45,58.89420511000041
47a218-NOZ544-12-19-17-34,255.06921956963558
47a218-NOZ548-11-27-18-35,212.23643000446484
47a218-NOZ549-12-18-19-38,76.13421837737805
47a218-NOZ550-12-13-20-25,198.6124035011659
47a218-NOZ550-12-18-21-06,221.52555839148826
47a218-NOZ550-12-20-20-20,111.05546425215331
47a218-NOZ550-12-30-19-33,269.4870470516694
47a218-NOZ56U-12-04-20-01,1046.4184679286768
47a218-NOZ5AY-12-14-09-26,136.55384218205717
47a218-NOZ5AY-12-19-09-28,93.5305765491733
47a218-NOZ608-11-18-10-03,56.35933876413193
47a218-NOZ608-11-19-08-57,310.6939919977804
47a218-NOZ609-11-19-07-35,143.81032022023587
47a218-NOZ611-11-18-08-35,108.80741295435374
47a218-NOZ611-11-20-08-24,146.86373031621562
47a218-NOZ612-11-18-12-40,234.51535120617723
47a218-NOZ612-11-20-12-41,130.39727419100007
47a218-NOZ617-11-18-11-19,200.59134658428582
47a218-NOZ617-11-20-11-06,107.64696893916852
47a218-NOZ620-11-18-15-42,243.92718377838943
47a218-NOZ620-11-20-15-48,199.6616105423132
47a218-NOZ625-11-18-14-07,141.8682104324664
47a218-NOZ625-11-20-14-01,141.84183292868084
47a218-NOZ632-11-18-18-32,54.7035955776869
47a218-NOZ632-11-20-18-28,39.51543428086635
47a218-NOZ637-11-18-16-52,95.56820558417303
47a218-NOZ637-11-20-17-02,110.42698447376424
47a218-NOZ639-12-07-17-28,81.61772264371076
47a218-NOZ647-11-20-19-40,70.49516418150266
47a218-NOZ6TM-11-13-20-12,132.60279946607298
47a218-NOZ6TM-11-14-18-42,63.79837674438634
47a218-NOZ6TM-11-23-19-49,183.64594631940943
47a22c-NOZ133-12-04-15-57,175.3374925279189
47a22c-NOZ140-11-17-07-06,101.36350347861794
47a22c-NOZ140-11-18-07-14,108.51305762990673
47a22c-NOZ141-11-17-08-01,279.41425258589044
47a22c-NOZ141-11-18-08-19,119.57784621397427
47a22c-NOZ144-11-14-15-50,56.36084501743221
47a22c-NOZ145-11-11-16-48,218.0531633778973
47a22c-NOZ145-11-14-16-46,181.44756594950908
47a22c-NOZ277-12-01-17-20,231.67179246446352
47a22c-NOZ278-11-01-18-44,164.10029382264025
47a22c-NOZ2UC-11-04-16-05,173.83625660233997
47a22c-NOZ2UC-12-13-16-13,147.56566848439854
47a22c-NOZ2UC-12-27-16-17,48.041069699883444
47a22c-NOZ345-12-16-10-50,1079.417527418273
47a22c-NOZ44A-11-11-07-58,255.7572514055748
47a22c-NOZ4RZ-12-16-07-59,976.4342283398288
47a22c-NOZ50A-12-15-18-01,1036.4357096061713
47a22c-NOZ50A-12-16-19-02,1153.1274789142542
47a22c-NOZ521-11-01-05-29,202.31705387844437
47a22c-NOZ522-11-07-06-06,129.73220366670392
47a22c-NOZ522-11-30-06-05,143.54093197897654
47a22c-NOZ522-12-21-06-17,342.80569189098526
47a22c-NOZ523-12-03-06-00,101.55300569547566
47a22c-NOZ523-12-05-06-40,231.08605525553577
47a22c-NOZ523-12-06-06-30,106.881655303014
47a22c-NOZ523-12-07-06-36,372.14402092132536
47a22c-NOZ523-12-08-07-03,101.87617932404304
47a22c-NOZ523-12-09-06-39,213.14038616260564
47a22c-NOZ524-11-01-06-58,244.80310724816093
47a22c-NOZ524-12-03-07-32,116.9718227345844
47a22c-NOZ525-11-07-07-20,108.34817901316256
47a22c-NOZ525-12-11-13-43,100.28697342494877
47a22c-NOZ525-12-21-07-31,77.09557331328713
47a22c-NOZ526-12-05-08-07,137.14530242751786
47a22c-NOZ526-12-06-08-30,246.15662803575026
47a22c-NOZ526-12-07-08-03,227.14738525856978
47a22c-NOZ526-12-08-08-27,458.647558584702
47a22c-NOZ526-12-09-08-16,287.7829145698068
47a22c-NOZ531-11-01-11-26,188.86185547795998
47a22c-NOZ531-11-04-11-14,143.89055038939583
47a22c-NOZ532-12-03-10-14,80.67367510808587
47a22c-NOZ532-12-05-10-58,102.35377914691308
47a22c-NOZ532-12-06-11-04,235.63160511285724
47a22c-NOZ532-12-08-11-11,303.7259143400086
47a22c-NOZ534-11-01-12-36,251.71962933033618
47a22c-NOZ535-12-05-12-38,130.54477332642904
47a22c-NOZ535-12-06-12-40,270.27791342560283
47a22c-NOZ535-12-07-12-40,200.56258658888137
47a22c-NOZ535-12-08-12-31,181.1334010776776
47a22c-NOZ536-12-05-14-15,142.7664250990089
47a22c-NOZ536-12-06-14-17,313.7690820056635
47a22c-NOZ536-12-07-14-33,274.09489022489595
47a22c-NOZ536-12-08-14-13,55.208271740479354
47a22c-NOZ536-12-11-15-25,77.65554774871156
47a22c-NOZ537-11-01-13-56,380.44010682377143
47a22c-NOZ537-11-04-14-00,68.97947783891705
47a22c-NOZ538-11-08-15-20,107.5369030255065
47a22c-NOZ541-12-05-15-44,98.04913524157973
47a22c-NOZ541-12-06-15-43,285.91472742602576
47a22c-NOZ541-12-07-15-44,209.87287498855778
47a22c-NOZ541-12-11-16-43,132.97176943329143
47a22c-NOZ543-11-08-16-44,212.2444415578119
47a22c-NOZ544-12-05-17-18,155.71292330260331
47a22c-NOZ544-12-06-17-17,272.50643901953606
47a22c-NOZ544-12-07-17-11,250.11027951123424
47a22c-NOZ544-12-09-17-35,105.84294415327004
47a22c-NOZ546-11-08-18-11,105.2206612741639
47a22c-NOZ547-12-06-18-29,251.5644679111835
47a22c-NOZ547-12-07-18-27,234.36650814534676
47a22c-NOZ549-11-08-19-28,230.47554049141488
47a22c-NOZ550-12-06-19-59,378.2895137385784
47a22c-NOZ550-12-07-20-05,285.8160976919222
47a22c-NOZ55J-12-15-20-03,1148.6224466635567
47a22c-NOZ55J-12-16-21-18,1098.5340540273162
47a22c-NOZ59B-11-18-10-48,230.2612300894078
47a22c-NOZ5AY-12-05-09-19,198.5955070061053
47a22c-NOZ5AY-12-06-09-47,161.61747425213753
47a22c-NOZ5AY-12-07-09-26,204.9725024060289
47a22c-NOZ5AY-12-08-09-39,196.48476151595872
47a22c-NOZ5AY-12-09-09-26,167.54275762065888
47a22c-NOZ5PR-11-20-16-04,254.72114718242491
47a22c-NOZ606-12-22-08-25,343.3747046789868
47a22c-NOZ612-12-22-12-46,285.42342364922473
47a22c-NOZ620-12-22-16-06,110.65220287134406
47a22c-NOZ625-12-22-14-11,72.62861737710064
47a22c-NOZ639-11-04-17-25,138.94633961167398
47a22c-NOZ639-11-22-17-49,54.111972730406585
47a22c-NOZ639-12-13-17-46,110.53849211170726
47a22c-NOZ639-12-27-17-43,250.06460124829604
47a22c-NOZ6CF-11-02-08-01,1586.8705959483684
47a31a-NOZ132-11-24-13-56,63.03629029170232
47a31a-NOZ132-11-25-14-05,104.98190184010627
47a31a-NOZ133-11-24-14-55,234.45664979007546
47a31a-NOZ133-11-25-15-04,204.20544613708446
47a31a-NOZ181-12-03-08-53,99.64653276910492
47a31a-NOZ181-12-21-06-11,139.52480593260105
47a31a-NOZ182-12-03-07-34,188.1119157866689
47a31a-NOZ191-11-03-17-04,76.62974479316769
47a31a-NOZ1BG-11-03-06-01,1016.2862627982934
47a31a-NOZ271-11-30-06-00,107.19458402878969
47a31a-NOZ276-12-20-16-04,258.9860991472095
47a31a-NOZ278-11-29-18-50,241.31934858858025
47a31a-NOZ2DC-11-25-06-05,34.62821134602676
47a31a-NOZ2DC-12-08-06-15,71.99972912444973
47a31a-NOZ2KT-12-18-16-09,305.0445720962195
47a31a-NOZ2UC-12-01-16-12,122.30509269460846
47a31a-NOZ345-11-21-09-57,1093.5355375809484
47a31a-NOZ346-12-12-14-45,940.1690952115268
47a31a-NOZ347-12-12-16-42,1043.0105397248465
47a31a-NOZ3JE-12-08-07-52,187.029275697644
47a31a-NOZ3TV-12-09-20-12,98.66157196278402
47a31a-NOZ4RZ-11-21-08-02,1004.9027953532502
47a31a-NOZ50A-11-20-16-44,976.5567203372226
47a31a-NOZ522-11-08-06-10,280.5660959197761
47a31a-NOZ525-11-08-07-29,122.26723342548208
47a31a-NOZ530-11-02-09-52,244.92672775685
47a31a-NOZ530-12-19-10-01,273.9316349430448
47a31a-NOZ531-11-02-11-08,365.7668587883547
47a31a-NOZ531-11-03-11-15,230.39898935576664
47a31a-NOZ531-12-19-11-14,277.8985583183146
47a31a-NOZ534-11-02-12-38,153.94740664615895
47a31a-NOZ534-11-03-12-36,141.41647541796817
47a31a-NOZ534-12-19-12-45,263.3556734700278
47a31a-NOZ537-11-02-13-54,185.16468149267868
47a31a-NOZ537-11-03-13-55,180.67795402786382
47a31a-NOZ537-12-19-14-00,211.06184838988398
47a31a-NOZ538-12-14-15-38,137.382357150077
47a31a-NOZ540-11-02-16-12,212.62803857414704
47a31a-NOZ545-11-02-17-25,322.6748138138284
47a31a-NOZ546-12-14-18-10,163.10020996376633
47a31a-NOZ548-11-13-18-38,128.00215652414383
47a31a-NOZ549-12-14-19-26,254.6722182191294
47a31a-NOZ553-11-13-20-01,60.83204545599993
47a31a-NOZ55J-11-20-18-37,1122.9124743698096
47a31a-NOZ56U-11-02-18-52,958.7357464606799
47a31a-NOZ601-12-09-05-36,72.08379747383913
47a31a-NOZ602-12-12-06-15,67.67928431384524
47a31a-NOZ607-11-29-06-58,107.0394342739846
47a31a-NOZ608-11-27-09-47,177.0345676222972
47a31a-NOZ608-12-09-10-02,58.49896159085752
47a31a-NOZ609-11-26-07-29,35.02094510384123
47a31a-NOZ611-11-27-08-22,182.51153240672224
47a31a-NOZ611-12-09-08-21,141.56401757807882
47a31a-NOZ612-11-27-13-56,179.32227934901445
47a31a-NOZ612-12-09-12-41,180.00425312913302
47a31a-NOZ617-11-27-11-11,105.24353157473608
47a31a-NOZ617-12-09-11-19,78.29889410053582
47a31a-NOZ620-12-09-15-56,290.9461847103369
47a31a-NOZ625-12-09-14-14,134.57712230949485
47a31a-NOZ626-11-27-17-06,95.53517994039858
47a31a-NOZ626-12-08-17-17,242.6459474322242
47a31a-NOZ631-11-27-15-40,91.74539968071838
47a31a-NOZ631-12-08-15-33,92.04559089928051
47a31a-NOZ632-12-09-18-37,271.2620373002766
47a31a-NOZ634-11-27-19-59,219.14888412933152
47a31a-NOZ637-12-09-17-10,74.27825653173961
47a31a-NOZ639-12-01-17-23,111.45480005435991
47a31a-NOZ643-11-27-18-32,69.67073154524299
47a31a-NOZ6TM-12-20-19-17,134.3343520775737
47a31a-NOZ9BH-11-03-15-34,251.0959564153809
47a32e-NOZ133-11-27-15-51,178.29035839202845
47a32e-NOZ181-11-18-06-10,69.81809354444485
47a32e-NOZ182-11-11-07-35,131.88765520961425
47a32e-NOZ182-11-18-07-41,64.58754397744659
47a32e-NOZ183-11-06-07-49,234.61025266040528
47a32e-NOZ183-11-11-08-57,111.47473778972987
47a32e-NOZ183-11-18-08-59,119.18229936700996
47a32e-NOZ183-12-18-07-55,150.4444487691481
47a32e-NOZ191-11-15-16-56,229.00296678104698
47a32e-NOZ1BG-11-02-06-00,1416.6182573026053
47a32e-NOZ1TT-11-16-14-37,77.20033638747168
47a32e-NOZ1TT-12-27-14-43,133.0219933629672
47a32e-NOZ1TT-12-30-14-33,242.4576959956088
47a32e-NOZ270-11-08-07-26,105.04029403737034
47a32e-NOZ270-11-16-07-32,166.5655493603766
47a32e-NOZ271-11-08-06-06,157.3092977544928
47a32e-NOZ272-12-18-15-50,68.72808182901866
47a32e-NOZ275-12-18-17-09,120.70656023858771
47a32e-NOZ278-11-07-18-59,62.77485039943082
47a32e-NOZ345-11-09-09-27,966.2843779547385
47a32e-NOZ346-11-08-14-27,872.90530110457
47a32e-NOZ346-11-13-14-36,1074.709242096082
47a32e-NOZ347-11-08-16-33,1009.7694873703256
47a32e-NOZ347-11-13-16-35,1003.2001071608345
47a32e-NOZ3VG-12-30-16-01,66.20833010892396
47a32e-NOZ4RZ-11-09-07-32,973.4167802271729
47a32e-NOZ521-11-28-05-24,194.76223277160102
47a32e-NOZ522-11-14-06-12,208.26542300359836
47a32e-NOZ522-12-19-06-14,318.8460077636815
47a32e-NOZ523-11-29-06-29,235.117865688856
47a32e-NOZ523-11-30-06-25,134.41586064838836
47a32e-NOZ524-11-28-07-20,93.87275411481137
47a32e-NOZ525-12-19-07-30,108.246305485343
47a32e-NOZ526-11-29-07-53,324.1245814517712
47a32e-NOZ526-11-30-07-50,212.34750254533202
47a32e-NOZ532-11-29-11-06,359.8452737905378
47a32e-NOZ532-11-30-10-49,138.75174559267884
47a32e-NOZ535-11-29-12-29,235.40003589942415
47a32e-NOZ535-11-30-12-31,208.90204148407335
47a32e-NOZ536-11-29-14-23,206.21835914732404
47a32e-NOZ538-11-21-15-32,272.820285178302
47a32e-NOZ538-12-15-15-30,285.86428229394915
47a32e-NOZ541-11-29-15-41,95.56610804478353
47a32e-NOZ541-11-30-15-41,211.9424223447078
47a32e-NOZ543-11-21-16-40,274.87509655445047
47a32e-NOZ543-12-15-16-49,170.93869315188402
47a32e-NOZ544-11-29-17-09,107.6657288023227
47a32e-NOZ545-11-01-17-33,230.11655802221244
47a32e-NOZ545-11-04-17-35,203.82116114053017
47a32e-NOZ546-11-21-18-13,266.9723859986113
47a32e-NOZ546-12-15-18-26,258.83930593128906
47a32e-NOZ547-11-29-18-23,195.76146652280022
47a32e-NOZ547-11-30-18-27,206.1664017935187
47a32e-NOZ549-11-21-19-24,143.12749138483716
47a32e-NOZ549-12-15-19-34,363.5476357435752
47a32e-NOZ550-11-25-19-28,164.97786749921835
47a32e-NOZ550-11-29-20-06,170.54371902239555
47a32e-NOZ56U-11-01-18-48,897.5103525169544
47a32e-NOZ5AY-11-29-09-23,233.61317594938495
47a32e-NOZ5PY-11-16-15-56,130.77141594015896
47a32e-NOZ628-11-16-17-30,61.06994651321646
47a32e-NOZ628-12-27-18-45,179.62616515824746
47a32e-NOZ628-12-30-17-43,65.6255990658246
47a32e-NOZ639-11-23-17-51,155.92553280372695
47a32e-NOZ645-11-16-18-49,97.30721768409606
47a32e-NOZ645-12-27-20-02,80.15397863958003
47a32e-NOZ645-12-30-19-06,153.5803795307261
47a32e-NOZ6TM-11-17-19-27,117.78784766271353
47a32e-NOZ6TM-12-16-23-03,166.03626016355403
47a32e-NOZ7C-11-08-08-39,165.12849120978223
47a32e-NOZ93E-11-17-18-03,166.0902582169152
47a32e-NOZ9BH-11-15-15-32,59.26788411823592
47a3b0-NOZ140-11-01-06-59,49.294805660600524
47a3b0-NOZ140-11-02-07-06,73.07923067864967
47a3b0-NOZ140-11-04-07-18,148.5605143590776
47a3b0-NOZ141-11-01-07-58,163.91634993244304
47a3b0-NOZ141-11-04-08-13,109.95374192305941
47a3b0-NOZ141-11-07-08-14,151.6796728664088
47a3b0-NOZ141-11-08-08-07,308.93041225316955
47a3b0-NOZ144-11-01-15-43,214.74582048028162
47a3b0-NOZ144-11-08-15-48,80.02760447572624
47a3b0-NOZ144-11-10-15-13,48.27712872729145
47a3b0-NOZ145-11-01-16-48,179.14439923719664
47a3b0-NOZ145-11-02-16-45,56.02118148460948
47a3b0-NOZ145-11-03-16-12,149.3017207214667
47a3b0-NOZ145-11-08-16-43,292.0607684339313
47a3b0-NOZ145-11-10-16-10,110.47701549746597
47a3b0-NOZ181-11-17-06-02,254.49461727013048
47a3b0-NOZ181-11-29-05-59,131.4801813286833
47a3b0-NOZ182-11-17-07-35,93.26301507553447
47a3b0-NOZ182-11-29-07-34,64.50198214313616
47a3b0-NOZ182-12-01-07-42,219.5891830183357
47a3b0-NOZ183-11-17-08-51,98.63557624592492
47a3b0-NOZ183-11-29-08-49,128.65930843695836
47a3b0-NOZ191-11-28-17-04,119.83868072253355
47a3b0-NOZ270-11-25-07-30,101.64028422935252
47a3b0-NOZ271-11-25-06-09,64.22535866861237
47a3b0-NOZ276-11-16-15-55,170.09555987799533
47a3b0-NOZ276-11-30-15-52,284.7821615663441
47a3b0-NOZ277-11-16-17-20,221.4929715021753
47a3b0-NOZ2UC-12-23-16-12,262.553446910644
47a3b0-NOZ345-11-06-10-14,877.5943031244796
47a3b0-NOZ345-12-02-09-42,1041.323193517939
47a3b0-NOZ42U-11-11-07-06,352.02533478548463
47a3b0-NOZ4RZ-11-06-08-18,993.8672827246941
47a3b0-NOZ4RZ-12-02-07-41,1023.6978684962377
47a3b0-NOZ50A-11-29-16-40,896.3493048967845
47a3b0-NOZ50A-12-02-16-47,1104.7263885845452
47a3b0-NOZ522-11-21-05-58,211.97577130696826
47a3b0-NOZ525-11-21-07-16,65.79926578959648
47a3b0-NOZ530-12-23-10-14,166.8289256740492
47a3b0-NOZ531-12-23-11-26,43.74611090658161
47a3b0-NOZ534-12-23-12-49,132.38587837364614
47a3b0-NOZ537-12-23-14-24,129.03666482828532
47a3b0-NOZ540-11-24-16-25,244.7656656932396
47a3b0-NOZ545-12-28-17-31,122.54625229123874
47a3b0-NOZ54Z-11-11-12-38,208.65351670081074
47a3b0-NOZ553-12-11-20-03,71.2289124104352
47a3b0-NOZ55J-11-29-18-33,1213.6830174467884
47a3b0-NOZ55J-12-02-18-44,1151.0367517629254
47a3b0-NOZ60M-11-11-15-29,153.2582478466579
47a3b0-NOZ639-12-23-17-29,22.684514032784886
47a3b0-NOZ6TM-11-28-18-50,168.2122577067175
47a3b0-NOZ6TM-11-30-18-47,64.25390471864395
47a3b0-NOZ7C-11-25-08-44,88.16030939893608
47a3b0-NOZ8ME-11-11-18-10,211.747922218104
47a50d-NOZ144-12-28-15-53,52.54053775987746
47a50d-NOZ144-12-30-15-54,75.74061452585349
47a50d-NOZ145-12-27-17-10,265.4918838615171
47a50d-NOZ145-12-28-16-56,77.26086406827346
47a50d-NOZ145-12-30-16-55,267.19115888115465
47a50d-NOZ181-11-05-08-55,273.2572481757332
47a50d-NOZ194-12-04-18-49,163.21187909017178
47a50d-NOZ195-12-04-20-09,142.52015306305518
47a50d-NOZ1BG-11-22-06-05,1101.9902507647853
47a50d-NOZ1BG-11-25-06-17,935.6118242268223
47a50d-NOZ1BG-12-09-06-26,1077.2023377696723
47a50d-NOZ1TT-12-09-14-39,188.92058085507207
47a50d-NOZ270-11-09-07-26,193.55531132238073
47a50d-NOZ276-12-19-16-54,298.1155782042011
47a50d-NOZ277-12-04-14-44,121.46494309264736
47a50d-NOZ277-12-19-18-14,387.3524252827922
47a50d-NOZ2UC-12-04-16-07,184.4111984490393
47a50d-NOZ2UC-12-20-16-18,162.8797654448248
47a50d-NOZ346-11-25-14-41,996.1319012335628
47a50d-NOZ346-12-25-14-55,1052.6926442444226
47a50d-NOZ347-11-25-16-30,892.6717134175195
47a50d-NOZ347-12-25-16-51,1239.1871080506255
47a50d-NOZ3VG-12-09-16-03,104.50932209231613
47a50d-NOZ42U-12-15-07-12,170.38631781141595
47a50d-NOZ50A-12-12-16-49,986.9811539251618
47a50d-NOZ525-11-20-11-42,241.16304851623852
47a50d-NOZ534-12-12-12-55,97.32887615696542
47a50d-NOZ536-11-06-14-18,245.78270870122498
47a50d-NOZ537-11-20-14-53,204.67207283989288
47a50d-NOZ537-12-12-14-08,128.05114897023435
47a50d-NOZ540-11-20-16-29,113.73901481615553
47a50d-NOZ545-11-20-17-38,149.39511813646303
47a50d-NOZ555-11-20-20-37,148.1386497840543
47a50d-NOZ55J-12-12-18-35,1215.4511549288452
47a50d-NOZ56U-11-21-19-16,974.7049213836981
47a50d-NOZ56U-11-24-19-12,1157.4288671268205
47a50d-NOZ5PR-11-17-16-07,303.72517164849376
47a50d-NOZ628-12-09-17-40,237.52120916549268
47a50d-NOZ639-12-04-17-25,113.85405345657746
47a50d-NOZ639-12-06-17-48,98.13601490670949
47a50d-NOZ639-12-20-17-41,170.5592352844597
47a50d-NOZ645-12-09-18-53,65.02457418857117
47a50d-NOZ66Y-12-18-18-24,363.41694313507713
47a50d-NOZ7C-11-09-08-41,163.23956294000203
47a50d-NOZ8ME-12-15-20-18,353.163188180982
47a50d-NOZ96F-12-15-22-32,369.6166267713047
47a518-NOZ132-12-15-14-22,124.80775390520797
47a518-NOZ133-12-15-15-15,60.06206369851591
47a518-NOZ164-12-15-06-36,317.82818296289406
47a518-NOZ1BG-11-14-06-16,1098.471362162659
47a518-NOZ1BG-11-23-05-56,1362.9599379293204
47a518-NOZ1BG-12-17-07-08,1134.070449774006
47a518-NOZ1TT-11-08-14-31,132.8995748789295
47a518-NOZ1YA-12-16-17-45,71.66644005804645
47a518-NOZ271-11-12-07-35,278.0671115563412
47a518-NOZ271-11-18-06-28,112.34345840546627
47a518-NOZ276-12-08-16-16,177.11047626498595
47a518-NOZ277-12-08-17-38,76.04893824118344
47a518-NOZ278-11-11-18-57,199.87004065940482
47a518-NOZ2BE-11-01-12-36,1730.0769210145918
47a518-NOZ2DC-12-21-05-58,65.19638851304312
47a518-NOZ2UC-12-28-16-10,249.20066959626106
47a518-NOZ345-11-18-09-44,1112.848419239819
47a518-NOZ3JE-12-12-07-01,227.94894048500487
47a518-NOZ3JE-12-16-08-34,132.7202563510484
47a518-NOZ3JE-12-21-06-52,213.7025563553342
47a518-NOZ4RZ-11-18-07-53,962.0014654622
47a518-NOZ50A-11-18-16-41,970.3106113446729
47a518-NOZ522-12-07-06-18,294.2484654179168
47a518-NOZ525-12-07-07-35,149.42326614968127
47a518-NOZ536-11-20-14-31,73.6426314847305
47a518-NOZ538-12-22-16-12,99.7502938619833
47a518-NOZ540-11-22-16-32,361.0248506118728
47a518-NOZ541-11-20-15-44,141.26051483520644
47a518-NOZ543-12-22-17-34,81.64601077459264
47a518-NOZ545-11-22-17-37,162.68026550725568
47a518-NOZ55J-11-18-18-37,1092.370491569213
47a518-NOZ56U-11-13-20-05,1169.4388113334455
47a518-NOZ56U-11-22-19-05,1028.6589981981692
47a518-NOZ56U-12-16-23-56,1050.5335136292788
47a518-NOZ5PY-11-08-16-00,176.50140660034774
47a518-NOZ605-12-20-06-36,291.7551300440813
47a518-NOZ605-12-22-06-39,149.94765849088293
47a518-NOZ606-12-20-08-12,127.80448089853856
47a518-NOZ607-11-15-07-18,104.96069005706241
47a518-NOZ608-12-13-13-31,84.82414965632846
47a518-NOZ611-12-13-12-01,146.22053025720876
47a518-NOZ612-11-14-12-35,233.97026140068
47a518-NOZ620-12-21-15-47,97.82349936125982
47a518-NOZ626-11-14-16-46,133.0179878583487
47a518-NOZ626-12-11-17-41,200.45498483372438
47a518-NOZ626-12-12-17-01,225.4797230402854
47a518-NOZ626-12-13-16-58,74.89513093288413
47a518-NOZ628-11-08-17-24,92.75521247827055
47a518-NOZ631-11-14-15-27,67.79278056085101
47a518-NOZ631-12-11-15-58,162.42803810749734
47a518-NOZ631-12-12-15-31,281.21331663421887
47a518-NOZ631-12-13-15-26,48.7161465502255
47a518-NOZ632-12-21-19-02,143.52636607720765
47a518-NOZ634-12-11-20-12,234.5739755820663
47a518-NOZ638-12-19-20-20,217.69000542536767
47a518-NOZ639-11-09-17-23,118.88453422807271
47a518-NOZ639-12-28-17-30,76.48344213326781
47a518-NOZ639-12-29-19-14,73.86271522405266
47a518-NOZ643-12-11-18-56,119.06357546969373
47a518-NOZ645-11-08-18-44,125.90923688967663
47a518-NOZ6TC-11-01-17-09,1605.3783669608342
47a531-NOZ133-11-06-15-50,171.8429980460353
47a531-NOZ133-12-13-15-33,114.76043747910111
47a531-NOZ134-11-06-17-05,107.06829529747165
47a531-NOZ140-12-07-07-22,212.71381396728455
47a531-NOZ141-12-15-08-25,63.747920036509704
47a531-NOZ144-12-07-16-28,179.7141626524916
47a531-NOZ144-12-19-15-52,105.01107184879315
47a531-NOZ145-12-16-17-19,245.1973753502694
47a531-NOZ145-12-19-16-52,262.96207945644557
47a531-NOZ181-12-02-06-05,202.9704211174677
47a531-NOZ182-12-02-07-43,163.08485191506077
47a531-NOZ183-12-02-09-09,175.28740260570467
47a531-NOZ1TT-12-11-15-27,164.73363346539455
47a531-NOZ276-11-13-13-22,221.79545502326118
47a531-NOZ277-11-13-14-39,173.10834609039026
47a531-NOZ3VG-12-11-16-42,76.32417946687008
47a531-NOZ4HF-12-12-07-07,223.70370255059095
47a531-NOZ521-11-07-05-32,211.9899148900343
47a531-NOZ521-11-09-05-29,196.0306737799318
47a531-NOZ521-11-10-05-29,97.05200070949282
47a531-NOZ521-11-17-05-29,66.8048134398245
47a531-NOZ523-11-08-06-33,116.64166279316031
47a531-NOZ523-11-11-06-28,70.55434413190082
47a531-NOZ523-11-12-06-00,109.10236835977462
47a531-NOZ523-11-13-06-30,242.9416243158865
47a531-NOZ523-11-19-06-01,145.32725841237368
47a531-NOZ523-11-21-06-52,70.61010903323863
47a531-NOZ523-11-23-06-29,139.32440310223092
47a531-NOZ523-11-24-06-34,347.57587783856576
47a531-NOZ523-11-25-06-49,207.9133240841663
47a531-NOZ523-11-27-06-29,225.95832502780615
47a531-NOZ524-11-07-07-07,68.66832532900716
47a531-NOZ524-11-09-06-59,137.3237391016694
47a531-NOZ524-11-10-06-59,236.1392879347959
47a531-NOZ524-11-12-07-21,436.48230933783964
47a531-NOZ524-11-19-07-22,184.0416512960693
47a531-NOZ526-11-08-08-04,220.20929264049184
47a531-NOZ526-11-11-08-00,204.76174838757228
47a531-NOZ526-11-21-08-29,100.06104772771269
47a531-NOZ526-11-22-08-14,147.39703437353427
47a531-NOZ526-11-23-08-45,304.2784469991647
47a531-NOZ526-11-24-08-23,270.5029991608688
47a531-NOZ530-11-20-09-26,110.28889762771828
47a531-NOZ531-11-12-08-37,488.0342543176711
47a531-NOZ531-11-19-08-37,58.44027975645729
47a531-NOZ531-11-20-08-00,92.4615768425772
47a531-NOZ532-11-08-10-59,242.0858050383514
47a531-NOZ532-11-11-11-04,119.05461477913126
47a531-NOZ532-11-12-10-08,136.34830182378002
47a531-NOZ532-11-20-12-25,66.98248466810097
47a531-NOZ532-11-21-11-12,140.75424817231703
47a531-NOZ532-11-22-11-12,229.5263674221668
47a531-NOZ532-11-23-11-10,132.0669382011175
47a531-NOZ532-11-24-11-11,315.1002099623882
47a531-NOZ532-11-25-11-14,235.1064683433294
47a531-NOZ535-11-08-12-27,192.10892385931456
47a531-NOZ535-11-11-12-31,146.7999900527767
47a531-NOZ535-11-20-13-37,344.76220521618285
47a531-NOZ535-11-21-12-35,424.43836587881253
47a531-NOZ535-11-22-12-29,183.20963007049576
47a531-NOZ535-11-23-12-30,134.29205123675987
47a531-NOZ535-11-24-12-34,66.8362854627398
47a531-NOZ535-11-25-12-32,208.83642656858913
47a531-NOZ536-11-08-14-15,353.734713112136
47a531-NOZ536-11-11-14-14,103.86695125049889
47a531-NOZ536-11-16-14-59,114.23491222322535
47a531-NOZ536-11-21-14-17,245.6925351218294
47a531-NOZ536-11-22-14-23,171.5838126868394
47a531-NOZ536-11-23-14-32,177.0445584479662
47a531-NOZ536-11-24-14-29,256.15123988669427
47a531-NOZ536-11-25-14-26,71.82488122912635
47a531-NOZ538-11-18-15-22,151.56443248628196
47a531-NOZ538-11-20-15-15,83.90953911927649
47a531-NOZ541-11-08-15-42,205.20491278428398
47a531-NOZ541-11-16-16-31,70.71843608016167
47a531-NOZ541-11-21-15-38,242.5102134036733
47a531-NOZ541-11-22-15-46,66.69308206719091
47a531-NOZ541-11-24-15-47,140.56944351122834
47a531-NOZ541-11-25-15-55,188.0119223468856
47a531-NOZ543-11-18-16-41,142.8426068814947
47a531-NOZ543-11-20-16-39,212.66539340645738
47a531-NOZ544-11-08-17-14,195.92368138091
47a531-NOZ544-11-11-17-20,105.77810413361058
47a531-NOZ544-11-16-17-43,75.60300508795216
47a531-NOZ544-11-20-18-25,259.1771075087867
47a531-NOZ544-11-21-17-16,240.05582635770958
47a531-NOZ544-11-22-17-51,247.6864128655634
47a531-NOZ544-11-23-17-45,146.498688076786
47a531-NOZ544-11-24-17-14,110.04469721163788
47a531-NOZ544-11-25-17-20,98.88627737358719
47a531-NOZ545-12-30-17-52,86.64486966029104
47a531-NOZ546-11-18-18-19,107.88031000078608
47a531-NOZ547-11-16-18-53,162.27360366066867
47a531-NOZ547-11-22-18-57,126.16626377267843
47a531-NOZ547-11-23-18-51,225.67477948895888
47a531-NOZ547-11-24-18-30,100.24544448917946
47a531-NOZ549-11-20-19-45,158.2471412970977
47a531-NOZ550-11-04-20-06,158.95178603750975
47a531-NOZ550-11-16-20-15,71.97040985383133
47a531-NOZ550-11-20-21-09,224.9739807784489
47a531-NOZ550-11-22-20-25,142.84929895462645
47a531-NOZ550-11-23-20-16,194.60979305019035
47a531-NOZ550-11-24-20-12,172.17083757340973
47a531-NOZ5AY-11-08-09-23,400.9678401709063
47a531-NOZ5AY-11-20-10-46,247.42470295061506
47a531-NOZ5AY-11-21-09-32,215.0822513145145
47a531-NOZ5AY-11-22-09-19,152.0061711156922
47a531-NOZ5AY-11-23-09-52,155.98608978722257
47a531-NOZ5AY-11-24-09-32,294.6572421429808
47a531-NOZ5AY-11-25-09-49,149.58709955949334
47a531-NOZ601-12-12-05-30,196.7034318596298
47a531-NOZ602-11-15-06-15,176.8634086968551
47a531-NOZ607-12-14-07-20,127.48235563894065
47a531-NOZ608-12-12-09-57,71.2919083308295
47a531-NOZ609-11-15-07-36,86.8617581487964
47a531-NOZ611-12-12-08-31,72.00323770356411
47a531-NOZ612-12-12-12-48,149.62164230517425
47a531-NOZ617-12-12-11-17,97.7216915159234
47a531-NOZ620-12-12-15-30,129.7835898377485
47a531-NOZ620-12-23-15-39,131.79005734297309
47a531-NOZ625-12-12-14-05,173.22603051410846
47a531-NOZ628-12-11-18-00,155.795123860119
47a531-NOZ632-12-12-18-07,70.87908571448152
47a531-NOZ632-12-23-18-47,157.88559643696578
47a531-NOZ637-12-12-16-42,178.69075724968954
47a531-NOZ638-12-11-20-50,199.94480337214932
47a531-NOZ645-12-11-19-22,72.01333965184348
47a531-NOZ64N-12-06-17-24,136.47658395648432
47a531-NOZ6TM-12-30-19-25,263.44996536117037
47a7a8-NOZ181-12-15-06-30,94.99461445045182
47a7a8-NOZ182-12-15-07-43,97.94626945992759
47a7a8-NOZ182-12-28-07-45,256.290302289524
47a7a8-NOZ183-12-15-09-00,70.99843100302887
47a7a8-NOZ183-12-28-09-08,197.44301400383324
47a7a8-NOZ276-11-07-16-03,245.41802167718734
47a7a8-NOZ276-12-21-16-31,157.91363149079882
47a7a8-NOZ277-11-07-17-22,129.64418954701995
47a7a8-NOZ278-11-02-19-06,172.96807820435546
47a7a8-NOZ2GH-11-27-15-39,100.46771935528743
47a7a8-NOZ2KT-11-02-16-12,78.29329695892815
47a7a8-NOZ2UC-11-03-16-02,58.77712073853384
47a7a8-NOZ2UC-11-11-16-04,197.5826472232789
47a7a8-NOZ345-11-05-11-21,1002.1848030552504
47a7a8-NOZ345-11-10-09-47,1030.5136367804912
47a7a8-NOZ346-11-16-14-35,889.4991700057826
47a7a8-NOZ346-11-17-14-39,920.9513345108384
47a7a8-NOZ347-11-16-16-36,961.9590119317351
47a7a8-NOZ347-11-17-16-33,1232.0378680147526
47a7a8-NOZ3JE-11-28-06-57,194.46876545255816
47a7a8-NOZ3JE-12-30-07-05,65.02853963579125
47a7a8-NOZ4HF-11-25-07-04,205.7873363566627
47a7a8-NOZ4HF-12-01-06-58,235.32540822310847
47a7a8-NOZ4HF-12-02-07-06,153.18210096558332
47a7a8-NOZ4RZ-11-05-09-28,1157.4239723937537
47a7a8-NOZ4RZ-11-10-07-42,1023.6387775882961
47a7a8-NOZ50A-11-09-16-36,938.8588315132423
47a7a8-NOZ50A-11-14-16-36,1109.1751896755877
47a7a8-NOZ523-12-12-06-36,165.3532286062819
47a7a8-NOZ526-12-12-08-03,121.27522599447988
47a7a8-NOZ526-12-13-07-57,322.80839649826646
47a7a8-NOZ530-12-11-10-04,133.04058793032013
47a7a8-NOZ531-12-11-08-48,112.48960009768508
47a7a8-NOZ532-12-11-13-18,127.54947787968237
47a7a8-NOZ532-12-12-11-20,68.02514779283266
47a7a8-NOZ535-12-11-14-29,71.3393672675714
47a7a8-NOZ535-12-12-12-35,200.72365472523103
47a7a8-NOZ538-12-09-15-28,218.77403035240562
47a7a8-NOZ538-12-11-16-04,220.71835045054843
47a7a8-NOZ541-12-12-15-54,199.76802720797264
47a7a8-NOZ543-12-09-16-46,137.52650185121155
47a7a8-NOZ543-12-11-17-22,75.07839354842291
47a7a8-NOZ544-11-03-18-47,70.47423041238943
47a7a8-NOZ544-12-11-18-47,122.42184578047365
47a7a8-NOZ544-12-12-17-17,138.85651324259027
47a7a8-NOZ546-12-09-18-18,110.70130541977541
47a7a8-NOZ547-11-03-19-57,76.52931306997513
47a7a8-NOZ548-11-06-18-32,387.4800910644327
47a7a8-NOZ549-12-11-19-58,196.23276464693254
47a7a8-NOZ550-12-11-21-12,122.44507541199603
47a7a8-NOZ553-11-06-19-56,288.01109469966735
47a7a8-NOZ55J-11-09-18-39,1042.1670442926577
47a7a8-NOZ55J-11-14-18-34,1140.9160626403636
47a7a8-NOZ5AY-12-11-11-26,126.93143695275425
47a7a8-NOZ5AY-12-12-09-20,159.8586689728621
47a7a8-NOZ5AY-12-13-09-17,204.932081105638
47a7a8-NOZ601-11-25-05-37,147.01711784881223
47a7a8-NOZ601-11-30-05-37,103.0590208906187
47a7a8-NOZ601-12-02-05-31,95.21749523775759
47a7a8-NOZ605-11-29-06-34,88.09949513478564
47a7a8-NOZ605-12-29-06-30,179.6719572142037
47a7a8-NOZ606-11-29-07-56,131.82971259892568
47a7a8-NOZ606-12-29-08-45,72.28029590311168
47a7a8-NOZ608-11-25-09-58,114.27367209223698
47a7a8-NOZ608-12-01-09-46,332.80875113261874
47a7a8-NOZ611-11-25-08-30,147.43408103457986
47a7a8-NOZ611-12-01-08-21,63.490943092088365
47a7a8-NOZ611-12-02-08-32,56.19936650988378
47a7a8-NOZ612-11-25-12-40,106.97229916588506
47a7a8-NOZ612-11-30-12-18,68.21027199715498
47a7a8-NOZ612-12-01-12-41,263.29736307967477
47a7a8-NOZ612-12-02-12-47,198.42153597283183
47a7a8-NOZ612-12-28-13-11,204.9985278259047
47a7a8-NOZ614-12-04-14-00,337.5001340170657
47a7a8-NOZ617-11-25-11-13,109.72565727442739
47a7a8-NOZ617-11-30-10-55,104.0848015409181
47a7a8-NOZ617-12-02-11-26,74.5121455850054
47a7a8-NOZ620-11-24-15-57,197.01009544669046
47a7a8-NOZ620-11-25-15-26,71.59001231694526
47a7a8-NOZ620-11-30-15-29,190.4395025815704
47a7a8-NOZ620-12-01-15-29,133.47633483433765
47a7a8-NOZ623-12-04-12-31,75.54541444835418
47a7a8-NOZ624-11-27-16-54,235.56421561731466
47a7a8-NOZ625-11-25-14-06,182.55474460659948
47a7a8-NOZ625-12-02-14-08,107.8404467012447
47a7a8-NOZ625-12-28-14-41,78.24732704044474
47a7a8-NOZ626-11-28-16-44,379.1553804016799
47a7a8-NOZ626-11-29-16-55,129.66602502468382
47a7a8-NOZ626-12-04-17-03,171.00840551170865
47a7a8-NOZ626-12-29-17-15,142.24336724536414
47a7a8-NOZ631-11-29-15-27,172.29763551616463
47a7a8-NOZ631-12-04-15-32,135.6585241216798
47a7a8-NOZ632-11-25-18-12,101.80871935764311
47a7a8-NOZ632-11-30-18-03,171.32357682930575
47a7a8-NOZ632-12-02-18-11,269.3793274825402
47a7a8-NOZ637-11-24-17-10,105.5209367668854
47a7a8-NOZ637-11-25-16-46,184.03964738878696
47a7a8-NOZ637-11-30-16-46,108.36397527445513
47a7a8-NOZ637-12-01-16-42,210.51637286973065
47a7a8-NOZ637-12-02-16-53,67.14975853324289
47a7a8-NOZ639-11-03-17-28,111.98918735148816
47a7a8-NOZ639-11-11-17-38,230.6056966769896
47a7a8-NOZ643-12-04-18-17,138.89551866416932
47a7a8-NOZ6TM-12-14-18-45,164.26980301134478
47a7a8-NOZ7C-11-03-08-44,146.42278352162887
4aca0a-NOZ181-12-19-06-08,152.67728790835426
4aca0a-NOZ277-12-22-18-16,118.21412790390686
4aca0a-NOZ538-12-29-16-10,257.1729205192358
4aca0a-NOZ543-12-29-17-34,136.07025205345437
4aca0a-NOZ546-12-29-19-16,177.7995037542726
4aca0a-NOZ549-12-29-20-31,141.52118648066747
4aca0a-NOZ6TM-12-18-20-20,230.592552986242
4aca42-NOZ1YA-12-17-13-01,135.58366875477853
4aca46-NOZ345-11-29-09-30,1187.2657537596606
4aca46-NOZ346-11-28-14-42,922.6248215590821
4aca46-NOZ347-11-28-16-40,1184.5217126772222
4aca46-NOZ4RZ-11-29-07-30,876.5690920968468
4aca46-NOZ538-12-01-15-35,71.45691715765687
4aca46-NOZ549-12-01-16-57,501.53055848953693
4aca46-NOZ602-12-01-06-06,268.43780598957323
4aca46-NOZ609-11-28-07-29,95.72677396423676
4aca47-NOZ270-11-04-07-25,188.31980718076235
4aca47-NOZ271-11-05-07-46,197.94970034110665
4aca47-NOZ278-11-04-18-55,57.89859803781931
4aca47-NOZ278-11-08-18-52,58.99023458804003
4aca4a-NOZ639-11-16-17-20,62.382125491916135
4aca4e-NOZ194-11-13-18-54,213.19100627374047
4aca4e-NOZ1BG-11-07-05-59,951.7548004792088
4aca4e-NOZ271-11-04-06-14,92.56085155304035
4aca4e-NOZ2UC-11-13-16-04,206.7576233622797
4aca4e-NOZ345-11-24-09-53,1238.8371706232542
4aca4e-NOZ4RZ-11-24-08-12,849.8692413314308
4aca4e-NOZ538-11-17-15-22,209.27533669053233
4aca4e-NOZ540-11-03-16-17,153.97126074990484
4aca4e-NOZ543-11-17-16-46,176.57454078814624
4aca4e-NOZ545-11-03-17-35,191.07266317833347
4aca4e-NOZ546-11-17-18-24,158.67149549437997
4aca4e-NOZ549-11-17-19-43,178.0294765084474
4aca4e-NOZ56U-11-06-19-59,1003.7925702666823
4aca4e-NOZ639-11-13-17-28,51.175982842787604
4aca4f-NOZ191-12-16-19-50,192.57232478073283
4aca4f-NOZ346-12-18-14-54,1104.227695795897
4aca4f-NOZ347-12-18-17-50,879.6792563120333
4aca4f-NOZ40T-12-16-06-13,257.01406262709367
4aca4f-NOZ534-12-11-13-35,80.43916653965869
4aca4f-NOZ537-12-11-15-01,161.08549354706275
4aca4f-NOZ540-12-11-16-24,211.60401085833956
4aca4f-NOZ545-12-11-17-37,236.8746204332629
4aca4f-NOZ546-12-11-19-11,189.24139447215072
4aca4f-NOZ555-12-11-20-31,214.17668845268253
4aca4f-NOZ9BH-12-16-17-59,141.54573110913395
