flight_id,pred_physics_cruise
4784c2-NOZ191-11-01-17-02,200.71850126817077
4784c2-NOZ191-11-29-17-09,128.50183577335127
4784c2-NOZ270-11-14-07-26,205.19884795274965
4784c2-NOZ270-11-30-07-26,155.2944262255361
4784c2-NOZ270-12-02-07-24,152.21531052658875
4784c2-NOZ271-12-02-06-14,50.909988818988715
4784c2-NOZ271-12-03-07-52,119.81534981945563
4784c2-NOZ278-12-02-19-03,82.7132143073685
4784c2-NOZ2UC-11-07-16-07,125.51396835077165
4784c2-NOZ345-11-12-11-17,947.724549677058
4784c2-NOZ345-11-26-11-13,980.3008056742267
4784c2-NOZ346-11-27-14-53,822.2606604875465
4784c2-NOZ347-11-27-16-44,1233.0375774478027
4784c2-NOZ4RZ-11-12-09-18,920.7860262152852
4784c2-NOZ4RZ-11-26-09-20,868.744857819439
4784c2-NOZ50A-11-03-16-50,1054.2584968774618
4784c2-NOZ522-11-28-06-12,98.66471707907732
4784c2-NOZ540-12-01-16-18,172.21057714151542
4784c2-NOZ546-11-01-18-20,110.61310230916239
4784c2-NOZ549-11-01-19-33,208.66324534716378
4784c2-NOZ55J-11-03-18-43,1085.1177343108823
4784c2-NOZ605-11-15-06-32,157.7576253433421
4784c2-NOZ606-11-15-08-02,139.27543083243108
4784c2-NOZ607-11-01-07-02,128.06751868832026
4784c2-NOZ612-12-27-14-55,142.92554848869565
4784c2-NOZ617-12-27-13-18,149.28427424278271
4784c2-NOZ620-12-27-18-47,135.60298429257352
4784c2-NOZ625-12-27-17-17,164.90302840531
4784c2-NOZ626-12-22-17-24,132.39583409103898
4784c2-NOZ631-11-15-15-28,93.14282802476954
4784c2-NOZ631-12-22-15-22,131.9444786304663
4784c2-NOZ638-11-14-20-08,88.5739394859121
4784c2-NOZ638-12-21-20-17,147.74694757268009
4784c2-NOZ639-11-07-17-22,118.29501383277547
4784c2-NOZ8C-11-13-21-07,235.4976866393255
4784c2-NOZ9BH-11-01-15-38,210.5857910528283
4784c2-NOZ9BH-11-13-12-09,167.56185296168857
4784c2-NOZ9BH-11-29-15-45,197.18629943127516
47873f-NOZ191-12-28-17-25,115.84054440480182
47873f-NOZ9BH-12-28-15-59,238.78969156666767
478741-NOZ181-11-23-06-07,159.0471899251648
478741-NOZ182-11-12-07-29,182.20622419019614
478741-NOZ183-11-23-09-32,114.34443261376256
478741-NOZ1BG-11-11-06-13,938.1522693390539
478741-NOZ1BG-12-23-10-02,1142.9407187618945
478741-NOZ1TT-11-06-14-35,270.303678225991
478741-NOZ1TT-11-18-14-47,211.2401744339719
478741-NOZ1TT-12-20-14-32,92.20782601235489
478741-NOZ276-11-21-16-07,216.34923267122753
478741-NOZ276-11-22-16-43,232.11626375878217
478741-NOZ277-11-21-18-11,61.654247095800585
478741-NOZ345-11-04-09-43,1173.342272423516
478741-NOZ346-12-21-15-24,951.7700207004943
478741-NOZ347-12-21-17-22,1051.9735341200017
478741-NOZ4HF-11-09-07-03,218.05359216522055
478741-NOZ4RZ-11-04-07-46,983.4361362814418
478741-NOZ50A-11-04-16-47,1049.7662237016712
478741-NOZ523-11-01-06-30,211.74138441871744
478741-NOZ523-11-02-06-31,153.4342303186159
478741-NOZ523-12-15-06-54,208.66012316497455
478741-NOZ526-11-01-08-06,286.25280103626807
478741-NOZ526-11-02-08-01,273.9333970225841
478741-NOZ526-12-15-08-18,409.15418165627216
478741-NOZ530-11-14-09-50,82.36930416664437
478741-NOZ532-11-01-11-02,301.09333402621036
478741-NOZ532-11-02-10-59,277.02281632472705
478741-NOZ534-11-14-12-41,328.6257191483444
478741-NOZ535-11-01-12-31,278.7597587696852
478741-NOZ535-11-02-12-29,66.95784709330982
478741-NOZ536-11-01-14-11,69.13331933531535
478741-NOZ536-11-02-14-14,218.26907691067333
478741-NOZ537-11-14-13-58,104.38322079842325
478741-NOZ538-11-14-15-19,127.63691503062084
478741-NOZ538-12-16-15-37,524.1400572378841
478741-NOZ538-12-27-16-00,190.63203923525435
478741-NOZ540-12-18-16-22,159.7647388114459
478741-NOZ541-11-01-15-46,68.39573963907294
478741-NOZ541-11-02-15-38,54.263569727280725
478741-NOZ543-12-16-18-03,268.5665335095998
478741-NOZ543-12-27-17-18,305.0479809018119
478741-NOZ544-11-02-17-10,102.22649677813361
478741-NOZ545-12-18-17-59,84.63952116937962
478741-NOZ546-12-16-20-25,183.52062601298454
478741-NOZ546-12-18-19-13,211.24583027430256
478741-NOZ546-12-27-18-43,270.7462573822792
478741-NOZ547-11-01-18-24,67.31646128127431
478741-NOZ547-11-02-18-24,65.86566489032178
478741-NOZ549-11-14-19-25,68.63530821558683
478741-NOZ549-12-27-19-54,141.93868630279016
478741-NOZ550-12-14-20-21,91.48181458859546
478741-NOZ555-12-18-20-30,229.76680318799515
478741-NOZ55J-11-04-18-38,982.1942150615189
478741-NOZ56U-11-10-18-52,1214.161514317293
478741-NOZ56U-12-22-20-29,995.9132685245144
478741-NOZ5AY-11-01-09-21,231.1103794184003
478741-NOZ5AY-11-02-09-34,206.00257941376003
478741-NOZ5AY-12-15-09-30,255.88885670052795
478741-NOZ5PY-11-18-16-23,108.54333702851949
478741-NOZ601-11-07-05-45,234.76070166895747
478741-NOZ601-11-09-05-35,210.3798819645373
478741-NOZ602-11-08-06-06,170.0332255603054
478741-NOZ607-11-10-07-01,85.91913155252132
478741-NOZ608-11-07-09-47,102.81813894019484
478741-NOZ608-11-09-09-45,195.3592097213923
478741-NOZ609-11-08-07-27,108.37821950800335
478741-NOZ611-11-07-08-26,164.88685099946062
478741-NOZ611-11-09-08-30,139.19803200811594
478741-NOZ612-11-09-12-26,147.25273927337906
478741-NOZ617-11-07-11-01,110.65581802165823
478741-NOZ617-11-09-11-04,186.42145875374717
478741-NOZ620-11-09-15-20,235.63070770971424
478741-NOZ625-11-07-14-08,172.2131024042606
478741-NOZ625-11-09-13-59,181.3262231163325
478741-NOZ628-11-06-17-28,200.1196428712098
478741-NOZ628-11-18-18-08,56.21588810365921
478741-NOZ632-11-09-18-00,234.1454787312227
478741-NOZ637-11-09-16-42,103.24514612352888
478741-NOZ638-11-06-20-18,223.1167528648016
478741-NOZ638-11-08-20-09,167.11829230890976
478741-NOZ645-11-06-18-48,196.46416727844374
478741-NOZ645-11-18-20-23,59.26510177200544
478741-NOZ6CF-11-03-08-05,1352.2744078669543
478741-NOZ6TM-11-22-19-40,106.68097170637488
478741-NOZ8920-12-28-06-34,403.77658754768214
478742-NOZ133-12-18-15-53,316.1034929520287
478742-NOZ144-11-21-15-47,56.37924561824596
478742-NOZ145-11-21-16-51,267.45765905814386
478742-NOZ182-11-30-07-39,99.67210475374927
478742-NOZ191-11-18-17-55,144.59886504755127
478742-NOZ1BG-12-07-06-35,995.2054874204647
478742-NOZ1BG-12-16-06-25,1116.4361007024038
478742-NOZ1BG-12-27-06-15,1056.6526729215004
478742-NOZ1TT-12-16-16-22,71.89164235086852
478742-NOZ1TT-12-21-14-48,127.33340834518336
478742-NOZ270-12-30-07-27,144.33416437723966
478742-NOZ271-12-10-07-32,187.79651978524763
478742-NOZ276-11-29-15-51,433.52140026802283
478742-NOZ278-12-09-19-00,168.75831071099466
478742-NOZ346-12-11-14-41,969.9047218841353
478742-NOZ347-12-11-16-32,1094.041105807849
478742-NOZ3JE-11-11-06-55,230.54840978261544
478742-NOZ3JE-11-15-06-57,258.81910719251
478742-NOZ50A-11-22-17-34,1006.9176550036742
478742-NOZ50A-12-22-17-29,1035.0962166559868
478742-NOZ522-11-17-06-10,183.1276029794324
478742-NOZ524-12-02-07-07,257.43641479867904
478742-NOZ524-12-17-08-41,179.5794834744952
478742-NOZ525-11-17-07-25,196.5485447896527
478742-NOZ525-12-04-11-30,235.7271032053967
478742-NOZ530-11-29-09-52,275.15920838675726
478742-NOZ531-11-29-11-06,209.00924571786655
478742-NOZ531-12-17-10-15,261.1933401414672
478742-NOZ532-12-17-12-13,230.995784593726
478742-NOZ534-11-29-12-36,296.7060636470473
478742-NOZ534-12-04-13-25,181.37979248718457
478742-NOZ537-11-29-13-58,199.1258064721111
478742-NOZ537-12-04-14-45,229.10856787807708
478742-NOZ537-12-09-14-40,355.1526634862372
478742-NOZ537-12-20-14-13,78.32455683216781
478742-NOZ540-11-17-16-15,170.23588905355453
478742-NOZ540-12-04-16-20,207.89646812106523
478742-NOZ540-12-06-16-19,70.42932023714442
478742-NOZ545-11-17-17-42,78.32847450526165
478742-NOZ545-12-04-17-34,178.1990498665147
478742-NOZ545-12-06-17-35,66.82914340379838
478742-NOZ545-12-29-19-51,142.61426622578406
478742-NOZ546-12-04-18-58,240.80733462300287
478742-NOZ555-12-04-20-30,310.9695290165994
478742-NOZ55J-11-22-19-16,1362.4541694769434
478742-NOZ55J-12-22-19-30,1089.3619788680553
478742-NOZ56U-12-06-19-08,1090.4822512431922
478742-NOZ56U-12-15-20-11,1159.33292076409
478742-NOZ56U-12-26-23-04,1141.9360030513292
478742-NOZ607-11-16-06-59,106.2995520169763
478742-NOZ608-11-13-09-56,144.74688489036302
478742-NOZ611-11-13-08-28,94.26915765713922
478742-NOZ617-11-13-11-14,115.67792000998757
478742-NOZ620-11-13-15-29,180.95519377328162
478742-NOZ625-11-13-14-00,95.35750900610621
478742-NOZ628-12-16-20-11,93.93064591874813
478742-NOZ628-12-21-17-45,86.07398021492091
478742-NOZ632-11-13-18-15,177.48026883292474
478742-NOZ638-11-10-20-24,131.86901716479926
478742-NOZ645-12-16-21-30,140.60454388999395
478742-NOZ645-12-21-19-15,54.39992247765707
478742-NOZ647-11-13-19-36,134.0270517993368
478742-NOZ648-11-13-20-58,244.47631489107565
478742-NOZ6TM-11-29-18-46,156.6752610686166
478742-NOZ7C-12-30-08-36,84.2636700594821
478742-NOZ9BH-11-18-16-32,108.55061464003849
478742-NOZ9BH-12-30-15-48,128.83544480940117
47875a-NOZ181-12-07-06-10,143.87132273505324
47875a-NOZ181-12-14-06-41,137.34433195119655
47875a-NOZ182-12-14-08-07,225.44347755846948
47875a-NOZ183-12-07-08-44,62.9538076249572
47875a-NOZ183-12-14-09-21,117.21170448573925
47875a-NOZ191-11-25-17-31,217.51126718610882
47875a-NOZ191-12-07-17-06,97.6502556681008
47875a-NOZ1TT-11-23-14-58,150.55643899082145
47875a-NOZ1TT-12-02-14-51,135.38939507565385
47875a-NOZ1YA-12-15-14-41,76.34370980479324
47875a-NOZ270-11-11-07-19,217.83595031498868
47875a-NOZ270-11-23-08-11,144.80438404449924
47875a-NOZ270-12-16-08-06,279.4814136699824
47875a-NOZ271-11-11-06-07,327.6032032465096
47875a-NOZ271-12-16-06-19,173.53001953670594
47875a-NOZ276-12-12-15-58,91.46487416704151
47875a-NOZ276-12-13-16-21,116.38832689272644
47875a-NOZ277-12-06-17-34,55.14094893841443
47875a-NOZ277-12-12-17-22,63.84402515205508
47875a-NOZ277-12-13-18-13,100.83058937241628
47875a-NOZ278-11-10-18-57,112.74769704926696
47875a-NOZ278-12-15-19-48,223.19755320804143
47875a-NOZ2UC-11-15-16-06,217.1645441197339
47875a-NOZ2UC-11-21-16-17,330.431945037703
47875a-NOZ2UC-11-28-16-11,125.38950965074268
47875a-NOZ345-12-10-11-30,977.772923494127
47875a-NOZ345-12-15-10-31,1118.3784095361198
47875a-NOZ346-12-01-14-44,980.1052460591525
47875a-NOZ347-12-01-16-37,1214.9806835378142
47875a-NOZ4RZ-12-10-09-40,919.3310956523787
47875a-NOZ4RZ-12-15-07-54,919.3358027040681
47875a-NOZ50A-12-14-17-07,1079.1065377304426
47875a-NOZ522-11-24-06-18,256.8136838121328
47875a-NOZ525-11-24-07-29,148.32836545363048
47875a-NOZ538-11-02-15-19,195.3583912399788
47875a-NOZ538-12-05-16-27,211.99243199857708
47875a-NOZ540-11-10-16-23,208.8646247435327
47875a-NOZ540-12-15-16-10,110.6065615063438
47875a-NOZ543-11-02-16-34,104.403928204724
47875a-NOZ543-12-05-17-40,242.32711209130875
47875a-NOZ545-11-10-17-43,317.40856283435517
47875a-NOZ546-11-02-18-10,227.13656141534798
47875a-NOZ546-12-05-19-04,341.9585903615509
47875a-NOZ549-11-02-19-21,68.37727230978021
47875a-NOZ549-12-05-20-17,309.9026473392891
47875a-NOZ55J-12-14-18-57,1114.526314648717
47875a-NOZ58Z-11-11-14-33,265.31895926189964
47875a-NOZ5PY-11-23-16-14,170.58080272005805
47875a-NOZ5PY-12-02-16-12,125.4586226490956
47875a-NOZ602-11-03-06-06,254.21378630837003
47875a-NOZ609-11-03-07-31,93.35314162443953
47875a-NOZ628-11-23-18-02,74.25725748344128
47875a-NOZ628-12-02-17-45,122.0237300288716
47875a-NOZ639-11-15-17-22,218.21597763562758
47875a-NOZ639-11-21-17-27,126.27111883261563
47875a-NOZ639-11-28-17-22,58.66345084166399
47875a-NOZ645-11-23-19-08,202.04395525515247
47875a-NOZ645-12-02-18-54,103.49205018923205
47875a-NOZ7C-11-11-08-44,79.26407567682546
47875a-NOZ9BH-11-25-15-35,130.6983997123815
47875a-NOZ9BH-12-07-15-46,196.42173948965583
47875a-NOZ9PL-11-17-07-33,224.758204663708
47875c-NOZ132-11-10-14-02,45.04934894692467
47875c-NOZ133-11-10-15-08,276.0035902347847
47875c-NOZ141-12-05-08-04,303.6579898310795
47875c-NOZ141-12-19-08-20,72.5840296415119
47875c-NOZ144-12-08-15-16,155.63279353137582
47875c-NOZ181-11-28-05-59,101.13680637358513
47875c-NOZ181-12-10-09-02,156.2661449262023
47875c-NOZ182-11-28-07-41,90.64521063027
47875c-NOZ182-12-10-07-49,118.12586330239918
47875c-NOZ183-11-28-08-56,164.72581466928207
47875c-NOZ191-11-30-16-56,149.85843304277523
47875c-NOZ191-12-13-17-22,153.89617926249804
47875c-NOZ191-12-15-17-06,63.91545578473319
47875c-NOZ1BG-12-15-07-11,980.720701833776
47875c-NOZ2DC-11-03-06-03,124.18555950227
47875c-NOZ2DC-11-04-05-59,273.6292373149153
47875c-NOZ2DC-11-09-06-02,111.42138601584136
47875c-NOZ2DC-11-16-06-05,119.16044168206159
47875c-NOZ2DC-11-23-05-57,46.931059480971626
47875c-NOZ2GH-11-06-14-59,92.35808324558971
47875c-NOZ345-12-03-11-23,1273.060120153702
47875c-NOZ3JE-11-02-07-00,234.66899064430032
47875c-NOZ3JE-11-03-06-52,233.36850956153154
47875c-NOZ3JE-11-07-08-10,248.64105279498293
47875c-NOZ3JE-11-09-07-01,222.58995123184994
47875c-NOZ3JE-11-16-07-10,163.26503425357205
47875c-NOZ3JE-11-21-07-04,169.62074017325918
47875c-NOZ3JE-11-22-06-56,238.51690787875896
47875c-NOZ3JE-11-23-06-55,254.0521327006901
47875c-NOZ3JE-11-24-07-05,284.20248837899237
47875c-NOZ40A-12-10-11-13,69.27124252482695
47875c-NOZ4HF-11-08-06-59,141.58445594218134
47875c-NOZ4HF-11-10-07-03,231.10860630358437
47875c-NOZ4RZ-12-03-09-20,1219.0739750997923
47875c-NOZ522-11-29-06-02,56.18398883949531
47875c-NOZ522-12-12-06-12,112.81445935041879
47875c-NOZ525-12-12-07-20,114.69480020990521
47875c-NOZ530-12-14-09-58,162.97635202209844
47875c-NOZ530-12-15-10-23,146.18938009786123
47875c-NOZ531-12-14-11-06,168.20849425632915
47875c-NOZ531-12-15-11-35,230.20511121013595
47875c-NOZ534-12-14-12-43,225.28743682870808
47875c-NOZ534-12-15-12-57,232.14058452650625
47875c-NOZ537-12-15-14-10,148.81000271875718
47875c-NOZ538-12-30-15-16,128.0444146460638
47875c-NOZ543-12-30-16-47,55.7979637254925
47875c-NOZ545-12-14-17-26,51.28363637776702
47875c-NOZ546-12-30-18-13,82.16151697040654
47875c-NOZ56U-12-14-18-56,937.8603437902107
47875c-NOZ601-11-08-05-36,92.9298917914912
47875c-NOZ601-11-10-05-36,243.65608888717847
47875c-NOZ607-11-11-07-08,9.414470458992103
47875c-NOZ607-11-25-07-06,151.6438342624867
47875c-NOZ608-11-08-09-39,152.82340728233422
47875c-NOZ608-11-10-09-44,288.3198291132949
47875c-NOZ60M-12-07-16-25,166.67103987828867
47875c-NOZ611-11-08-08-24,71.99273538795777
47875c-NOZ611-11-10-08-20,131.10918189310613
47875c-NOZ612-11-08-12-21,197.98702202480754
47875c-NOZ612-11-10-12-27,166.50477195120774
47875c-NOZ614-11-20-13-57,83.49919958422919
47875c-NOZ617-11-08-10-58,164.65936283340272
47875c-NOZ617-11-10-11-10,93.38322482036412
47875c-NOZ620-11-08-15-22,191.32846575442042
47875c-NOZ620-11-23-15-51,130.937795878073
47875c-NOZ623-11-20-12-34,146.1466793314463
47875c-NOZ624-11-06-16-21,266.1822202164612
47875c-NOZ625-11-08-13-56,219.46535192599748
47875c-NOZ625-11-23-14-03,186.15888622139764
47875c-NOZ626-11-02-16-45,220.384176815175
47875c-NOZ626-11-07-17-04,95.33205366937865
47875c-NOZ626-11-09-16-42,198.42858213545827
47875c-NOZ626-11-15-16-56,177.86494322221506
47875c-NOZ626-11-16-16-41,98.77017197215697
47875c-NOZ626-11-18-17-13,102.68338784469978
47875c-NOZ631-11-02-15-23,156.60302745053482
47875c-NOZ631-11-07-15-30,259.7201811937068
47875c-NOZ631-11-09-15-23,220.69626610503082
47875c-NOZ631-11-16-15-24,154.1137324196754
47875c-NOZ631-11-18-15-40,79.4973321909528
47875c-NOZ631-11-20-15-38,104.41707746908388
47875c-NOZ632-11-08-18-00,119.91293389687505
47875c-NOZ632-11-23-18-40,126.62162310837745
47875c-NOZ634-11-20-20-06,181.4003775763089
47875c-NOZ637-11-08-16-38,120.12815971210475
47875c-NOZ643-11-20-18-24,134.09722171181562
47875c-NOZ64N-11-11-16-55,206.9317783675933
47875c-NOZ6TM-11-27-20-11,241.11215483995366
47875c-NOZ8820-11-17-13-44,92.78270255778581
47875c-NOZ8821-11-17-16-52,194.5649466242063
47875c-NOZ9BH-11-30-15-33,210.41671151045261
47875c-NOZ9WB-11-17-07-35,387.6787192095673
47875c-NOZ9WB-11-18-07-29,451.41148647463393
478772-NOZ181-12-20-07-39,142.22090211870895
478772-NOZ191-11-04-17-33,81.30591124970816
478772-NOZ191-11-17-16-57,181.88708302579462
478772-NOZ191-12-08-17-41,81.79772276186686
478772-NOZ191-12-19-18-25,418.3430404262126
478772-NOZ191-12-20-17-20,175.51569031851125
478772-NOZ194-11-06-19-12,225.3406747816554
478772-NOZ195-11-06-20-33,153.77155204665337
478772-NOZ1BG-11-15-06-20,1068.316835940862
478772-NOZ1BG-11-17-06-06,1142.2263466038619
478772-NOZ1BG-12-08-06-31,1009.3823184990996
478772-NOZ271-12-21-06-16,363.4690749413078
478772-NOZ276-11-24-16-07,129.34607887826
478772-NOZ2BE-11-11-12-46,1645.9904764545488
478772-NOZ2DC-12-27-06-26,235.2130505378096
478772-NOZ2UC-11-06-16-14,163.99998382220255
478772-NOZ347-12-04-16-59,947.0981982653325
478772-NOZ4HF-11-24-07-12,135.96902747565284
478772-NOZ50A-11-15-16-37,1106.8479834774964
478772-NOZ50A-11-21-16-40,1031.6924138877325
478772-NOZ50A-12-06-16-57,959.4126823432542
478772-NOZ521-11-29-05-31,161.82484949255252
478772-NOZ521-11-30-05-36,231.50482053428442
478772-NOZ521-12-01-05-26,199.9883878127169
478772-NOZ521-12-02-05-28,224.8253476787709
478772-NOZ522-11-22-06-24,290.3182027690654
478772-NOZ522-12-13-06-10,251.97527525328084
478772-NOZ523-11-26-06-03,85.34545707333288
478772-NOZ523-11-28-06-30,92.04641807449941
478772-NOZ524-11-26-07-35,138.69532118870836
478772-NOZ524-11-29-06-59,323.4922828729953
478772-NOZ524-11-30-07-04,291.75698677846253
478772-NOZ524-12-01-07-01,111.90009609232418
478772-NOZ525-12-13-07-24,285.27661682886514
478772-NOZ526-11-28-07-57,290.103547246123
478772-NOZ530-11-17-09-59,74.01548882042783
478772-NOZ530-11-21-10-13,218.43359406078727
478772-NOZ530-11-27-09-32,191.3611680843359
478772-NOZ530-12-08-09-49,385.63823536305017
478772-NOZ531-11-17-11-19,205.06126163617944
478772-NOZ531-11-21-11-21,242.13332787823273
478772-NOZ531-11-27-08-01,75.72892903458356
478772-NOZ531-12-08-11-08,190.20173158740147
478772-NOZ532-11-26-10-17,70.19823506250764
478772-NOZ532-11-27-12-17,257.16977711055506
478772-NOZ532-11-28-10-57,346.07571991354195
478772-NOZ534-11-21-12-42,191.31262733710656
478772-NOZ534-12-08-12-46,363.104058014674
478772-NOZ534-12-16-14-07,166.05964912026974
478772-NOZ535-11-27-14-01,47.18890487202096
478772-NOZ535-11-28-12-31,316.8595020824868
478772-NOZ536-11-28-14-16,74.23932400283019
478772-NOZ536-12-18-14-57,239.1258280400406
478772-NOZ537-11-17-14-14,142.29037660943285
478772-NOZ537-11-21-13-57,257.63990835487954
478772-NOZ537-12-08-14-18,131.59132766316904
478772-NOZ537-12-16-17-54,268.795753123445
478772-NOZ538-11-25-15-19,206.99067893351437
478772-NOZ538-11-27-15-30,151.0752366661489
478772-NOZ540-12-07-16-29,356.24017616769316
478772-NOZ541-11-28-15-43,168.861265232608
478772-NOZ543-11-01-16-34,174.78660642834686
478772-NOZ543-11-25-16-42,204.83868036187158
478772-NOZ543-11-27-16-52,232.4300089023082
478772-NOZ544-11-27-18-21,170.79442168845216
478772-NOZ544-11-28-17-17,156.06590234575629
478772-NOZ545-12-07-17-39,249.01730419541417
478772-NOZ546-11-25-18-20,230.3982195972227
478772-NOZ549-11-27-19-47,124.21205210371744
478772-NOZ550-11-27-21-05,211.36368188446806
478772-NOZ55J-11-15-18-29,992.1393410569433
478772-NOZ55J-11-21-18-28,1044.6426225945365
478772-NOZ55J-12-06-18-44,1016.3998434020228
478772-NOZ56U-11-14-19-13,931.4939098966889
478772-NOZ56U-11-16-19-03,1017.0594196445305
478772-NOZ56U-12-07-19-08,965.2854504984829
478772-NOZ5AY-11-27-10-57,138.24506311779334
478772-NOZ5AY-11-28-09-20,234.62820608327323
478772-NOZ5PR-11-18-16-00,425.8156206779019
478772-NOZ601-11-24-05-35,56.067027126728476
478772-NOZ602-11-09-07-05,100.73046941791776
478772-NOZ602-11-16-06-02,107.1839237567588
478772-NOZ602-12-06-06-05,149.21257370327064
478772-NOZ608-11-24-10-05,103.94300858594818
478772-NOZ608-12-28-10-15,180.99427902516882
478772-NOZ609-11-09-08-18,178.01074434956263
478772-NOZ609-11-16-07-25,106.52302620360311
478772-NOZ609-12-06-07-23,91.64523315809588
478772-NOZ611-11-24-08-28,174.86215279064731
478772-NOZ611-12-28-08-43,75.7053998993052
478772-NOZ612-11-24-12-43,16.1876385340266
478772-NOZ617-11-24-11-21,192.3953185725545
478772-NOZ625-11-24-14-02,84.17482504208101
478772-NOZ626-12-27-16-51,63.16647043475399
478772-NOZ638-11-23-20-28,191.82678972312775
478772-NOZ639-12-09-17-32,138.14064442949226
478772-NOZ639-12-16-21-45,88.14125103617236
478772-NOZ64N-12-23-17-53,89.1179635308163
478772-NOZ6CF-11-11-08-14,1749.4598402449462
478772-NOZ6TC-11-11-17-22,1490.9960056356376
478772-NOZ6TM-12-19-20-36,121.57000234372411
478772-NOZ9BH-11-17-15-36,67.95019138475
478772-NOZ9BH-12-08-15-49,183.06638247487479
478772-NOZ9BH-12-19-16-57,146.969283554117
478772-NOZ9BH-12-20-15-53,205.3033853723214
47878c-NOZ132-11-08-13-59,88.21581881390908
47878c-NOZ133-11-08-15-00,272.86415656274966
47878c-NOZ133-11-11-15-05,255.90966375390485
47878c-NOZ140-11-23-06-59,48.48681163691347
47878c-NOZ141-11-22-08-14,191.67031916581723
47878c-NOZ141-11-23-07-58,123.61230950271545
47878c-NOZ194-11-27-18-56,500.341003423236
47878c-NOZ195-11-27-20-17,320.21340228661825
47878c-NOZ1BG-11-16-06-05,1277.7820054908595
47878c-NOZ1BG-12-14-06-01,1063.6290731535084
47878c-NOZ270-12-27-07-43,69.8632554502009
47878c-NOZ2DC-12-07-06-11,109.4401256815743
47878c-NOZ2UC-11-27-16-10,96.30008499451043
47878c-NOZ345-11-01-09-37,1287.6218634553904
47878c-NOZ345-12-28-09-49,1285.7669497541076
47878c-NOZ346-12-27-14-37,968.6227516235326
47878c-NOZ347-12-27-17-01,1004.3420524912409
47878c-NOZ3JE-11-10-06-57,110.5732115633985
47878c-NOZ4HF-11-03-06-59,229.26079992978484
47878c-NOZ4HF-11-14-07-09,197.81590193853188
47878c-NOZ4HF-12-06-07-23,139.53946633264778
47878c-NOZ4HF-12-08-07-12,69.39350207394598
47878c-NOZ4RZ-11-01-07-37,1247.6968178136801
47878c-NOZ4RZ-12-28-07-55,1118.1273371052437
47878c-NOZ530-11-15-09-58,149.17840365113486
47878c-NOZ531-11-15-11-10,269.71448306466226
47878c-NOZ534-11-15-12-42,251.4285216708057
47878c-NOZ540-11-15-16-04,256.4194483526181
47878c-NOZ540-12-13-16-29,160.22311306858467
47878c-NOZ545-11-15-17-31,162.14882814152563
47878c-NOZ545-12-13-17-44,82.72430880816137
47878c-NOZ56U-11-15-18-55,1072.3630881689082
47878c-NOZ56U-12-13-19-17,926.4875872671391
47878c-NOZ601-11-03-05-34,178.7005158506894
47878c-NOZ601-11-14-05-33,115.16545753448386
47878c-NOZ601-12-06-05-32,129.12499831136856
47878c-NOZ601-12-08-05-59,110.15495806876307
47878c-NOZ602-11-17-06-04,171.46530190010228
47878c-NOZ605-11-02-06-42,88.4688856952878
47878c-NOZ605-11-07-06-35,84.46424218641243
47878c-NOZ605-11-09-06-29,138.50788474505308
47878c-NOZ605-11-11-06-32,60.411267779574196
47878c-NOZ605-12-12-06-30,177.38003889582706
47878c-NOZ606-11-02-08-04,133.62346040737967
47878c-NOZ606-11-09-07-59,111.08008314610808
47878c-NOZ606-11-11-08-05,165.83681998704773
47878c-NOZ606-12-12-08-07,182.633169233354
47878c-NOZ608-11-03-09-47,161.41110822487585
47878c-NOZ608-11-14-09-46,147.8417580917625
47878c-NOZ608-12-06-09-43,198.41873804975714
47878c-NOZ608-12-08-09-51,148.6672825843172
47878c-NOZ609-11-17-07-34,117.88765765166546
47878c-NOZ611-11-03-08-23,90.33884865682451
47878c-NOZ611-11-14-08-31,73.4734336504851
47878c-NOZ611-12-06-08-28,103.05539043985486
47878c-NOZ611-12-08-08-37,103.5394780073766
47878c-NOZ612-11-03-12-32,218.69456685468361
47878c-NOZ612-12-06-12-28,159.05150965459038
47878c-NOZ612-12-08-12-38,82.28247859972602
47878c-NOZ614-12-11-14-37,118.23296691328825
47878c-NOZ617-11-03-11-06,98.84850479701491
47878c-NOZ617-12-06-10-58,98.54662830091009
47878c-NOZ620-11-03-15-24,159.43797299189364
47878c-NOZ620-12-06-15-30,166.06320451766538
47878c-NOZ620-12-08-15-31,166.3989174162163
47878c-NOZ623-12-11-13-06,147.58124496649387
47878c-NOZ625-12-06-13-50,82.2250947066035
47878c-NOZ625-12-08-13-58,104.67287192192302
47878c-NOZ626-11-10-16-54,218.77770390104905
47878c-NOZ626-12-07-16-46,135.73449774580249
47878c-NOZ626-12-09-16-55,220.94536674613428
47878c-NOZ631-11-04-15-32,97.40673961892138
47878c-NOZ631-11-10-15-32,131.30997087875403
47878c-NOZ631-12-07-15-31,120.78086772379397
47878c-NOZ632-11-03-18-07,183.066996480836
47878c-NOZ632-12-06-18-17,106.43364043299482
47878c-NOZ632-12-08-18-11,246.2121578935618
47878c-NOZ637-12-08-16-51,122.60469258660676
47878c-NOZ638-11-01-20-00,253.6079190967276
47878c-NOZ638-12-05-20-12,175.91004224296776
47878c-NOZ639-11-27-17-32,255.82709553662718
47878c-NOZ7C-12-27-08-49,205.12924977704392
47878c-NOZ8GN-11-18-07-11,384.4502072205234
47878d-NOZ132-11-29-13-57,35.093943666940795
47878d-NOZ132-12-29-14-04,63.843508754425415
47878d-NOZ133-11-07-14-53,207.20253577115244
47878d-NOZ133-11-29-14-51,225.82131060456595
47878d-NOZ181-11-01-06-03,207.59551755897527
47878d-NOZ181-12-09-06-38,176.64446180968778
47878d-NOZ182-11-01-07-34,225.5625720163183
47878d-NOZ182-12-09-08-06,229.22431925632114
47878d-NOZ183-11-01-08-49,213.83160353602327
47878d-NOZ183-12-04-08-06,220.47633316238347
47878d-NOZ183-12-09-09-28,173.22343378186673
47878d-NOZ183-12-25-10-41,97.96267292859032
47878d-NOZ191-11-23-17-18,188.57115692445026
47878d-NOZ1BG-11-12-06-04,1080.7213947902371
47878d-NOZ1BG-12-06-06-15,1107.0158179576956
47878d-NOZ1TT-11-15-14-39,116.83933127141181
47878d-NOZ1TT-11-25-14-47,82.88277016999461
47878d-NOZ272-12-04-15-46,189.6081575967943
47878d-NOZ275-12-04-17-02,129.80594556079234
47878d-NOZ276-12-18-13-42,281.3822864334304
47878d-NOZ277-12-18-15-30,116.18040055687057
47878d-NOZ278-12-06-19-16,317.91761555572134
47878d-NOZ2KT-12-06-16-26,147.4095581392066
47878d-NOZ345-11-15-09-32,1158.800219257124
47878d-NOZ345-11-28-09-43,1158.0707651570815
47878d-NOZ346-11-09-14-35,940.3218792927765
47878d-NOZ346-11-14-14-40,1029.7552490213404
47878d-NOZ347-11-09-16-32,982.8120503937306
47878d-NOZ347-11-14-16-37,1040.7361491577992
47878d-NOZ3DB-11-18-18-19,74.75083340902394
47878d-NOZ3J-11-18-15-26,88.44835289188008
47878d-NOZ4RZ-11-15-07-36,1079.3645513747306
47878d-NOZ4RZ-11-28-07-46,1006.2839598708414
47878d-NOZ50A-11-08-16-41,1001.1662460176867
47878d-NOZ50A-11-27-16-42,769.9295093320704
47878d-NOZ50A-12-27-16-50,1148.6778802901295
47878d-NOZ522-11-03-06-02,94.65000089806705
47878d-NOZ522-11-23-06-34,285.1019409179888
47878d-NOZ525-11-03-07-20,173.30428034858332
47878d-NOZ525-11-23-07-42,157.49749841626374
47878d-NOZ530-12-06-10-01,227.6711667851653
47878d-NOZ531-12-06-11-11,59.69941775143825
47878d-NOZ534-12-06-12-37,167.95304267778283
47878d-NOZ537-12-06-13-53,128.85502686114148
47878d-NOZ545-12-02-17-26,193.76842595873302
47878d-NOZ55J-11-08-18-37,1055.556064583613
47878d-NOZ55J-11-27-18-49,1359.732417652698
47878d-NOZ55J-12-27-18-42,1091.4528332696648
47878d-NOZ56U-11-11-19-08,804.8327980767525
47878d-NOZ56U-12-05-18-58,1101.2208846903657
47878d-NOZ5PY-11-15-16-03,79.83562188677934
47878d-NOZ5PY-11-25-16-11,78.83957909619176
47878d-NOZ602-11-14-06-06,213.1290469198996
47878d-NOZ602-12-20-07-11,134.16563562424392
47878d-NOZ605-11-17-06-39,102.88974111497198
47878d-NOZ606-12-28-08-23,239.05590748266124
47878d-NOZ607-11-08-07-00,161.39146457696512
47878d-NOZ607-11-18-07-00,97.82030114674265
47878d-NOZ607-11-30-06-58,57.076682906704576
47878d-NOZ608-11-05-09-10,135.6777922978039
47878d-NOZ608-11-06-09-44,126.77690423787372
47878d-NOZ608-12-30-09-52,249.56950620902472
47878d-NOZ609-11-14-07-27,79.07321227144661
47878d-NOZ609-12-20-08-37,127.92331351158408
47878d-NOZ611-11-06-08-27,21.58268714441012
47878d-NOZ612-11-06-12-42,198.00240371470545
47878d-NOZ612-12-30-12-54,145.9767930608685
47878d-NOZ617-11-06-11-08,193.23178683866115
47878d-NOZ617-12-30-11-25,79.16366639127752
47878d-NOZ620-11-06-15-31,260.32423745117524
47878d-NOZ620-11-17-15-38,39.36825147301421
47878d-NOZ620-12-30-15-55,106.12062569728116
47878d-NOZ625-11-06-14-10,227.06533175550248
47878d-NOZ625-11-17-14-06,102.20909109197412
47878d-NOZ625-12-30-14-18,150.06952961345687
47878d-NOZ628-11-15-17-29,82.93099771168595
47878d-NOZ628-11-25-17-29,154.10252401159622
47878d-NOZ632-11-06-18-21,273.2759899009196
47878d-NOZ632-11-07-19-55,106.01710747550202
47878d-NOZ637-11-06-16-59,120.42073683801996
47878d-NOZ637-11-07-18-29,160.25482355654518
47878d-NOZ637-11-17-16-57,112.08866137272783
47878d-NOZ638-11-28-20-07,170.69414495236032
47878d-NOZ645-11-25-18-49,183.2361984534571
47878d-NOZ647-11-06-19-40,155.81243225825952
47878d-NOZ648-11-06-21-05,288.0446212367832
47878d-NOZ6TM-12-02-19-02,226.0117446121094
47878d-NOZ6TM-12-08-19-13,273.4553517377738
47878d-NOZ9BH-11-23-15-55,96.38272532407196
47878d-NOZ9BH-12-09-16-22,296.1738391242605
47878d-NOZ9BH-12-21-15-45,100.87869015793858
4787a0-NOZ141-11-09-08-10,135.60638137369205
4787a0-NOZ142-11-13-12-12,374.5339800254727
4787a0-NOZ143-11-13-14-38,106.70836346601281
4787a0-NOZ145-11-07-16-47,151.22724166073638
4787a0-NOZ145-11-09-16-44,204.28862694196835
4787a0-NOZ181-12-17-10-02,63.76999852903605
4787a0-NOZ182-12-17-08-30,439.3485650113589
4787a0-NOZ191-12-27-17-29,60.08159853952074
4787a0-NOZ1BG-11-29-05-59,1222.0998792420771
4787a0-NOZ1BG-12-03-06-00,968.4036370919372
4787a0-NOZ1BG-12-20-06-08,964.8761515023238
4787a0-NOZ1TT-12-08-14-35,166.1245965513851
4787a0-NOZ270-11-17-07-28,197.40171442316733
4787a0-NOZ270-11-24-07-44,212.45429844296393
4787a0-NOZ270-12-28-08-05,108.93108583008579
4787a0-NOZ271-11-24-06-09,104.61806714067593
4787a0-NOZ271-11-26-07-34,268.9917570476749
4787a0-NOZ271-12-14-06-28,54.78317487407576
4787a0-NOZ276-12-15-16-31,273.01619659332334
4787a0-NOZ277-12-05-18-09,89.30606204955376
4787a0-NOZ278-11-16-18-57,263.97695438656757
4787a0-NOZ278-11-23-19-29,170.48382715659
4787a0-NOZ278-12-13-19-06,317.3330561988307
4787a0-NOZ2DC-12-09-05-56,45.90041828901672
4787a0-NOZ2GH-12-11-15-03,81.19765354811175
4787a0-NOZ2UC-11-01-16-05,179.40995006325696
4787a0-NOZ345-12-31-11-23,1071.1650748229815
4787a0-NOZ346-11-11-14-35,986.4323317541658
4787a0-NOZ346-12-29-16-30,1112.7426990541728
4787a0-NOZ347-11-11-16-35,944.0186471175232
4787a0-NOZ347-12-29-21-05,1168.5370349052766
4787a0-NOZ3JE-11-30-06-51,237.755898623792
4787a0-NOZ3JE-12-09-07-05,251.66665206196555
4787a0-NOZ4RZ-12-31-09-26,975.1305377036593
4787a0-NOZ50A-12-21-17-11,1076.845155868018
4787a0-NOZ530-12-13-10-07,340.2263308939451
4787a0-NOZ531-12-13-11-17,286.72616645731364
4787a0-NOZ534-12-13-12-54,209.496048204153
4787a0-NOZ537-12-13-14-17,414.41500848796545
4787a0-NOZ538-11-03-15-25,193.65014487484905
4787a0-NOZ538-12-26-15-59,236.68972304483597
4787a0-NOZ538-12-28-15-34,306.0855701907788
4787a0-NOZ543-11-03-16-54,208.1080729214613
4787a0-NOZ543-12-26-17-12,233.10718931532804
4787a0-NOZ546-11-03-18-19,166.01845634742497
4787a0-NOZ546-12-28-18-39,207.0875640311537
4787a0-NOZ549-11-03-19-32,371.7295068933306
4787a0-NOZ549-12-28-19-47,89.97467269820177
4787a0-NOZ55J-12-21-19-15,1036.09917520192
4787a0-NOZ56U-11-28-18-54,917.5159345372912
4787a0-NOZ56U-12-02-19-10,955.3717148788095
4787a0-NOZ56U-12-19-20-06,1075.727310896194
4787a0-NOZ607-12-01-07-02,147.8140519721348
4787a0-NOZ607-12-12-07-06,207.97085200834726
4787a0-NOZ608-12-10-08-59,249.46710358027548
4787a0-NOZ609-12-10-07-36,97.20315214588489
4787a0-NOZ624-12-11-16-33,170.26778654271814
4787a0-NOZ626-11-30-16-41,295.15322626577057
4787a0-NOZ628-12-08-17-41,258.46185361943793
4787a0-NOZ631-11-30-15-21,129.3846140809741
4787a0-NOZ638-11-29-20-03,197.5592985442272
4787a0-NOZ638-12-08-20-23,357.33858799780614
4787a0-NOZ639-11-01-17-20,119.28853686750602
4787a0-NOZ639-11-24-17-28,120.10261625540575
4787a0-NOZ645-12-08-18-57,104.58287032508481
4787a0-NOZ7C-11-17-08-46,139.28578331438493
4787a0-NOZ7C-12-28-09-40,102.17856909037496
4787a0-NOZ93E-11-16-17-29,214.36483250996795
4787b3-NOZ132-12-01-14-05,121.3042783435945
4787b3-NOZ132-12-06-14-06,135.34910948484838
4787b3-NOZ133-12-01-14-56,314.7292352266278
4787b3-NOZ133-12-06-14-53,145.1451559868164
4787b3-NOZ145-12-29-16-12,168.18257709783947
4787b3-NOZ1BG-12-13-06-01,1073.9183404693163
4787b3-NOZ1TT-12-05-14-43,167.519948766488
4787b3-NOZ270-12-05-07-25,238.68549863482394
4787b3-NOZ271-12-05-06-06,176.9100577405053
4787b3-NOZ345-11-14-10-01,982.0607819056554
4787b3-NOZ345-11-19-11-22,978.3740346232319
4787b3-NOZ345-11-22-09-34,1204.1648973346757
4787b3-NOZ346-11-21-14-40,884.5218165261679
4787b3-NOZ347-11-21-16-38,894.0913611897474
4787b3-NOZ3JE-11-29-07-01,238.485476566777
4787b3-NOZ3JE-12-01-06-59,274.8925560226019
4787b3-NOZ3VG-12-05-16-06,133.38218161736336
4787b3-NOZ4HF-11-28-07-04,202.68717545282152
4787b3-NOZ4HF-12-07-07-00,94.87174768218586
4787b3-NOZ4RZ-11-14-07-35,952.7433408034673
4787b3-NOZ4RZ-11-19-09-22,1066.2292815029873
4787b3-NOZ4RZ-11-22-07-50,885.2132924650844
4787b3-NOZ50A-11-13-16-35,1128.0415792668598
4787b3-NOZ50A-11-17-16-51,887.8776689831411
4787b3-NOZ521-11-11-05-30,240.6676083680503
4787b3-NOZ523-11-07-06-31,365.7142588589719
4787b3-NOZ524-11-11-07-03,450.8034374498599
4787b3-NOZ525-11-13-11-38,78.97630472407991
4787b3-NOZ526-11-07-07-57,318.16519974228186
4787b3-NOZ530-11-06-09-36,237.48555110030912
4787b3-NOZ531-11-06-08-11,100.08810030469535
4787b3-NOZ532-11-06-12-21,113.29528128294567
4787b3-NOZ532-11-07-11-01,168.64279882058742
4787b3-NOZ534-11-13-13-21,133.24140729338097
4787b3-NOZ535-11-06-13-38,71.84607296308012
4787b3-NOZ535-11-07-12-30,219.79860415529345
4787b3-NOZ535-12-09-12-51,70.7793284766721
4787b3-NOZ535-12-27-13-02,178.54228817383435
4787b3-NOZ536-11-07-14-18,313.786564471902
4787b3-NOZ536-12-27-14-39,232.13931153433242
4787b3-NOZ538-11-04-15-41,136.4138780219048
4787b3-NOZ538-11-06-15-06,178.42096893927155
4787b3-NOZ541-11-07-15-45,69.05685208655287
4787b3-NOZ541-12-09-15-54,123.35452222789984
4787b3-NOZ541-12-27-15-56,368.75909515630923
4787b3-NOZ543-11-04-17-13,114.2224213201847
4787b3-NOZ543-11-06-16-42,117.6163323158047
4787b3-NOZ544-11-06-18-14,173.49307378776814
4787b3-NOZ544-11-07-17-09,167.21482450654582
4787b3-NOZ550-11-06-21-03,174.4093941780581
4787b3-NOZ55J-11-13-18-43,1027.611312155205
4787b3-NOZ55J-11-17-18-44,1308.2498922970642
4787b3-NOZ56U-12-12-19-29,873.8488993242842
4787b3-NOZ5AY-11-06-10-49,117.71462705491702
4787b3-NOZ5AY-11-07-09-16,232.97056585399568
4787b3-NOZ601-11-23-05-33,106.0904943521876
4787b3-NOZ601-11-28-05-29,99.45100967094565
4787b3-NOZ601-12-07-05-39,84.54999605992849
4787b3-NOZ602-11-01-06-05,103.41710193409546
4787b3-NOZ605-11-24-06-37,131.208156820689
4787b3-NOZ605-11-30-06-30,99.28892839259058
4787b3-NOZ606-11-24-08-26,99.39235904647636
4787b3-NOZ606-11-30-08-03,194.96075248384437
4787b3-NOZ607-12-02-07-06,185.1545420450725
4787b3-NOZ607-12-08-07-20,171.35098782321472
4787b3-NOZ608-11-23-10-57,143.27351861524917
4787b3-NOZ608-11-28-09-47,132.23131439242206
4787b3-NOZ608-12-07-09-42,246.59732227409734
4787b3-NOZ609-11-01-07-26,179.06764009178488
4787b3-NOZ609-11-21-07-26,83.30835071274204
4787b3-NOZ611-11-23-08-34,231.19060398692858
4787b3-NOZ611-11-28-08-19,195.24441034001842
4787b3-NOZ611-12-07-08-18,112.81397375615778
4787b3-NOZ612-11-23-13-36,190.1506801913281
4787b3-NOZ612-11-28-12-22,162.43281573357453
4787b3-NOZ612-12-03-12-33,83.58146824103062
4787b3-NOZ612-12-07-12-24,142.8134950543561
4787b3-NOZ617-11-23-12-07,127.18263688195675
4787b3-NOZ617-11-28-11-03,85.68700836098031
4787b3-NOZ617-12-07-10-58,41.91480544681155
4787b3-NOZ620-11-27-16-12,121.94930127133374
4787b3-NOZ620-11-28-15-21,64.11004027303991
4787b3-NOZ620-12-07-15-52,128.28019425944723
4787b3-NOZ625-11-27-14-32,78.5770864403775
4787b3-NOZ625-11-28-14-01,210.7597573514436
4787b3-NOZ625-12-03-14-02,114.29477302928339
4787b3-NOZ625-12-07-14-04,64.44398615935056
4787b3-NOZ626-11-23-17-40,139.11011625484315
4787b3-NOZ626-11-24-17-03,197.6586320560622
4787b3-NOZ626-11-25-16-58,71.26224277429553
4787b3-NOZ628-12-05-17-29,165.6809796118979
4787b3-NOZ631-11-23-15-28,346.54007647651184
4787b3-NOZ631-11-24-15-21,173.3603823738106
4787b3-NOZ631-11-25-15-41,164.56851531862478
4787b3-NOZ632-11-27-18-52,328.771425543736
4787b3-NOZ637-11-27-17-31,309.48205951189686
4787b3-NOZ637-11-28-16-39,194.98796581077357
4787b3-NOZ637-12-07-16-55,133.03720844077196
4787b3-NOZ647-11-27-20-17,395.0987991915853
4787b3-NOZ648-11-27-21-37,105.2395034439188
4787b3-NOZ7C-12-05-08-41,120.97278358200052
4787b3-NOZ9BH-12-04-12-17,125.38685607299568
4791ac-NOZ132-11-17-14-04,78.96202850608367
4791ac-NOZ133-11-17-15-09,194.11526771603644
4791ac-NOZ140-11-10-07-06,208.3612728462652
4791ac-NOZ141-11-10-08-06,403.3501589726356
4791ac-NOZ141-11-11-08-08,393.42353102251144
4791ac-NOZ145-11-24-16-08,278.56148610209084
4791ac-NOZ183-11-20-07-53,279.3059024901955
4791ac-NOZ191-11-16-17-08,178.76070716855097
4791ac-NOZ1BG-11-08-06-25,1021.1555303071552
4791ac-NOZ1TT-11-27-14-34,189.984420523627
4791ac-NOZ1TT-11-29-14-36,206.47033371640478
4791ac-NOZ270-11-18-07-22,173.2561427999062
4791ac-NOZ270-11-22-09-01,117.74962903248189
4791ac-NOZ272-11-20-15-39,291.14978423235834
4791ac-NOZ275-11-20-16-48,69.08764660242154
4791ac-NOZ278-11-21-19-01,204.47930721931553
4791ac-NOZ2BE-11-13-12-33,1880.4122626045332
4791ac-NOZ2KT-12-23-16-32,188.70730935540107
4791ac-NOZ2UC-12-12-16-22,220.99275940853454
4791ac-NOZ345-11-13-10-22,1121.7314891732663
4791ac-NOZ345-11-23-09-57,1079.9903251756518
4791ac-NOZ345-12-09-10-04,1154.3312164635252
4791ac-NOZ346-11-22-14-28,1044.8874129477913
4791ac-NOZ347-11-22-16-32,1107.965734023071
4791ac-NOZ357-12-23-23-01,1168.2686936969096
4791ac-NOZ4RZ-11-13-08-17,1114.0984186204637
4791ac-NOZ4RZ-11-23-08-25,1071.555541808285
4791ac-NOZ4RZ-12-09-07-50,1125.3600190200566
4791ac-NOZ50A-12-09-17-14,1029.213742720279
4791ac-NOZ50A-12-19-17-19,1110.0926006078498
4791ac-NOZ521-11-02-05-28,204.0165374329261
4791ac-NOZ521-11-03-05-26,203.7771342305401
4791ac-NOZ522-11-15-06-01,249.19139431319593
4791ac-NOZ522-12-15-06-32,172.69961455479964
4791ac-NOZ522-12-22-06-16,199.179451114057
4791ac-NOZ523-11-04-06-31,102.15701342172326
4791ac-NOZ523-11-06-06-30,422.81130948079823
4791ac-NOZ524-11-02-07-11,244.21779398301777
4791ac-NOZ524-11-03-07-01,117.27735198977699
4791ac-NOZ525-11-15-07-18,358.76423791831775
4791ac-NOZ525-12-15-07-45,103.33811772575478
4791ac-NOZ525-12-22-07-30,363.9060017213204
4791ac-NOZ526-11-04-08-04,222.19746295432083
4791ac-NOZ530-11-01-09-55,342.48488254612823
4791ac-NOZ532-11-04-11-06,142.899929539489
4791ac-NOZ535-11-04-12-52,119.70737182005801
4791ac-NOZ536-11-04-14-25,146.94616923258943
4791ac-NOZ538-11-30-15-21,273.89385182737897
4791ac-NOZ540-11-18-16-19,137.7613523652867
4791ac-NOZ540-11-21-16-10,167.94307656519698
4791ac-NOZ541-11-04-16-15,165.73481502254776
4791ac-NOZ543-11-30-16-41,251.64454448332918
4791ac-NOZ544-11-04-17-41,259.0588597042575
4791ac-NOZ545-11-18-17-31,187.51293675894559
4791ac-NOZ545-11-21-17-25,193.12466668931833
4791ac-NOZ546-11-30-18-18,260.90111946361935
4791ac-NOZ549-11-30-19-31,318.28358517483406
4791ac-NOZ55J-12-09-19-07,991.807834938791
4791ac-NOZ55J-12-19-19-51,1017.5592267081785
4791ac-NOZ56U-11-07-18-54,888.9402269486908
4791ac-NOZ56U-12-23-20-48,1062.420338041644
4791ac-NOZ5AY-11-04-09-20,161.75423545158074
4791ac-NOZ5PY-11-27-16-06,120.61485620724287
4791ac-NOZ5PY-11-29-16-07,169.56420246483273
4791ac-NOZ601-11-18-05-40,201.64563816271036
4791ac-NOZ612-11-17-12-44,158.48490185058887
4791ac-NOZ628-11-27-17-29,236.85009485876304
4791ac-NOZ628-11-29-17-28,224.32772426611464
4791ac-NOZ634-12-04-20-31,217.3450209904155
4791ac-NOZ639-12-12-17-36,146.34720457764743
4791ac-NOZ645-11-27-18-49,144.52926188841724
4791ac-NOZ645-11-29-18-46,157.19204732981237
4791ac-NOZ645-12-05-18-55,308.5166239451996
4791ac-NOZ645-12-29-19-35,169.01188480873574
4791ac-NOZ6TC-11-13-17-17,1843.5450676165112
4791ac-NOZ6TM-11-18-19-02,183.00437203398326
4791ac-NOZ7C-11-18-08-40,53.47330212711829
4791ac-NOZ9BH-11-16-15-40,146.87808696352394
4791dd-NOZ140-11-03-07-11,82.94374413646639
4791dd-NOZ141-11-03-08-10,185.79260441700734
4791dd-NOZ143-11-06-14-34,262.81909580151734
4791dd-NOZ145-11-04-16-48,47.41094970579212
4791dd-NOZ181-11-21-06-12,106.60229980804648
4791dd-NOZ181-11-22-06-03,177.36008385565071
4791dd-NOZ182-11-09-07-35,158.62514441158868
4791dd-NOZ182-11-21-07-36,93.68905859363106
4791dd-NOZ182-11-22-07-50,113.17384406491793
4791dd-NOZ183-11-21-08-51,114.67984990730037
4791dd-NOZ183-11-22-08-58,119.25762864245162
4791dd-NOZ183-12-27-09-37,96.80593132489136
4791dd-NOZ191-11-24-17-10,91.8865865159205
4791dd-NOZ191-12-06-17-02,106.46504015931443
4791dd-NOZ1BG-11-24-06-09,1066.1254220065098
4791dd-NOZ1TT-11-10-14-34,98.86438593546121
4791dd-NOZ1TT-11-11-14-36,202.8398694359161
4791dd-NOZ1TT-11-28-14-34,45.62656453538503
4791dd-NOZ1TT-12-01-14-47,197.7805224146509
4791dd-NOZ270-11-10-07-30,95.66343254581278
4791dd-NOZ270-11-15-07-27,236.93012303863307
4791dd-NOZ270-11-28-07-30,172.07926789770437
4791dd-NOZ270-12-01-07-28,119.0355693943006
4791dd-NOZ271-11-15-06-01,51.54557534035506
4791dd-NOZ271-11-19-08-07,86.65514198090503
4791dd-NOZ271-11-28-06-06,83.51513301382651
4791dd-NOZ271-12-01-06-10,67.08668886615364
4791dd-NOZ271-12-22-06-11,110.36677000937965
4791dd-NOZ276-12-11-13-44,207.88270264156918
4791dd-NOZ277-11-08-17-21,191.02329504990246
4791dd-NOZ277-12-11-14-56,128.63105490550922
4791dd-NOZ278-11-09-18-57,49.47569754582798
4791dd-NOZ278-11-14-18-58,235.9620972548303
4791dd-NOZ278-11-30-18-57,361.55473288256377
4791dd-NOZ278-12-21-20-03,104.9432557526762
4791dd-NOZ2DC-12-05-06-14,53.82980171873158
4791dd-NOZ345-11-16-09-30,1180.447677228282
4791dd-NOZ345-11-17-11-53,1180.810188565709
4791dd-NOZ345-12-13-09-38,1078.0658835596273
4791dd-NOZ345-12-22-09-54,1045.1428335474454
4791dd-NOZ346-11-15-14-34,992.8329270270258
4791dd-NOZ347-11-15-16-31,966.6814275110783
4791dd-NOZ3JE-12-05-07-01,267.9605428923544
4791dd-NOZ4RZ-11-16-07-34,1110.6317711503418
4791dd-NOZ4RZ-11-17-07-49,1037.225392281051
4791dd-NOZ4RZ-12-13-07-42,1012.6661597359383
4791dd-NOZ4RZ-12-22-07-46,1083.000548281889
4791dd-NOZ50A-12-30-17-20,972.3676564885822
4791dd-NOZ530-11-24-10-05,67.08274841181144
4791dd-NOZ531-11-24-11-21,96.95151934312547
4791dd-NOZ534-11-24-12-46,73.0215781304323
4791dd-NOZ536-11-13-14-15,198.191712890627
4791dd-NOZ537-11-24-14-02,167.98293114051
4791dd-NOZ540-11-14-16-05,376.9700767270676
4791dd-NOZ545-11-14-17-19,255.74105402027095
4791dd-NOZ55J-12-30-19-49,1124.272592230504
4791dd-NOZ56U-11-23-20-32,839.4016233113219
4791dd-NOZ5PY-11-28-16-02,99.336459710887
4791dd-NOZ5PY-12-01-16-04,83.62183171985413
4791dd-NOZ607-12-06-07-12,214.0720863874719
4791dd-NOZ608-12-04-09-59,143.1186781959587
4791dd-NOZ611-12-04-08-38,159.093267003919
4791dd-NOZ612-12-04-12-46,138.4488868524683
4791dd-NOZ617-12-04-11-11,108.78809253206411
4791dd-NOZ620-12-04-15-35,216.4910188454802
4791dd-NOZ625-12-04-14-16,120.57366993720102
4791dd-NOZ626-12-02-17-01,80.65315086318957
4791dd-NOZ626-12-05-16-46,128.322609605454
4791dd-NOZ628-11-10-17-30,221.71395921180283
4791dd-NOZ628-11-11-17-30,232.63338197445628
4791dd-NOZ628-11-28-17-28,245.00525693716406
4791dd-NOZ631-12-02-15-27,109.90095340875823
4791dd-NOZ631-12-05-15-21,160.2214176492682
4791dd-NOZ632-12-04-18-14,190.67741385802992
4791dd-NOZ637-12-04-16-50,104.97876610535674
4791dd-NOZ638-12-01-20-15,213.21712848878124
4791dd-NOZ647-12-04-19-27,113.46842859623375
4791dd-NOZ648-12-04-21-03,222.54669953442053
4791dd-NOZ6TM-11-08-18-48,59.95705353391499
4791dd-NOZ6TM-11-20-20-20,95.32125258202278
4791dd-NOZ6TM-11-21-18-46,70.96039737769362
4791dd-NOZ7C-11-15-08-35,61.6024641965666
4791dd-NOZ7C-12-01-08-38,120.37221258998025
4791dd-NOZ9BH-11-21-15-58,326.73781467418
4791dd-NOZ9BH-11-24-15-51,117.03996513450892
4791dd-NOZ9BH-11-27-12-25,237.5476180086336
47921c-NOZ132-11-04-14-08,150.9692428846347
47921c-NOZ141-12-13-13-10,35.23175322528352
47921c-NOZ141-12-14-08-19,130.46353234692617
47921c-NOZ144-11-23-16-00,106.4807990746196
47921c-NOZ144-11-28-15-40,379.2036700515833
47921c-NOZ145-11-23-17-00,247.7178988856397
47921c-NOZ145-11-25-16-44,171.9942614987781
47921c-NOZ1BG-11-18-06-08,1112.5755999611606
47921c-NOZ1TT-11-03-14-38,100.61918552688037
47921c-NOZ345-12-08-09-39,1085.8206868999719
47921c-NOZ345-12-26-10-26,1149.392313614608
47921c-NOZ346-11-20-14-43,1033.1704383259075
47921c-NOZ346-12-22-15-46,1009.3926641816685
47921c-NOZ347-11-20-16-44,1183.1348295362618
47921c-NOZ347-12-22-17-51,1017.0357382647128
47921c-NOZ44A-12-31-08-07,230.95330860710692
47921c-NOZ4RZ-12-08-07-38,987.0328918137315
47921c-NOZ4RZ-12-26-08-36,1037.7628615246972
47921c-NOZ50A-11-10-16-42,1008.1490487267964
47921c-NOZ50A-12-20-17-27,1042.5682117342417
47921c-NOZ50A-12-28-18-12,1134.6338465845736
47921c-NOZ521-11-14-05-33,201.58753411279412
47921c-NOZ523-11-09-06-25,171.50861805161134
47921c-NOZ523-11-15-06-24,161.5246091446883
47921c-NOZ523-11-16-06-37,165.59983551396877
47921c-NOZ524-11-14-06-56,317.969835369258
47921c-NOZ526-11-09-07-54,118.12866193485844
47921c-NOZ526-11-15-08-01,76.03445695105368
47921c-NOZ526-11-16-07-59,68.85180680372254
47921c-NOZ530-11-13-09-27,86.16849243980197
47921c-NOZ531-11-13-07-54,114.356648895973
47921c-NOZ532-11-09-11-03,167.43911456475362
47921c-NOZ532-11-13-12-39,74.92086439117901
47921c-NOZ532-11-15-11-03,145.55557617127812
47921c-NOZ532-11-16-10-59,173.91193960996188
47921c-NOZ535-11-09-12-29,290.2528176079454
47921c-NOZ535-11-13-13-57,53.51323138625663
47921c-NOZ535-11-15-12-29,331.5593111412954
47921c-NOZ535-11-16-12-36,107.19810752126811
47921c-NOZ536-11-09-14-14,288.0179734300147
47921c-NOZ536-11-15-14-20,132.19492682708508
47921c-NOZ538-11-11-15-33,275.8854871689955
47921c-NOZ538-11-13-15-22,148.31413090972072
47921c-NOZ541-11-09-15-39,275.61524864275657
47921c-NOZ541-11-15-15-45,81.55779977783716
47921c-NOZ543-11-11-16-55,73.66952679416907
47921c-NOZ543-11-13-16-49,115.33527238417766
47921c-NOZ544-11-09-17-09,216.04625769659413
47921c-NOZ546-11-11-18-17,117.78117158458436
47921c-NOZ547-11-09-18-25,349.26302117288964
47921c-NOZ547-11-15-18-31,124.10218106479616
47921c-NOZ550-11-08-19-59,161.10845166471847
47921c-NOZ550-11-13-21-02,236.30378695738705
47921c-NOZ550-11-15-19-54,133.78223297361293
47921c-NOZ55J-11-10-18-45,1309.8301177948122
47921c-NOZ55J-12-20-19-28,1083.985041893799
47921c-NOZ55J-12-28-20-30,1270.918334788158
47921c-NOZ56U-11-17-19-00,988.9637866684359
47921c-NOZ5AY-11-09-09-19,308.1175882247909
47921c-NOZ5AY-11-13-11-05,102.88146341110482
47921c-NOZ5AY-11-15-09-19,72.20272041677941
47921c-NOZ5AY-11-16-09-18,191.1985888763587
47921c-NOZ5PY-11-03-16-03,123.6142358609086
47921c-NOZ601-11-17-05-32,217.09987340434066
47921c-NOZ602-12-19-06-20,174.43605243321664
47921c-NOZ602-12-21-06-37,209.51267520898907
47921c-NOZ605-11-04-06-52,109.91204603208995
47921c-NOZ606-11-04-08-16,233.8908435066967
47921c-NOZ608-11-17-09-51,141.90585751606048
47921c-NOZ609-11-05-07-39,151.48862139471834
47921c-NOZ609-12-19-07-41,58.5168928747178
47921c-NOZ609-12-21-08-01,69.06488285804235
47921c-NOZ611-11-17-08-25,154.4846770006785
47921c-NOZ628-11-03-17-31,230.44141711048118
47921c-NOZ638-11-03-20-11,156.33341070491682
47921c-NOZ639-12-08-18-48,92.29421704846705
47921c-NOZ645-11-03-18-48,157.6375686168017
47921c-NOZ64N-12-15-17-01,163.36681807722366
479227-NOZ132-11-15-14-05,120.57571441523535
479227-NOZ133-11-15-15-05,312.45296698360784
479227-NOZ140-11-15-07-16,49.39203570995751
479227-NOZ141-11-15-08-09,329.8158113209189
479227-NOZ1BG-11-01-06-04,981.4200199132625
479227-NOZ1BG-11-19-06-02,1094.2646593668076
479227-NOZ1BG-12-22-06-09,1067.6250482366136
479227-NOZ1TT-11-02-14-31,132.14753244999568
479227-NOZ1TT-11-20-14-38,185.16274838468226
479227-NOZ1TT-12-14-14-43,280.3938402751649
479227-NOZ1TT-12-22-15-40,199.87877642935103
479227-NOZ1TT-12-29-15-47,173.94261262128092
479227-NOZ2FV-12-17-15-43,228.89127162567078
479227-NOZ2UC-11-10-16-09,182.45179925328065
479227-NOZ345-11-11-09-55,922.1948565007219
479227-NOZ346-11-03-14-35,883.6207810376169
479227-NOZ346-11-07-14-45,867.662863647892
479227-NOZ347-11-03-16-36,1182.6416520922287
479227-NOZ347-11-07-16-42,1025.7207765593685
479227-NOZ3J-11-17-15-46,273.5683330590842
479227-NOZ3LH-12-15-20-00,609.4954717143585
479227-NOZ3VG-12-22-17-14,97.76358373734695
479227-NOZ3VG-12-29-17-13,129.62442323817984
479227-NOZ47Y-11-16-19-32,337.8946868271752
479227-NOZ4RZ-11-11-07-48,1211.670888008292
479227-NOZ50A-11-11-16-37,985.3271923656176
479227-NOZ50A-12-07-16-47,1089.3998078509737
479227-NOZ522-11-09-05-57,288.51885587038703
479227-NOZ522-12-06-06-20,443.17709601279546
479227-NOZ525-11-09-07-17,154.08747941421962
479227-NOZ525-12-06-07-40,251.50286240473667
479227-NOZ532-12-24-10-47,225.2877735820979
479227-NOZ534-12-21-12-43,251.2571320523208
479227-NOZ537-12-21-14-04,431.33214636801165
479227-NOZ538-12-12-15-53,305.82341297450785
479227-NOZ540-11-13-16-18,406.279451943811
479227-NOZ540-11-23-17-01,338.17855315329814
479227-NOZ540-12-21-16-24,303.05331329046555
479227-NOZ543-12-12-17-09,203.24333387659107
479227-NOZ543-12-20-16-53,75.65192142709772
479227-NOZ545-11-13-17-36,203.59420256890763
479227-NOZ545-11-23-18-23,320.702063704856
479227-NOZ545-12-21-17-48,81.14690731081812
479227-NOZ546-11-13-19-03,444.0474200585941
479227-NOZ546-12-12-18-25,257.7522844280314
479227-NOZ549-12-12-19-35,254.10195396748475
479227-NOZ555-11-13-20-28,101.02628830310212
479227-NOZ55J-11-11-18-36,978.7776302911855
479227-NOZ55J-12-07-18-38,1034.9503281754264
479227-NOZ56U-11-18-19-10,862.822744130493
479227-NOZ56U-12-21-20-16,975.5840067240124
479227-NOZ5PY-11-02-16-08,204.20629123243117
479227-NOZ5PY-11-20-16-02,88.93287774574165
479227-NOZ602-11-02-06-02,172.3135660245914
479227-NOZ602-11-07-06-01,254.70496612636416
479227-NOZ602-12-08-06-14,215.36823853242717
479227-NOZ602-12-13-08-23,913.1333304437395
479227-NOZ602-12-14-06-13,224.87718291968716
479227-NOZ605-11-22-06-33,138.32046636071203
479227-NOZ606-11-22-08-25,202.99776538802604
479227-NOZ607-12-16-07-24,357.17102529367116
479227-NOZ607-12-23-07-17,119.81131158612823
479227-NOZ608-11-16-09-42,147.4224165975324
479227-NOZ609-11-02-07-39,81.9660807980517
479227-NOZ609-11-07-07-29,195.0484454132724
479227-NOZ609-12-08-07-33,129.4788542960961
479227-NOZ609-12-13-12-55,86.32268322930844
479227-NOZ609-12-14-07-56,156.118252524181
479227-NOZ611-11-16-08-25,208.94633694581344
479227-NOZ612-11-16-12-30,117.37601907344404
479227-NOZ612-11-26-12-31,269.0950067605128
479227-NOZ612-12-17-12-50,158.7361357710263
479227-NOZ617-11-16-11-06,182.4825899246832
479227-NOZ620-11-16-15-35,46.50826625595245
479227-NOZ625-11-16-14-09,83.26435965229126
479227-NOZ625-11-26-13-57,212.0070464271007
479227-NOZ625-12-17-14-07,142.41890522843454
479227-NOZ628-11-02-17-29,160.2035029376657
479227-NOZ628-11-20-17-35,60.24691965386277
479227-NOZ628-12-14-17-29,204.85733372831123
479227-NOZ628-12-22-18-53,131.10227348280867
479227-NOZ637-11-16-16-47,133.64143503960693
479227-NOZ638-11-20-20-41,186.4366323919756
479227-NOZ638-12-22-21-57,149.50054467942994
479227-NOZ639-11-10-17-35,35.402167979680364
479227-NOZ645-11-02-18-46,203.46078792462436
479227-NOZ645-11-15-19-05,113.67499297138298
479227-NOZ645-11-20-18-52,154.09350926135855
479227-NOZ645-12-14-18-48,178.21080074384017
479227-NOZ645-12-22-20-20,151.00575646915303
479227-NOZ6CF-11-19-08-28,1689.0191990325698
479227-NOZ8GN-11-17-07-09,227.47056270716513
479227-NOZ8ME-11-16-18-20,139.2134083664768
4792a6-NOZ132-11-14-14-05,171.08964471603295
4792a6-NOZ133-11-14-15-26,251.7068063221442
4792a6-NOZ140-11-30-07-02,64.9251219827111
4792a6-NOZ140-12-01-06-59,321.06167095320046
4792a6-NOZ141-11-30-07-54,262.7496157085235
4792a6-NOZ141-12-01-08-00,262.0684903492397
4792a6-NOZ144-11-15-15-42,163.30598393378642
4792a6-NOZ145-11-15-16-38,170.70062275353035
4792a6-NOZ145-11-30-16-48,193.01234375188906
4792a6-NOZ164-11-11-06-09,236.75388096447026
4792a6-NOZ191-11-06-13-41,230.0624577219653
4792a6-NOZ191-12-18-14-40,215.874374228293
4792a6-NOZ1BG-11-04-06-09,1134.4375085357478
4792a6-NOZ1KD-11-16-14-04,414.33648720324305
4792a6-NOZ1TT-11-07-14-32,134.4805626048907
4792a6-NOZ1TT-12-19-14-56,116.88176095840316
4792a6-NOZ270-11-02-07-22,67.78577751696076
4792a6-NOZ270-11-07-07-25,127.82451876621043
4792a6-NOZ270-12-29-08-19,71.98388232718624
4792a6-NOZ271-11-07-06-08,190.44661665733685
4792a6-NOZ271-12-06-06-41,177.23827598221882
4792a6-NOZ271-12-19-06-26,185.76629859668748
4792a6-NOZ278-12-05-18-55,91.58227093194395
4792a6-NOZ2DC-11-17-06-03,75.29243046314046
4792a6-NOZ2DC-11-18-05-59,182.61119466318561
4792a6-NOZ2GH-11-20-15-01,186.88666078186793
4792a6-NOZ345-11-25-09-42,1017.1140523019278
4792a6-NOZ346-11-02-14-34,1074.1173937389406
4792a6-NOZ346-11-04-14-36,1072.3081197324068
4792a6-NOZ346-12-15-14-47,921.270208075969
4792a6-NOZ346-12-16-16-20,1071.7179477287302
4792a6-NOZ346-12-30-14-46,920.34204319821
4792a6-NOZ347-11-02-16-31,1058.498711979091
4792a6-NOZ347-11-04-16-29,1046.670892269333
4792a6-NOZ347-12-15-16-45,1158.455545574569
4792a6-NOZ347-12-16-19-04,1021.0023154132468
4792a6-NOZ347-12-30-17-50,939.6139252669343
4792a6-NOZ3JE-11-17-07-00,252.41275301831945
4792a6-NOZ3JE-11-18-07-00,165.54942339119563
4792a6-NOZ3VG-12-19-16-17,54.09060143154844
4792a6-NOZ4RZ-11-25-07-39,969.5283083332887
4792a6-NOZ50A-11-25-16-42,1037.304844616337
4792a6-NOZ522-12-08-06-12,126.02217068342914
4792a6-NOZ522-12-20-06-35,246.63240618851134
4792a6-NOZ525-12-08-08-03,140.7401287694212
4792a6-NOZ525-12-20-07-45,184.96177885441804
4792a6-NOZ526-11-10-08-19,300.3848172684161
4792a6-NOZ530-11-08-09-45,312.75678921834253
4792a6-NOZ530-11-23-10-59,356.0142618573431
4792a6-NOZ531-11-08-11-06,179.83914541003693
4792a6-NOZ531-11-23-12-10,346.92990261037636
4792a6-NOZ532-11-10-10-59,365.21185236315233
4792a6-NOZ532-12-13-11-00,344.51078865328117
4792a6-NOZ534-11-08-12-37,334.17639695468904
4792a6-NOZ534-11-23-13-43,318.80563249127357
4792a6-NOZ535-11-10-12-28,279.5864914561377
4792a6-NOZ535-12-13-12-42,269.11895523139316
4792a6-NOZ536-11-10-14-19,271.8799675545722
4792a6-NOZ536-11-27-14-21,187.6987288834115
4792a6-NOZ536-12-13-14-18,244.64529041642302
4792a6-NOZ537-11-08-13-56,142.79166863908503
4792a6-NOZ537-11-23-15-08,116.67960348380363
4792a6-NOZ538-12-06-15-31,372.5395007103068
4792a6-NOZ538-12-07-15-32,397.05325339017884
4792a6-NOZ540-12-05-16-12,358.6608520461099
4792a6-NOZ541-11-10-15-43,84.6736484306534
4792a6-NOZ541-11-27-15-44,191.56042020890652
4792a6-NOZ541-12-13-15-43,341.06159344318064
4792a6-NOZ543-12-06-16-55,101.68096405613151
4792a6-NOZ544-11-10-17-14,276.95372086097194
4792a6-NOZ544-12-13-17-25,373.32621733394586
4792a6-NOZ545-12-05-17-28,69.35453634390238
4792a6-NOZ546-12-06-18-12,318.614365346842
4792a6-NOZ546-12-07-18-19,181.80924983972713
4792a6-NOZ547-11-10-18-33,365.2061044970856
4792a6-NOZ547-12-13-18-38,288.4364970577221
4792a6-NOZ549-12-07-19-27,108.07747489276575
4792a6-NOZ550-11-10-19-55,221.09764828303483
4792a6-NOZ55J-11-25-18-41,1106.5619729837151
4792a6-NOZ56U-11-03-19-04,902.6602808850232
4792a6-NOZ5AY-11-10-09-32,369.9396208840009
4792a6-NOZ5PY-11-07-15-58,117.7415704414638
4792a6-NOZ602-11-23-06-46,196.23062591632234
4792a6-NOZ605-11-10-06-30,158.6913987936007
4792a6-NOZ606-11-14-08-04,210.44747469865837
4792a6-NOZ609-11-23-07-54,145.43603409149836
4792a6-NOZ612-12-31-12-34,102.60992315898622
4792a6-NOZ614-11-13-13-49,177.67092401924944
4792a6-NOZ623-11-13-12-31,174.1285025182478
4792a6-NOZ625-12-31-13-58,211.6195085657878
4792a6-NOZ626-11-11-16-52,125.19208370079262
4792a6-NOZ626-11-13-17-05,219.348032470313
4792a6-NOZ626-11-17-16-47,214.51433086294568
4792a6-NOZ628-11-07-17-32,115.55935328838444
4792a6-NOZ631-11-11-15-20,128.78214970354648
4792a6-NOZ631-11-13-15-30,118.39747798361736
4792a6-NOZ631-11-17-15-24,122.84109148812855
4792a6-NOZ632-11-16-18-18,209.29610811270257
4792a6-NOZ634-11-13-19-51,171.68175938079085
4792a6-NOZ638-11-09-20-06,186.46400278905497
4792a6-NOZ643-11-13-18-25,165.02884201772807
4792a6-NOZ645-11-07-18-53,130.7724660812033
4792a6-NOZ7C-11-02-08-37,158.2957886881939
4792a6-NOZ7C-11-07-08-44,194.29312555223495
4792a6-NOZ7C-12-06-09-57,128.49088012614754
4792a6-NOZ7C-12-29-09-33,199.3049335115302
4792a6-NOZ8C-11-06-21-23,145.18023651786044
4792a6-NOZ8C-12-18-22-03,45.759686929240786
4792a6-NOZ8ME-12-18-19-01,318.4981892690689
4792a6-NOZ9BH-11-06-12-14,212.80519337299475
4792a6-NOZ9BH-12-18-12-46,122.47486026048217
4792d3-NOZ181-11-19-08-53,155.52607068686578
4792d3-NOZ181-12-05-06-04,150.41719166479965
4792d3-NOZ181-12-06-06-05,236.73366857804106
4792d3-NOZ182-11-19-07-27,126.53411905973701
4792d3-NOZ182-12-05-07-46,152.61567003124688
4792d3-NOZ183-12-05-09-06,197.32806014811013
4792d3-NOZ183-12-06-09-25,127.59521215309776
4792d3-NOZ191-12-02-17-12,105.78419150658544
4792d3-NOZ191-12-05-17-11,90.83662572497994
4792d3-NOZ191-12-11-14-32,157.38223384566913
4792d3-NOZ1BG-11-05-06-05,1012.4766327843985
4792d3-NOZ1BG-11-26-06-06,948.1949441205788
4792d3-NOZ1BG-11-30-06-00,1134.2638003579639
4792d3-NOZ1TT-11-21-14-43,117.9390623808157
4792d3-NOZ1TT-12-12-14-37,210.56374460815172
4792d3-NOZ1TT-12-18-14-45,247.23430405364505
4792d3-NOZ1TT-12-28-14-40,187.88944502519752
4792d3-NOZ270-11-21-08-03,365.04279111226987
4792d3-NOZ270-12-12-07-34,147.62690301953765
4792d3-NOZ271-11-21-06-19,138.1348327726088
4792d3-NOZ271-12-12-06-04,63.43874774711726
4792d3-NOZ276-11-18-16-09,170.02550966899523
4792d3-NOZ276-12-09-17-36,216.97705847928881
4792d3-NOZ277-11-18-18-14,156.02323826389377
4792d3-NOZ277-12-09-19-02,116.08468963859389
4792d3-NOZ278-11-22-19-15,163.65826157894705
4792d3-NOZ2FV-12-10-16-13,167.67129615078466
4792d3-NOZ2UC-12-15-16-34,176.76867530559346
4792d3-NOZ345-11-03-09-51,998.2531798489612
4792d3-NOZ345-12-20-10-33,1293.7830053163416
4792d3-NOZ346-12-07-14-47,1059.664563334944
4792d3-NOZ346-12-08-14-58,1117.7027027876643
4792d3-NOZ346-12-19-14-55,1104.589409649033
4792d3-NOZ347-12-07-16-43,1116.7733546631566
4792d3-NOZ347-12-08-16-50,934.0350892715
4792d3-NOZ347-12-19-17-11,1140.5534888335683
4792d3-NOZ3TV-12-10-17-26,344.3874293487633
4792d3-NOZ3VG-12-12-16-03,156.62134884966525
4792d3-NOZ3VG-12-28-16-06,86.479386325076
4792d3-NOZ40A-12-09-13-57,227.4056725433154
4792d3-NOZ4RZ-11-03-07-58,868.311787086894
4792d3-NOZ4RZ-12-20-08-08,1107.767625840602
4792d3-NOZ50A-12-13-17-00,998.9392367849618
4792d3-NOZ522-11-16-06-00,258.6510058487051
4792d3-NOZ522-12-01-06-02,271.3934530356781
4792d3-NOZ523-12-21-06-32,212.2467881292461
4792d3-NOZ523-12-22-06-34,289.98038060997084
4792d3-NOZ525-11-16-07-31,199.07378660686751
4792d3-NOZ525-12-01-07-22,369.72806470361996
4792d3-NOZ526-12-21-08-20,144.68721007667216
4792d3-NOZ526-12-22-08-07,221.31692478208123
4792d3-NOZ530-11-22-10-15,411.15574520207736
4792d3-NOZ531-11-22-11-24,134.18479825487756
4792d3-NOZ532-12-21-11-07,196.74904461480483
4792d3-NOZ532-12-22-11-05,305.15556441617497
4792d3-NOZ534-11-22-12-43,400.94657660933785
4792d3-NOZ534-12-20-12-46,272.4995870540963
4792d3-NOZ535-12-21-12-37,209.13125381602708
4792d3-NOZ535-12-22-12-35,99.83696091814356
4792d3-NOZ536-12-21-14-21,308.6247697854291
4792d3-NOZ536-12-22-14-57,257.36763758685873
4792d3-NOZ537-11-22-14-04,239.52859513352433
4792d3-NOZ538-11-24-15-29,176.84328717018874
4792d3-NOZ540-11-29-16-05,284.00206300725796
4792d3-NOZ541-12-21-15-45,223.86446807431287
4792d3-NOZ541-12-22-16-38,195.8060962733033
4792d3-NOZ543-11-24-16-41,156.82240012900186
4792d3-NOZ544-12-21-17-26,201.28318605359436
4792d3-NOZ545-11-29-17-27,256.08359998692356
4792d3-NOZ546-11-24-18-34,110.51602754276496
4792d3-NOZ547-12-21-18-38,146.46885805028597
4792d3-NOZ549-11-24-19-40,149.5769603014935
4792d3-NOZ550-12-21-20-49,144.31515940867777
4792d3-NOZ55J-12-13-18-42,1213.7390300693578
4792d3-NOZ56U-11-04-19-07,1141.3421009440729
4792d3-NOZ56U-11-25-19-07,1066.1397537270448
4792d3-NOZ56U-11-29-18-54,888.2299947628721
4792d3-NOZ5AY-12-21-09-33,218.22216207883085
4792d3-NOZ5AY-12-22-09-25,144.15511826440687
4792d3-NOZ5PY-11-21-16-11,91.39534901039346
4792d3-NOZ5PY-11-30-15-53,134.13256779078998
4792d3-NOZ602-11-24-06-29,163.25413114892007
4792d3-NOZ602-11-29-06-08,156.08928459228173
4792d3-NOZ606-12-15-08-39,153.85372430560778
4792d3-NOZ607-12-19-07-13,77.50233510186992
4792d3-NOZ609-11-29-07-24,94.52977627972247
4792d3-NOZ625-12-10-14-57,190.52092826428606
4792d3-NOZ628-11-21-17-41,154.7894918619267
4792d3-NOZ628-11-30-17-26,196.1133644066423
4792d3-NOZ628-12-12-17-39,305.79175906174714
4792d3-NOZ628-12-18-17-31,319.5243682836514
4792d3-NOZ628-12-28-17-38,177.63718180600063
4792d3-NOZ638-12-14-20-23,111.54347225353922
4792d3-NOZ638-12-18-20-14,246.37005031193712
4792d3-NOZ639-11-17-17-31,198.8320445558744
4792d3-NOZ639-12-15-17-49,154.08036521318928
4792d3-NOZ645-11-21-18-52,87.21473050690254
4792d3-NOZ645-11-30-18-42,108.6056882367834
4792d3-NOZ645-12-12-18-57,139.4391743791187
4792d3-NOZ645-12-18-18-54,92.23929402893262
4792d3-NOZ645-12-28-18-53,50.72411828954959
4792d3-NOZ68L-11-11-19-26,1644.0122251072232
4792d3-NOZ6TM-12-04-20-10,196.76889897186024
4792d3-NOZ6TM-12-05-18-54,214.80350492154852
4792d3-NOZ7C-11-21-09-10,126.41574524816805
4792d3-NOZ8402-12-10-13-41,364.37861171714025
4792d3-NOZ8921-12-15-10-33,241.54216326714769
4792d3-NOZ8C-11-20-21-12,213.7927626887899
4792d3-NOZ8C-12-11-21-51,226.58057826882808
4792d3-NOZ9BH-11-20-12-29,241.63174723351045
4792d3-NOZ9BH-12-02-15-44,197.823504551937
4792d3-NOZ9BH-12-05-15-56,222.0553448668057
4792d3-NOZ9BH-12-11-12-51,335.8897834007975
4792d3-NOZ9PL-11-18-07-35,150.4556760555921
4792db-NOZ132-12-19-14-05,27.339161437133892
4792db-NOZ133-12-19-14-57,201.15839036561786
4792db-NOZ133-12-20-14-54,220.54539331500223
4792db-NOZ141-11-14-08-18,270.21024337792346
4792db-NOZ145-12-02-16-45,120.66925422179413
4792db-NOZ181-11-16-06-02,204.92011134180743
4792db-NOZ181-12-13-06-18,258.03299715635353
4792db-NOZ182-11-16-07-36,136.6707720624543
4792db-NOZ182-12-13-07-35,139.42743668858265
4792db-NOZ183-11-16-08-48,188.0448351141571
4792db-NOZ183-12-13-08-58,239.15107633722337
4792db-NOZ191-11-08-17-02,74.18434555306565
4792db-NOZ191-12-12-17-15,139.54531315810257
4792db-NOZ1TT-11-22-14-45,155.700822237708
4792db-NOZ276-11-04-16-09,47.796222378305785
4792db-NOZ276-11-15-16-01,145.34364100269104
4792db-NOZ276-12-30-16-11,100.78391341921397
4792db-NOZ277-11-15-17-28,57.42729892067171
4792db-NOZ277-12-30-17-25,139.5734513280915
4792db-NOZ2BE-11-16-12-27,1723.5207015974024
4792db-NOZ345-12-04-10-18,1159.2855776605177
4792db-NOZ345-12-05-10-09,897.046715973943
4792db-NOZ345-12-27-09-55,1040.357746993784
4792db-NOZ345-12-29-10-09,1422.5423745769617
4792db-NOZ346-11-10-14-39,1056.168245982255
4792db-NOZ347-11-10-16-34,983.3375676103219
4792db-NOZ4HF-12-14-07-04,156.22943881030122
4792db-NOZ4HF-12-16-07-13,235.36419976273967
4792db-NOZ4RZ-12-04-08-17,1096.9572678177008
4792db-NOZ4RZ-12-05-07-41,1088.08997701118
4792db-NOZ4RZ-12-27-07-51,1101.8405935353296
4792db-NOZ4RZ-12-29-08-12,1059.5077220606986
4792db-NOZ50A-11-01-16-32,1012.6422365553846
4792db-NOZ50A-11-02-16-38,989.2646314522142
4792db-NOZ50A-11-24-16-59,981.0821550752395
4792db-NOZ50A-11-30-16-27,929.982608603517
4792db-NOZ50A-12-04-16-35,1176.563888934073
4792db-NOZ530-12-16-11-40,120.05243902786498
4792db-NOZ531-12-16-13-13,131.7234002653919
4792db-NOZ540-12-23-16-21,275.42893372534036
4792db-NOZ543-11-29-16-36,165.75657364711435
4792db-NOZ545-12-23-17-34,73.92287736908254
4792db-NOZ546-11-29-18-15,320.91530824493645
4792db-NOZ549-11-29-19-25,175.01297220066166
4792db-NOZ55J-11-01-18-27,1141.8661886615764
4792db-NOZ55J-11-02-18-36,1103.7789548849264
4792db-NOZ55J-11-24-18-40,1073.5647835538732
4792db-NOZ55J-11-30-18-28,1012.9198043208889
4792db-NOZ55J-12-04-19-34,1032.557009398878
4792db-NOZ5PY-11-22-16-07,59.7353788802961
4792db-NOZ601-12-14-05-46,54.39146183927206
4792db-NOZ602-12-07-06-10,182.68564804838
4792db-NOZ605-12-21-06-40,74.08726311433664
4792db-NOZ606-12-21-08-27,169.098044013381
4792db-NOZ607-12-22-07-04,196.1629654748764
4792db-NOZ608-12-14-09-49,246.4883541365315
4792db-NOZ609-12-07-07-19,75.02855958128548
4792db-NOZ611-12-14-08-23,132.81991702476523
4792db-NOZ611-12-16-08-48,53.794270117808
4792db-NOZ612-11-05-12-23,94.74386598332359
4792db-NOZ612-11-19-12-25,167.16087605217058
4792db-NOZ612-12-14-12-39,108.98452226130752
4792db-NOZ612-12-16-15-18,69.77464923447047
4792db-NOZ612-12-21-12-40,139.2373121771337
4792db-NOZ617-12-14-11-18,52.745974537507514
4792db-NOZ617-12-21-11-13,223.82229327490455
4792db-NOZ620-12-16-19-41,101.64883937335404
4792db-NOZ625-11-05-14-01,263.63132373254996
4792db-NOZ625-11-19-13-54,156.9963340980816
4792db-NOZ625-12-14-14-02,101.93309971929713
4792db-NOZ625-12-16-17-33,53.12834785206846
4792db-NOZ626-12-15-16-50,141.70769180375902
4792db-NOZ626-12-21-17-15,194.9631990150401
4792db-NOZ628-11-22-18-10,143.80978990126133
4792db-NOZ631-12-15-15-35,179.94002212218064
4792db-NOZ631-12-21-15-24,356.8022886132609
4792db-NOZ632-12-14-18-02,183.549911419802
4792db-NOZ632-12-16-22-56,264.1172972888686
4792db-NOZ637-12-16-21-02,68.06484840385781
4792db-NOZ638-12-13-20-27,174.11746360735216
4792db-NOZ645-11-22-19-19,68.33229590629426
4792db-NOZ6TM-11-15-18-45,175.73257842820038
4792db-NOZ6TM-12-12-18-49,139.99781401179294
4792db-NOZ9BH-11-08-15-34,196.41231707574667
4792db-NOZ9BH-12-12-15-46,60.58857955023408
47945c-NOZ132-12-23-13-58,120.71561262079156
47945c-NOZ132-12-27-14-24,84.97595910665275
47945c-NOZ132-12-30-14-02,111.44103904420956
47945c-NOZ133-12-23-14-56,64.97217195904382
47945c-NOZ133-12-26-13-57,278.6976961186806
47945c-NOZ133-12-27-15-40,129.91172599120932
47945c-NOZ133-12-30-14-58,105.91274597292178
47945c-NOZ144-12-13-15-57,199.13957681507358
47945c-NOZ145-12-13-16-55,46.04167496450523
47945c-NOZ181-11-03-06-05,247.294394061726
47945c-NOZ181-12-12-06-01,125.9354130911974
47945c-NOZ182-11-03-07-36,116.67770662840371
47945c-NOZ182-12-12-07-35,293.3247644252585
47945c-NOZ183-11-03-08-58,160.09367022183505
47945c-NOZ183-12-12-08-57,145.33520746062766
47945c-NOZ1YA-12-08-15-01,48.28799083702411
47945c-NOZ270-12-09-07-35,166.79529978067984
47945c-NOZ271-12-09-06-21,139.05984277792928
47945c-NOZ277-11-02-17-25,89.08405032080248
47945c-NOZ278-12-08-19-14,256.6301228283189
47945c-NOZ27C-12-09-08-42,103.1335792180783
47945c-NOZ2DC-12-20-05-59,75.03915077903254
47945c-NOZ2DC-12-29-06-02,76.98941804581159
47945c-NOZ2PC-12-17-08-21,286.7115938096239
47945c-NOZ2UC-11-25-16-13,130.47091228800056
47945c-NOZ345-11-08-09-33,1064.1422292605955
47945c-NOZ345-12-06-10-57,1120.150978602631
47945c-NOZ345-12-07-09-46,983.4912754101626
47945c-NOZ346-12-05-14-53,1089.5957943444434
47945c-NOZ346-12-06-14-32,1092.0126538738657
47945c-NOZ347-12-05-16-59,955.2545560150318
47945c-NOZ347-12-06-16-41,998.0294497624731
47945c-NOZ3JE-12-20-06-57,234.27834230801682
47945c-NOZ3JE-12-22-06-52,215.2667469107464
47945c-NOZ3JE-12-28-07-05,82.96585526052817
47945c-NOZ3JE-12-29-06-58,302.3618771323352
47945c-NOZ40A-12-08-13-31,146.70387421798796
47945c-NOZ4RZ-11-08-07-29,889.1565112676188
47945c-NOZ4RZ-12-06-08-25,1047.6896024920554
47945c-NOZ4RZ-12-07-07-47,952.3452618516754
47945c-NOZ521-11-04-05-29,164.859220239354
47945c-NOZ523-11-05-06-14,183.48267499615352
47945c-NOZ524-11-04-07-15,100.72263675802421
47945c-NOZ525-11-06-11-27,133.32344212826467
47945c-NOZ530-11-25-09-51,274.58910696947777
47945c-NOZ531-11-05-08-48,127.8395843985611
47945c-NOZ531-11-25-11-15,229.8998978104217
47945c-NOZ531-11-30-11-05,254.66339192071288
47945c-NOZ532-11-05-10-19,128.521629149715
47945c-NOZ534-11-06-13-14,244.971609209819
47945c-NOZ534-11-25-12-47,288.2055756261768
47945c-NOZ534-11-30-12-34,317.0017585976846
47945c-NOZ537-11-06-14-41,160.08110397262746
47945c-NOZ537-11-25-14-06,190.11325238663184
47945c-NOZ540-11-06-16-12,246.27574774759077
47945c-NOZ546-11-06-19-05,143.2772425646969
47945c-NOZ550-11-03-21-24,268.85427240276135
47945c-NOZ602-11-30-06-12,236.19509453677557
47945c-NOZ602-12-05-06-02,173.28498201280016
47945c-NOZ605-12-23-06-48,41.00992805717657
47945c-NOZ605-12-27-07-09,153.8914147643295
47945c-NOZ605-12-30-06-40,144.2794486564958
47945c-NOZ606-12-19-08-20,110.66272081767988
47945c-NOZ606-12-23-08-17,100.41006329021724
47945c-NOZ606-12-27-08-47,368.3828081749947
47945c-NOZ606-12-30-08-21,231.38358010959377
47945c-NOZ608-12-17-11-07,113.99406268972561
47945c-NOZ608-12-18-09-55,191.00089655283364
47945c-NOZ608-12-24-09-38,209.439799299018
47945c-NOZ609-11-30-07-34,140.25473618457005
47945c-NOZ609-12-05-07-27,143.9277159338875
47945c-NOZ609-12-17-09-37,88.98049588279704
47945c-NOZ609-12-31-07-23,138.44602719515638
47945c-NOZ612-12-18-12-28,203.9062481605377
47945c-NOZ620-12-18-15-31,102.05217563752916
47945c-NOZ626-12-26-17-27,156.22232759002497
47945c-NOZ626-12-28-17-06,161.94528801621632
47945c-NOZ631-12-26-15-50,92.03330176105581
47945c-NOZ631-12-28-15-31,64.40937637500043
47945c-NOZ632-12-18-18-15,117.97566884865024
47945c-NOZ639-11-25-17-31,201.6637618824294
47945c-NOZ648-12-18-21-16,96.78519147710506
47945c-NOZ6TM-11-02-18-49,236.56725213927638
47947c-NOZ144-11-17-15-03,50.68225911078032
47947c-NOZ145-11-17-16-08,178.79219924169087
47947c-NOZ181-11-26-09-00,130.520189631036
47947c-NOZ182-11-02-07-34,194.21457832365616
47947c-NOZ182-11-26-07-47,160.24139520647742
47947c-NOZ191-11-11-17-13,159.7424689244718
47947c-NOZ1BG-12-30-07-28,1166.0052201292199
47947c-NOZ1KD-11-18-14-22,222.1898952759749
47947c-NOZ1TT-11-09-14-32,31.67352502988752
47947c-NOZ270-12-14-08-19,102.88329693932593
47947c-NOZ271-12-17-07-43,246.0233757848144
47947c-NOZ276-11-01-16-02,113.99147278488685
47947c-NOZ276-11-25-16-03,69.313932023655
47947c-NOZ276-12-28-16-18,250.28576507058915
47947c-NOZ277-11-01-17-19,304.1823092346063
47947c-NOZ277-11-25-17-28,229.7634310490019
47947c-NOZ278-12-16-23-57,46.49077789214049
47947c-NOZ2DC-12-06-06-20,125.72446511499331
47947c-NOZ346-11-06-14-30,1013.1882301748466
47947c-NOZ347-11-06-16-34,1037.5797435636289
47947c-NOZ3DB-11-16-18-14,229.34396175802064
47947c-NOZ3JE-12-02-06-56,269.25141358054896
47947c-NOZ3JE-12-06-07-13,53.81692211868151
47947c-NOZ4HF-12-05-07-06,84.19147700965695
47947c-NOZ51Q-11-18-08-38,59.615199453879434
47947c-NOZ522-11-10-06-07,186.17496887520286
47947c-NOZ525-11-10-07-22,76.88767640121438
47947c-NOZ538-11-22-15-31,266.7496661898603
47947c-NOZ538-11-28-15-18,97.23344370664631
47947c-NOZ543-11-22-16-45,190.27390243443574
47947c-NOZ546-11-22-18-20,353.0611979057811
47947c-NOZ548-11-20-18-48,288.00673642353433
47947c-NOZ549-11-22-19-31,347.37292258082607
47947c-NOZ553-11-20-20-03,165.04843865618398
47947c-NOZ56U-12-29-20-08,1008.0288025554171
47947c-NOZ5PY-11-09-15-55,76.5024364246242
47947c-NOZ601-11-22-05-32,96.8438642543193
47947c-NOZ601-12-05-05-50,137.67575274305096
47947c-NOZ605-12-01-06-28,135.89638978200693
47947c-NOZ606-11-08-08-02,119.65987190373149
47947c-NOZ606-12-01-07-59,261.3937075436692
47947c-NOZ607-11-09-07-07,109.1112183114983
47947c-NOZ608-12-03-09-17,190.6549361694338
47947c-NOZ608-12-05-09-46,51.42925991328796
47947c-NOZ609-12-03-07-45,65.53437879113955
47947c-NOZ611-12-05-08-19,235.6805944441705
47947c-NOZ612-11-12-12-22,184.92199765364543
47947c-NOZ612-12-05-12-33,74.70507266224979
47947c-NOZ617-12-05-11-05,151.0067655340426
47947c-NOZ620-12-05-15-25,151.21339524034556
47947c-NOZ625-12-05-14-04,58.319421862462505
47947c-NOZ626-11-08-16-53,134.48992482455245
47947c-NOZ626-11-21-16-46,151.58707722301085
47947c-NOZ628-11-09-17-40,142.6698039907468
47947c-NOZ631-11-08-15-25,143.05575072094038
47947c-NOZ631-11-21-15-29,237.68383006791686
47947c-NOZ632-12-05-18-10,206.43266255071606
47947c-NOZ637-12-05-16-54,121.32831292268168
47947c-NOZ638-11-30-20-06,283.57235210160906
47947c-NOZ645-11-09-18-56,80.71208567312472
47947c-NOZ64N-11-02-17-02,117.74917652252125
47947c-NOZ68L-11-13-20-45,1548.0598291732754
47947c-NOZ6MH-11-18-11-32,98.99539894102215
47947c-NOZ6TM-11-01-18-53,138.54066987415246
47947c-NOZ7C-12-14-09-36,97.5826848963515
47947c-NOZ9BH-11-11-15-42,161.19107037633555
47947c-NOZ9T-11-18-16-55,245.81395858883928
4794f2-NOZ133-12-16-15-26,307.84268582567796
4794f2-NOZ181-11-04-06-01,228.36504920040025
4794f2-NOZ181-11-07-06-05,96.92903731357164
4794f2-NOZ181-11-08-06-01,196.2107712291522
4794f2-NOZ182-11-08-07-33,186.7035049884204
4794f2-NOZ183-11-04-09-01,212.1750003802199
4794f2-NOZ183-11-07-08-49,206.01002050306087
4794f2-NOZ183-11-08-08-46,244.80279888054287
4794f2-NOZ183-12-11-08-39,82.96133610623995
4794f2-NOZ191-11-07-17-04,157.31186547950398
4794f2-NOZ191-11-10-17-06,92.87321314855434
4794f2-NOZ191-11-22-17-06,235.78881400940693
4794f2-NOZ191-12-01-17-04,96.1300354430936
4794f2-NOZ191-12-22-17-29,189.2362204069031
4794f2-NOZ1BG-11-10-06-01,1052.7982926476873
4794f2-NOZ1BG-11-28-06-05,1146.47138628147
4794f2-NOZ1BG-12-01-06-05,943.6845924801715
4794f2-NOZ1TT-12-13-15-05,108.72812054828402
4794f2-NOZ270-11-01-07-30,111.86693909402346
4794f2-NOZ271-11-01-06-06,120.50929833506572
4794f2-NOZ272-12-11-16-07,168.43494137379335
4794f2-NOZ275-12-11-17-44,154.3308083781715
4794f2-NOZ276-11-17-15-58,307.8363675423385
4794f2-NOZ276-11-23-18-36,258.28374783634814
4794f2-NOZ277-11-17-17-35,55.71884878552209
4794f2-NOZ277-11-23-19-44,83.23276555763645
4794f2-NOZ2BE-11-02-12-35,1493.887409679317
4794f2-NOZ2DC-12-19-06-00,45.587936151749815
4794f2-NOZ345-11-02-09-29,1102.526086911025
4794f2-NOZ345-11-20-10-19,1167.977900881349
4794f2-NOZ346-11-01-14-29,1140.4501838323595
4794f2-NOZ347-11-01-16-33,963.0684149756298
4794f2-NOZ3JE-12-19-06-53,214.05321133689714
4794f2-NOZ4RZ-11-02-07-35,996.152244193908
4794f2-NOZ4RZ-11-20-08-17,925.0399792395085
4794f2-NOZ50A-11-16-16-42,943.9134106053242
4794f2-NOZ50A-12-05-16-51,1016.4574605432977
4794f2-NOZ530-11-09-09-47,262.2530879615864
4794f2-NOZ530-12-01-09-52,400.500222849317
4794f2-NOZ530-12-05-10-20,95.78503916537821
4794f2-NOZ530-12-07-10-01,348.79442107226004
4794f2-NOZ531-11-09-11-05,223.33397004426703
4794f2-NOZ531-11-10-11-04,276.2116074904163
4794f2-NOZ531-12-01-11-05,230.57637398067587
4794f2-NOZ531-12-05-11-28,196.05290689409452
4794f2-NOZ531-12-07-11-14,151.6351342417207
4794f2-NOZ534-11-09-12-35,158.0145709244028
4794f2-NOZ534-11-10-12-42,61.99060876214257
4794f2-NOZ534-12-01-12-50,93.05432497624976
4794f2-NOZ534-12-05-12-54,212.68916699253444
4794f2-NOZ534-12-07-12-37,131.39393811005627
4794f2-NOZ537-11-09-14-00,266.6706928096163
4794f2-NOZ537-12-01-14-03,181.94984526306453
4794f2-NOZ537-12-05-14-06,165.75487484145955
4794f2-NOZ537-12-07-13-59,184.78644830763625
4794f2-NOZ538-11-23-15-43,329.94520998701415
4794f2-NOZ540-11-09-16-09,190.18512161438235
4794f2-NOZ540-11-30-16-17,240.19340674756123
4794f2-NOZ540-12-09-16-14,190.49907772758374
4794f2-NOZ543-11-23-16-56,136.3820061567062
4794f2-NOZ545-11-09-17-21,397.75514161654064
4794f2-NOZ545-11-30-17-24,416.25817288899907
4794f2-NOZ545-12-09-17-41,97.61860299855708
4794f2-NOZ55J-11-16-18-38,1139.191681954409
4794f2-NOZ55J-12-05-18-55,979.2914053411769
4794f2-NOZ56U-11-09-18-49,1010.9843697662895
4794f2-NOZ56U-11-27-20-09,903.8069736777794
4794f2-NOZ56U-11-30-18-55,992.0065732903544
4794f2-NOZ601-11-16-05-34,167.86097099276228
4794f2-NOZ601-12-15-05-51,100.27772943090271
4794f2-NOZ602-11-22-06-32,110.98055716687222
4794f2-NOZ605-12-14-06-41,143.48027279136073
4794f2-NOZ605-12-16-06-43,89.76025219603301
4794f2-NOZ606-12-14-08-05,107.78250490938598
4794f2-NOZ606-12-16-08-43,227.13937097263732
4794f2-NOZ607-12-21-07-02,55.26044713085011
4794f2-NOZ608-12-15-09-49,162.24361899728459
4794f2-NOZ608-12-29-10-20,149.40091963881764
4794f2-NOZ609-11-22-07-42,219.37425066230446
4794f2-NOZ611-12-15-08-24,116.40904887868079
4794f2-NOZ611-12-29-08-27,78.09837298364165
4794f2-NOZ612-12-15-12-33,123.69064898675035
4794f2-NOZ612-12-20-12-33,109.01672429776573
4794f2-NOZ612-12-29-14-02,235.34096185685837
4794f2-NOZ614-12-18-14-00,176.20474001060748
4794f2-NOZ617-12-20-11-01,198.2434044708336
4794f2-NOZ617-12-29-11-41,163.1468887048112
4794f2-NOZ620-12-15-15-27,119.83381671032654
4794f2-NOZ620-12-20-15-29,165.742937588081
4794f2-NOZ620-12-29-17-43,145.85476210424704
4794f2-NOZ623-12-18-12-35,121.72209969384544
4794f2-NOZ625-12-15-14-05,80.35333169479053
4794f2-NOZ625-12-20-14-00,120.73713605906153
4794f2-NOZ626-12-18-17-02,256.3367168906032
4794f2-NOZ626-12-19-17-41,125.66464070925183
4794f2-NOZ626-12-30-17-00,202.79101311082076
4794f2-NOZ631-12-18-15-35,92.69277104912545
4794f2-NOZ631-12-19-15-34,138.3161703958936
4794f2-NOZ631-12-30-15-40,75.03345498968021
4794f2-NOZ632-12-15-18-11,97.15923322025083
4794f2-NOZ632-12-20-18-23,240.61466804622412
4794f2-NOZ634-12-18-20-02,167.53618411007525
4794f2-NOZ637-12-15-16-43,143.98878246057285
4794f2-NOZ637-12-20-16-48,217.04387708092528
4794f2-NOZ638-11-15-20-22,126.66422647991556
4794f2-NOZ643-12-18-18-24,186.52380010108936
4794f2-NOZ6MH-11-19-10-08,122.87430828716303
4794f2-NOZ6TM-11-03-19-00,71.00241377739871
4794f2-NOZ6TM-11-06-20-05,153.94931268541453
4794f2-NOZ6TM-11-07-18-44,187.7493980763039
4794f2-NOZ6TM-12-09-19-05,241.1562646538533
4794f2-NOZ8404-12-16-19-37,115.12182642005588
4794f2-NOZ9BH-11-07-15-34,124.46818534776199
4794f2-NOZ9BH-11-22-15-41,265.95908239482776
4794f2-NOZ9BH-12-01-15-33,85.73924197674101
47956b-NOZ133-11-03-15-03,202.07425366949
47956b-NOZ133-12-11-17-04,355.68087625354764
47956b-NOZ133-12-22-15-10,86.16983984146681
47956b-NOZ134-12-11-18-07,42.670488915201055
47956b-NOZ1BG-11-09-06-04,1070.8239157405603
47956b-NOZ1BG-11-21-06-22,1181.01053632408
47956b-NOZ1TT-11-14-14-29,113.43627515335251
47956b-NOZ276-11-11-16-01,137.8873806527376
47956b-NOZ276-12-29-17-32,121.93974627630672
47956b-NOZ277-11-11-17-31,185.98360691417102
47956b-NOZ277-12-29-18-40,329.26948933558265
47956b-NOZ2UC-12-05-16-06,188.32361384147345
47956b-NOZ345-12-30-10-10,1064.9385678772414
47956b-NOZ346-11-23-15-21,953.8686941528415
47956b-NOZ346-11-24-14-50,939.933881882971
47956b-NOZ347-11-23-17-11,1189.993159793157
47956b-NOZ4RZ-12-30-07-41,1038.1071596735578
47956b-NOZ50A-11-28-16-46,855.5929341302717
47956b-NOZ521-12-08-05-46,224.25030655407983
47956b-NOZ521-12-09-05-45,241.62817844052694
47956b-NOZ521-12-12-05-33,190.8141962447363
47956b-NOZ521-12-13-05-27,114.15649540368446
47956b-NOZ521-12-14-05-33,97.25166563843288
47956b-NOZ521-12-15-05-51,157.00762433023843
47956b-NOZ523-11-10-06-36,408.45552016925217
47956b-NOZ523-12-16-07-43,315.8186794196921
47956b-NOZ524-12-07-07-13,376.0494057735923
47956b-NOZ524-12-08-07-00,296.4378178426027
47956b-NOZ524-12-09-07-10,114.1965581141874
47956b-NOZ524-12-12-07-09,104.09514661713628
47956b-NOZ524-12-13-07-00,164.77674635978588
47956b-NOZ524-12-14-07-06,322.5122337642882
47956b-NOZ524-12-15-07-10,266.33511938325927
47956b-NOZ530-11-18-09-51,258.90488085525703
47956b-NOZ530-11-28-10-04,121.9974445897833
47956b-NOZ530-12-18-09-30,209.97966491853046
47956b-NOZ531-11-18-11-17,120.26868981737871
47956b-NOZ531-11-28-11-15,148.06553384944064
47956b-NOZ531-12-18-08-07,268.33416424340834
47956b-NOZ532-12-16-14-40,221.44853205826192
47956b-NOZ534-11-28-12-37,116.54690188451481
47956b-NOZ535-12-16-17-00,58.00244545207714
47956b-NOZ536-12-16-19-29,55.730773993398884
47956b-NOZ537-11-18-14-09,306.74546671710686
47956b-NOZ537-11-28-13-58,46.44768521463427
47956b-NOZ538-11-10-15-21,53.60455035581394
47956b-NOZ540-11-08-16-28,107.80740125937807
47956b-NOZ541-12-16-20-57,113.64214657488681
47956b-NOZ543-11-10-16-42,109.00694133906892
47956b-NOZ544-12-16-22-58,98.72968402183653
47956b-NOZ546-11-10-18-12,132.88555483343916
47956b-NOZ548-12-04-18-28,132.48315394189711
47956b-NOZ549-11-10-19-30,141.03623142871317
47956b-NOZ550-11-09-19-59,177.12942577290494
47956b-NOZ553-12-04-19-43,178.49208424288946
47956b-NOZ55J-11-28-18-42,1170.8252558267206
47956b-NOZ56U-11-08-19-06,913.3509500371354
47956b-NOZ56U-11-20-20-23,1079.0004488511406
47956b-NOZ5AY-12-18-11-03,173.01235721585536
47956b-NOZ5PY-11-14-15-56,113.53872597066588
47956b-NOZ601-11-02-05-43,68.50042450722856
47956b-NOZ605-11-01-06-41,86.82585177923042
47956b-NOZ606-11-01-08-02,251.85002892639613
47956b-NOZ608-11-02-09-54,73.88970542980609
47956b-NOZ608-12-26-10-34,161.03033847355184
47956b-NOZ611-11-02-08-37,232.52716052741187
47956b-NOZ612-11-02-12-22,169.05463763516178
47956b-NOZ612-12-26-13-27,52.88437260248975
47956b-NOZ617-11-02-11-05,193.21589748756477
47956b-NOZ617-12-26-11-52,94.12514866202454
47956b-NOZ620-11-02-15-22,167.82914079453212
47956b-NOZ620-12-26-16-14,150.1135430064758
47956b-NOZ625-11-02-13-57,73.91259244103307
47956b-NOZ626-11-01-16-55,164.9768404019556
47956b-NOZ626-11-22-17-40,265.4821124651963
47956b-NOZ628-11-14-17-39,84.55414077083172
47956b-NOZ631-11-01-15-24,207.09964488089912
47956b-NOZ632-11-02-17-57,169.22790248573727
47956b-NOZ637-11-02-16-37,63.006658501297274
47956b-NOZ638-12-20-20-17,211.7797135583939
47956b-NOZ639-11-18-17-33,172.03324586039187
47956b-NOZ639-12-05-17-30,125.03486161471157
47956b-NOZ645-11-14-19-11,72.99897589837379
479d40-NOZ140-12-08-07-28,80.13383881597217
479d40-NOZ140-12-09-07-09,136.8299304364456
479d40-NOZ140-12-21-07-12,61.958175759535095
479d40-NOZ141-12-08-08-30,144.6531340702238
479d40-NOZ141-12-09-08-22,259.29695231751583
479d40-NOZ141-12-21-08-08,145.79091643435547
479d40-NOZ144-12-22-15-28,147.1547504499235
479d40-NOZ145-12-05-16-55,52.08668932247402
479d40-NOZ145-12-12-17-22,356.06324822598947
479d40-NOZ145-12-21-16-55,78.77092349742605
479d40-NOZ183-11-27-07-47,293.88606429853843
479d40-NOZ1BG-12-02-06-07,1069.3517403598585
479d40-NOZ270-11-29-07-16,64.55116262865525
479d40-NOZ271-11-29-06-01,111.85721158437038
479d40-NOZ272-11-13-15-33,180.3885171808333
479d40-NOZ272-11-27-15-37,51.34379690034492
479d40-NOZ275-11-13-16-48,101.96134886982698
479d40-NOZ275-11-27-16-53,96.20290455571345
479d40-NOZ277-11-03-17-22,153.44474904125505
479d40-NOZ345-12-17-15-20,1268.100495570985
479d40-NOZ346-11-29-14-44,957.0937574454633
479d40-NOZ346-12-02-14-48,995.1712380094925
479d40-NOZ347-11-29-16-40,1150.7790756758668
479d40-NOZ347-12-02-16-41,1087.4594891096642
479d40-NOZ4RZ-12-17-12-20,1017.0026681786177
479d40-NOZ522-11-02-06-00,351.60771342407236
479d40-NOZ530-11-11-09-55,82.27884733958562
479d40-NOZ534-11-11-12-41,142.58048818527084
479d40-NOZ538-11-07-15-22,212.12493758785075
479d40-NOZ538-11-09-15-16,286.6976184158596
479d40-NOZ538-11-15-15-14,103.34800761606736
479d40-NOZ540-11-28-16-13,290.9175475339303
479d40-NOZ543-11-07-16-40,162.13060768731822
479d40-NOZ543-11-09-16-33,416.6263183670922
479d40-NOZ543-11-15-16-45,174.19254722108184
479d40-NOZ545-11-28-17-25,325.44561148560445
479d40-NOZ546-11-07-18-16,266.7088459639246
479d40-NOZ546-11-09-18-16,281.37777399624366
479d40-NOZ549-11-07-19-36,183.24612811027828
479d40-NOZ549-11-09-19-26,301.2804919694094
479d40-NOZ549-11-15-19-27,70.57515740511349
479d40-NOZ602-12-15-06-58,241.41371940808835
479d40-NOZ608-12-31-08-51,104.51274205741214
479d40-NOZ609-12-15-08-13,111.16246583412337
479d40-NOZ6TM-11-25-19-09,107.43673303231296
479d40-NOZ7C-11-29-08-44,79.95040134401351
479d40-NOZ8ME-12-06-18-13,79.96712318661828
479ee7-NOZ132-12-05-13-57,152.63156200438567
479ee7-NOZ133-12-05-15-01,235.53538641125448
479ee7-NOZ194-12-11-19-04,200.5547810532436
479ee7-NOZ195-12-11-20-21,180.09907990127246
479ee7-NOZ1TT-12-04-14-33,205.12810966516562
479ee7-NOZ270-12-13-07-49,168.3019930635201
479ee7-NOZ271-12-13-06-33,111.91716508721115
479ee7-NOZ276-12-23-17-03,177.253458107795
479ee7-NOZ276-12-27-18-07,202.06870084641164
479ee7-NOZ277-12-23-18-16,64.28548966808103
479ee7-NOZ277-12-27-19-19,136.3143624004552
479ee7-NOZ278-12-12-18-56,161.78672213791205
479ee7-NOZ345-12-01-09-38,919.5240204264185
479ee7-NOZ345-12-14-09-38,1027.1160416707196
479ee7-NOZ346-12-13-14-48,1102.309473794005
479ee7-NOZ347-12-13-16-35,1046.1750023469829
479ee7-NOZ3LH-12-08-09-44,341.2353406986363
479ee7-NOZ4DG-12-08-20-47,200.97993631601858
479ee7-NOZ4RZ-12-01-07-45,910.1934140381529
479ee7-NOZ4RZ-12-14-07-43,942.1438575361798
479ee7-NOZ50A-12-08-16-54,937.5610652809737
479ee7-NOZ50A-12-29-17-57,1035.697751167488
479ee7-NOZ540-12-12-16-25,347.112719459003
479ee7-NOZ545-12-12-17-43,257.4383820804783
479ee7-NOZ55J-12-08-18-49,1009.1686897663167
479ee7-NOZ55J-12-29-23-25,1177.1982560655963
479ee7-NOZ5PY-12-04-15-54,163.54265600077093
479ee7-NOZ605-12-05-06-42,130.9412484028168
479ee7-NOZ605-12-06-06-42,61.25382456196824
479ee7-NOZ605-12-07-06-38,67.49803792542424
479ee7-NOZ605-12-08-07-09,98.69307897307006
479ee7-NOZ606-12-05-08-06,190.66911215939618
479ee7-NOZ606-12-06-08-23,199.77287242356616
479ee7-NOZ606-12-07-08-01,96.20933639291468
479ee7-NOZ606-12-08-08-20,141.34180445295877
479ee7-NOZ607-12-09-07-00,169.15699659759383
479ee7-NOZ626-12-06-16-53,68.70692912161651
479ee7-NOZ628-12-04-17-24,195.30016357274434
479ee7-NOZ631-12-06-15-30,65.06661778278837
479ee7-NOZ638-12-04-20-19,187.47526798411337
479ee7-NOZ639-12-11-17-40,93.14301363729737
479ee7-NOZ645-12-04-18-47,92.37375264344018
47a039-NOZ133-11-18-15-01,245.73272211774395
47a039-NOZ141-11-29-08-04,182.63572329250627
47a039-NOZ141-12-02-08-11,211.68383740421467
47a039-NOZ141-12-16-08-44,139.96020639804692
47a039-NOZ143-12-04-14-29,165.0005785803554
47a039-NOZ145-11-29-16-42,198.30355516416444
47a039-NOZ145-12-15-16-57,179.99072336240673
47a039-NOZ181-11-10-06-26,374.38572688377405
47a039-NOZ182-11-10-07-53,133.70370464007235
47a039-NOZ183-11-10-09-17,67.65535124300638
47a039-NOZ1BG-12-12-06-06,1035.4351756761098
47a039-NOZ1BG-12-21-06-54,1191.4960141044241
47a039-NOZ1BG-12-28-06-35,1237.5071018412125
47a039-NOZ1BG-12-31-06-19,1195.4820814010554
47a039-NOZ1TT-11-04-14-44,211.56232436830936
47a039-NOZ1TT-11-17-14-40,213.67263105356204
47a039-NOZ1TT-11-24-14-46,107.8780405117089
47a039-NOZ1TT-12-07-14-52,119.6970364531022
47a039-NOZ272-11-06-15-24,109.43495567321139
47a039-NOZ276-11-09-15-58,85.76445165040757
47a039-NOZ276-11-14-15-55,68.30453683519602
47a039-NOZ278-11-15-18-55,100.06612724807373
47a039-NOZ345-12-18-10-29,938.274495746522
47a039-NOZ345-12-19-10-26,1013.3101217716394
47a039-NOZ346-12-28-14-58,940.0208130607045
47a039-NOZ347-12-28-16-59,1196.7477864166974
47a039-NOZ3JE-11-01-06-58,188.10519108594568
47a039-NOZ3LH-11-25-13-11,264.7013437137018
47a039-NOZ3LH-11-26-07-32,282.9548532561621
47a039-NOZ4HF-11-21-07-07,164.2242637268511
47a039-NOZ4RZ-12-18-08-28,988.0026234443287
47a039-NOZ4RZ-12-19-07-53,1059.8497865650324
47a039-NOZ50A-12-18-17-38,1161.682180262598
47a039-NOZ50F-12-05-09-48,279.5688026696529
47a039-NOZ538-11-16-15-18,70.07900425324425
47a039-NOZ540-12-20-16-51,190.2566054031741
47a039-NOZ543-11-16-16-49,133.97299776663795
47a039-NOZ545-12-20-18-15,95.50615314539755
47a039-NOZ545-12-27-17-49,297.7809278691481
47a039-NOZ546-11-16-18-12,100.81953280978044
47a039-NOZ549-11-16-19-28,254.02384543132996
47a039-NOZ550-12-23-21-38,126.13037959102073
47a039-NOZ55J-12-18-20-38,995.880358119845
47a039-NOZ56U-12-11-20-06,1076.235273892613
47a039-NOZ56U-12-20-19-54,1019.6338537794187
47a039-NOZ56U-12-27-19-16,997.7030095970863
47a039-NOZ56U-12-30-19-42,905.4399805815742
47a039-NOZ5PY-11-04-16-15,125.66149665089493
47a039-NOZ5PY-11-17-15-58,189.0783743422085
47a039-NOZ5PY-11-24-16-05,135.571893652261
47a039-NOZ5PY-12-06-15-59,81.42558797535946
47a039-NOZ5PY-12-07-16-10,120.07376823195816
47a039-NOZ601-11-21-05-35,174.39150864830856
47a039-NOZ605-11-03-06-40,174.07967419776747
47a039-NOZ605-11-18-06-31,152.47058145703613
47a039-NOZ606-11-18-08-06,91.0741873346129
47a039-NOZ606-11-25-08-21,142.029319413558
47a039-NOZ607-11-22-07-05,85.00275155001056
47a039-NOZ607-11-28-07-02,142.3141250053627
47a039-NOZ608-11-21-10-05,47.96778877007516
47a039-NOZ611-11-21-08-20,152.7647179825413
47a039-NOZ612-11-21-12-32,103.09555053585332
47a039-NOZ614-11-27-15-08,50.23692087835407
47a039-NOZ617-11-21-11-13,88.92222036825497
47a039-NOZ620-11-21-15-29,133.79631846272952
47a039-NOZ625-11-21-14-01,82.62410520494481
47a039-NOZ628-11-04-17-39,324.8275875678789
47a039-NOZ628-11-17-17-32,100.22637513475831
47a039-NOZ628-11-24-17-45,65.26378678831064
47a039-NOZ628-12-07-17-33,89.45647864422772
47a039-NOZ632-11-21-18-08,128.75812511673612
47a039-NOZ638-11-17-20-15,194.66227627136385
47a039-NOZ638-11-24-20-29,124.37153814443742
47a039-NOZ645-11-04-18-54,207.29687782508907
47a039-NOZ645-11-17-18-46,161.01935413148212
47a039-NOZ645-11-24-18-58,223.29460318735156
47a039-NOZ645-12-07-18-47,78.85174219921393
47a039-NOZ6CF-11-16-08-06,1695.64093750182
47a039-NOZ6TM-11-09-18-55,167.90086448064943
47a05e-NOZ133-11-20-15-59,191.3302143778606
47a05e-NOZ134-11-20-17-00,116.76668541252121
47a05e-NOZ164-12-16-06-21,311.15658533787354
47a05e-NOZ172-12-18-11-56,130.70343262273062
47a05e-NOZ182-12-30-07-36,161.34011558054092
47a05e-NOZ183-11-13-07-52,103.69411025459904
47a05e-NOZ183-12-30-09-03,174.94551843177302
47a05e-NOZ191-11-02-17-04,81.70999349045563
47a05e-NOZ1BG-12-10-06-07,1012.8313280324346
47a05e-NOZ1TT-12-15-14-57,92.19962333062566
47a05e-NOZ270-12-07-07-22,253.32367332479672
47a05e-NOZ270-12-15-07-35,376.42081217202656
47a05e-NOZ276-11-06-13-22,144.35039850909595
47a05e-NOZ278-12-14-18-54,270.16957009795965
47a05e-NOZ2GH-12-18-15-15,69.80833069196069
47a05e-NOZ2UC-11-14-15-59,193.76446555297517
47a05e-NOZ2UC-11-29-16-00,179.2420146713062
47a05e-NOZ3VG-12-13-16-31,113.02516354793799
47a05e-NOZ4RZ-12-12-07-39,964.8737243372095
47a05e-NOZ50A-12-11-16-57,944.4423109331251
47a05e-NOZ521-11-18-05-38,165.54380103295756
47a05e-NOZ521-11-21-05-30,276.6458191805785
47a05e-NOZ521-11-22-05-30,261.5318798734204
47a05e-NOZ521-11-23-05-33,144.31203181256467
47a05e-NOZ521-11-24-05-29,193.47664740362964
47a05e-NOZ521-11-25-05-30,223.35329668759871
47a05e-NOZ521-12-05-05-45,171.6435662968494
47a05e-NOZ521-12-06-05-29,155.74058983414113
47a05e-NOZ521-12-07-05-45,189.41812053966777
47a05e-NOZ523-12-01-06-26,62.818729998363565
47a05e-NOZ523-12-02-06-50,114.36142163311095
47a05e-NOZ524-11-17-07-11,107.21637594953657
47a05e-NOZ524-11-18-07-04,109.99185426735274
47a05e-NOZ524-11-21-07-11,43.59965332564927
47a05e-NOZ524-11-22-07-10,364.03512397586616
47a05e-NOZ524-11-23-07-24,293.91895275678473
47a05e-NOZ524-11-24-07-09,140.84821530025283
47a05e-NOZ524-11-25-06-58,372.86609209289645
47a05e-NOZ524-12-05-07-07,147.2611100868525
47a05e-NOZ524-12-06-07-21,365.1722654237197
47a05e-NOZ525-11-27-11-29,118.35661174439393
47a05e-NOZ526-12-01-08-09,104.0425855795909
47a05e-NOZ526-12-02-08-14,108.29006375742298
47a05e-NOZ530-12-04-09-27,74.2654918172817
47a05e-NOZ531-12-04-07-59,246.0180519515411
47a05e-NOZ532-12-01-10-54,124.40652130197094
47a05e-NOZ532-12-02-11-09,87.64568369202202
47a05e-NOZ535-12-01-12-30,184.48916765996677
47a05e-NOZ535-12-02-12-37,248.89295293812316
47a05e-NOZ535-12-04-13-35,144.3910973147545
47a05e-NOZ536-12-01-14-17,127.76168782442325
47a05e-NOZ537-11-27-15-06,170.94591516685608
47a05e-NOZ538-12-04-15-03,122.84347953365199
47a05e-NOZ540-11-11-16-13,64.19441918172483
47a05e-NOZ540-11-16-16-09,110.21661647930829
47a05e-NOZ540-11-27-16-29,211.39144183801156
47a05e-NOZ541-12-01-15-41,262.85102353520665
47a05e-NOZ541-12-02-15-59,168.52275940037538
47a05e-NOZ543-12-04-16-38,151.05107770531433
47a05e-NOZ544-12-01-17-08,309.1831028850834
47a05e-NOZ544-12-02-17-26,59.066003432426015
47a05e-NOZ545-11-11-17-34,129.09141050553694
47a05e-NOZ545-11-16-17-29,207.49657877504504
47a05e-NOZ545-11-27-17-44,240.405539302781
47a05e-NOZ546-11-27-19-05,221.74323675705412
47a05e-NOZ549-12-04-19-33,167.9208225562232
47a05e-NOZ550-11-30-20-02,164.66973148629754
47a05e-NOZ550-12-04-20-59,141.1267099634191
47a05e-NOZ555-11-27-20-27,135.6164337323962
47a05e-NOZ55J-12-11-18-50,1141.9080686872587
47a05e-NOZ56U-12-09-19-23,1028.1832062992387
47a05e-NOZ5AY-12-01-09-22,57.92075040903992
47a05e-NOZ5AY-12-02-09-27,113.96673632820367
47a05e-NOZ5AY-12-04-10-52,170.07883275912064
47a05e-NOZ607-12-20-07-09,192.6148344593259
47a05e-NOZ612-12-19-12-36,106.0252388984529
47a05e-NOZ617-12-19-11-06,75.75390703260678
47a05e-NOZ620-12-19-15-48,162.92260586350315
47a05e-NOZ624-12-18-16-34,314.8203307308264
47a05e-NOZ625-12-19-14-09,194.74011806797895
47a05e-NOZ626-12-16-17-30,93.32100667488011
47a05e-NOZ628-12-13-17-44,114.44193319114869
47a05e-NOZ628-12-15-17-41,163.0876358935515
47a05e-NOZ632-12-19-18-55,152.17698567143293
47a05e-NOZ637-12-19-17-16,94.79263370255613
47a05e-NOZ638-12-12-20-16,143.90403469113096
47a05e-NOZ638-12-15-20-25,187.24160568819804
47a05e-NOZ639-11-14-17-24,141.6552042525962
47a05e-NOZ639-11-29-17-21,129.13279611387458
47a05e-NOZ645-12-13-18-54,135.27776167944265
47a05e-NOZ645-12-15-18-54,96.54548817752256
47a05e-NOZ6TC-11-04-17-10,1595.3014447865337
47a05e-NOZ6TM-11-11-19-02,142.16241227470937
47a05e-NOZ7C-12-07-08-44,108.06569951475427
47a05e-NOZ7C-12-15-08-50,108.90322909757167
47a05e-NOZ9BH-11-02-15-37,146.75484679566446
47a097-NOZ181-12-08-07-41,175.90241137434188
47a097-NOZ182-12-08-09-26,73.09046811489819
47a097-NOZ183-12-08-11-14,121.79882173614887
47a097-NOZ271-12-20-07-05,173.11544760959853
47a097-NOZ276-12-07-16-11,169.65324807478444
47a097-NOZ277-12-07-17-27,75.33401498545828
47a097-NOZ278-12-19-20-13,89.18145229316657
47a097-NOZ345-12-21-10-29,1072.7039576843056
47a097-NOZ346-12-09-15-26,1035.892212373437
47a097-NOZ346-12-20-15-14,1015.2366134794453
47a097-NOZ347-12-09-17-14,1067.8088980996824
47a097-NOZ347-12-20-17-57,1207.8784716416176
47a097-NOZ4HF-11-01-06-57,189.1837300173375
47a097-NOZ4RZ-12-21-07-46,1050.829969045304
47a097-NOZ522-12-14-06-27,116.0051002513873
47a097-NOZ523-12-10-06-07,246.38227320771682
47a097-NOZ523-12-11-06-53,276.33289082320726
47a097-NOZ523-12-28-06-49,129.6671618407593
47a097-NOZ523-12-29-06-32,192.57253364885884
47a097-NOZ523-12-30-06-26,143.26242804389673
47a097-NOZ523-12-31-06-02,170.9763221118136
47a097-NOZ524-12-10-07-29,83.02911384286281
47a097-NOZ524-12-31-07-28,471.29957877774524
47a097-NOZ525-12-14-07-39,115.2382779452063
47a097-NOZ526-12-28-08-27,145.2581372073544
47a097-NOZ526-12-29-08-35,263.16533271268906
47a097-NOZ526-12-30-08-13,184.21892960068942
47a097-NOZ531-12-10-08-47,135.65537342780755
47a097-NOZ531-12-31-08-55,76.75965161523683
47a097-NOZ532-12-10-10-15,200.85900046524017
47a097-NOZ532-12-28-11-19,193.9609102580659
47a097-NOZ532-12-29-11-46,187.48162069741633
47a097-NOZ532-12-30-11-04,221.16652392277885
47a097-NOZ532-12-31-10-15,364.11390128041415
47a097-NOZ535-12-29-13-05,191.97221438463055
47a097-NOZ535-12-30-12-39,91.0818849383728
47a097-NOZ536-12-28-14-17,112.26432479728814
47a097-NOZ536-12-29-14-42,248.93067787170904
47a097-NOZ536-12-30-14-22,197.993955575555
47a097-NOZ540-12-19-17-06,105.34081256597231
47a097-NOZ541-12-28-15-42,63.44083120198927
47a097-NOZ541-12-29-16-04,320.2022400796056
47a097-NOZ541-12-30-15-57,61.01899116266134
47a097-NOZ544-12-27-17-42,243.47470809172026
47a097-NOZ544-12-28-17-32,170.3195488738962
47a097-NOZ544-12-29-18-16,274.7050895599666
47a097-NOZ544-12-30-17-23,141.16183371236508
47a097-NOZ545-12-19-18-26,316.1190685677432
47a097-NOZ548-12-18-19-49,181.13209526825474
47a097-NOZ550-12-09-19-34,261.4542106174419
47a097-NOZ553-12-18-21-05,375.9699607073217
47a097-NOZ5AY-12-28-09-37,83.26629674875682
47a097-NOZ5AY-12-29-10-00,78.91757337649311
47a097-NOZ5AY-12-30-09-33,71.23098159785746
47a097-NOZ601-11-01-05-34,127.39449292720606
47a097-NOZ602-12-22-06-12,65.35176522619061
47a097-NOZ608-11-01-09-39,142.8645494799105
47a097-NOZ609-12-22-07-41,133.01627770597275
47a097-NOZ60M-12-18-16-05,262.44901219181673
47a097-NOZ611-11-01-08-23,192.73584004611533
47a097-NOZ612-11-01-12-22,211.7698973838977
47a097-NOZ617-11-01-10-56,124.88963132955826
47a097-NOZ6TM-12-07-18-46,159.20171131729018
47a0bf-NOZ133-11-13-15-49,258.6623157200268
47a0bf-NOZ140-12-06-07-02,170.8996317376958
47a0bf-NOZ141-12-06-08-04,86.0361170895891
47a0bf-NOZ144-12-06-16-16,156.53213906547
47a0bf-NOZ145-12-06-17-12,111.67557972390061
47a0bf-NOZ191-12-29-17-44,82.07327848530144
47a0bf-NOZ277-11-27-14-41,166.22710993398573
47a0bf-NOZ277-12-26-17-40,253.5496993988508
47a0bf-NOZ278-12-22-20-35,138.8320534526642
47a0bf-NOZ2GH-12-04-15-02,125.83317590169337
47a0bf-NOZ345-12-23-10-24,959.8371170358871
47a0bf-NOZ4HF-11-04-07-10,68.6200532915597
47a0bf-NOZ4HF-11-22-07-16,83.52018444883358
47a0bf-NOZ4HF-11-29-07-01,200.20189945729825
47a0bf-NOZ4RZ-12-23-07-39,1632.5467559617807
47a0bf-NOZ521-11-15-05-24,204.98898081745793
47a0bf-NOZ521-11-16-05-30,61.51639128602922
47a0bf-NOZ521-12-16-06-06,142.80034836853181
47a0bf-NOZ522-11-01-05-58,253.3484769170985
47a0bf-NOZ523-11-14-06-36,327.3542046612023
47a0bf-NOZ523-11-17-06-27,214.3697375064638
47a0bf-NOZ523-11-18-06-39,134.64412190367858
47a0bf-NOZ523-11-20-06-38,244.0380678737142
47a0bf-NOZ523-12-18-06-28,95.37922504040274
47a0bf-NOZ524-11-15-06-53,219.51086754984408
47a0bf-NOZ524-11-16-07-05,129.4671854533478
47a0bf-NOZ524-12-16-07-37,288.20520733150016
47a0bf-NOZ525-11-01-07-25,130.35587985292793
47a0bf-NOZ526-11-14-08-03,322.4137643817014
47a0bf-NOZ526-11-17-07-54,274.3615878814987
47a0bf-NOZ532-11-14-11-01,407.5630323101398
47a0bf-NOZ532-11-17-11-06,286.49612194679725
47a0bf-NOZ532-11-18-11-12,151.78214152050964
47a0bf-NOZ532-12-15-11-41,363.8038449054549
47a0bf-NOZ535-11-14-12-35,294.08888271539985
47a0bf-NOZ535-11-17-12-36,156.82353576779067
47a0bf-NOZ535-11-18-12-41,175.04601494788562
47a0bf-NOZ535-12-15-12-55,232.16882362348264
47a0bf-NOZ536-11-14-14-11,214.07354564536217
47a0bf-NOZ536-11-18-14-32,135.77076758152756
47a0bf-NOZ536-12-15-14-19,274.7236879562724
47a0bf-NOZ540-12-22-16-49,211.82388544863323
47a0bf-NOZ541-11-14-15-43,106.29086915881216
47a0bf-NOZ541-11-17-15-54,64.99647210948348
47a0bf-NOZ541-11-18-15-59,174.94316819799678
47a0bf-NOZ544-11-14-17-14,138.80564580854679
47a0bf-NOZ544-11-18-17-32,85.14431442746998
47a0bf-NOZ544-12-15-17-18,230.41636733788837
47a0bf-NOZ545-12-22-18-04,74.73964822764259
47a0bf-NOZ547-11-17-18-35,227.90675535251358
47a0bf-NOZ547-12-15-18-34,279.97314280963093
47a0bf-NOZ550-11-11-19-23,246.58162244903554
47a0bf-NOZ550-11-17-20-20,52.15181089065407
47a0bf-NOZ550-12-15-20-19,223.806113607289
47a0bf-NOZ5AY-11-14-09-24,166.5900555152445
47a0bf-NOZ5AY-11-17-09-20,230.24735438225744
47a0bf-NOZ5AY-11-18-09-28,157.1054700368518
47a0bf-NOZ601-11-04-05-42,92.98384103859318
47a0bf-NOZ601-11-29-05-38,164.5796647414759
47a0bf-NOZ602-11-10-05-57,180.25919056396
47a0bf-NOZ605-11-23-06-29,67.54131942007564
47a0bf-NOZ605-11-28-06-29,77.88528811187071
47a0bf-NOZ605-12-02-06-36,142.30987329794377
47a0bf-NOZ606-11-03-08-23,198.0344018129473
47a0bf-NOZ606-11-28-08-02,211.05581805055726
47a0bf-NOZ606-12-02-08-09,134.152483850937
47a0bf-NOZ607-11-24-07-13,128.9893737172145
47a0bf-NOZ607-12-05-07-05,244.5651405548381
47a0bf-NOZ608-11-04-09-49,63.57551063758866
47a0bf-NOZ608-11-22-09-50,316.8161030200913
47a0bf-NOZ608-11-29-09-44,209.68275863619476
47a0bf-NOZ609-11-10-07-27,310.917044794576
47a0bf-NOZ611-11-04-08-27,168.17951700399942
47a0bf-NOZ611-11-22-08-26,248.87356594296327
47a0bf-NOZ611-11-29-08-20,130.77606024506224
47a0bf-NOZ612-11-04-12-36,68.01943952100694
47a0bf-NOZ612-11-22-12-29,99.10060551914616
47a0bf-NOZ612-11-29-12-22,199.02397332511714
47a0bf-NOZ614-11-06-14-06,255.75972250479893
47a0bf-NOZ617-11-22-11-01,230.2352528862001
47a0bf-NOZ617-11-29-11-00,168.839011139038
47a0bf-NOZ620-11-04-15-21,149.0369823097988
47a0bf-NOZ620-11-22-15-55,125.00158522403753
47a0bf-NOZ620-11-29-15-24,189.54173946011446
47a0bf-NOZ623-11-06-12-44,220.5296308117685
47a0bf-NOZ624-12-04-16-30,278.9020361514412
47a0bf-NOZ625-11-04-14-06,201.38327344929678
47a0bf-NOZ625-11-22-13-59,63.28005742366666
47a0bf-NOZ625-11-29-14-00,115.67450872395821
47a0bf-NOZ626-11-03-16-53,222.8452451103506
47a0bf-NOZ626-11-06-17-01,255.94171304941588
47a0bf-NOZ631-11-03-15-27,219.29536895221
47a0bf-NOZ631-11-06-15-31,253.17587060243673
47a0bf-NOZ631-12-01-15-21,110.58544231950005
47a0bf-NOZ632-11-04-18-02,110.50369278078858
47a0bf-NOZ632-11-22-18-21,163.86579459940796
47a0bf-NOZ632-11-29-18-07,293.43646722428576
47a0bf-NOZ634-11-06-19-50,246.462805033022
47a0bf-NOZ637-11-04-16-44,75.63094901546363
47a0bf-NOZ637-11-22-17-08,77.44235464842879
47a0bf-NOZ637-11-29-16-43,72.6625922223432
47a0bf-NOZ638-11-27-20-19,184.30693662903212
47a0bf-NOZ643-11-06-18-28,95.2488772022525
47a185-NOZ181-11-25-06-04,75.53028420592467
47a185-NOZ181-12-16-07-20,115.74724898345205
47a185-NOZ182-11-25-07-32,98.28567641915947
47a185-NOZ183-11-25-08-50,83.14065313189477
47a185-NOZ194-11-20-18-50,179.59805029244555
47a185-NOZ195-11-20-19-58,139.7823234633566
47a185-NOZ1BG-12-19-06-52,1024.9247866648252
47a185-NOZ270-12-08-07-35,332.84612150072
47a185-NOZ271-12-08-06-23,88.4166313862161
47a185-NOZ276-11-20-13-39,206.10005395148724
47a185-NOZ276-11-28-16-07,64.47789304369975
47a185-NOZ277-11-20-14-52,88.32507753818062
47a185-NOZ277-11-28-17-20,229.2720030519727
47a185-NOZ278-12-07-19-46,192.29037448731412
47a185-NOZ2DC-11-08-06-00,45.274542227867954
47a185-NOZ2GH-11-13-15-02,109.80819822546053
47a185-NOZ2UC-11-02-15-59,166.83546483271618
47a185-NOZ2UC-11-20-16-08,80.07485671146007
47a185-NOZ345-11-07-09-38,1063.086949877491
47a185-NOZ346-11-18-14-36,915.7142945688263
47a185-NOZ347-11-18-16-31,990.7384186299324
47a185-NOZ347-11-30-16-45,1104.8520952828044
47a185-NOZ3JE-11-08-06-56,82.02786292771266
47a185-NOZ4HF-11-11-07-01,150.31372888814616
47a185-NOZ4HF-11-15-06-57,152.73085659895145
47a185-NOZ4RZ-11-07-07-39,963.3792388501188
47a185-NOZ50A-11-06-16-37,1042.692947694784
47a185-NOZ523-12-04-06-31,175.72793963628664
47a185-NOZ536-12-04-14-27,160.35197993301088
47a185-NOZ538-12-02-15-33,81.11887214756558
47a185-NOZ538-12-13-15-55,150.6812142608562
47a185-NOZ541-12-04-15-41,86.98672324083792
47a185-NOZ543-12-02-16-48,228.0860115668447
47a185-NOZ543-12-13-17-12,131.79446620803697
47a185-NOZ546-12-02-18-24,115.8633797736598
47a185-NOZ546-12-13-18-35,134.6742199597528
47a185-NOZ549-12-13-19-54,159.77725535755806
47a185-NOZ55J-11-06-18-38,1027.2853105580136
47a185-NOZ56U-12-18-20-35,1077.743205540911
47a185-NOZ601-11-11-05-38,194.27322273223396
47a185-NOZ601-11-15-05-39,153.34531176003236
47a185-NOZ605-11-16-06-33,80.74471020405461
47a185-NOZ606-11-16-08-06,54.29918215100429
47a185-NOZ607-11-17-07-01,163.94770798941067
47a185-NOZ608-11-11-09-45,117.41935536095932
47a185-NOZ608-11-12-08-57,172.07410030620983
47a185-NOZ608-11-15-09-39,178.25234743411562
47a185-NOZ609-11-12-07-30,47.630053706293744
47a185-NOZ611-11-11-08-24,166.25399656634468
47a185-NOZ611-11-15-08-19,121.45966378842431
47a185-NOZ612-11-11-12-33,143.1305163632816
47a185-NOZ612-11-15-12-24,207.65597266266582
47a185-NOZ617-11-11-11-11,105.22983291243143
47a185-NOZ620-11-10-15-25,185.54517426592633
47a185-NOZ620-11-11-15-24,94.7276458404348
47a185-NOZ620-11-15-15-23,155.09167424714633
47a185-NOZ624-11-13-16-25,188.00516070048593
47a185-NOZ625-11-10-14-06,79.88253085598085
47a185-NOZ625-11-14-14-07,131.5477247905865
47a185-NOZ625-11-15-14-07,184.47123523225244
47a185-NOZ632-11-10-18-06,95.6110260939636
47a185-NOZ632-11-11-18-11,194.6652897655466
47a185-NOZ632-11-14-18-07,76.75593521076286
47a185-NOZ632-11-15-18-13,211.43402002665667
47a185-NOZ637-11-11-16-45,45.122534181512094
47a185-NOZ637-11-14-16-46,95.41192670453461
47a185-NOZ637-11-15-16-37,211.5749360670763
47a185-NOZ638-11-07-20-14,132.656543821876
47a185-NOZ639-11-02-17-20,66.92338105812598
47a185-NOZ639-11-20-17-22,176.45744100490796
47a185-NOZ67-11-10-16-50,62.42024402261504
47a185-NOZ6TM-11-24-19-39,150.423586416135
47a185-NOZ6TM-12-15-19-52,144.81412321179158
47a185-NOZ7C-12-08-08-47,105.93590867101874
47a1ef-NOZ132-12-08-14-07,177.81831868908634
47a1ef-NOZ133-12-08-15-11,257.2860859809336
47a1ef-NOZ133-12-09-15-08,51.31525224212519
47a1ef-NOZ133-12-12-15-00,303.3691505789607
47a1ef-NOZ140-11-16-07-02,116.12049216316007
47a1ef-NOZ140-11-21-07-14,54.45057246290575
47a1ef-NOZ140-11-24-07-14,70.64597052596335
47a1ef-NOZ140-11-25-07-07,273.08211241624963
47a1ef-NOZ140-12-23-07-11,127.12880078705038
47a1ef-NOZ141-11-16-08-10,302.6778803177452
47a1ef-NOZ141-11-21-08-05,220.92038805247526
47a1ef-NOZ141-11-24-08-05,401.0640918296959
47a1ef-NOZ141-11-25-08-06,83.95062902694033
47a1ef-NOZ141-11-28-08-05,127.08384620178161
47a1ef-NOZ141-12-20-08-08,37.67455996581141
47a1ef-NOZ141-12-22-08-23,57.87308309474918
47a1ef-NOZ141-12-23-08-04,224.38972890370616
47a1ef-NOZ142-11-20-13-39,192.34907719325093
47a1ef-NOZ143-11-20-14-35,233.224951457558
47a1ef-NOZ144-11-16-14-25,275.5046166100253
47a1ef-NOZ144-11-18-14-26,187.04700876216523
47a1ef-NOZ145-11-16-16-55,223.07092046714604
47a1ef-NOZ145-12-20-16-51,163.6259441286807
47a1ef-NOZ191-11-09-16-59,110.49115560261649
47a1ef-NOZ194-12-18-19-27,142.07721101047275
47a1ef-NOZ195-12-18-20-52,223.12960566559372
47a1ef-NOZ1KD-11-17-14-12,276.46890902337765
47a1ef-NOZ1TT-11-01-14-31,83.26878439335636
47a1ef-NOZ1TT-11-13-14-32,214.9764041553727
47a1ef-NOZ345-11-27-10-21,1148.8008584413765
47a1ef-NOZ3JE-12-14-07-05,385.1861482946872
47a1ef-NOZ47Y-11-17-19-30,261.1256373650622
47a1ef-NOZ4RZ-11-27-08-16,1087.7137886129628
47a1ef-NOZ50A-11-07-16-37,1019.6303150196587
47a1ef-NOZ51Q-11-17-08-22,280.00440654167465
47a1ef-NOZ522-12-05-06-03,128.06749459889429
47a1ef-NOZ523-11-03-06-28,131.46843785229086
47a1ef-NOZ523-12-17-06-02,93.6912117308113
47a1ef-NOZ525-12-05-07-22,68.92063165265266
47a1ef-NOZ526-11-03-08-00,264.42026989946305
47a1ef-NOZ530-11-07-09-59,310.95012240493037
47a1ef-NOZ531-11-07-11-17,274.3217015434225
47a1ef-NOZ532-11-03-11-52,382.7822556352897
47a1ef-NOZ534-11-07-12-43,274.86710334751285
47a1ef-NOZ535-11-03-13-38,163.50666973740556
47a1ef-NOZ537-11-07-14-02,146.9999995522164
47a1ef-NOZ538-12-19-15-43,208.94112248379395
47a1ef-NOZ550-12-17-01-17,199.9184754230012
47a1ef-NOZ55J-11-07-18-44,1091.5196170597155
47a1ef-NOZ5AY-11-03-09-19,108.0060653386844
47a1ef-NOZ5DP-11-18-06-35,225.44275328012031
47a1ef-NOZ5PY-11-01-16-00,102.06891405755474
47a1ef-NOZ5PY-11-13-16-00,139.64669053864168
47a1ef-NOZ605-12-09-06-48,153.10318520946907
47a1ef-NOZ606-12-09-08-30,126.32465447978264
47a1ef-NOZ606-12-13-11-10,205.6296677800236
47a1ef-NOZ607-11-14-07-18,44.28043096725838
47a1ef-NOZ607-12-15-07-20,74.5979702554655
47a1ef-NOZ608-12-11-10-01,228.37321245137747
47a1ef-NOZ611-12-11-08-39,82.81871482373275
47a1ef-NOZ612-12-11-12-46,124.33381011793172
47a1ef-NOZ620-12-11-15-46,201.97143754404607
47a1ef-NOZ625-12-11-14-11,160.28389554916035
47a1ef-NOZ625-12-13-14-58,54.647600277378075
47a1ef-NOZ628-11-13-17-32,123.23072864512618
47a1ef-NOZ631-12-14-15-28,148.1555342276962
47a1ef-NOZ632-12-11-18-25,191.26107817125464
47a1ef-NOZ632-12-13-19-40,112.96254849975412
47a1ef-NOZ637-12-13-17-56,135.2602189481445
47a1ef-NOZ638-11-13-20-33,76.66454811126253
47a1ef-NOZ638-12-06-20-16,165.80605116628794
47a1ef-NOZ639-12-18-18-02,101.71450875646914
47a1ef-NOZ645-11-01-18-58,154.9578766357834
47a1ef-NOZ645-11-13-19-26,98.84690836726456
47a1ef-NOZ647-12-11-19-39,189.6306143078941
47a1ef-NOZ648-12-11-21-02,245.5682457231265
47a1ef-NOZ8400-11-02-21-18,219.49135633725294
47a1ef-NOZ9BH-11-09-15-33,201.73249210365168
47a1ef-NOZ9T-11-17-16-50,354.61694737232136
47a218-NOZ141-12-12-08-13,342.7535085486397
47a218-NOZ145-12-09-17-23,253.78712339375102
47a218-NOZ181-11-14-06-24,152.06833033191262
47a218-NOZ181-11-15-06-01,139.70966596805516
47a218-NOZ181-11-24-06-05,68.99413467930549
47a218-NOZ182-11-14-07-53,234.40310874686156
47a218-NOZ182-11-15-07-38,187.8861214897633
47a218-NOZ182-11-24-08-00,62.566887282619426
47a218-NOZ182-12-29-08-06,206.60365907011771
47a218-NOZ183-11-14-09-07,103.24197053581229
47a218-NOZ183-11-15-08-53,231.42666946476967
47a218-NOZ183-11-24-09-07,99.10962923209799
47a218-NOZ183-12-29-09-25,164.9793379322925
47a218-NOZ191-11-14-17-10,189.5356620769666
47a218-NOZ1BG-12-05-06-01,923.9478510812634
47a218-NOZ276-12-02-15-57,212.6727855175813
47a218-NOZ277-11-10-17-25,111.62788614757197
47a218-NOZ277-12-02-17-20,120.3133793695325
47a218-NOZ345-12-11-10-16,1024.3805448280948
47a218-NOZ4HF-11-18-07-15,77.08611327028903
47a218-NOZ4RZ-12-11-08-14,1038.1203617900148
47a218-NOZ523-12-14-06-52,266.64585087210065
47a218-NOZ523-12-19-06-28,103.74518061920455
47a218-NOZ523-12-20-06-26,208.18832486295034
47a218-NOZ525-12-26-07-24,110.68882396473836
47a218-NOZ526-12-14-08-21,424.520916758164
47a218-NOZ526-12-19-08-12,289.24442807082613
47a218-NOZ526-12-20-07-58,193.58730352935305
47a218-NOZ530-12-02-10-13,60.2366669727169
47a218-NOZ531-12-02-11-19,127.76825719894606
47a218-NOZ532-12-14-11-01,329.1718991758387
47a218-NOZ532-12-18-12-42,292.3137100580579
47a218-NOZ532-12-19-11-04,194.46506179165755
47a218-NOZ532-12-20-11-09,277.88928690899223
47a218-NOZ534-12-02-12-42,62.861214025648174
47a218-NOZ535-12-14-12-31,200.21117464084978
47a218-NOZ535-12-18-13-57,245.51900046341987
47a218-NOZ535-12-19-12-31,117.79028281008098
47a218-NOZ536-12-14-14-19,129.9169116240441
47a218-NOZ536-12-19-14-22,117.67161611213861
47a218-NOZ536-12-20-14-26,62.72689828502524
47a218-NOZ537-12-02-13-55,198.87710828312757
47a218-NOZ538-12-18-15-29,233.37051310919165
47a218-NOZ541-12-14-15-46,222.4638709645196
47a218-NOZ541-12-19-15-45,252.11384689317174
47a218-NOZ541-12-20-15-45,68.98687554584663
47a218-NOZ544-12-19-17-34,249.75173578958956
47a218-NOZ548-11-27-18-35,212.25161583536809
47a218-NOZ549-12-18-19-38,87.18398627679595
47a218-NOZ550-12-13-20-25,207.57123826385663
47a218-NOZ550-12-18-21-06,219.6795568818864
47a218-NOZ550-12-20-20-20,100.23150754561917
47a218-NOZ550-12-30-19-33,270.36407675908737
47a218-NOZ56U-12-04-20-01,1053.9197983480324
47a218-NOZ5AY-12-14-09-26,139.97054149594004
47a218-NOZ5AY-12-19-09-28,92.8711124790203
47a218-NOZ608-11-18-10-03,75.15129787492263
47a218-NOZ608-11-19-08-57,254.1686609383918
47a218-NOZ609-11-19-07-35,137.43431179318523
47a218-NOZ611-11-18-08-35,112.74548528589905
47a218-NOZ611-11-20-08-24,156.32117089629878
47a218-NOZ612-11-18-12-40,130.96723099635085
47a218-NOZ612-11-20-12-41,142.09686749201668
47a218-NOZ617-11-18-11-19,214.44465182751665
47a218-NOZ617-11-20-11-06,100.6442977740337
47a218-NOZ620-11-18-15-42,141.23602516624555
47a218-NOZ620-11-20-15-48,103.1737364114074
47a218-NOZ625-11-18-14-07,151.75885428135436
47a218-NOZ625-11-20-14-01,148.91430045513454
47a218-NOZ632-11-18-18-32,62.86433111206298
47a218-NOZ632-11-20-18-28,36.07383242550215
47a218-NOZ637-11-18-16-52,109.60507086703167
47a218-NOZ637-11-20-17-02,116.17089858513395
47a218-NOZ639-12-07-17-28,82.35550379889958
47a218-NOZ647-11-20-19-40,66.75736035911972
47a218-NOZ6TM-11-13-20-12,122.67795857235932
47a218-NOZ6TM-11-14-18-42,58.05876281621002
47a218-NOZ6TM-11-23-19-49,174.664410536254
47a22c-NOZ133-12-04-15-57,168.00555817542272
47a22c-NOZ140-11-17-07-06,102.20888836571345
47a22c-NOZ140-11-18-07-14,107.60341711140244
47a22c-NOZ141-11-17-08-01,284.723246688028
47a22c-NOZ141-11-18-08-19,129.43741083687416
47a22c-NOZ144-11-14-15-50,51.413979345513624
47a22c-NOZ145-11-11-16-48,221.81262696272464
47a22c-NOZ145-11-14-16-46,146.7569082576821
47a22c-NOZ277-12-01-17-20,222.5700003583033
47a22c-NOZ278-11-01-18-44,155.31688672269442
47a22c-NOZ2UC-11-04-16-05,161.78693042347717
47a22c-NOZ2UC-12-13-16-13,131.57182449412397
47a22c-NOZ2UC-12-27-16-17,66.90524769047923
47a22c-NOZ345-12-16-10-50,1109.9914640453278
47a22c-NOZ44A-11-11-07-58,257.8519364520942
47a22c-NOZ4RZ-12-16-07-59,975.3950929395528
47a22c-NOZ50A-12-15-18-01,1047.674779378628
47a22c-NOZ50A-12-16-19-02,1175.01104106019
47a22c-NOZ521-11-01-05-29,209.75011086083853
47a22c-NOZ522-11-07-06-06,138.0407492718638
47a22c-NOZ522-11-30-06-05,160.4658867132832
47a22c-NOZ522-12-21-06-17,355.72612534391664
47a22c-NOZ523-12-03-06-00,102.03893728939907
47a22c-NOZ523-12-05-06-40,232.15605675307796
47a22c-NOZ523-12-06-06-30,106.5989755019624
47a22c-NOZ523-12-07-06-36,367.32430725883523
47a22c-NOZ523-12-08-07-03,99.4156669932323
47a22c-NOZ523-12-09-06-39,216.81712057569192
47a22c-NOZ524-11-01-06-58,255.41334818732517
47a22c-NOZ524-12-03-07-32,111.88402283014544
47a22c-NOZ525-11-07-07-20,117.21646420867728
47a22c-NOZ525-12-11-13-43,94.70955319521268
47a22c-NOZ525-12-21-07-31,80.39363927030358
47a22c-NOZ526-12-05-08-07,138.82519560724757
47a22c-NOZ526-12-06-08-30,234.50971650706845
47a22c-NOZ526-12-07-08-03,225.05657231729788
47a22c-NOZ526-12-08-08-27,450.75448293955105
47a22c-NOZ526-12-09-08-16,315.36089449375294
47a22c-NOZ531-11-01-11-26,204.22764382206793
47a22c-NOZ531-11-04-11-14,147.6073373013917
47a22c-NOZ532-12-03-10-14,72.81961381961759
47a22c-NOZ532-12-05-10-58,103.47459799970385
47a22c-NOZ532-12-06-11-04,258.18551164618856
47a22c-NOZ532-12-08-11-11,310.00801780150937
47a22c-NOZ534-11-01-12-36,246.52087266071095
47a22c-NOZ535-12-05-12-38,133.79204829892464
47a22c-NOZ535-12-06-12-40,270.39663973540115
47a22c-NOZ535-12-07-12-40,216.7362211190402
47a22c-NOZ535-12-08-12-31,181.4690137450541
47a22c-NOZ536-12-05-14-15,145.30068229422326
47a22c-NOZ536-12-06-14-17,317.3635775629327
47a22c-NOZ536-12-07-14-33,304.2192323754416
47a22c-NOZ536-12-08-14-13,47.87485750977334
47a22c-NOZ536-12-11-15-25,71.84502306614951
47a22c-NOZ537-11-01-13-56,314.79072129672466
47a22c-NOZ537-11-04-14-00,68.31759614552482
47a22c-NOZ538-11-08-15-20,96.95421372146728
47a22c-NOZ541-12-05-15-44,107.81811128840737
47a22c-NOZ541-12-06-15-43,294.0440910997197
47a22c-NOZ541-12-07-15-44,211.31709673953765
47a22c-NOZ541-12-11-16-43,125.59180362729582
47a22c-NOZ543-11-08-16-44,219.74800422083396
47a22c-NOZ544-12-05-17-18,174.79322012446102
47a22c-NOZ544-12-06-17-17,289.120065587514
47a22c-NOZ544-12-07-17-11,232.7547742618967
47a22c-NOZ544-12-09-17-35,95.31081521844624
47a22c-NOZ546-11-08-18-11,100.58310075730694
47a22c-NOZ547-12-06-18-29,261.83986725304135
47a22c-NOZ547-12-07-18-27,245.69047916658272
47a22c-NOZ549-11-08-19-28,251.90725668245545
47a22c-NOZ550-12-06-19-59,390.2549179070548
47a22c-NOZ550-12-07-20-05,284.3171913283703
47a22c-NOZ55J-12-15-20-03,1140.5395279410943
47a22c-NOZ55J-12-16-21-18,1122.350587786133
47a22c-NOZ59B-11-18-10-48,246.15870064239007
47a22c-NOZ5AY-12-05-09-19,196.76871514375495
47a22c-NOZ5AY-12-06-09-47,183.46890203242523
47a22c-NOZ5AY-12-07-09-26,225.5379430845377
47a22c-NOZ5AY-12-08-09-39,212.76251590023531
47a22c-NOZ5AY-12-09-09-26,165.34638925318947
47a22c-NOZ5PR-11-20-16-04,280.6769421648054
47a22c-NOZ606-12-22-08-25,173.2066138306182
47a22c-NOZ612-12-22-12-46,182.832114482692
47a22c-NOZ620-12-22-16-06,123.82246445384119
47a22c-NOZ625-12-22-14-11,53.133824495751924
47a22c-NOZ639-11-04-17-25,121.4586026719308
47a22c-NOZ639-11-22-17-49,66.77649560792412
47a22c-NOZ639-12-13-17-46,103.34071729427298
47a22c-NOZ639-12-27-17-43,224.94505221681206
47a22c-NOZ6CF-11-02-08-01,1575.3918874191581
47a31a-NOZ132-11-24-13-56,74.71341436056804
47a31a-NOZ132-11-25-14-05,120.02260415089582
47a31a-NOZ133-11-24-14-55,242.22101981732604
47a31a-NOZ133-11-25-15-04,195.88900791763717
47a31a-NOZ181-12-03-08-53,96.591550322307
47a31a-NOZ181-12-21-06-11,152.53371838637918
47a31a-NOZ182-12-03-07-34,178.81337574070548
47a31a-NOZ191-11-03-17-04,75.41042195786093
47a31a-NOZ1BG-11-03-06-01,1024.4119795172182
47a31a-NOZ271-11-30-06-00,91.97840350238172
47a31a-NOZ276-12-20-16-04,270.6430494062542
47a31a-NOZ278-11-29-18-50,243.8618917865627
47a31a-NOZ2DC-11-25-06-05,46.23331945994601
47a31a-NOZ2DC-12-08-06-15,46.3819672248831
47a31a-NOZ2KT-12-18-16-09,323.6003896968727
47a31a-NOZ2UC-12-01-16-12,134.91791599380358
47a31a-NOZ345-11-21-09-57,1088.6392814105936
47a31a-NOZ346-12-12-14-45,961.116258059491
47a31a-NOZ347-12-12-16-42,1030.6860885812027
47a31a-NOZ3JE-12-08-07-52,164.48016175659603
47a31a-NOZ3TV-12-09-20-12,89.65770312067059
47a31a-NOZ4RZ-11-21-08-02,985.4803688047311
47a31a-NOZ50A-11-20-16-44,983.6201015379698
47a31a-NOZ522-11-08-06-10,260.87992029654316
47a31a-NOZ525-11-08-07-29,116.97542382776537
47a31a-NOZ530-11-02-09-52,248.00629667914478
47a31a-NOZ530-12-19-10-01,272.70408383669445
47a31a-NOZ531-11-02-11-08,362.96525862641505
47a31a-NOZ531-11-03-11-15,231.73569623585368
47a31a-NOZ531-12-19-11-14,278.76612196288727
47a31a-NOZ534-11-02-12-38,144.40652808192633
47a31a-NOZ534-11-03-12-36,146.27633469663124
47a31a-NOZ534-12-19-12-45,287.5255478441288
47a31a-NOZ537-11-02-13-54,204.98969421291307
47a31a-NOZ537-11-03-13-55,178.160993659193
47a31a-NOZ537-12-19-14-00,216.41502522435457
47a31a-NOZ538-12-14-15-38,143.33104144810844
47a31a-NOZ540-11-02-16-12,220.7097056914642
47a31a-NOZ545-11-02-17-25,341.4254312450058
47a31a-NOZ546-12-14-18-10,153.63951217366443
47a31a-NOZ548-11-13-18-38,131.60151754938676
47a31a-NOZ549-12-14-19-26,262.1475479592252
47a31a-NOZ553-11-13-20-01,59.66864575298992
47a31a-NOZ55J-11-20-18-37,1128.9173978809529
47a31a-NOZ56U-11-02-18-52,990.6921014902628
47a31a-NOZ601-12-09-05-36,67.4681257364825
47a31a-NOZ602-12-12-06-15,57.62674732881629
47a31a-NOZ607-11-29-06-58,87.91524398431089
47a31a-NOZ608-11-27-09-47,188.07106330258455
47a31a-NOZ608-12-09-10-02,54.24867943032815
47a31a-NOZ609-11-26-07-29,38.02869262881356
47a31a-NOZ611-11-27-08-22,135.0050987499332
47a31a-NOZ611-12-09-08-21,133.0726548897238
47a31a-NOZ612-11-27-13-56,139.13468822117855
47a31a-NOZ612-12-09-12-41,131.43997040718452
47a31a-NOZ617-11-27-11-11,86.69675435700327
47a31a-NOZ617-12-09-11-19,94.98620944734462
47a31a-NOZ620-12-09-15-56,225.25050797364955
47a31a-NOZ625-12-09-14-14,138.70605357555644
47a31a-NOZ626-11-27-17-06,106.82130556757919
47a31a-NOZ626-12-08-17-17,205.5702976119261
47a31a-NOZ631-11-27-15-40,75.0172897760646
47a31a-NOZ631-12-08-15-33,97.43653065474824
47a31a-NOZ632-12-09-18-37,204.10124227585948
47a31a-NOZ634-11-27-19-59,221.13514760458176
47a31a-NOZ637-12-09-17-10,85.80087079241287
47a31a-NOZ639-12-01-17-23,128.34755944067808
47a31a-NOZ643-11-27-18-32,93.07703294823669
47a31a-NOZ6TM-12-20-19-17,123.30987683208214
47a31a-NOZ9BH-11-03-15-34,242.2321089170682
47a32e-NOZ133-11-27-15-51,163.13540920529974
47a32e-NOZ181-11-18-06-10,82.48692679054615
47a32e-NOZ182-11-11-07-35,136.77177130554549
47a32e-NOZ182-11-18-07-41,70.15754326950493
47a32e-NOZ183-11-06-07-49,225.044201635468
47a32e-NOZ183-11-11-08-57,75.79200945603569
47a32e-NOZ183-11-18-08-59,115.88110501965842
47a32e-NOZ183-12-18-07-55,153.11687809138473
47a32e-NOZ191-11-15-16-56,218.33700698615024
47a32e-NOZ1BG-11-02-06-00,1404.3674088249122
47a32e-NOZ1TT-11-16-14-37,86.38498799957618
47a32e-NOZ1TT-12-27-14-43,151.1275625900452
47a32e-NOZ1TT-12-30-14-33,255.28522897304174
47a32e-NOZ270-11-08-07-26,121.2293429538159
47a32e-NOZ270-11-16-07-32,175.60149624488858
47a32e-NOZ271-11-08-06-06,142.98635495735775
47a32e-NOZ272-12-18-15-50,84.04229660583432
47a32e-NOZ275-12-18-17-09,130.1664293605126
47a32e-NOZ278-11-07-18-59,55.98314434818571
47a32e-NOZ345-11-09-09-27,968.4145258943405
47a32e-NOZ346-11-08-14-27,883.8643412021598
47a32e-NOZ346-11-13-14-36,1076.2610575261044
47a32e-NOZ347-11-08-16-33,1007.5598963897819
47a32e-NOZ347-11-13-16-35,995.2602430293311
47a32e-NOZ3VG-12-30-16-01,65.01926376332487
47a32e-NOZ4RZ-11-09-07-32,1006.3864277685135
47a32e-NOZ521-11-28-05-24,189.86342297976176
47a32e-NOZ522-11-14-06-12,221.53845213041257
47a32e-NOZ522-12-19-06-14,306.7717430005959
47a32e-NOZ523-11-29-06-29,225.70485807118126
47a32e-NOZ523-11-30-06-25,135.83303707309923
47a32e-NOZ524-11-28-07-20,81.79610306859344
47a32e-NOZ525-12-19-07-30,120.74504799448101
47a32e-NOZ526-11-29-07-53,321.19012910866496
47a32e-NOZ526-11-30-07-50,227.42075622558042
47a32e-NOZ532-11-29-11-06,349.50185496359865
47a32e-NOZ532-11-30-10-49,130.81636873812965
47a32e-NOZ535-11-29-12-29,239.31921664070617
47a32e-NOZ535-11-30-12-31,196.62317440702512
47a32e-NOZ536-11-29-14-23,197.98584736803485
47a32e-NOZ538-11-21-15-32,277.40004363720476
47a32e-NOZ538-12-15-15-30,280.7987156268322
47a32e-NOZ541-11-29-15-41,90.9381791855329
47a32e-NOZ541-11-30-15-41,212.81709221613386
47a32e-NOZ543-11-21-16-40,293.97424059378346
47a32e-NOZ543-12-15-16-49,172.4885893262579
47a32e-NOZ544-11-29-17-09,93.19856248675113
47a32e-NOZ545-11-01-17-33,218.84715985255576
47a32e-NOZ545-11-04-17-35,210.5215882293476
47a32e-NOZ546-11-21-18-13,285.3246796021614
47a32e-NOZ546-12-15-18-26,248.72161261636143
47a32e-NOZ547-11-29-18-23,193.70187327022268
47a32e-NOZ547-11-30-18-27,221.61097394752662
47a32e-NOZ549-11-21-19-24,157.33540247831098
47a32e-NOZ549-12-15-19-34,362.60497560236865
47a32e-NOZ550-11-25-19-28,161.73716325526965
47a32e-NOZ550-11-29-20-06,176.31598170548514
47a32e-NOZ56U-11-01-18-48,905.9533651379554
47a32e-NOZ5AY-11-29-09-23,229.8370917082336
47a32e-NOZ5PY-11-16-15-56,123.603832581099
47a32e-NOZ628-11-16-17-30,74.05747111719488
47a32e-NOZ628-12-27-18-45,172.6813062215684
47a32e-NOZ628-12-30-17-43,65.38758407308696
47a32e-NOZ639-11-23-17-51,89.69485578184266
47a32e-NOZ645-11-16-18-49,106.68344936390855
47a32e-NOZ645-12-27-20-02,69.83964582279386
47a32e-NOZ645-12-30-19-06,147.7576663571156
47a32e-NOZ6TM-11-17-19-27,117.21662597833904
47a32e-NOZ6TM-12-16-23-03,165.11952901542074
47a32e-NOZ7C-11-08-08-39,147.4015295257788
47a32e-NOZ93E-11-17-18-03,177.21988549410813
47a32e-NOZ9BH-11-15-15-32,56.8153447918526
47a3b0-NOZ140-11-01-06-59,59.04833850679255
47a3b0-NOZ140-11-02-07-06,68.07047960632619
47a3b0-NOZ140-11-04-07-18,162.93603278841016
47a3b0-NOZ141-11-01-07-58,161.7349639790284
47a3b0-NOZ141-11-04-08-13,125.78319535622664
47a3b0-NOZ141-11-07-08-14,161.78130305849794
47a3b0-NOZ141-11-08-08-07,328.0474983949263
47a3b0-NOZ144-11-01-15-43,264.5397974213765
47a3b0-NOZ144-11-08-15-48,74.78307436581616
47a3b0-NOZ144-11-10-15-13,35.3896924114987
47a3b0-NOZ145-11-01-16-48,179.4684419750146
47a3b0-NOZ145-11-02-16-45,81.65330053593223
47a3b0-NOZ145-11-03-16-12,156.1252987527684
47a3b0-NOZ145-11-08-16-43,314.508136707046
47a3b0-NOZ145-11-10-16-10,114.40561347582646
47a3b0-NOZ181-11-17-06-02,263.58547732939263
47a3b0-NOZ181-11-29-05-59,127.91866375757526
47a3b0-NOZ182-11-17-07-35,87.29189578015063
47a3b0-NOZ182-11-29-07-34,58.88976096644583
47a3b0-NOZ182-12-01-07-42,220.50917034543644
47a3b0-NOZ183-11-17-08-51,107.68559237208234
47a3b0-NOZ183-11-29-08-49,141.2636439962029
47a3b0-NOZ191-11-28-17-04,100.66485223178024
47a3b0-NOZ270-11-25-07-30,118.16188851038154
47a3b0-NOZ271-11-25-06-09,68.88147455469729
47a3b0-NOZ276-11-16-15-55,183.5231108027178
47a3b0-NOZ276-11-30-15-52,288.7548660853959
47a3b0-NOZ277-11-16-17-20,197.02473866542041
47a3b0-NOZ2UC-12-23-16-12,176.00313066550157
47a3b0-NOZ345-11-06-10-14,875.8498177863097
47a3b0-NOZ345-12-02-09-42,1039.0356587571985
47a3b0-NOZ42U-11-11-07-06,344.3727821734111
47a3b0-NOZ4RZ-11-06-08-18,1012.5407271780947
47a3b0-NOZ4RZ-12-02-07-41,1050.6440871480202
47a3b0-NOZ50A-11-29-16-40,889.7882566932376
47a3b0-NOZ50A-12-02-16-47,1107.892567600499
47a3b0-NOZ522-11-21-05-58,248.64697037814813
47a3b0-NOZ525-11-21-07-16,54.99273686218292
47a3b0-NOZ530-12-23-10-14,171.4594793265704
47a3b0-NOZ531-12-23-11-26,56.46716669210979
47a3b0-NOZ534-12-23-12-49,137.50004717671794
47a3b0-NOZ537-12-23-14-24,143.3991641322602
47a3b0-NOZ540-11-24-16-25,267.42394168320817
47a3b0-NOZ545-12-28-17-31,107.61124540491132
47a3b0-NOZ54Z-11-11-12-38,213.328203053507
47a3b0-NOZ553-12-11-20-03,70.42939430864993
47a3b0-NOZ55J-11-29-18-33,1208.868264468351
47a3b0-NOZ55J-12-02-18-44,1149.0636130369062
47a3b0-NOZ60M-11-11-15-29,153.37507717892584
47a3b0-NOZ639-12-23-17-29,21.66754638070224
47a3b0-NOZ6TM-11-28-18-50,177.2772618793409
47a3b0-NOZ6TM-11-30-18-47,69.51420584902583
47a3b0-NOZ7C-11-25-08-44,94.20380105759423
47a3b0-NOZ8ME-11-11-18-10,208.3970884607079
47a50d-NOZ144-12-28-15-53,53.09793118368359
47a50d-NOZ144-12-30-15-54,71.46580129979215
47a50d-NOZ145-12-27-17-10,273.31645670711464
47a50d-NOZ145-12-28-16-56,85.4157739726509
47a50d-NOZ145-12-30-16-55,225.0871216826919
47a50d-NOZ181-11-05-08-55,296.99553671836014
47a50d-NOZ194-12-04-18-49,169.33155780025305
47a50d-NOZ195-12-04-20-09,142.74730960039665
47a50d-NOZ1BG-11-22-06-05,1104.2589292912314
47a50d-NOZ1BG-11-25-06-17,944.7519333081519
47a50d-NOZ1BG-12-09-06-26,1066.9267655557496
47a50d-NOZ1TT-12-09-14-39,191.99293875202568
47a50d-NOZ270-11-09-07-26,187.88429439433077
47a50d-NOZ276-12-19-16-54,300.94827000235813
47a50d-NOZ277-12-04-14-44,113.12371327861386
47a50d-NOZ277-12-19-18-14,361.4054286633334
47a50d-NOZ2UC-12-04-16-07,209.92503070911974
47a50d-NOZ2UC-12-20-16-18,159.47230862018685
47a50d-NOZ346-11-25-14-41,999.5358407102915
47a50d-NOZ346-12-25-14-55,1054.4198416141528
47a50d-NOZ347-11-25-16-30,888.1999284251671
47a50d-NOZ347-12-25-16-51,1247.3362007683413
47a50d-NOZ3VG-12-09-16-03,116.69508169586122
47a50d-NOZ42U-12-15-07-12,171.46910318915366
47a50d-NOZ50A-12-12-16-49,1002.1457388427807
47a50d-NOZ525-11-20-11-42,229.38309217427613
47a50d-NOZ534-12-12-12-55,99.33179204942483
47a50d-NOZ536-11-06-14-18,254.50486115759696
47a50d-NOZ537-11-20-14-53,205.62524902929755
47a50d-NOZ537-12-12-14-08,145.45057488547135
47a50d-NOZ540-11-20-16-29,112.14953456477306
47a50d-NOZ545-11-20-17-38,157.59891668774412
47a50d-NOZ555-11-20-20-37,134.8583754643083
47a50d-NOZ55J-12-12-18-35,1207.9763053950785
47a50d-NOZ56U-11-21-19-16,991.959581635117
47a50d-NOZ56U-11-24-19-12,1133.5531410537203
47a50d-NOZ5PR-11-17-16-07,323.1246561464051
47a50d-NOZ628-12-09-17-40,172.04929109409454
47a50d-NOZ639-12-04-17-25,64.61152731799685
47a50d-NOZ639-12-06-17-48,86.67702728696031
47a50d-NOZ639-12-20-17-41,174.49947326076014
47a50d-NOZ645-12-09-18-53,82.01886098469956
47a50d-NOZ66Y-12-18-18-24,370.6393184477907
47a50d-NOZ7C-11-09-08-41,166.93164401649295
47a50d-NOZ8ME-12-15-20-18,363.58392488345464
47a50d-NOZ96F-12-15-22-32,332.4795737920317
47a518-NOZ132-12-15-14-22,122.69076350252881
47a518-NOZ133-12-15-15-15,64.97667697619939
47a518-NOZ164-12-15-06-36,313.8932678845696
47a518-NOZ1BG-11-14-06-16,1101.7121307619486
47a518-NOZ1BG-11-23-05-56,1328.3476756012321
47a518-NOZ1BG-12-17-07-08,1148.0821482550243
47a518-NOZ1TT-11-08-14-31,141.88755704302704
47a518-NOZ1YA-12-16-17-45,40.4761341542892
47a518-NOZ271-11-12-07-35,287.1247987975001
47a518-NOZ271-11-18-06-28,107.88746418740779
47a518-NOZ276-12-08-16-16,160.01169749720754
47a518-NOZ277-12-08-17-38,69.80573133057591
47a518-NOZ278-11-11-18-57,203.4213218387647
47a518-NOZ2BE-11-01-12-36,1735.863739593852
47a518-NOZ2DC-12-21-05-58,80.66107555010504
47a518-NOZ2UC-12-28-16-10,232.03536122914912
47a518-NOZ345-11-18-09-44,1120.3878704329227
47a518-NOZ3JE-12-12-07-01,251.10446086601578
47a518-NOZ3JE-12-16-08-34,119.13906505961018
47a518-NOZ3JE-12-21-06-52,242.7110314997569
47a518-NOZ4RZ-11-18-07-53,979.90927740363
47a518-NOZ50A-11-18-16-41,988.3019465910426
47a518-NOZ522-12-07-06-18,290.2913882346912
47a518-NOZ525-12-07-07-35,144.95856745755844
47a518-NOZ536-11-20-14-31,80.11568742460726
47a518-NOZ538-12-22-16-12,112.32475854338652
47a518-NOZ540-11-22-16-32,323.2925211186073
47a518-NOZ541-11-20-15-44,147.64482212333346
47a518-NOZ543-12-22-17-34,92.08774232952108
47a518-NOZ545-11-22-17-37,174.70255310986266
47a518-NOZ55J-11-18-18-37,1104.0307789228611
47a518-NOZ56U-11-13-20-05,1150.7666815364698
47a518-NOZ56U-11-22-19-05,1047.6104113418942
47a518-NOZ56U-12-16-23-56,1044.414535690455
47a518-NOZ5PY-11-08-16-00,176.21967842056745
47a518-NOZ605-12-20-06-36,274.76398790234856
47a518-NOZ605-12-22-06-39,163.3470631551608
47a518-NOZ606-12-20-08-12,132.72028043159796
47a518-NOZ607-11-15-07-18,100.83545317929057
47a518-NOZ608-12-13-13-31,84.89998215302727
47a518-NOZ611-12-13-12-01,142.88259110997586
47a518-NOZ612-11-14-12-35,209.1362819239398
47a518-NOZ620-12-21-15-47,100.80933076256161
47a518-NOZ626-11-14-16-46,138.9726359847108
47a518-NOZ626-12-11-17-41,201.76617462828847
47a518-NOZ626-12-12-17-01,148.38920324026938
47a518-NOZ626-12-13-16-58,66.69272296712084
47a518-NOZ628-11-08-17-24,103.38767899645431
47a518-NOZ631-11-14-15-27,79.66598125700082
47a518-NOZ631-12-11-15-58,186.27341889102937
47a518-NOZ631-12-12-15-31,262.86824661856417
47a518-NOZ631-12-13-15-26,53.13616787257442
47a518-NOZ632-12-21-19-02,119.67370532049846
47a518-NOZ634-12-11-20-12,229.76021680746584
47a518-NOZ638-12-19-20-20,204.2285734464251
47a518-NOZ639-11-09-17-23,105.66692166500367
47a518-NOZ639-12-28-17-30,73.04064561555049
47a518-NOZ639-12-29-19-14,89.0403982772342
47a518-NOZ643-12-11-18-56,59.963951745062644
47a518-NOZ645-11-08-18-44,123.014311058118
47a518-NOZ6TC-11-01-17-09,1611.0815183216234
47a531-NOZ133-11-06-15-50,162.92010199325586
47a531-NOZ133-12-13-15-33,116.11895532065013
47a531-NOZ134-11-06-17-05,103.7732078638961
47a531-NOZ140-12-07-07-22,196.3543822574067
47a531-NOZ141-12-15-08-25,78.37756234208159
47a531-NOZ144-12-07-16-28,175.44538914089654
47a531-NOZ144-12-19-15-52,110.5227469979526
47a531-NOZ145-12-16-17-19,224.27320507297827
47a531-NOZ145-12-19-16-52,207.39803233733085
47a531-NOZ181-12-02-06-05,196.31392367900511
47a531-NOZ182-12-02-07-43,153.55861675618993
47a531-NOZ183-12-02-09-09,170.73092737949898
47a531-NOZ1TT-12-11-15-27,145.48129007291442
47a531-NOZ276-11-13-13-22,224.71293191631347
47a531-NOZ277-11-13-14-39,187.5878112944197
47a531-NOZ3VG-12-11-16-42,84.07814755023804
47a531-NOZ4HF-12-12-07-07,196.95379975654407
47a531-NOZ521-11-07-05-32,215.27004943974657
47a531-NOZ521-11-09-05-29,202.9445656268946
47a531-NOZ521-11-10-05-29,96.55279401428639
47a531-NOZ521-11-17-05-29,61.78655947026622
47a531-NOZ523-11-08-06-33,110.92888880797975
47a531-NOZ523-11-11-06-28,70.86606261451396
47a531-NOZ523-11-12-06-00,108.01181886326921
47a531-NOZ523-11-13-06-30,231.64139464058619
47a531-NOZ523-11-19-06-01,156.6604849055736
47a531-NOZ523-11-21-06-52,75.8163979434507
47a531-NOZ523-11-23-06-29,129.3759072093817
47a531-NOZ523-11-24-06-34,346.9572389795251
47a531-NOZ523-11-25-06-49,205.73126881075194
47a531-NOZ523-11-27-06-29,237.03386662331386
47a531-NOZ524-11-07-07-07,61.33163496435736
47a531-NOZ524-11-09-06-59,140.01143787654158
47a531-NOZ524-11-10-06-59,234.50852186989096
47a531-NOZ524-11-12-07-21,423.1921682678323
47a531-NOZ524-11-19-07-22,194.26626079383544
47a531-NOZ526-11-08-08-04,229.5714776021683
47a531-NOZ526-11-11-08-00,212.64793205017818
47a531-NOZ526-11-21-08-29,86.75370882679739
47a531-NOZ526-11-22-08-14,139.151360576813
47a531-NOZ526-11-23-08-45,306.9679114392028
47a531-NOZ526-11-24-08-23,295.42827474493225
47a531-NOZ530-11-20-09-26,104.69209170792458
47a531-NOZ531-11-12-08-37,451.2565514273447
47a531-NOZ531-11-19-08-37,57.368370795786376
47a531-NOZ531-11-20-08-00,102.64968675889605
47a531-NOZ532-11-08-10-59,243.7678641265903
47a531-NOZ532-11-11-11-04,124.25697467012127
47a531-NOZ532-11-12-10-08,116.72090841503174
47a531-NOZ532-11-20-12-25,62.655659272254205
47a531-NOZ532-11-21-11-12,142.8457606709764
47a531-NOZ532-11-22-11-12,227.21778684898757
47a531-NOZ532-11-23-11-10,127.63249339416127
47a531-NOZ532-11-24-11-11,328.98809163073645
47a531-NOZ532-11-25-11-14,248.23584586296664
47a531-NOZ535-11-08-12-27,187.5807077449807
47a531-NOZ535-11-11-12-31,140.6821721838399
47a531-NOZ535-11-20-13-37,339.1057483512462
47a531-NOZ535-11-21-12-35,381.4590298706633
47a531-NOZ535-11-22-12-29,197.60362177383314
47a531-NOZ535-11-23-12-30,138.60634452821893
47a531-NOZ535-11-24-12-34,65.9988666806955
47a531-NOZ535-11-25-12-32,193.85711030127817
47a531-NOZ536-11-08-14-15,356.1998258458848
47a531-NOZ536-11-11-14-14,113.35203003234244
47a531-NOZ536-11-16-14-59,132.81150268331112
47a531-NOZ536-11-21-14-17,263.49825070910117
47a531-NOZ536-11-22-14-23,169.289335664934
47a531-NOZ536-11-23-14-32,172.36899117173917
47a531-NOZ536-11-24-14-29,273.97318390773137
47a531-NOZ536-11-25-14-26,60.719651840422465
47a531-NOZ538-11-18-15-22,172.7685223699471
47a531-NOZ538-11-20-15-15,104.44474091774573
47a531-NOZ541-11-08-15-42,204.76926210822333
47a531-NOZ541-11-16-16-31,68.75589407286579
47a531-NOZ541-11-21-15-38,256.88417131235616
47a531-NOZ541-11-22-15-46,61.100386480497626
47a531-NOZ541-11-24-15-47,141.3672643919304
47a531-NOZ541-11-25-15-55,188.6389136134477
47a531-NOZ543-11-18-16-41,155.02763626108037
47a531-NOZ543-11-20-16-39,204.0104603720503
47a531-NOZ544-11-08-17-14,195.06086091618033
47a531-NOZ544-11-11-17-20,117.91659334264017
47a531-NOZ544-11-16-17-43,75.70755459756008
47a531-NOZ544-11-20-18-25,265.5064640140166
47a531-NOZ544-11-21-17-16,264.7123192673567
47a531-NOZ544-11-22-17-51,250.33877764324092
47a531-NOZ544-11-23-17-45,157.57026207615547
47a531-NOZ544-11-24-17-14,114.33385582282405
47a531-NOZ544-11-25-17-20,92.03371756675124
47a531-NOZ545-12-30-17-52,82.34418550063641
47a531-NOZ546-11-18-18-19,112.5549866393657
47a531-NOZ547-11-16-18-53,160.92781061921676
47a531-NOZ547-11-22-18-57,120.01870378622306
47a531-NOZ547-11-23-18-51,232.79472688629633
47a531-NOZ547-11-24-18-30,89.79732578547681
47a531-NOZ549-11-20-19-45,163.44298327158685
47a531-NOZ550-11-04-20-06,169.29118063041508
47a531-NOZ550-11-16-20-15,86.55484024052049
47a531-NOZ550-11-20-21-09,240.77101201687793
47a531-NOZ550-11-22-20-25,133.09249003433948
47a531-NOZ550-11-23-20-16,217.18408249809218
47a531-NOZ550-11-24-20-12,171.35950728174294
47a531-NOZ5AY-11-08-09-23,396.9861912720265
47a531-NOZ5AY-11-20-10-46,241.92003764165986
47a531-NOZ5AY-11-21-09-32,234.98316307376166
47a531-NOZ5AY-11-22-09-19,158.54095551212407
47a531-NOZ5AY-11-23-09-52,152.45502012973745
47a531-NOZ5AY-11-24-09-32,296.3601182649972
47a531-NOZ5AY-11-25-09-49,140.44991552551568
47a531-NOZ601-12-12-05-30,194.9503771476902
47a531-NOZ602-11-15-06-15,179.68519468148634
47a531-NOZ607-12-14-07-20,129.07072260102873
47a531-NOZ608-12-12-09-57,61.89921248363246
47a531-NOZ609-11-15-07-36,86.36611582159246
47a531-NOZ611-12-12-08-31,83.52207438021775
47a531-NOZ612-12-12-12-48,163.77472866130978
47a531-NOZ617-12-12-11-17,86.07738533616445
47a531-NOZ620-12-12-15-30,121.66005471130443
47a531-NOZ620-12-23-15-39,151.7104106768225
47a531-NOZ625-12-12-14-05,155.99005199447924
47a531-NOZ628-12-11-18-00,173.1014038119253
47a531-NOZ632-12-12-18-07,70.09639017183275
47a531-NOZ632-12-23-18-47,174.28492393625396
47a531-NOZ637-12-12-16-42,171.97334444068116
47a531-NOZ638-12-11-20-50,185.86603055647237
47a531-NOZ645-12-11-19-22,43.975304248989694
47a531-NOZ64N-12-06-17-24,127.92490785493919
47a531-NOZ6TM-12-30-19-25,277.79632406086444
47a7a8-NOZ181-12-15-06-30,97.7338332554849
47a7a8-NOZ182-12-15-07-43,94.33388964933656
47a7a8-NOZ182-12-28-07-45,268.14944260015875
47a7a8-NOZ183-12-15-09-00,68.41635503210705
47a7a8-NOZ183-12-28-09-08,194.39233380804217
47a7a8-NOZ276-11-07-16-03,245.35401550596671
47a7a8-NOZ276-12-21-16-31,150.68094306421338
47a7a8-NOZ277-11-07-17-22,130.44666611534137
47a7a8-NOZ278-11-02-19-06,171.35219412202053
47a7a8-NOZ2GH-11-27-15-39,108.37059238494362
47a7a8-NOZ2KT-11-02-16-12,90.06382518487752
47a7a8-NOZ2UC-11-03-16-02,68.48088830232396
47a7a8-NOZ2UC-11-11-16-04,180.45898873480508
47a7a8-NOZ345-11-05-11-21,986.1516293754521
47a7a8-NOZ345-11-10-09-47,1048.9162394850339
47a7a8-NOZ346-11-16-14-35,890.487121261672
47a7a8-NOZ346-11-17-14-39,897.6477076789355
47a7a8-NOZ347-11-16-16-36,984.92434250566
47a7a8-NOZ347-11-17-16-33,1234.1434667539313
47a7a8-NOZ3JE-11-28-06-57,212.8020378617374
47a7a8-NOZ3JE-12-30-07-05,74.30710934102461
47a7a8-NOZ4HF-11-25-07-04,219.51549113852488
47a7a8-NOZ4HF-12-01-06-58,237.22469038267857
47a7a8-NOZ4HF-12-02-07-06,153.91324195635602
47a7a8-NOZ4RZ-11-05-09-28,1216.7735810416568
47a7a8-NOZ4RZ-11-10-07-42,1031.7961893566132
47a7a8-NOZ50A-11-09-16-36,951.1786442256624
47a7a8-NOZ50A-11-14-16-36,1092.0482664189683
47a7a8-NOZ523-12-12-06-36,156.86601475514718
47a7a8-NOZ526-12-12-08-03,118.43510335636158
47a7a8-NOZ526-12-13-07-57,286.3306532237766
47a7a8-NOZ530-12-11-10-04,122.20203514620927
47a7a8-NOZ531-12-11-08-48,109.0566900281682
47a7a8-NOZ532-12-11-13-18,130.9526475458018
47a7a8-NOZ532-12-12-11-20,74.73990615884209
47a7a8-NOZ535-12-11-14-29,83.29821284085445
47a7a8-NOZ535-12-12-12-35,189.21821003493474
47a7a8-NOZ538-12-09-15-28,214.35460717629573
47a7a8-NOZ538-12-11-16-04,218.694008126683
47a7a8-NOZ541-12-12-15-54,197.14591733468467
47a7a8-NOZ543-12-09-16-46,141.29803990433373
47a7a8-NOZ543-12-11-17-22,87.25632266662078
47a7a8-NOZ544-11-03-18-47,61.810102312031574
47a7a8-NOZ544-12-11-18-47,120.03201296462878
47a7a8-NOZ544-12-12-17-17,131.88896599737393
47a7a8-NOZ546-12-09-18-18,118.3695138366219
47a7a8-NOZ547-11-03-19-57,85.1537343957331
47a7a8-NOZ548-11-06-18-32,382.45978027442055
47a7a8-NOZ549-12-11-19-58,178.47925751552356
47a7a8-NOZ550-12-11-21-12,131.07387754660573
47a7a8-NOZ553-11-06-19-56,274.045175556778
47a7a8-NOZ55J-11-09-18-39,1029.6242722308411
47a7a8-NOZ55J-11-14-18-34,1118.497787952133
47a7a8-NOZ5AY-12-11-11-26,121.99493015642796
47a7a8-NOZ5AY-12-12-09-20,152.40268552104163
47a7a8-NOZ5AY-12-13-09-17,184.3864600314634
47a7a8-NOZ601-11-25-05-37,117.87964887071209
47a7a8-NOZ601-11-30-05-37,103.78900314355056
47a7a8-NOZ601-12-02-05-31,89.64437703807715
47a7a8-NOZ605-11-29-06-34,96.19509600030723
47a7a8-NOZ605-12-29-06-30,176.33909039410096
47a7a8-NOZ606-11-29-07-56,142.7190065086158
47a7a8-NOZ606-12-29-08-45,72.41991680114303
47a7a8-NOZ608-11-25-09-58,107.32919592426316
47a7a8-NOZ608-12-01-09-46,228.09076306011153
47a7a8-NOZ611-11-25-08-30,143.81639472921842
47a7a8-NOZ611-12-01-08-21,63.2072048264875
47a7a8-NOZ611-12-02-08-32,69.43948728688576
47a7a8-NOZ612-11-25-12-40,117.07370775241004
47a7a8-NOZ612-11-30-12-18,65.23085963609068
47a7a8-NOZ612-12-01-12-41,167.8759094581656
47a7a8-NOZ612-12-02-12-47,202.07740802585406
47a7a8-NOZ612-12-28-13-11,214.33369891157008
47a7a8-NOZ614-12-04-14-00,293.5182563318438
47a7a8-NOZ617-11-25-11-13,99.84605374603323
47a7a8-NOZ617-11-30-10-55,103.30002156219372
47a7a8-NOZ617-12-02-11-26,75.29907692545177
47a7a8-NOZ620-11-24-15-57,122.07655127992213
47a7a8-NOZ620-11-25-15-26,70.37382378502957
47a7a8-NOZ620-11-30-15-29,209.41154955948176
47a7a8-NOZ620-12-01-15-29,145.6251303746674
47a7a8-NOZ623-12-04-12-31,86.42070471892855
47a7a8-NOZ624-11-27-16-54,235.83294155955127
47a7a8-NOZ625-11-25-14-06,193.45924530436358
47a7a8-NOZ625-12-02-14-08,104.49698438891232
47a7a8-NOZ625-12-28-14-41,71.51474320654417
47a7a8-NOZ626-11-28-16-44,405.45943379285904
47a7a8-NOZ626-11-29-16-55,122.13874500106236
47a7a8-NOZ626-12-04-17-03,179.54072959241768
47a7a8-NOZ626-12-29-17-15,150.42432211316805
47a7a8-NOZ631-11-29-15-27,163.95309704590588
47a7a8-NOZ631-12-04-15-32,139.10090505419518
47a7a8-NOZ632-11-25-18-12,118.68867016493343
47a7a8-NOZ632-11-30-18-03,180.1898510301671
47a7a8-NOZ632-12-02-18-11,158.9858060227513
47a7a8-NOZ637-11-24-17-10,79.59568786837175
47a7a8-NOZ637-11-25-16-46,201.42026405191558
47a7a8-NOZ637-11-30-16-46,117.86496782339651
47a7a8-NOZ637-12-01-16-42,168.1240897084089
47a7a8-NOZ637-12-02-16-53,80.88081811606403
47a7a8-NOZ639-11-03-17-28,73.3228108257635
47a7a8-NOZ639-11-11-17-38,216.91288737001432
47a7a8-NOZ643-12-04-18-17,127.78375100444178
47a7a8-NOZ6TM-12-14-18-45,154.67139227453848
47a7a8-NOZ7C-11-03-08-44,172.43387622829232
4aca0a-NOZ181-12-19-06-08,149.1942175204697
4aca0a-NOZ277-12-22-18-16,105.11068966329574
4aca0a-NOZ538-12-29-16-10,276.09236813637995
4aca0a-NOZ543-12-29-17-34,115.99451117989568
4aca0a-NOZ546-12-29-19-16,200.7349514774587
4aca0a-NOZ549-12-29-20-31,153.2764065599975
4aca0a-NOZ6TM-12-18-20-20,229.63025465543024
4aca42-NOZ1YA-12-17-13-01,92.50223063615599
4aca46-NOZ345-11-29-09-30,1183.2744177469046
4aca46-NOZ346-11-28-14-42,928.6491125991428
4aca46-NOZ347-11-28-16-40,1161.584879731971
4aca46-NOZ4RZ-11-29-07-30,909.9863761130484
4aca46-NOZ538-12-01-15-35,68.92231922266386
4aca46-NOZ549-12-01-16-57,532.8085895804994
4aca46-NOZ602-12-01-06-06,269.4244545126416
4aca46-NOZ609-11-28-07-29,105.09805624278326
4aca47-NOZ270-11-04-07-25,194.62606288432815
4aca47-NOZ271-11-05-07-46,211.43781442541552
4aca47-NOZ278-11-04-18-55,76.45111584594358
4aca47-NOZ278-11-08-18-52,66.47994036280254
4aca4a-NOZ639-11-16-17-20,72.2892114098483
4aca4e-NOZ194-11-13-18-54,209.2060356944787
4aca4e-NOZ1BG-11-07-05-59,973.5063254215544
4aca4e-NOZ271-11-04-06-14,101.85728936069415
4aca4e-NOZ2UC-11-13-16-04,211.49709200157992
4aca4e-NOZ345-11-24-09-53,1259.3736790730622
4aca4e-NOZ4RZ-11-24-08-12,859.4969632099513
4aca4e-NOZ538-11-17-15-22,207.67259783199913
4aca4e-NOZ540-11-03-16-17,159.12076490830137
4aca4e-NOZ543-11-17-16-46,169.094910930499
4aca4e-NOZ545-11-03-17-35,188.2015998985305
4aca4e-NOZ546-11-17-18-24,181.53120279478415
4aca4e-NOZ549-11-17-19-43,190.92079130606731
4aca4e-NOZ56U-11-06-19-59,1012.7344561145487
4aca4e-NOZ639-11-13-17-28,57.16750738726037
4aca4f-NOZ191-12-16-19-50,188.76886732825227
4aca4f-NOZ346-12-18-14-54,1099.1226370063189
4aca4f-NOZ347-12-18-17-50,887.2506339679014
4aca4f-NOZ40T-12-16-06-13,247.8944826917979
4aca4f-NOZ534-12-11-13-35,78.16935104847677
4aca4f-NOZ537-12-11-15-01,178.03003992617803
4aca4f-NOZ540-12-11-16-24,190.92015268883097
4aca4f-NOZ545-12-11-17-37,243.68376341854326
4aca4f-NOZ546-12-11-19-11,181.06211745843274
4aca4f-NOZ555-12-11-20-31,220.17760843909977
4aca4f-NOZ9BH-12-16-17-59,150.00551538982725
