flight_id,pred_physics_takeoff
4784c2-NOZ191-11-01-17-02,50.530464
4784c2-NOZ191-11-13-13-36,53.94713
4784c2-NOZ191-11-29-17-09,44.453823
4784c2-NOZ270-11-14-07-26,56.50456
4784c2-NOZ270-11-30-07-26,51.985195
4784c2-NOZ271-11-14-06-15,51.499886
4784c2-NOZ271-12-02-06-14,49.51791
4784c2-NOZ271-12-03-07-52,50.49098
4784c2-NOZ278-12-02-19-03,48.432846
4784c2-NOZ2UC-11-07-16-07,58.081833
4784c2-NOZ2UC-11-08-16-03,59.304066
4784c2-NOZ345-11-12-11-17,49.40725
4784c2-NOZ345-11-26-11-13,54.178417
4784c2-NOZ346-11-27-14-53,64.335075
4784c2-NOZ347-11-27-16-44,51.62203
4784c2-NOZ4RZ-11-12-09-18,66.65752
4784c2-NOZ4RZ-11-26-09-20,63.3788
4784c2-NOZ50A-11-03-16-50,62.909634
4784c2-NOZ522-11-28-06-12,60.41574
4784c2-NOZ525-11-28-07-26,59.622738
4784c2-NOZ546-11-01-18-20,57.797047
4784c2-NOZ549-11-01-19-33,49.084682
4784c2-NOZ55J-11-03-18-43,55.97412
4784c2-NOZ605-11-15-06-32,59.674534
4784c2-NOZ605-12-28-06-33,58.418976
4784c2-NOZ606-11-15-08-02,56.10744
4784c2-NOZ607-11-01-07-02,62.526176
4784c2-NOZ612-12-27-14-55,58.116573
4784c2-NOZ617-12-27-13-18,58.007435
4784c2-NOZ625-12-27-17-17,57.7514
4784c2-NOZ626-12-22-17-24,62.79347
4784c2-NOZ631-11-15-15-28,55.14896
4784c2-NOZ638-11-14-20-08,63.83353
4784c2-NOZ638-12-21-20-17,58.375202
4784c2-NOZ7C-11-14-08-44,54.16846
4784c2-NOZ7C-12-02-08-42,51.313198
4784c2-NOZ8C-11-13-21-07,43.0224
4784c2-NOZ9BH-11-13-12-09,59.659824
4784c2-NOZ9BH-11-29-15-45,50.863148
47873f-NOZ181-12-31-09-25,51.472916
47873f-NOZ191-12-28-17-25,55.467148
47873f-NOZ538-12-21-15-53,54.152615
47873f-NOZ543-12-21-17-15,56.651024
47873f-NOZ9BH-12-28-15-59,53.937855
478741-NOZ181-11-12-08-54,53.642353
478741-NOZ181-11-23-06-07,47.05204
478741-NOZ182-11-12-07-29,54.02308
478741-NOZ183-11-23-09-32,44.959743
478741-NOZ1BG-11-11-06-13,45.675587
478741-NOZ1BG-12-23-10-02,50.652096
478741-NOZ1TT-11-18-14-47,62.925774
478741-NOZ1TT-12-20-14-32,58.19125
478741-NOZ276-11-21-16-07,60.601234
478741-NOZ276-11-22-16-43,49.111176
478741-NOZ277-11-21-18-11,51.191734
478741-NOZ277-11-22-18-17,49.588303
478741-NOZ345-11-04-09-43,62.63698
478741-NOZ346-12-21-15-24,61.49818
478741-NOZ3VG-12-20-16-02,56.21547
478741-NOZ4RZ-11-04-07-46,64.06192
478741-NOZ50A-11-04-16-47,65.29802
478741-NOZ523-11-01-06-30,57.366085
478741-NOZ523-11-02-06-31,61.7622
478741-NOZ523-12-15-06-54,59.10216
478741-NOZ526-11-01-08-06,59.333282
478741-NOZ526-11-02-08-01,52.59576
478741-NOZ526-12-15-08-18,48.816013
478741-NOZ531-11-14-11-12,55.679543
478741-NOZ532-11-01-11-02,58.994324
478741-NOZ532-11-02-10-59,48.98662
478741-NOZ534-11-14-12-41,61.621555
478741-NOZ535-11-01-12-31,48.170303
478741-NOZ535-11-02-12-29,58.216396
478741-NOZ536-11-01-14-11,56.412003
478741-NOZ536-11-02-14-14,53.99475
478741-NOZ537-11-14-13-58,59.441006
478741-NOZ538-11-14-15-19,64.81045
478741-NOZ538-12-16-15-37,57.99496
478741-NOZ538-12-27-16-00,62.159016
478741-NOZ540-12-18-16-22,58.328568
478741-NOZ541-11-01-15-46,44.46826
478741-NOZ541-11-02-15-38,58.961983
478741-NOZ543-12-16-18-03,55.171974
478741-NOZ543-12-27-17-18,54.466198
478741-NOZ544-11-01-17-11,62.089817
478741-NOZ545-12-18-17-59,53.80465
478741-NOZ546-12-16-20-25,53.21715
478741-NOZ546-12-18-19-13,58.68407
478741-NOZ546-12-27-18-43,56.325882
478741-NOZ547-11-01-18-24,44.373104
478741-NOZ547-11-02-18-24,46.488403
478741-NOZ550-11-01-19-53,52.12222
478741-NOZ550-12-14-20-21,54.608513
478741-NOZ55J-11-04-18-38,60.075466
478741-NOZ56U-12-22-20-29,58.74791
478741-NOZ5AY-11-01-09-21,45.796604
478741-NOZ5AY-11-02-09-34,61.14175
478741-NOZ5AY-12-15-09-30,51.40127
478741-NOZ5PY-11-06-16-03,59.956474
478741-NOZ601-11-07-05-45,59.11566
478741-NOZ601-11-09-05-35,51.555035
478741-NOZ602-11-08-06-06,55.10727
478741-NOZ607-11-10-07-01,51.54005
478741-NOZ608-11-07-09-47,63.98618
478741-NOZ608-11-09-09-45,53.301414
478741-NOZ609-11-08-07-27,51.454266
478741-NOZ611-11-07-08-26,62.108917
478741-NOZ611-11-09-08-30,50.95085
478741-NOZ612-11-07-12-35,67.60569
478741-NOZ617-11-07-11-01,61.315933
478741-NOZ617-11-09-11-04,49.01855
478741-NOZ620-11-09-15-20,56.880993
478741-NOZ625-11-09-13-59,54.044296
478741-NOZ628-11-06-17-28,62.74594
478741-NOZ628-11-18-18-08,59.09306
478741-NOZ632-11-09-18-00,55.631535
478741-NOZ637-11-09-16-42,52.57198
478741-NOZ638-11-06-20-18,64.1651
478741-NOZ638-11-08-20-09,59.825676
478741-NOZ645-11-06-18-48,59.085876
478741-NOZ645-11-18-20-23,62.618523
478741-NOZ6CF-11-03-08-05,57.335293
478741-NOZ6TM-11-22-19-40,50.84296
478741-NOZ8920-12-28-06-34,47.403225
478742-NOZ133-12-18-15-53,43.00075
478742-NOZ134-12-18-16-55,46.890038
478742-NOZ144-11-21-15-47,46.09522
478742-NOZ145-11-21-16-51,57.321075
478742-NOZ182-11-30-07-39,50.442234
478742-NOZ191-12-30-17-23,47.9903
478742-NOZ1BG-12-07-06-35,48.030373
478742-NOZ1BG-12-16-06-25,59.968853
478742-NOZ1BG-12-27-06-15,52.434345
478742-NOZ1TT-12-16-16-22,62.45323
478742-NOZ1TT-12-21-14-48,56.499466
478742-NOZ270-12-30-07-27,44.018364
478742-NOZ271-12-10-07-32,50.458702
478742-NOZ276-11-29-15-51,58.998486
478742-NOZ277-11-29-17-09,48.761204
478742-NOZ278-12-09-19-00,49.892307
478742-NOZ2DC-11-11-06-06,47.85908
478742-NOZ2DC-11-14-05-58,50.84305
478742-NOZ2DC-11-15-06-02,49.719437
478742-NOZ3JE-11-11-06-55,46.44109
478742-NOZ3JE-11-15-06-57,52.04429
478742-NOZ3VG-12-21-16-18,58.188866
478742-NOZ50A-11-22-17-34,60.764057
478742-NOZ50A-12-22-17-29,63.8052
478742-NOZ522-11-17-06-10,59.93709
478742-NOZ524-12-02-07-07,53.65416
478742-NOZ524-12-17-08-41,64.18514
478742-NOZ525-11-17-07-25,62.651016
478742-NOZ525-12-04-11-30,58.398785
478742-NOZ531-11-29-11-06,54.30333
478742-NOZ532-12-17-12-13,62.898506
478742-NOZ534-12-04-13-25,58.966198
478742-NOZ534-12-09-13-30,55.131634
478742-NOZ537-11-29-13-58,50.91168
478742-NOZ537-12-09-14-40,56.219864
478742-NOZ537-12-20-14-13,51.87441
478742-NOZ540-11-17-16-15,61.58986
478742-NOZ540-12-04-16-20,61.668644
478742-NOZ540-12-06-16-19,51.56102
478742-NOZ540-12-29-18-41,48.881935
478742-NOZ545-11-17-17-42,48.380554
478742-NOZ545-12-04-17-34,57.54814
478742-NOZ545-12-06-17-35,51.54648
478742-NOZ545-12-29-19-51,56.803204
478742-NOZ546-12-04-18-58,59.935577
478742-NOZ55J-11-22-19-16,55.837498
478742-NOZ56U-12-06-19-08,60.688366
478742-NOZ56U-12-15-20-11,58.523617
478742-NOZ56U-12-26-23-04,60.68168
478742-NOZ607-11-16-06-59,57.729538
478742-NOZ608-11-13-09-56,64.63743
478742-NOZ611-11-13-08-28,55.989285
478742-NOZ617-11-13-11-14,57.50387
478742-NOZ625-11-13-14-00,62.163433
478742-NOZ628-12-16-20-11,61.215935
478742-NOZ628-12-21-17-45,52.25552
478742-NOZ637-11-13-16-52,63.281227
478742-NOZ638-11-10-20-24,56.739616
478742-NOZ645-12-16-21-30,52.432507
478742-NOZ645-12-21-19-15,59.210396
478742-NOZ647-11-13-19-36,59.814697
478742-NOZ648-11-13-20-58,63.705757
478742-NOZ6TM-11-29-18-46,57.01979
478742-NOZ7C-12-30-08-36,54.44075
478742-NOZ9BH-11-18-16-32,49.73301
478742-NOZ9BH-12-30-15-48,49.799385
47875a-NOZ181-12-07-06-10,48.43042
47875a-NOZ181-12-14-06-41,61.919163
47875a-NOZ182-12-14-08-07,46.50388
47875a-NOZ183-12-07-08-44,44.16238
47875a-NOZ183-12-14-09-21,50.531937
47875a-NOZ191-11-25-17-31,53.607243
47875a-NOZ191-12-07-17-06,48.085358
47875a-NOZ1TT-11-23-14-58,57.573036
47875a-NOZ1TT-12-02-14-51,58.17186
47875a-NOZ270-11-11-07-19,45.629665
47875a-NOZ270-11-23-08-11,46.37136
47875a-NOZ270-12-16-08-06,48.81619
47875a-NOZ271-11-11-06-07,45.160007
47875a-NOZ271-12-16-06-19,53.68648
47875a-NOZ276-12-12-15-58,44.604954
47875a-NOZ277-12-06-17-34,50.24704
47875a-NOZ277-12-13-18-13,53.660786
47875a-NOZ278-11-10-18-57,51.511562
47875a-NOZ278-12-15-19-48,50.308453
47875a-NOZ2UC-11-15-16-06,54.17648
47875a-NOZ2UC-11-21-16-17,58.410343
47875a-NOZ2UC-11-28-16-11,53.873592
47875a-NOZ345-12-10-11-30,52.84155
47875a-NOZ345-12-15-10-31,62.619656
47875a-NOZ346-12-01-14-44,60.668053
47875a-NOZ347-12-01-16-37,53.517994
47875a-NOZ4RZ-12-10-09-40,61.83469
47875a-NOZ4RZ-12-15-07-54,62.113537
47875a-NOZ522-11-24-06-18,52.586132
47875a-NOZ525-11-24-07-29,48.572712
47875a-NOZ538-12-05-16-27,52.22751
47875a-NOZ540-12-15-16-10,51.37928
47875a-NOZ543-11-02-16-34,50.867783
47875a-NOZ543-12-05-17-40,51.56814
47875a-NOZ545-11-10-17-43,47.183575
47875a-NOZ545-12-15-17-22,54.024612
47875a-NOZ546-11-02-18-10,59.599915
47875a-NOZ546-12-05-19-04,57.600826
47875a-NOZ549-11-02-19-21,52.347546
47875a-NOZ549-12-05-20-17,47.775356
47875a-NOZ58Z-11-11-14-33,59.245216
47875a-NOZ5PY-11-23-16-14,53.08189
47875a-NOZ5PY-12-02-16-12,58.98327
47875a-NOZ602-11-03-06-06,49.01778
47875a-NOZ609-11-03-07-31,57.368244
47875a-NOZ639-11-15-17-22,62.79787
47875a-NOZ645-11-23-19-08,53.092587
47875a-NOZ645-12-02-18-54,60.186344
47875a-NOZ7C-11-11-08-44,50.23977
47875a-NOZ9BH-11-25-15-35,58.314972
47875a-NOZ9BH-12-07-15-46,46.812206
47875a-NOZ9PL-11-17-07-33,52.196823
47875c-NOZ132-11-01-13-55,43.905148
47875c-NOZ132-11-10-14-02,43.273964
47875c-NOZ133-11-10-15-08,45.095764
47875c-NOZ140-12-05-07-12,48.10187
47875c-NOZ140-12-19-07-25,45.22168
47875c-NOZ141-12-05-08-04,46.342648
47875c-NOZ141-12-19-08-20,43.47868
47875c-NOZ142-12-18-14-10,56.121166
47875c-NOZ143-12-18-15-15,46.796124
47875c-NOZ144-12-08-15-16,49.442562
47875c-NOZ181-11-28-05-59,49.590927
47875c-NOZ182-11-28-07-41,57.172035
47875c-NOZ182-12-10-07-49,52.852283
47875c-NOZ183-11-28-08-56,52.63928
47875c-NOZ191-12-13-17-22,50.10049
47875c-NOZ1BG-12-15-07-11,58.334187
47875c-NOZ1YA-12-10-13-12,60.125732
47875c-NOZ2DC-11-03-06-03,41.50484
47875c-NOZ2DC-11-04-05-59,45.694202
47875c-NOZ2DC-11-07-06-03,50.517082
47875c-NOZ2DC-11-09-06-02,43.57231
47875c-NOZ2DC-11-16-06-05,43.168114
47875c-NOZ2DC-11-21-06-00,52.357033
47875c-NOZ2DC-11-22-06-01,48.345905
47875c-NOZ2DC-11-23-05-57,47.45186
47875c-NOZ2DC-11-24-06-07,43.830784
47875c-NOZ2GH-11-06-14-59,60.582973
47875c-NOZ345-12-03-11-23,49.36319
47875c-NOZ3JE-11-02-07-00,47.67479
47875c-NOZ3JE-11-03-06-52,43.35403
47875c-NOZ3JE-11-04-07-04,46.26782
47875c-NOZ3JE-11-07-08-10,45.61101
47875c-NOZ3JE-11-09-07-01,47.898746
47875c-NOZ3JE-11-16-07-10,41.73753
47875c-NOZ3JE-11-21-07-04,54.004883
47875c-NOZ3JE-11-22-06-56,51.034313
47875c-NOZ3JE-11-23-06-55,50.16606
47875c-NOZ3JE-11-24-07-05,51.824852
47875c-NOZ40A-12-10-11-13,62.31699
47875c-NOZ4HF-11-08-06-59,62.637604
47875c-NOZ4HF-11-10-07-03,58.576912
47875c-NOZ522-11-29-06-02,58.170998
47875c-NOZ522-12-12-06-12,52.374073
47875c-NOZ525-11-29-07-15,56.694046
47875c-NOZ530-12-14-09-58,52.618614
47875c-NOZ530-12-15-10-23,50.213688
47875c-NOZ531-12-14-11-06,55.10598
47875c-NOZ531-12-15-11-35,56.439095
47875c-NOZ534-12-14-12-43,51.374565
47875c-NOZ534-12-15-12-57,48.490986
47875c-NOZ537-12-14-13-53,53.556988
47875c-NOZ537-12-15-14-10,57.363102
47875c-NOZ538-12-30-15-16,50.880627
47875c-NOZ543-12-30-16-47,48.5595
47875c-NOZ545-12-14-17-26,44.098198
47875c-NOZ56U-12-14-18-56,66.982
47875c-NOZ601-11-08-05-36,58.11045
47875c-NOZ601-11-10-05-36,55.23336
47875c-NOZ607-11-11-07-08,57.205658
47875c-NOZ607-11-25-07-06,52.67169
47875c-NOZ608-11-08-09-39,57.402256
47875c-NOZ60M-12-07-16-25,62.824768
47875c-NOZ611-11-08-08-24,57.389694
47875c-NOZ612-11-08-12-21,64.4887
47875c-NOZ612-11-10-12-27,53.564
47875c-NOZ614-11-20-13-57,64.53131
47875c-NOZ617-11-10-11-10,58.55683
47875c-NOZ620-11-08-15-22,58.8971
47875c-NOZ620-11-23-15-51,53.79821
47875c-NOZ623-11-20-12-34,62.472385
47875c-NOZ624-11-06-16-21,57.700558
47875c-NOZ625-11-08-13-56,49.253693
47875c-NOZ625-11-23-14-03,60.609325
47875c-NOZ626-11-02-16-45,61.629814
47875c-NOZ626-11-07-17-04,69.00566
47875c-NOZ626-11-09-16-42,57.108547
47875c-NOZ626-11-15-16-56,54.05261
47875c-NOZ626-11-16-16-41,60.775272
47875c-NOZ626-11-20-17-08,58.33547
47875c-NOZ631-11-02-15-23,58.857655
47875c-NOZ631-11-07-15-30,60.96344
47875c-NOZ631-11-16-15-24,58.209984
47875c-NOZ631-11-18-15-40,63.073124
47875c-NOZ631-11-20-15-38,62.86732
47875c-NOZ632-11-08-18-00,61.142128
47875c-NOZ632-11-23-18-40,55.46125
47875c-NOZ634-11-20-20-06,62.98392
47875c-NOZ637-11-08-16-38,56.60042
47875c-NOZ637-11-23-17-03,58.973343
47875c-NOZ643-11-20-18-24,62.791702
47875c-NOZ64N-11-11-16-55,55.70246
47875c-NOZ8820-11-17-13-44,43.466904
47875c-NOZ8821-11-17-16-52,57.19734
47875c-NOZ9BH-11-30-15-33,50.850464
47875c-NOZ9BH-12-15-15-40,50.35674
47875c-NOZ9WB-11-17-07-35,50.422913
47875c-NOZ9WB-11-18-07-29,58.570267
478772-NOZ181-12-20-07-39,51.912033
478772-NOZ191-11-04-17-33,49.964146
478772-NOZ191-11-17-16-57,47.14956
478772-NOZ191-12-08-17-41,48.326405
478772-NOZ191-12-19-18-25,52.18281
478772-NOZ191-12-20-17-20,50.758858
478772-NOZ194-11-06-19-12,60.73891
478772-NOZ195-11-06-20-33,54.216938
478772-NOZ1BG-11-15-06-20,52.155136
478772-NOZ1BG-11-17-06-06,65.82953
478772-NOZ1BG-12-08-06-31,49.02436
478772-NOZ271-12-21-06-16,52.045616
478772-NOZ277-11-24-17-25,49.7778
478772-NOZ278-12-20-19-12,49.340736
478772-NOZ2BE-11-11-12-46,61.920696
478772-NOZ2DC-12-27-06-26,42.59166
478772-NOZ2UC-11-06-16-14,60.768085
478772-NOZ347-12-04-16-59,64.02375
478772-NOZ3JE-12-27-08-06,46.795822
478772-NOZ4HF-11-24-07-12,50.42848
478772-NOZ50A-11-15-16-37,66.93149
478772-NOZ50A-11-21-16-40,61.73676
478772-NOZ50A-12-06-16-57,56.88018
478772-NOZ521-11-29-05-31,52.463543
478772-NOZ521-11-30-05-36,55.163006
478772-NOZ521-12-01-05-26,52.389973
478772-NOZ521-12-02-05-28,57.679268
478772-NOZ522-12-13-06-10,54.837067
478772-NOZ523-11-26-06-03,59.786125
478772-NOZ523-11-28-06-30,57.598408
478772-NOZ524-11-26-07-35,66.28392
478772-NOZ524-11-29-06-59,59.40298
478772-NOZ524-11-30-07-04,60.409058
478772-NOZ524-12-01-07-01,52.096676
478772-NOZ525-11-22-07-33,58.49906
478772-NOZ526-11-28-07-57,60.158512
478772-NOZ530-11-16-09-52,58.455173
478772-NOZ530-11-17-09-59,58.53609
478772-NOZ530-11-27-09-32,62.10326
478772-NOZ530-12-08-09-49,54.43329
478772-NOZ531-11-16-11-09,44.51656
478772-NOZ531-11-17-11-19,58.422848
478772-NOZ531-11-21-11-21,59.302536
478772-NOZ531-11-27-08-01,49.94758
478772-NOZ531-12-08-11-08,48.455345
478772-NOZ532-11-26-10-17,54.709377
478772-NOZ532-11-28-10-57,51.87153
478772-NOZ534-11-16-12-39,57.25576
478772-NOZ534-11-17-12-47,56.65921
478772-NOZ534-12-08-12-46,54.62729
478772-NOZ534-12-16-14-07,60.365
478772-NOZ535-11-27-14-01,55.338863
478772-NOZ535-11-28-12-31,50.997665
478772-NOZ536-11-28-14-16,59.623734
478772-NOZ537-11-16-14-04,47.703728
478772-NOZ537-11-17-14-14,46.929752
478772-NOZ537-11-21-13-57,58.666836
478772-NOZ537-12-08-14-18,51.832253
478772-NOZ538-11-01-15-14,54.265446
478772-NOZ538-11-25-15-19,56.94515
478772-NOZ538-11-27-15-30,62.932735
478772-NOZ541-11-28-15-43,51.405426
478772-NOZ541-12-18-16-17,51.982147
478772-NOZ543-11-01-16-34,48.824326
478772-NOZ543-11-25-16-42,48.227844
478772-NOZ543-11-27-16-52,56.179962
478772-NOZ544-11-27-18-21,58.958214
478772-NOZ544-11-28-17-17,60.699448
478772-NOZ545-12-07-17-39,52.896168
478772-NOZ546-11-25-18-20,51.91581
478772-NOZ549-11-27-19-47,53.792595
478772-NOZ550-11-27-21-05,60.680206
478772-NOZ55J-11-15-18-29,52.704544
478772-NOZ55J-11-21-18-28,56.016975
478772-NOZ55J-12-06-18-44,59.099934
478772-NOZ56U-11-16-19-03,63.37085
478772-NOZ56U-12-07-19-08,55.973186
478772-NOZ5PR-11-18-16-00,59.61796
478772-NOZ601-11-24-05-35,51.64031
478772-NOZ602-11-09-07-05,49.78014
478772-NOZ602-11-16-06-02,56.84805
478772-NOZ602-12-06-06-05,51.436127
478772-NOZ608-11-24-10-05,50.644947
478772-NOZ608-12-28-10-15,53.87764
478772-NOZ609-11-16-07-25,53.45556
478772-NOZ609-12-06-07-23,51.22636
478772-NOZ611-11-24-08-28,51.981018
478772-NOZ611-12-28-08-43,59.044754
478772-NOZ612-11-24-12-43,56.914337
478772-NOZ617-11-24-11-21,51.76775
478772-NOZ617-12-28-11-39,59.243324
478772-NOZ625-11-24-14-02,48.92188
478772-NOZ626-12-27-16-51,50.81096
478772-NOZ631-12-27-15-23,57.051937
478772-NOZ638-11-23-20-28,55.266632
478772-NOZ639-11-06-17-43,59.34831
478772-NOZ639-12-16-21-45,53.163025
478772-NOZ639-12-30-17-42,53.210644
478772-NOZ6CF-11-11-08-14,64.12974
478772-NOZ6TC-11-11-17-22,56.085854
478772-NOZ6TM-12-19-20-36,58.08236
478772-NOZ9BH-12-08-15-49,44.83662
478772-NOZ9BH-12-19-16-57,51.133965
478772-NOZ9BH-12-20-15-53,58.07336
47878c-NOZ132-11-11-14-02,46.96706
47878c-NOZ133-11-08-15-00,49.969734
47878c-NOZ133-11-11-15-05,58.79398
47878c-NOZ140-11-22-07-20,49.11498
47878c-NOZ140-11-23-06-59,43.375183
47878c-NOZ141-11-22-08-14,48.529892
47878c-NOZ141-11-23-07-58,46.866177
47878c-NOZ144-11-22-15-43,48.331993
47878c-NOZ145-11-22-16-41,44.99419
47878c-NOZ194-11-27-18-56,61.67597
47878c-NOZ195-11-27-20-17,52.05552
47878c-NOZ1BG-11-16-06-05,53.72469
47878c-NOZ1BG-12-14-06-01,53.40794
47878c-NOZ270-12-27-07-43,43.76699
47878c-NOZ2DC-11-10-05-57,42.7532
47878c-NOZ2DC-12-07-06-11,46.260075
47878c-NOZ2UC-11-27-16-10,60.899372
47878c-NOZ345-11-01-09-37,66.15626
47878c-NOZ345-12-28-09-49,57.61335
47878c-NOZ346-12-27-14-37,58.281807
47878c-NOZ3JE-11-10-06-57,45.39022
47878c-NOZ3JE-12-07-07-02,44.90537
47878c-NOZ4HF-11-14-07-09,61.695057
47878c-NOZ4HF-12-06-07-23,59.0313
47878c-NOZ4HF-12-08-07-12,54.690964
47878c-NOZ4RZ-11-01-07-37,60.128372
47878c-NOZ4RZ-12-28-07-55,60.02868
47878c-NOZ530-11-15-09-58,50.924133
47878c-NOZ531-11-15-11-10,49.432865
47878c-NOZ534-11-15-12-42,49.0878
47878c-NOZ537-11-15-14-02,48.955376
47878c-NOZ540-11-15-16-04,63.163353
47878c-NOZ540-12-13-16-29,48.955154
47878c-NOZ545-11-15-17-31,43.032513
47878c-NOZ545-12-13-17-44,47.204098
47878c-NOZ56U-12-13-19-17,54.057274
47878c-NOZ601-11-03-05-34,50.70849
47878c-NOZ601-11-14-05-33,62.578255
47878c-NOZ601-12-06-05-32,50.018364
47878c-NOZ601-12-08-05-59,55.41322
47878c-NOZ602-11-17-06-04,58.34256
47878c-NOZ605-11-02-06-42,59.047092
47878c-NOZ605-11-07-06-35,63.58797
47878c-NOZ605-11-09-06-29,55.787388
47878c-NOZ605-11-11-06-32,52.193226
47878c-NOZ605-12-12-06-30,58.46928
47878c-NOZ606-11-02-08-04,52.65517
47878c-NOZ606-11-07-08-06,61.146152
47878c-NOZ606-11-09-07-59,56.285904
47878c-NOZ606-12-12-08-07,51.089924
47878c-NOZ608-11-03-09-47,51.64772
47878c-NOZ608-11-14-09-46,60.97245
47878c-NOZ608-12-06-09-43,53.219563
47878c-NOZ608-12-08-09-51,48.765575
47878c-NOZ609-11-17-07-34,61.385384
47878c-NOZ611-11-03-08-23,51.148792
47878c-NOZ611-11-14-08-31,63.50101
47878c-NOZ611-12-06-08-28,55.64602
47878c-NOZ611-12-08-08-37,50.007454
47878c-NOZ612-11-03-12-32,54.935265
47878c-NOZ612-12-06-12-28,55.20658
47878c-NOZ612-12-08-12-38,56.77236
47878c-NOZ614-12-11-14-37,54.98422
47878c-NOZ617-11-03-11-06,55.82738
47878c-NOZ617-12-06-10-58,49.84633
47878c-NOZ617-12-08-11-10,59.448574
47878c-NOZ620-11-03-15-24,59.000904
47878c-NOZ620-12-06-15-30,52.46002
47878c-NOZ620-12-08-15-31,59.984097
47878c-NOZ623-12-11-13-06,54.157406
47878c-NOZ625-11-03-14-02,58.140106
47878c-NOZ625-12-06-13-50,49.59982
47878c-NOZ626-11-04-17-02,63.53666
47878c-NOZ626-11-10-16-54,58.652767
47878c-NOZ626-12-07-16-46,54.30443
47878c-NOZ626-12-09-16-55,57.010136
47878c-NOZ631-11-04-15-32,59.236885
47878c-NOZ631-11-10-15-32,53.2669
47878c-NOZ631-12-07-15-31,60.729183
47878c-NOZ631-12-09-15-26,58.220142
47878c-NOZ632-12-06-18-17,51.21345
47878c-NOZ632-12-08-18-11,48.885128
47878c-NOZ637-11-03-16-45,57.280994
47878c-NOZ637-12-06-16-45,47.113007
47878c-NOZ638-11-01-20-00,50.5651
47878c-NOZ638-12-05-20-12,48.62824
47878c-NOZ639-11-27-17-32,50.713387
47878c-NOZ639-11-30-17-26,53.5103
47878c-NOZ7C-12-27-08-49,50.828236
47878c-NOZ8GN-11-18-07-11,55.40643
47878d-NOZ132-11-07-14-02,42.180756
47878d-NOZ132-11-29-13-57,47.73458
47878d-NOZ133-11-07-14-53,48.121864
47878d-NOZ133-11-29-14-51,43.794434
47878d-NOZ133-12-29-14-58,52.112614
47878d-NOZ181-11-01-06-03,51.945488
47878d-NOZ181-12-09-06-38,53.478897
47878d-NOZ182-11-01-07-34,55.109818
47878d-NOZ182-12-09-08-06,42.37184
47878d-NOZ183-11-01-08-49,53.857605
47878d-NOZ183-12-04-08-06,44.44025
47878d-NOZ183-12-09-09-28,50.570454
47878d-NOZ183-12-25-10-41,54.297153
47878d-NOZ191-11-23-17-18,53.644947
47878d-NOZ1BG-11-12-06-04,47.87323
47878d-NOZ1BG-12-06-06-15,54.442272
47878d-NOZ1TT-11-15-14-39,58.24652
47878d-NOZ271-12-07-06-36,51.365364
47878d-NOZ272-12-04-15-46,56.022854
47878d-NOZ275-12-04-17-02,51.654694
47878d-NOZ276-12-18-13-42,57.36097
47878d-NOZ277-12-18-15-30,47.54143
47878d-NOZ278-12-06-19-16,50.273464
47878d-NOZ2KT-12-06-16-26,49.98575
47878d-NOZ345-11-15-09-32,52.95055
47878d-NOZ345-11-28-09-43,51.402596
47878d-NOZ346-11-09-14-35,56.636707
47878d-NOZ346-11-14-14-40,55.001526
47878d-NOZ347-11-09-16-32,53.522778
47878d-NOZ347-11-14-16-37,59.16414
47878d-NOZ3DB-11-18-18-19,57.98863
47878d-NOZ3J-11-18-15-26,62.257114
47878d-NOZ4RZ-11-15-07-36,60.2932
47878d-NOZ4RZ-11-28-07-46,63.96708
47878d-NOZ50A-11-08-16-41,64.95602
47878d-NOZ50A-11-27-16-42,68.444176
47878d-NOZ522-11-03-06-02,48.454338
47878d-NOZ522-11-23-06-34,52.389336
47878d-NOZ525-11-03-07-20,54.23598
47878d-NOZ530-12-06-10-01,49.775406
47878d-NOZ531-12-06-11-11,52.050926
47878d-NOZ534-12-06-12-37,54.810482
47878d-NOZ537-12-06-13-53,50.294468
47878d-NOZ540-12-02-16-13,55.062878
47878d-NOZ55J-11-08-18-37,53.190933
47878d-NOZ55J-11-27-18-49,61.47543
47878d-NOZ56U-11-11-19-08,56.23933
47878d-NOZ56U-12-05-18-58,54.278294
47878d-NOZ5PY-11-15-16-03,67.0934
47878d-NOZ5PY-11-25-16-11,52.06362
47878d-NOZ602-11-14-06-06,52.873558
47878d-NOZ602-12-20-07-11,55.901142
47878d-NOZ605-11-17-06-39,60.088043
47878d-NOZ606-11-17-08-05,59.43148
47878d-NOZ606-12-28-08-23,57.829853
47878d-NOZ607-11-08-07-00,54.21828
47878d-NOZ607-11-18-07-00,60.280064
47878d-NOZ607-11-30-06-58,56.819973
47878d-NOZ608-11-05-09-10,62.95783
47878d-NOZ608-11-06-09-44,62.929825
47878d-NOZ608-12-30-09-52,55.355675
47878d-NOZ609-11-14-07-27,62.716415
47878d-NOZ609-12-20-08-37,56.14662
47878d-NOZ611-11-06-08-27,58.193222
47878d-NOZ611-12-30-08-26,55.762146
47878d-NOZ612-11-06-12-42,64.42634
47878d-NOZ612-12-30-12-54,52.48918
47878d-NOZ617-11-06-11-08,62.842026
47878d-NOZ617-12-30-11-25,54.964767
47878d-NOZ620-11-06-15-31,61.178436
47878d-NOZ620-11-17-15-38,57.03616
47878d-NOZ625-11-06-14-10,60.53579
47878d-NOZ625-11-17-14-06,63.197155
47878d-NOZ628-11-15-17-29,61.920048
47878d-NOZ628-11-25-17-29,63.97492
47878d-NOZ632-11-07-19-55,65.255905
47878d-NOZ632-11-17-18-25,56.28808
47878d-NOZ637-11-06-16-59,58.06126
47878d-NOZ637-11-17-16-57,63.257725
47878d-NOZ638-11-28-20-07,57.683697
47878d-NOZ645-11-25-18-49,54.874996
47878d-NOZ647-11-06-19-40,60.37364
47878d-NOZ6TM-12-02-19-02,51.216225
47878d-NOZ6TM-12-08-19-13,48.214943
47878d-NOZ9BH-11-23-15-55,49.91389
47878d-NOZ9BH-12-09-16-22,56.910294
4787a0-NOZ140-11-09-07-08,48.82897
4787a0-NOZ141-11-09-08-10,49.316746
4787a0-NOZ142-11-13-12-12,62.385075
4787a0-NOZ144-11-07-15-51,46.521645
4787a0-NOZ145-11-07-16-47,42.048206
4787a0-NOZ145-11-09-16-44,51.851013
4787a0-NOZ181-12-17-10-02,55.713882
4787a0-NOZ191-12-27-17-29,54.742546
4787a0-NOZ1BG-11-29-05-59,51.014046
4787a0-NOZ1BG-12-03-06-00,52.363224
4787a0-NOZ1BG-12-20-06-08,54.236782
4787a0-NOZ1TT-12-08-14-35,48.96511
4787a0-NOZ270-11-17-07-28,52.44046
4787a0-NOZ270-11-24-07-44,41.120506
4787a0-NOZ271-11-17-06-10,53.507595
4787a0-NOZ271-11-24-06-09,52.581768
4787a0-NOZ271-11-26-07-34,51.02795
4787a0-NOZ271-12-14-06-28,49.326706
4787a0-NOZ276-12-05-16-52,47.26347
4787a0-NOZ277-12-05-18-09,53.24525
4787a0-NOZ277-12-15-17-53,50.24607
4787a0-NOZ278-11-16-18-57,50.633865
4787a0-NOZ278-11-23-19-29,46.94542
4787a0-NOZ278-12-13-19-06,50.535633
4787a0-NOZ2DC-11-30-05-59,42.665455
4787a0-NOZ2DC-12-09-05-56,43.71494
4787a0-NOZ2GH-12-11-15-03,50.870655
4787a0-NOZ2UC-11-01-16-05,59.72261
4787a0-NOZ345-12-31-11-23,63.88615
4787a0-NOZ346-11-11-14-35,58.507515
4787a0-NOZ346-12-29-16-30,56.50515
4787a0-NOZ347-12-29-21-05,53.726814
4787a0-NOZ3JE-11-30-06-51,44.333916
4787a0-NOZ3JE-12-09-07-05,42.550625
4787a0-NOZ4RZ-12-31-09-26,48.957897
4787a0-NOZ50A-12-21-17-11,59.47704
4787a0-NOZ530-12-13-10-07,51.331406
4787a0-NOZ534-12-13-12-54,54.505703
4787a0-NOZ537-12-13-14-17,46.162945
4787a0-NOZ538-12-26-15-59,51.999474
4787a0-NOZ543-11-03-16-54,61.43628
4787a0-NOZ543-12-26-17-12,60.351765
4787a0-NOZ546-11-03-18-19,61.25991
4787a0-NOZ546-12-28-18-39,55.036053
4787a0-NOZ549-11-03-19-32,50.273045
4787a0-NOZ549-12-28-19-47,50.62486
4787a0-NOZ55J-12-21-19-15,62.836094
4787a0-NOZ56U-11-28-18-54,60.451332
4787a0-NOZ56U-12-02-19-10,63.516426
4787a0-NOZ607-12-01-07-02,58.82477
4787a0-NOZ607-12-12-07-06,62.069214
4787a0-NOZ608-12-10-08-59,59.011513
4787a0-NOZ609-12-10-07-36,59.698696
4787a0-NOZ624-12-11-16-33,53.55299
4787a0-NOZ626-11-30-16-41,62.02525
4787a0-NOZ628-12-08-17-41,50.88452
4787a0-NOZ631-11-30-15-21,55.12956
4787a0-NOZ638-11-29-20-03,62.56602
4787a0-NOZ638-12-08-20-23,57.75176
4787a0-NOZ639-11-01-17-20,43.490322
4787a0-NOZ639-11-24-17-28,56.413483
4787a0-NOZ645-12-08-18-57,52.04972
4787a0-NOZ93E-11-16-17-29,59.61182
4787b3-NOZ132-12-06-14-06,43.574776
4787b3-NOZ133-12-01-14-56,48.357925
4787b3-NOZ144-12-29-15-16,45.934486
4787b3-NOZ145-12-29-16-12,54.599583
4787b3-NOZ1BG-12-13-06-01,51.76365
4787b3-NOZ270-12-05-07-25,48.70829
4787b3-NOZ271-12-05-06-06,50.18981
4787b3-NOZ2DC-11-29-06-06,44.205845
4787b3-NOZ2DC-12-01-06-03,43.88615
4787b3-NOZ345-11-14-10-01,59.21765
4787b3-NOZ345-11-19-11-22,50.118267
4787b3-NOZ345-11-22-09-34,48.64482
4787b3-NOZ347-11-21-16-38,57.34448
4787b3-NOZ3JE-12-01-06-59,51.832264
4787b3-NOZ3VG-12-05-16-06,51.51143
4787b3-NOZ4HF-12-07-07-00,57.06589
4787b3-NOZ4RZ-11-14-07-35,66.11293
4787b3-NOZ4RZ-11-19-09-22,58.013466
4787b3-NOZ4RZ-11-22-07-50,51.789425
4787b3-NOZ50A-11-13-16-35,64.50417
4787b3-NOZ521-11-11-05-30,59.940067
4787b3-NOZ523-11-07-06-31,62.673847
4787b3-NOZ524-11-11-07-03,49.14546
4787b3-NOZ525-11-13-11-38,60.405457
4787b3-NOZ531-11-06-08-11,61.01491
4787b3-NOZ532-11-06-12-21,63.58109
4787b3-NOZ532-11-07-11-01,53.150543
4787b3-NOZ532-12-09-11-16,58.520573
4787b3-NOZ534-11-13-13-21,65.4225
4787b3-NOZ535-11-06-13-38,61.310642
4787b3-NOZ535-11-07-12-30,50.862846
4787b3-NOZ535-12-09-12-51,57.78743
4787b3-NOZ535-12-27-13-02,58.259163
4787b3-NOZ536-11-07-14-18,53.797802
4787b3-NOZ536-12-09-14-27,62.797512
4787b3-NOZ536-12-27-14-39,61.44413
4787b3-NOZ537-11-13-14-43,57.725273
4787b3-NOZ538-11-04-15-41,64.91251
4787b3-NOZ538-11-06-15-06,61.922882
4787b3-NOZ541-11-07-15-45,62.283985
4787b3-NOZ541-12-27-15-56,60.720783
4787b3-NOZ543-11-04-17-13,65.43966
4787b3-NOZ543-11-06-16-42,63.513607
4787b3-NOZ544-11-06-18-14,63.11729
4787b3-NOZ544-11-07-17-09,60.609154
4787b3-NOZ546-11-04-18-45,64.66721
4787b3-NOZ549-11-06-19-36,60.42764
4787b3-NOZ550-11-06-21-03,63.45207
4787b3-NOZ55J-11-17-18-44,63.38058
4787b3-NOZ56U-12-12-19-29,63.30513
4787b3-NOZ5AY-11-07-09-16,58.771305
4787b3-NOZ601-11-23-05-33,55.151985
4787b3-NOZ601-11-28-05-29,50.463394
4787b3-NOZ601-12-07-05-39,55.70753
4787b3-NOZ602-11-01-06-05,54.98815
4787b3-NOZ602-11-21-06-04,55.91642
4787b3-NOZ605-11-24-06-37,56.57827
4787b3-NOZ605-11-30-06-30,62.08052
4787b3-NOZ606-11-24-08-26,54.61807
4787b3-NOZ606-11-30-08-03,58.01914
4787b3-NOZ607-12-02-07-06,55.599075
4787b3-NOZ607-12-08-07-20,57.983707
4787b3-NOZ608-11-23-10-57,56.09492
4787b3-NOZ608-11-28-09-47,62.22393
4787b3-NOZ608-12-07-09-42,51.518566
4787b3-NOZ609-11-21-07-26,60.959484
4787b3-NOZ611-11-23-08-34,61.211296
4787b3-NOZ611-11-28-08-19,57.926502
4787b3-NOZ611-12-07-08-18,56.07093
4787b3-NOZ612-11-23-13-36,65.95002
4787b3-NOZ612-11-28-12-22,61.259445
4787b3-NOZ612-12-07-12-24,57.07577
4787b3-NOZ617-11-23-12-07,59.55267
4787b3-NOZ617-11-28-11-03,55.255646
4787b3-NOZ620-11-27-16-12,59.02173
4787b3-NOZ620-11-28-15-21,57.072834
4787b3-NOZ620-12-07-15-52,54.383022
4787b3-NOZ625-11-27-14-32,54.25106
4787b3-NOZ625-11-28-14-01,52.39673
4787b3-NOZ625-12-03-14-02,61.542915
4787b3-NOZ625-12-07-14-04,55.858616
4787b3-NOZ626-11-23-17-40,52.374836
4787b3-NOZ626-11-24-17-03,65.90359
4787b3-NOZ626-11-25-16-58,61.927902
4787b3-NOZ628-12-05-17-29,52.571575
4787b3-NOZ631-11-23-15-28,59.25539
4787b3-NOZ631-11-24-15-21,50.66333
4787b3-NOZ631-11-25-15-41,54.506157
4787b3-NOZ632-11-27-18-52,59.42434
4787b3-NOZ637-11-27-17-31,55.88382
4787b3-NOZ637-11-28-16-39,50.169495
4787b3-NOZ638-11-22-20-25,63.500435
4787b3-NOZ647-11-27-20-17,56.345707
4787b3-NOZ648-11-27-21-37,61.87849
4787b3-NOZ6TM-12-21-19-56,55.133945
4787b3-NOZ7C-12-05-08-41,51.457344
4787b3-NOZ8C-12-04-21-08,52.279507
4787b3-NOZ9BH-12-04-12-17,57.35063
4791ac-NOZ132-11-17-14-04,48.34837
4791ac-NOZ133-11-17-15-09,43.434937
4791ac-NOZ140-11-10-07-06,46.95188
4791ac-NOZ140-11-11-07-13,46.016674
4791ac-NOZ141-11-10-08-06,44.951836
4791ac-NOZ141-11-11-08-08,43.91412
4791ac-NOZ144-11-24-15-12,47.204304
4791ac-NOZ145-11-24-16-08,45.90706
4791ac-NOZ191-11-16-17-08,46.135525
4791ac-NOZ1BG-11-08-06-25,57.39328
4791ac-NOZ1TT-11-27-14-34,59.88276
4791ac-NOZ1TT-11-29-14-36,58.917435
4791ac-NOZ270-11-18-07-22,49.867607
4791ac-NOZ270-11-22-09-01,47.15516
4791ac-NOZ271-11-22-07-54,49.322414
4791ac-NOZ272-11-20-15-39,49.3701
4791ac-NOZ275-11-20-16-48,52.639782
4791ac-NOZ278-11-21-19-01,44.307655
4791ac-NOZ2UC-12-12-16-22,52.066166
4791ac-NOZ345-11-13-10-22,55.26895
4791ac-NOZ345-11-23-09-57,47.09497
4791ac-NOZ345-12-09-10-04,59.101147
4791ac-NOZ346-11-22-14-28,58.480515
4791ac-NOZ347-11-22-16-32,52.52178
4791ac-NOZ357-12-23-23-01,61.261692
4791ac-NOZ4RZ-11-13-08-17,65.9442
4791ac-NOZ4RZ-11-23-08-25,53.09828
4791ac-NOZ4RZ-12-09-07-50,58.728695
4791ac-NOZ50A-12-09-17-14,62.78323
4791ac-NOZ50A-12-19-17-19,61.650917
4791ac-NOZ521-11-02-05-28,51.671616
4791ac-NOZ521-11-03-05-26,56.295166
4791ac-NOZ522-11-15-06-01,52.867596
4791ac-NOZ522-12-15-06-32,49.554714
4791ac-NOZ522-12-22-06-16,58.282864
4791ac-NOZ523-11-04-06-31,64.95856
4791ac-NOZ523-11-06-06-30,58.425884
4791ac-NOZ524-11-02-07-11,52.483826
4791ac-NOZ524-11-03-07-01,51.963856
4791ac-NOZ525-11-15-07-18,56.024857
4791ac-NOZ525-12-22-07-30,55.035187
4791ac-NOZ526-11-04-08-04,58.08715
4791ac-NOZ530-11-01-09-55,52.674694
4791ac-NOZ532-11-04-11-06,64.02143
4791ac-NOZ535-11-04-12-52,60.783966
4791ac-NOZ536-11-04-14-25,63.572296
4791ac-NOZ538-11-30-15-21,57.782223
4791ac-NOZ540-11-18-16-19,54.97355
4791ac-NOZ540-11-21-16-10,51.621735
4791ac-NOZ541-11-04-16-15,63.782322
4791ac-NOZ544-11-04-17-41,63.05469
4791ac-NOZ545-11-21-17-25,55.224247
4791ac-NOZ546-11-30-18-18,56.688965
4791ac-NOZ55J-12-09-19-07,59.984127
4791ac-NOZ56U-11-07-18-54,64.90898
4791ac-NOZ56U-12-23-20-48,62.55409
4791ac-NOZ5AY-11-04-09-20,63.525085
4791ac-NOZ5PY-11-27-16-06,52.391983
4791ac-NOZ5PY-11-29-16-07,53.534443
4791ac-NOZ601-11-18-05-40,61.655384
4791ac-NOZ612-11-17-12-44,57.308285
4791ac-NOZ628-11-27-17-29,53.33331
4791ac-NOZ628-11-29-17-28,55.247795
4791ac-NOZ628-12-29-18-14,54.99775
4791ac-NOZ634-12-04-20-31,61.384857
4791ac-NOZ639-12-12-17-36,59.385532
4791ac-NOZ645-11-27-18-49,50.948944
4791ac-NOZ645-11-29-18-46,54.16934
4791ac-NOZ645-12-05-18-55,58.032417
4791ac-NOZ645-12-29-19-35,60.508953
4791ac-NOZ6TC-11-13-17-17,71.85445
4791ac-NOZ6TM-11-18-19-02,56.26948
4791ac-NOZ7C-11-18-08-40,44.92598
4791ac-NOZ7C-11-22-10-37,46.53836
4791dd-NOZ140-11-03-07-11,42.17832
4791dd-NOZ142-11-06-13-41,53.814518
4791dd-NOZ143-11-06-14-34,53.858852
4791dd-NOZ145-11-04-16-48,54.48163
4791dd-NOZ181-11-21-06-12,50.52684
4791dd-NOZ181-11-22-06-03,47.098797
4791dd-NOZ182-11-09-07-35,46.81628
4791dd-NOZ182-11-21-07-36,50.6624
4791dd-NOZ182-11-22-07-50,44.88198
4791dd-NOZ183-11-21-08-51,50.957653
4791dd-NOZ183-11-22-08-58,43.653625
4791dd-NOZ183-12-27-09-37,52.09387
4791dd-NOZ191-11-24-17-10,53.1055
4791dd-NOZ191-12-06-17-02,43.427677
4791dd-NOZ1BG-11-24-06-09,43.697945
4791dd-NOZ1TT-11-10-14-34,53.374245
4791dd-NOZ1TT-11-11-14-36,56.842873
4791dd-NOZ1TT-11-28-14-34,58.74704
4791dd-NOZ1TT-12-01-14-47,57.82161
4791dd-NOZ270-11-10-07-30,43.70401
4791dd-NOZ270-11-28-07-30,44.328705
4791dd-NOZ270-12-01-07-28,49.294327
4791dd-NOZ271-11-10-06-07,54.320343
4791dd-NOZ271-11-15-06-01,48.74457
4791dd-NOZ271-11-19-08-07,49.970745
4791dd-NOZ271-11-28-06-06,52.45814
4791dd-NOZ271-12-01-06-10,49.787548
4791dd-NOZ271-12-22-06-11,49.567192
4791dd-NOZ276-11-08-15-55,60.911892
4791dd-NOZ276-12-11-13-44,44.44398
4791dd-NOZ277-11-08-17-21,48.15362
4791dd-NOZ278-11-09-18-57,55.349155
4791dd-NOZ278-11-18-19-20,53.945557
4791dd-NOZ2DC-12-05-06-14,45.623127
4791dd-NOZ345-11-16-09-30,50.251987
4791dd-NOZ345-11-17-11-53,53.307148
4791dd-NOZ345-12-13-09-38,57.00663
4791dd-NOZ345-12-22-09-54,62.48198
4791dd-NOZ346-11-15-14-34,58.794174
4791dd-NOZ347-11-15-16-31,62.142155
4791dd-NOZ4RZ-11-16-07-34,62.02096
4791dd-NOZ4RZ-11-17-07-49,58.675762
4791dd-NOZ4RZ-12-13-07-42,61.37444
4791dd-NOZ50A-12-30-17-20,56.51213
4791dd-NOZ530-11-24-10-05,56.61068
4791dd-NOZ531-11-24-11-21,52.81554
4791dd-NOZ534-11-24-12-46,52.704403
4791dd-NOZ536-11-13-14-15,65.176674
4791dd-NOZ540-11-14-16-05,57.006496
4791dd-NOZ545-11-14-17-19,55.60382
4791dd-NOZ55J-12-30-19-49,65.9781
4791dd-NOZ5PY-11-10-16-05,55.248558
4791dd-NOZ5PY-11-11-16-09,53.747505
4791dd-NOZ5PY-11-28-16-02,54.00447
4791dd-NOZ5PY-12-01-16-04,52.17526
4791dd-NOZ607-12-06-07-12,57.170097
4791dd-NOZ611-12-04-08-38,60.195183
4791dd-NOZ612-12-04-12-46,53.4402
4791dd-NOZ617-12-04-11-11,58.90235
4791dd-NOZ620-12-04-15-35,58.040665
4791dd-NOZ625-12-04-14-16,57.073677
4791dd-NOZ626-12-02-17-01,60.554817
4791dd-NOZ626-12-05-16-46,48.384533
4791dd-NOZ628-11-11-17-30,55.94536
4791dd-NOZ628-11-28-17-28,55.227776
4791dd-NOZ631-12-02-15-27,59.883446
4791dd-NOZ631-12-05-15-21,50.4751
4791dd-NOZ632-12-04-18-14,66.49926
4791dd-NOZ637-12-04-16-50,57.241947
4791dd-NOZ638-12-01-20-15,65.0392
4791dd-NOZ645-11-10-18-57,52.786133
4791dd-NOZ645-11-11-18-53,51.494408
4791dd-NOZ645-11-28-18-42,55.56467
4791dd-NOZ647-12-04-19-27,59.058525
4791dd-NOZ648-12-04-21-03,54.71337
4791dd-NOZ6TM-11-20-20-20,55.32409
4791dd-NOZ7C-11-10-08-39,42.171837
4791dd-NOZ7C-11-28-08-42,47.90775
4791dd-NOZ7C-12-01-08-38,50.754135
4791dd-NOZ8C-11-27-20-58,51.67428
4791dd-NOZ9BH-11-21-15-58,50.463287
4791dd-NOZ9BH-11-24-15-51,54.241543
4791dd-NOZ9BH-11-27-12-25,58.968533
47921c-NOZ132-11-04-14-08,55.829407
47921c-NOZ133-11-04-16-06,54.49055
47921c-NOZ140-12-13-11-57,47.84213
47921c-NOZ140-12-14-07-25,45.737625
47921c-NOZ141-12-13-13-10,45.42833
47921c-NOZ141-12-14-08-19,45.880394
47921c-NOZ144-11-23-16-00,51.391617
47921c-NOZ144-11-25-15-50,44.19222
47921c-NOZ144-11-28-15-40,52.812542
47921c-NOZ144-12-14-15-47,46.68561
47921c-NOZ145-11-23-17-00,42.54264
47921c-NOZ145-11-25-16-44,49.448387
47921c-NOZ1BG-11-18-06-08,63.026314
47921c-NOZ345-12-26-10-26,55.997055
47921c-NOZ346-12-22-15-46,62.38207
47921c-NOZ347-11-20-16-44,59.474773
47921c-NOZ347-12-22-17-51,60.209625
47921c-NOZ44A-12-31-08-07,46.315697
47921c-NOZ4HF-11-17-07-02,58.1993
47921c-NOZ4RZ-12-08-07-38,58.101776
47921c-NOZ4RZ-12-26-08-36,57.86949
47921c-NOZ50A-11-10-16-42,59.532227
47921c-NOZ50A-12-20-17-27,62.24812
47921c-NOZ50A-12-28-18-12,60.18907
47921c-NOZ521-11-14-05-33,55.778713
47921c-NOZ523-11-09-06-25,54.193558
47921c-NOZ523-11-15-06-24,57.28837
47921c-NOZ523-11-16-06-37,45.019684
47921c-NOZ524-11-14-06-56,58.13509
47921c-NOZ526-11-09-07-54,50.326744
47921c-NOZ526-11-15-08-01,63.2093
47921c-NOZ526-11-16-07-59,57.686142
47921c-NOZ530-11-13-09-27,63.49898
47921c-NOZ531-11-13-07-54,52.234047
47921c-NOZ532-11-09-11-03,53.166485
47921c-NOZ532-11-13-12-39,64.78635
47921c-NOZ532-11-15-11-03,50.562412
47921c-NOZ535-11-09-12-29,47.30686
47921c-NOZ535-11-13-13-57,58.770184
47921c-NOZ535-11-15-12-29,49.354008
47921c-NOZ536-11-09-14-14,51.865406
47921c-NOZ536-11-15-14-20,58.81585
47921c-NOZ538-11-11-15-33,55.811947
47921c-NOZ538-11-13-15-22,64.354706
47921c-NOZ541-11-09-15-39,52.216976
47921c-NOZ541-11-15-15-45,45.158123
47921c-NOZ543-11-11-16-55,53.312256
47921c-NOZ543-11-13-16-49,58.374897
47921c-NOZ544-11-09-17-09,59.349186
47921c-NOZ544-11-15-17-11,55.377136
47921c-NOZ546-11-11-18-17,60.55317
47921c-NOZ547-11-09-18-25,50.705284
47921c-NOZ547-11-15-18-31,48.6539
47921c-NOZ549-11-13-19-34,58.75267
47921c-NOZ550-11-08-19-59,56.87438
47921c-NOZ550-11-13-21-02,50.34818
47921c-NOZ550-11-15-19-54,59.362885
47921c-NOZ55J-11-10-18-45,51.416054
47921c-NOZ55J-12-28-20-30,63.07174
47921c-NOZ5AY-11-09-09-19,59.21683
47921c-NOZ5AY-11-15-09-19,49.786526
47921c-NOZ5AY-11-16-09-18,46.03949
47921c-NOZ5PY-11-03-16-03,60.04577
47921c-NOZ601-11-17-05-32,49.060467
47921c-NOZ602-12-19-06-20,50.6545
47921c-NOZ602-12-21-06-37,58.48149
47921c-NOZ605-11-04-06-52,61.59591
47921c-NOZ608-11-17-09-51,55.806435
47921c-NOZ609-11-05-07-39,61.920696
47921c-NOZ609-12-19-07-41,56.08898
47921c-NOZ609-12-21-08-01,52.155483
47921c-NOZ611-11-17-08-25,62.312176
47921c-NOZ628-11-03-17-31,57.8932
47921c-NOZ639-12-08-18-48,54.82444
47921c-NOZ645-11-03-18-48,58.78257
479227-NOZ132-11-15-14-05,45.181774
479227-NOZ132-11-21-14-05,47.233833
479227-NOZ133-11-15-15-05,43.824764
479227-NOZ133-11-21-14-52,40.953075
479227-NOZ140-11-15-07-16,47.70118
479227-NOZ141-11-15-08-09,49.18332
479227-NOZ1BG-11-01-06-04,65.12426
479227-NOZ1BG-11-19-06-02,57.74358
479227-NOZ1BG-12-22-06-09,56.807835
479227-NOZ1TT-11-20-14-38,59.52161
479227-NOZ1TT-12-14-14-43,59.820114
479227-NOZ2FV-12-17-15-43,55.968197
479227-NOZ2UC-11-10-16-09,56.2891
479227-NOZ345-11-11-09-55,52.87023
479227-NOZ346-11-03-14-35,60.173977
479227-NOZ346-11-07-14-45,61.3903
479227-NOZ347-11-03-16-36,54.006363
479227-NOZ347-11-07-16-42,59.040672
479227-NOZ3J-11-17-15-46,58.331657
479227-NOZ3LH-12-15-20-00,52.90632
479227-NOZ3TV-12-17-17-11,56.95726
479227-NOZ3VG-12-22-17-14,55.707134
479227-NOZ3VG-12-29-17-13,61.26035
479227-NOZ47Y-11-16-19-32,56.543476
479227-NOZ4HF-11-16-07-12,55.00824
479227-NOZ4RZ-11-11-07-48,59.641674
479227-NOZ50A-12-07-16-47,62.94291
479227-NOZ522-11-09-05-57,54.56969
479227-NOZ522-12-06-06-20,52.951015
479227-NOZ525-11-09-07-17,55.31372
479227-NOZ525-12-06-07-40,53.61976
479227-NOZ534-12-21-12-43,52.998505
479227-NOZ537-12-21-14-04,48.969864
479227-NOZ538-12-12-15-53,57.28083
479227-NOZ538-12-20-15-34,57.190575
479227-NOZ540-11-13-16-18,57.677864
479227-NOZ540-12-21-16-24,52.16276
479227-NOZ543-12-20-16-53,47.2921
479227-NOZ545-11-13-17-36,60.970997
479227-NOZ545-11-23-18-23,59.81387
479227-NOZ545-12-21-17-48,55.972065
479227-NOZ546-11-13-19-03,61.12691
479227-NOZ546-12-12-18-25,52.037983
479227-NOZ549-12-12-19-35,50.804317
479227-NOZ555-11-13-20-28,58.83748
479227-NOZ55J-11-11-18-36,45.55362
479227-NOZ55J-12-07-18-38,54.968937
479227-NOZ56U-11-18-19-10,61.88572
479227-NOZ56U-12-21-20-16,63.12662
479227-NOZ5PY-11-02-16-08,53.929432
479227-NOZ5PY-11-20-16-02,64.55316
479227-NOZ602-11-02-06-02,50.026115
479227-NOZ602-11-07-06-01,51.878998
479227-NOZ602-12-08-06-14,54.88774
479227-NOZ602-12-13-08-23,57.86618
479227-NOZ602-12-14-06-13,48.709995
479227-NOZ605-11-22-06-33,58.166393
479227-NOZ606-11-22-08-25,52.3241
479227-NOZ607-12-16-07-24,61.441845
479227-NOZ607-12-23-07-17,59.583546
479227-NOZ608-11-16-09-42,61.622406
479227-NOZ609-11-02-07-39,64.871635
479227-NOZ609-11-07-07-29,58.987995
479227-NOZ609-12-08-07-33,57.23248
479227-NOZ609-12-13-12-55,58.8775
479227-NOZ609-12-14-07-56,49.726097
479227-NOZ611-11-16-08-25,54.967834
479227-NOZ612-11-16-12-30,62.844334
479227-NOZ612-11-26-12-31,58.206207
479227-NOZ612-12-17-12-50,57.342453
479227-NOZ617-11-16-11-06,54.425865
479227-NOZ620-11-16-15-35,63.41371
479227-NOZ625-12-17-14-07,56.073338
479227-NOZ628-11-02-17-29,55.279522
479227-NOZ628-11-20-17-35,60.036434
479227-NOZ628-12-14-17-29,54.21368
479227-NOZ637-11-16-16-47,60.010303
479227-NOZ638-11-20-20-41,60.041874
479227-NOZ638-12-22-21-57,57.178005
479227-NOZ639-11-10-17-35,52.577606
479227-NOZ645-11-02-18-46,48.756054
479227-NOZ645-11-15-19-05,56.5276
479227-NOZ645-11-20-18-52,58.943317
479227-NOZ645-12-14-18-48,57.30195
479227-NOZ645-12-22-20-20,57.397057
479227-NOZ6CF-11-19-08-28,66.48125
479227-NOZ8GN-11-17-07-09,54.600807
479227-NOZ8ME-11-16-18-20,61.407665
4792a6-NOZ132-11-14-14-05,46.13897
4792a6-NOZ133-11-14-15-26,47.971012
4792a6-NOZ140-11-30-07-02,46.280354
4792a6-NOZ140-12-01-06-59,48.21094
4792a6-NOZ141-11-30-07-54,47.912052
4792a6-NOZ141-12-01-08-00,42.3202
4792a6-NOZ144-11-30-15-44,51.540962
4792a6-NOZ145-11-15-16-38,48.91748
4792a6-NOZ164-11-11-06-09,52.13262
4792a6-NOZ1BG-11-04-06-09,67.25073
4792a6-NOZ1KD-11-16-14-04,59.184765
4792a6-NOZ1TD-11-10-21-10,44.26694
4792a6-NOZ1TT-11-07-14-32,55.160717
4792a6-NOZ270-11-02-07-22,45.2293
4792a6-NOZ270-11-07-07-25,44.922703
4792a6-NOZ270-12-29-08-19,48.196785
4792a6-NOZ271-11-07-06-08,52.942886
4792a6-NOZ271-12-06-06-41,45.60876
4792a6-NOZ271-12-19-06-26,51.15178
4792a6-NOZ278-12-05-18-55,45.54604
4792a6-NOZ2DC-11-17-06-03,44.563507
4792a6-NOZ2DC-11-18-05-59,46.89221
4792a6-NOZ2GH-11-20-15-01,63.66364
4792a6-NOZ345-11-25-09-42,56.38347
4792a6-NOZ346-11-02-14-34,58.39973
4792a6-NOZ346-11-04-14-36,66.38387
4792a6-NOZ346-12-15-14-47,60.665306
4792a6-NOZ346-12-16-16-20,63.8761
4792a6-NOZ346-12-30-14-46,56.343906
4792a6-NOZ347-11-02-16-31,52.378143
4792a6-NOZ347-11-04-16-29,57.690132
4792a6-NOZ347-12-15-16-45,61.61092
4792a6-NOZ347-12-16-19-04,54.491604
4792a6-NOZ347-12-30-17-50,66.53402
4792a6-NOZ3JE-11-17-07-00,47.825806
4792a6-NOZ3JE-11-18-07-00,41.244576
4792a6-NOZ3VG-12-19-16-17,52.047092
4792a6-NOZ4RZ-11-25-07-39,61.786648
4792a6-NOZ50A-11-25-16-42,69.06808
4792a6-NOZ522-12-08-06-12,54.5119
4792a6-NOZ522-12-20-06-35,53.60879
4792a6-NOZ525-12-08-08-03,55.143517
4792a6-NOZ526-11-10-08-19,53.23352
4792a6-NOZ530-11-08-09-45,59.2726
4792a6-NOZ530-11-23-10-59,53.504852
4792a6-NOZ531-11-08-11-06,49.888416
4792a6-NOZ531-11-23-12-10,52.46267
4792a6-NOZ532-11-10-10-59,49.23952
4792a6-NOZ532-12-13-11-00,51.638954
4792a6-NOZ534-11-08-12-37,61.5352
4792a6-NOZ534-11-23-13-43,58.418697
4792a6-NOZ535-11-10-12-28,52.43036
4792a6-NOZ535-12-13-12-42,45.584194
4792a6-NOZ536-11-10-14-19,52.56149
4792a6-NOZ536-11-27-14-21,58.46259
4792a6-NOZ536-12-13-14-18,56.68564
4792a6-NOZ537-11-08-13-56,54.499866
4792a6-NOZ537-11-23-15-08,49.35468
4792a6-NOZ538-12-06-15-31,54.431564
4792a6-NOZ538-12-07-15-32,57.668842
4792a6-NOZ540-12-05-16-12,50.15994
4792a6-NOZ541-11-10-15-43,50.10897
4792a6-NOZ541-12-13-15-43,49.166004
4792a6-NOZ543-12-06-16-55,51.730488
4792a6-NOZ543-12-07-16-44,58.30713
4792a6-NOZ544-11-10-17-14,56.63098
4792a6-NOZ544-12-13-17-25,56.507927
4792a6-NOZ545-12-05-17-28,52.905296
4792a6-NOZ546-12-06-18-12,53.08684
4792a6-NOZ546-12-07-18-19,51.424133
4792a6-NOZ547-11-10-18-33,48.10882
4792a6-NOZ547-12-13-18-38,47.37507
4792a6-NOZ549-12-06-19-25,46.80377
4792a6-NOZ549-12-07-19-27,49.96648
4792a6-NOZ550-11-10-19-55,57.74672
4792a6-NOZ55J-11-25-18-41,53.25161
4792a6-NOZ56U-11-03-19-04,55.015743
4792a6-NOZ5PY-11-07-15-58,53.823715
4792a6-NOZ602-11-23-06-46,47.516243
4792a6-NOZ605-11-10-06-30,57.86693
4792a6-NOZ605-11-14-06-30,59.46011
4792a6-NOZ609-11-23-07-54,56.09441
4792a6-NOZ623-11-13-12-31,54.752884
4792a6-NOZ625-12-31-13-58,54.756123
4792a6-NOZ626-11-11-16-52,58.506958
4792a6-NOZ626-11-17-16-47,65.31867
4792a6-NOZ628-11-07-17-32,63.618454
4792a6-NOZ631-11-11-15-20,49.39847
4792a6-NOZ631-11-13-15-30,57.729977
4792a6-NOZ631-11-17-15-24,67.30742
4792a6-NOZ632-11-16-18-18,62.919563
4792a6-NOZ634-11-13-19-51,60.829834
4792a6-NOZ638-11-09-20-06,58.77814
4792a6-NOZ643-11-13-18-25,62.495655
4792a6-NOZ645-11-07-18-53,57.151672
4792a6-NOZ7C-11-07-08-44,53.248817
4792a6-NOZ7C-12-29-09-33,47.823505
4792a6-NOZ8C-11-06-21-23,58.856224
4792a6-NOZ8C-12-18-22-03,46.527424
4792a6-NOZ8ME-12-18-19-01,62.440548
4792a6-NOZ9BH-11-06-12-14,61.27902
4792a6-NOZ9BH-12-18-12-46,57.83363
4792d3-NOZ181-11-19-08-53,44.10521
4792d3-NOZ181-12-05-06-04,45.055527
4792d3-NOZ181-12-06-06-05,48.30258
4792d3-NOZ182-11-19-07-27,49.07889
4792d3-NOZ182-12-05-07-46,55.646072
4792d3-NOZ183-12-06-09-25,45.01843
4792d3-NOZ191-12-02-17-12,47.577602
4792d3-NOZ191-12-11-14-32,51.388615
4792d3-NOZ1BG-11-05-06-05,57.325203
4792d3-NOZ1BG-11-26-06-06,52.00524
4792d3-NOZ1BG-11-30-06-00,51.103592
4792d3-NOZ1TT-11-21-14-43,54.67026
4792d3-NOZ1TT-12-12-14-37,54.98477
4792d3-NOZ1TT-12-18-14-45,59.069283
4792d3-NOZ1TT-12-28-14-40,54.081047
4792d3-NOZ270-11-21-08-03,50.136948
4792d3-NOZ271-11-21-06-19,49.886322
4792d3-NOZ271-11-23-06-08,51.43512
4792d3-NOZ271-12-12-06-04,50.386414
4792d3-NOZ276-11-18-16-09,53.833084
4792d3-NOZ276-12-09-17-36,46.78712
4792d3-NOZ277-11-18-18-14,50.067474
4792d3-NOZ277-12-09-19-02,49.53788
4792d3-NOZ278-11-22-19-15,47.721973
4792d3-NOZ2FV-12-10-16-13,50.903038
4792d3-NOZ2UC-12-15-16-34,57.958027
4792d3-NOZ345-11-03-09-51,54.874264
4792d3-NOZ345-12-20-10-33,49.01286
4792d3-NOZ346-12-08-14-58,56.5131
4792d3-NOZ346-12-19-14-55,60.928738
4792d3-NOZ347-12-07-16-43,60.095295
4792d3-NOZ347-12-08-16-50,50.025402
4792d3-NOZ347-12-19-17-11,57.40609
4792d3-NOZ3TV-12-10-17-26,59.892467
4792d3-NOZ3VG-12-12-16-03,56.321182
4792d3-NOZ3VG-12-28-16-06,56.358067
4792d3-NOZ40A-12-09-13-57,59.49508
4792d3-NOZ4RZ-11-03-07-58,60.40088
4792d3-NOZ4RZ-12-20-08-08,61.633602
4792d3-NOZ50A-12-13-17-00,62.913715
4792d3-NOZ522-11-16-06-00,58.240803
4792d3-NOZ522-12-01-06-02,66.25652
4792d3-NOZ523-12-21-06-32,60.389877
4792d3-NOZ523-12-22-06-34,53.09798
4792d3-NOZ525-11-16-07-31,48.72232
4792d3-NOZ525-12-01-07-22,53.02242
4792d3-NOZ526-12-21-08-20,59.72868
4792d3-NOZ526-12-22-08-07,56.787632
4792d3-NOZ531-11-22-11-24,51.764168
4792d3-NOZ532-12-21-11-07,56.97758
4792d3-NOZ532-12-22-11-05,57.395226
4792d3-NOZ534-12-20-12-46,54.511044
4792d3-NOZ535-12-21-12-37,55.30014
4792d3-NOZ535-12-22-12-35,56.829865
4792d3-NOZ536-12-21-14-21,52.470425
4792d3-NOZ536-12-22-14-57,61.0267
4792d3-NOZ537-11-22-14-04,56.7869
4792d3-NOZ538-11-24-15-29,51.143864
4792d3-NOZ540-11-29-16-05,51.887867
4792d3-NOZ541-12-22-16-38,58.5958
4792d3-NOZ543-11-24-16-41,51.68534
4792d3-NOZ544-12-21-17-26,52.804195
4792d3-NOZ545-11-29-17-27,53.131424
4792d3-NOZ546-11-24-18-34,55.886646
4792d3-NOZ547-12-21-18-38,56.4728
4792d3-NOZ549-11-24-19-40,47.92406
4792d3-NOZ550-12-21-20-49,57.933628
4792d3-NOZ55J-12-13-18-42,52.34817
4792d3-NOZ56U-11-04-19-07,61.426876
4792d3-NOZ56U-11-29-18-54,60.287308
4792d3-NOZ5AY-12-21-09-33,49.278664
4792d3-NOZ5AY-12-22-09-25,62.424026
4792d3-NOZ5PY-11-21-16-11,54.202538
4792d3-NOZ5PY-11-30-15-53,50.30773
4792d3-NOZ602-11-24-06-29,50.90817
4792d3-NOZ602-11-29-06-08,54.297825
4792d3-NOZ605-12-15-07-09,53.953728
4792d3-NOZ607-12-19-07-13,49.298454
4792d3-NOZ609-11-24-07-48,58.630817
4792d3-NOZ609-11-29-07-24,51.77951
4792d3-NOZ625-12-10-14-57,59.290012
4792d3-NOZ628-11-21-17-41,55.022984
4792d3-NOZ628-11-30-17-26,58.45955
4792d3-NOZ638-12-14-20-23,56.482227
4792d3-NOZ638-12-18-20-14,49.444378
4792d3-NOZ639-11-17-17-31,63.341457
4792d3-NOZ639-12-15-17-49,46.03298
4792d3-NOZ645-11-21-18-52,56.174366
4792d3-NOZ645-11-30-18-42,54.011333
4792d3-NOZ645-12-28-18-53,56.814716
4792d3-NOZ68L-11-11-19-26,61.682938
4792d3-NOZ6TM-12-04-20-10,59.00012
4792d3-NOZ6TM-12-05-18-54,50.04975
4792d3-NOZ7C-11-21-09-10,49.066746
4792d3-NOZ8402-12-10-13-41,54.458538
4792d3-NOZ8921-12-15-10-33,53.45028
4792d3-NOZ8C-11-20-21-12,53.21252
4792d3-NOZ8C-12-11-21-51,49.293564
4792d3-NOZ9BH-11-20-12-29,49.11362
4792d3-NOZ9BH-12-02-15-44,51.717205
4792d3-NOZ9BH-12-05-15-56,48.89987
4792d3-NOZ9PL-11-18-07-35,56.297607
4792db-NOZ132-12-19-14-05,45.288498
4792db-NOZ132-12-20-13-57,46.834866
4792db-NOZ133-12-20-14-54,52.39558
4792db-NOZ140-11-14-07-24,50.388542
4792db-NOZ141-11-14-08-18,58.40736
4792db-NOZ144-12-01-14-54,45.90185
4792db-NOZ144-12-02-15-46,48.826782
4792db-NOZ145-12-01-16-01,55.45443
4792db-NOZ145-12-02-16-45,51.85893
4792db-NOZ181-11-16-06-02,46.08255
4792db-NOZ181-12-13-06-18,48.03091
4792db-NOZ182-11-16-07-36,46.2321
4792db-NOZ183-11-16-08-48,47.75169
4792db-NOZ183-12-13-08-58,54.19758
4792db-NOZ191-11-08-17-02,52.01722
4792db-NOZ1TT-11-22-14-45,54.1844
4792db-NOZ270-12-26-07-41,45.682426
4792db-NOZ276-11-15-16-01,48.558723
4792db-NOZ276-12-30-16-11,48.337627
4792db-NOZ277-11-04-17-29,53.663895
4792db-NOZ277-11-15-17-28,48.69006
4792db-NOZ277-12-30-17-25,45.08269
4792db-NOZ2BE-11-16-12-27,60.238514
4792db-NOZ2DC-12-15-06-22,44.747
4792db-NOZ345-12-04-10-18,58.3103
4792db-NOZ345-12-05-10-09,51.019947
4792db-NOZ345-12-27-09-55,59.55
4792db-NOZ345-12-29-10-09,59.389046
4792db-NOZ346-11-10-14-39,54.068874
4792db-NOZ347-11-10-16-34,60.33424
4792db-NOZ4HF-12-16-07-13,54.502064
4792db-NOZ4RZ-12-04-08-17,62.070103
4792db-NOZ4RZ-12-05-07-41,65.82058
4792db-NOZ4RZ-12-27-07-51,63.353992
4792db-NOZ4RZ-12-29-08-12,60.675545
4792db-NOZ50A-11-02-16-38,65.49895
4792db-NOZ50A-11-24-16-59,67.78481
4792db-NOZ50A-11-30-16-27,58.79695
4792db-NOZ530-12-16-11-40,55.133762
4792db-NOZ531-12-16-13-13,64.70555
4792db-NOZ538-11-29-15-14,58.49873
4792db-NOZ540-12-23-16-21,55.308525
4792db-NOZ543-11-29-16-36,56.487183
4792db-NOZ545-12-23-17-34,52.69095
4792db-NOZ546-11-29-18-15,58.05121
4792db-NOZ55J-11-01-18-27,58.33633
4792db-NOZ55J-11-24-18-40,60.47408
4792db-NOZ55J-11-30-18-28,53.400528
4792db-NOZ5PY-11-22-16-07,52.138653
4792db-NOZ601-12-14-05-46,57.25964
4792db-NOZ601-12-16-05-49,51.414093
4792db-NOZ602-12-07-06-10,53.672787
4792db-NOZ605-12-21-06-40,58.348263
4792db-NOZ606-12-21-08-27,59.571274
4792db-NOZ607-12-22-07-04,66.15638
4792db-NOZ608-12-14-09-49,49.957058
4792db-NOZ609-12-07-07-19,48.367233
4792db-NOZ611-12-14-08-23,53.581932
4792db-NOZ611-12-16-08-48,60.62109
4792db-NOZ612-11-05-12-23,60.191166
4792db-NOZ612-11-19-12-25,55.426434
4792db-NOZ612-12-14-12-39,52.85551
4792db-NOZ612-12-16-15-18,53.69247
4792db-NOZ612-12-21-12-40,59.21415
4792db-NOZ617-12-14-11-18,51.820614
4792db-NOZ617-12-21-11-13,54.91185
4792db-NOZ620-12-16-19-41,57.15606
4792db-NOZ625-11-05-14-01,59.790512
4792db-NOZ625-11-19-13-54,53.83248
4792db-NOZ625-12-14-14-02,51.0919
4792db-NOZ625-12-16-17-33,54.160038
4792db-NOZ626-12-15-16-50,53.44159
4792db-NOZ626-12-21-17-15,56.355167
4792db-NOZ628-11-22-18-10,63.46408
4792db-NOZ631-12-15-15-35,58.65422
4792db-NOZ631-12-21-15-24,52.03136
4792db-NOZ632-12-16-22-56,56.3946
4792db-NOZ637-12-16-21-02,54.479496
4792db-NOZ638-12-13-20-27,57.812897
4792db-NOZ645-11-22-19-19,55.40445
4792db-NOZ6TM-12-12-18-49,46.824272
4792db-NOZ7C-12-26-08-52,57.52581
4792db-NOZ9BH-11-08-15-34,52.402054
4792db-NOZ9BH-12-12-15-46,48.985676
47945c-NOZ132-12-23-13-58,47.374866
47945c-NOZ132-12-26-13-04,45.727016
47945c-NOZ132-12-27-14-24,43.874634
47945c-NOZ132-12-30-14-02,45.76448
47945c-NOZ133-12-23-14-56,44.425068
47945c-NOZ133-12-26-13-57,52.79026
47945c-NOZ133-12-27-15-40,54.053616
47945c-NOZ144-12-13-15-57,43.05424
47945c-NOZ145-12-13-16-55,43.49486
47945c-NOZ181-11-03-06-05,49.62763
47945c-NOZ181-12-12-06-01,48.366596
47945c-NOZ182-12-12-07-35,47.43962
47945c-NOZ183-11-03-08-58,47.25103
47945c-NOZ183-12-12-08-57,50.29859
47945c-NOZ1YA-12-08-15-01,51.85168
47945c-NOZ270-12-09-07-35,47.02343
47945c-NOZ271-12-09-06-21,46.656868
47945c-NOZ276-11-02-15-58,55.018208
47945c-NOZ277-11-02-17-25,47.88635
47945c-NOZ278-12-08-19-14,47.440853
47945c-NOZ27C-12-09-08-42,49.96038
47945c-NOZ2DC-12-20-05-59,42.398865
47945c-NOZ2DC-12-22-05-58,46.4891
47945c-NOZ2DC-12-28-06-16,47.587486
47945c-NOZ2DC-12-29-06-02,43.339344
47945c-NOZ2PC-12-17-08-21,48.625175
47945c-NOZ2UC-11-25-16-13,63.31947
47945c-NOZ345-11-08-09-33,51.05085
47945c-NOZ345-12-06-10-57,45.74179
47945c-NOZ345-12-07-09-46,51.260387
47945c-NOZ346-12-05-14-53,64.24378
47945c-NOZ346-12-06-14-32,64.68775
47945c-NOZ347-12-05-16-59,56.01906
47945c-NOZ3JE-12-20-06-57,46.16498
47945c-NOZ3JE-12-22-06-52,43.740837
47945c-NOZ3JE-12-28-07-05,42.17829
47945c-NOZ40A-12-08-13-31,61.608303
47945c-NOZ4RZ-11-08-07-29,68.42802
47945c-NOZ4RZ-12-07-07-47,60.663513
47945c-NOZ521-11-04-05-29,55.30159
47945c-NOZ523-11-05-06-14,62.42891
47945c-NOZ524-11-05-07-32,56.746758
47945c-NOZ525-11-06-11-27,59.764748
47945c-NOZ530-11-25-09-51,57.390354
47945c-NOZ531-11-05-08-48,61.7073
47945c-NOZ531-11-25-11-15,59.31235
47945c-NOZ531-11-30-11-05,58.50453
47945c-NOZ532-11-05-10-19,63.447952
47945c-NOZ534-11-30-12-34,55.128532
47945c-NOZ537-11-06-14-41,62.492584
47945c-NOZ537-11-25-14-06,51.870342
47945c-NOZ540-11-06-16-12,62.947384
47945c-NOZ545-11-06-17-38,58.49298
47945c-NOZ550-11-03-21-24,54.82596
47945c-NOZ555-11-06-20-25,62.31889
47945c-NOZ602-11-30-06-12,58.12813
47945c-NOZ602-12-05-06-02,55.37302
47945c-NOZ605-12-19-06-33,50.80759
47945c-NOZ605-12-23-06-48,58.008404
47945c-NOZ605-12-27-07-09,53.74606
47945c-NOZ605-12-30-06-40,50.71162
47945c-NOZ606-12-19-08-20,53.7502
47945c-NOZ606-12-23-08-17,54.673416
47945c-NOZ606-12-30-08-21,56.909454
47945c-NOZ608-12-17-11-07,65.271996
47945c-NOZ608-12-18-09-55,58.26316
47945c-NOZ608-12-24-09-38,57.8429
47945c-NOZ609-11-30-07-34,56.077724
47945c-NOZ609-12-05-07-27,55.226433
47945c-NOZ609-12-24-07-46,59.798298
47945c-NOZ609-12-31-07-23,58.14626
47945c-NOZ612-12-18-12-28,57.056072
47945c-NOZ617-12-18-11-17,62.11312
47945c-NOZ620-12-18-15-31,53.213306
47945c-NOZ625-12-18-14-06,56.611786
47945c-NOZ626-12-26-17-27,52.082222
47945c-NOZ626-12-28-17-06,52.325134
47945c-NOZ631-12-26-15-50,51.94224
47945c-NOZ631-12-28-15-31,57.76977
47945c-NOZ632-12-18-18-15,55.62039
47945c-NOZ639-11-25-17-31,51.89884
47945c-NOZ647-12-18-19-34,54.353493
47945c-NOZ6TM-11-02-18-49,53.788837
47945c-NOZ6TM-12-11-20-15,51.262234
47947c-NOZ144-11-17-15-03,49.210625
47947c-NOZ145-11-17-16-08,45.23807
47947c-NOZ181-11-26-09-00,54.140545
47947c-NOZ182-11-26-07-47,54.399063
47947c-NOZ191-11-11-17-13,53.65811
47947c-NOZ1BG-12-30-07-28,60.02069
47947c-NOZ1KD-11-18-14-22,60.217922
47947c-NOZ1TT-11-09-14-32,55.68844
47947c-NOZ270-12-14-08-19,52.09889
47947c-NOZ271-12-17-07-43,44.49864
47947c-NOZ276-11-01-16-02,54.755573
47947c-NOZ276-11-25-16-03,62.0857
47947c-NOZ276-12-28-16-18,52.038048
47947c-NOZ277-11-01-17-19,50.58384
47947c-NOZ277-11-25-17-28,46.673
47947c-NOZ278-12-16-23-57,52.525146
47947c-NOZ2DC-12-02-06-04,42.833065
47947c-NOZ2DC-12-06-06-20,54.286564
47947c-NOZ346-11-06-14-30,65.2234
47947c-NOZ347-11-06-16-34,57.61654
47947c-NOZ3JE-12-02-06-56,45.899937
47947c-NOZ3JE-12-06-07-13,49.084846
47947c-NOZ4HF-12-05-07-06,55.0233
47947c-NOZ51Q-11-18-08-38,65.518875
47947c-NOZ522-11-10-06-07,52.664185
47947c-NOZ525-11-10-07-22,49.35288
47947c-NOZ538-11-22-15-31,57.185177
47947c-NOZ538-11-28-15-18,59.83481
47947c-NOZ543-11-28-16-34,48.57799
47947c-NOZ546-11-22-18-20,51.380405
47947c-NOZ546-11-28-18-18,61.468277
47947c-NOZ549-11-22-19-31,49.421032
47947c-NOZ549-11-28-19-33,49.66097
47947c-NOZ553-11-20-20-03,56.728252
47947c-NOZ56U-12-29-20-08,54.34309
47947c-NOZ5PY-11-09-15-55,56.743618
47947c-NOZ601-11-22-05-32,57.189564
47947c-NOZ601-12-05-05-50,54.19012
47947c-NOZ605-11-08-06-27,54.200226
47947c-NOZ605-12-01-06-28,50.868534
47947c-NOZ606-11-21-08-29,54.232037
47947c-NOZ606-12-01-07-59,54.090485
47947c-NOZ607-11-09-07-07,60.754555
47947c-NOZ607-12-07-07-33,56.709484
47947c-NOZ608-12-03-09-17,60.831894
47947c-NOZ608-12-05-09-46,65.4562
47947c-NOZ609-12-03-07-45,60.962334
47947c-NOZ612-11-12-12-22,65.76257
47947c-NOZ612-12-05-12-33,64.44893
47947c-NOZ617-12-05-11-05,56.785168
47947c-NOZ620-12-05-15-25,62.12666
47947c-NOZ625-11-12-13-58,57.59069
47947c-NOZ628-11-09-17-40,61.300323
47947c-NOZ631-11-08-15-25,45.018955
47947c-NOZ631-11-21-15-29,59.52391
47947c-NOZ632-12-05-18-10,56.84672
47947c-NOZ637-12-05-16-54,54.430527
47947c-NOZ645-11-09-18-56,58.665913
47947c-NOZ648-11-20-21-39,59.98187
47947c-NOZ64N-11-02-17-02,60.45191
47947c-NOZ68L-11-13-20-45,70.01208
47947c-NOZ6MH-11-18-11-32,58.273193
47947c-NOZ6TM-11-01-18-53,50.25079
47947c-NOZ7C-12-14-09-36,51.313614
47947c-NOZ9BH-11-11-15-42,51.183704
47947c-NOZ9T-11-18-16-55,59.7448
4794f2-NOZ132-12-16-14-20,49.739117
4794f2-NOZ133-12-16-15-26,48.28408
4794f2-NOZ181-11-04-06-01,48.534233
4794f2-NOZ181-11-07-06-05,49.59563
4794f2-NOZ181-11-08-06-01,47.818535
4794f2-NOZ182-11-08-07-33,53.0813
4794f2-NOZ183-11-04-09-01,50.710823
4794f2-NOZ183-11-07-08-49,50.42486
4794f2-NOZ183-11-08-08-46,48.540806
4794f2-NOZ183-12-11-08-39,50.087055
4794f2-NOZ191-11-07-17-04,53.979202
4794f2-NOZ191-11-10-17-06,51.706997
4794f2-NOZ191-11-22-17-06,50.86914
4794f2-NOZ191-12-01-17-04,55.04125
4794f2-NOZ191-12-22-17-29,51.45715
4794f2-NOZ1BG-11-10-06-01,54.505676
4794f2-NOZ1BG-11-28-06-05,59.562183
4794f2-NOZ1BG-12-01-06-05,58.730263
4794f2-NOZ1TT-12-13-15-05,56.775204
4794f2-NOZ270-11-01-07-30,48.554176
4794f2-NOZ271-11-01-06-06,52.96872
4794f2-NOZ272-12-11-16-07,46.664856
4794f2-NOZ276-11-17-15-58,49.645428
4794f2-NOZ276-11-23-18-36,52.82012
4794f2-NOZ277-11-17-17-35,47.846973
4794f2-NOZ277-11-23-19-44,49.672268
4794f2-NOZ2BE-11-02-12-35,64.71052
4794f2-NOZ2DC-12-19-06-00,43.214504
4794f2-NOZ345-11-02-09-29,51.774857
4794f2-NOZ345-11-20-10-19,53.721256
4794f2-NOZ346-11-01-14-29,57.939625
4794f2-NOZ347-11-01-16-33,62.71854
4794f2-NOZ3JE-12-19-06-53,43.712597
4794f2-NOZ4RZ-11-20-08-17,64.154915
4794f2-NOZ50A-11-16-16-42,64.03684
4794f2-NOZ50A-12-05-16-51,57.942776
4794f2-NOZ530-11-09-09-47,47.926357
4794f2-NOZ530-11-10-09-54,54.13404
4794f2-NOZ530-12-01-09-52,53.02849
4794f2-NOZ530-12-05-10-20,61.733433
4794f2-NOZ530-12-07-10-01,54.865734
4794f2-NOZ531-11-09-11-05,53.252766
4794f2-NOZ531-11-10-11-04,51.90525
4794f2-NOZ531-12-01-11-05,55.15761
4794f2-NOZ531-12-05-11-28,54.04798
4794f2-NOZ531-12-07-11-14,49.962097
4794f2-NOZ534-11-09-12-35,51.854218
4794f2-NOZ534-11-10-12-42,48.525288
4794f2-NOZ534-12-05-12-54,60.166
4794f2-NOZ534-12-07-12-37,51.55878
4794f2-NOZ537-11-09-14-00,56.015747
4794f2-NOZ537-11-10-14-00,59.748306
4794f2-NOZ537-12-01-14-03,55.826477
4794f2-NOZ537-12-05-14-06,54.135098
4794f2-NOZ537-12-07-13-59,52.905033
4794f2-NOZ540-11-09-16-09,52.45364
4794f2-NOZ540-11-30-16-17,62.700867
4794f2-NOZ540-12-09-16-14,57.57817
4794f2-NOZ543-11-23-16-56,46.9444
4794f2-NOZ545-11-09-17-21,54.196465
4794f2-NOZ545-12-09-17-41,57.2867
4794f2-NOZ55J-11-16-18-38,58.688633
4794f2-NOZ55J-12-05-18-55,55.057495
4794f2-NOZ56U-11-09-18-49,55.088615
4794f2-NOZ56U-11-27-20-09,64.012054
4794f2-NOZ56U-11-30-18-55,51.85157
4794f2-NOZ601-11-16-05-34,54.29731
4794f2-NOZ601-12-15-05-51,57.61055
4794f2-NOZ602-11-22-06-32,58.723934
4794f2-NOZ605-12-14-06-41,55.689713
4794f2-NOZ605-12-16-06-43,55.181816
4794f2-NOZ606-12-14-08-05,54.03367
4794f2-NOZ606-12-16-08-43,56.29954
4794f2-NOZ607-12-21-07-02,53.637043
4794f2-NOZ608-12-15-09-49,55.380913
4794f2-NOZ608-12-29-10-20,63.095535
4794f2-NOZ609-11-22-07-42,58.379433
4794f2-NOZ611-12-15-08-24,61.869785
4794f2-NOZ611-12-29-08-27,52.47927
4794f2-NOZ612-12-15-12-33,52.161503
4794f2-NOZ612-12-20-12-33,56.886936
4794f2-NOZ612-12-29-14-02,54.132298
4794f2-NOZ614-12-18-14-00,59.682785
4794f2-NOZ617-12-15-11-06,61.48387
4794f2-NOZ617-12-20-11-01,58.558064
4794f2-NOZ617-12-29-11-41,51.996933
4794f2-NOZ620-12-20-15-29,55.428627
4794f2-NOZ620-12-29-17-43,51.331223
4794f2-NOZ623-12-18-12-35,62.992363
4794f2-NOZ625-12-15-14-05,60.591354
4794f2-NOZ625-12-20-14-00,57.258656
4794f2-NOZ625-12-29-15-29,54.715145
4794f2-NOZ626-12-18-17-02,55.799915
4794f2-NOZ626-12-19-17-41,50.64426
4794f2-NOZ626-12-30-17-00,52.284817
4794f2-NOZ631-12-18-15-35,57.09289
4794f2-NOZ631-12-19-15-34,52.8254
4794f2-NOZ632-12-15-18-11,54.359406
4794f2-NOZ632-12-20-18-23,61.333626
4794f2-NOZ634-12-18-20-02,53.27274
4794f2-NOZ637-12-15-16-43,57.825607
4794f2-NOZ637-12-20-16-48,57.12658
4794f2-NOZ638-11-15-20-22,55.879795
4794f2-NOZ643-12-18-18-24,55.363197
4794f2-NOZ6MH-11-19-10-08,56.488907
4794f2-NOZ6TM-11-06-20-05,59.445286
4794f2-NOZ6TM-11-07-18-44,51.52022
4794f2-NOZ7C-11-01-08-39,51.197926
4794f2-NOZ8404-12-16-19-37,56.579727
4794f2-NOZ9BH-11-07-15-34,62.175232
4794f2-NOZ9BH-11-10-15-30,57.636982
4794f2-NOZ9BH-11-22-15-41,52.39608
4794f2-NOZ9BH-12-01-15-33,55.03104
47956b-NOZ132-11-03-13-55,46.15904
47956b-NOZ133-11-03-15-03,44.659744
47956b-NOZ133-12-22-15-10,45.97922
47956b-NOZ134-12-11-18-07,49.84262
47956b-NOZ1BG-11-09-06-04,44.97843
47956b-NOZ1BG-11-21-06-22,57.610466
47956b-NOZ276-11-11-16-01,49.695637
47956b-NOZ276-12-29-17-32,45.010517
47956b-NOZ277-11-11-17-31,46.959774
47956b-NOZ277-12-29-18-40,46.788326
47956b-NOZ2UC-12-05-16-06,59.228947
47956b-NOZ345-12-30-10-10,65.2837
47956b-NOZ346-11-23-15-21,61.598846
47956b-NOZ346-11-24-14-50,63.420246
47956b-NOZ347-11-23-17-11,50.796303
47956b-NOZ4HF-11-02-07-13,59.730614
47956b-NOZ4RZ-12-30-07-41,67.660774
47956b-NOZ50A-11-28-16-46,63.085846
47956b-NOZ521-12-08-05-46,53.074413
47956b-NOZ521-12-09-05-45,52.527725
47956b-NOZ521-12-12-05-33,56.557663
47956b-NOZ521-12-13-05-27,42.868477
47956b-NOZ521-12-14-05-33,58.315804
47956b-NOZ521-12-15-05-51,52.37681
47956b-NOZ523-11-10-06-36,45.966583
47956b-NOZ523-12-16-07-43,57.5693
47956b-NOZ524-12-07-07-13,53.21143
47956b-NOZ524-12-08-07-00,58.685276
47956b-NOZ524-12-09-07-10,56.68591
47956b-NOZ524-12-12-07-09,57.051937
47956b-NOZ524-12-13-07-00,54.46051
47956b-NOZ524-12-14-07-06,49.67781
47956b-NOZ524-12-15-07-10,51.61643
47956b-NOZ530-11-18-09-51,50.025867
47956b-NOZ530-12-18-09-30,59.514206
47956b-NOZ531-11-18-11-17,51.94026
47956b-NOZ531-11-28-11-15,47.81826
47956b-NOZ531-12-18-08-07,62.79958
47956b-NOZ532-12-16-14-40,54.780067
47956b-NOZ534-11-18-12-53,59.678688
47956b-NOZ534-11-28-12-37,55.67869
47956b-NOZ535-12-16-17-00,52.01036
47956b-NOZ536-12-16-19-29,58.32451
47956b-NOZ537-11-18-14-09,48.132603
47956b-NOZ537-11-28-13-58,52.626328
47956b-NOZ538-11-10-15-21,55.139336
47956b-NOZ540-11-08-16-28,58.29209
47956b-NOZ541-12-16-20-57,51.155632
47956b-NOZ543-11-10-16-42,55.172554
47956b-NOZ544-12-16-22-58,58.892998
47956b-NOZ545-11-08-17-43,50.82048
47956b-NOZ546-11-10-18-12,58.00279
47956b-NOZ548-12-04-18-28,65.62659
47956b-NOZ550-11-09-19-59,58.195217
47956b-NOZ553-12-04-19-43,54.93985
47956b-NOZ55J-11-28-18-42,54.147324
47956b-NOZ56U-11-08-19-06,54.779808
47956b-NOZ56U-11-20-20-23,71.629074
47956b-NOZ5AY-12-18-11-03,58.067574
47956b-NOZ5PY-11-14-15-56,57.972042
47956b-NOZ601-11-02-05-43,60.988617
47956b-NOZ605-11-01-06-41,58.299316
47956b-NOZ606-11-01-08-02,62.049744
47956b-NOZ607-11-04-07-03,61.54359
47956b-NOZ607-11-23-07-05,60.054214
47956b-NOZ608-12-26-10-34,52.032017
47956b-NOZ611-12-26-08-27,58.037758
47956b-NOZ612-11-02-12-22,59.48067
47956b-NOZ612-12-26-13-27,49.654125
47956b-NOZ617-11-02-11-05,63.522484
47956b-NOZ617-12-26-11-52,56.021065
47956b-NOZ620-11-02-15-22,58.323257
47956b-NOZ620-12-26-16-14,60.8321
47956b-NOZ625-11-02-13-57,55.975563
47956b-NOZ625-12-26-14-44,54.45398
47956b-NOZ626-11-01-16-55,64.518906
47956b-NOZ626-11-22-17-40,61.73917
47956b-NOZ631-11-01-15-24,47.91562
47956b-NOZ632-11-02-17-57,57.772415
47956b-NOZ637-11-02-16-37,51.0129
47956b-NOZ638-12-20-20-17,57.914295
47956b-NOZ639-11-18-17-33,59.670662
47956b-NOZ639-12-05-17-30,56.683475
47956b-NOZ645-11-14-19-11,61.932865
479d40-NOZ140-12-08-07-28,46.090183
479d40-NOZ140-12-09-07-09,50.094578
479d40-NOZ140-12-21-07-12,48.073242
479d40-NOZ141-12-08-08-30,44.239468
479d40-NOZ141-12-09-08-22,54.188572
479d40-NOZ141-12-21-08-08,49.808704
479d40-NOZ142-12-11-13-40,48.042007
479d40-NOZ143-12-11-14-39,44.065006
479d40-NOZ144-12-05-15-53,44.237495
479d40-NOZ144-12-12-16-10,50.768986
479d40-NOZ144-12-21-15-54,46.431046
479d40-NOZ144-12-22-15-28,50.584805
479d40-NOZ145-12-05-16-55,43.424187
479d40-NOZ145-12-12-17-22,43.951283
479d40-NOZ145-12-21-16-55,44.358814
479d40-NOZ145-12-22-16-36,52.571278
479d40-NOZ183-11-27-07-47,47.51684
479d40-NOZ1BG-12-02-06-07,60.87011
479d40-NOZ270-11-29-07-16,45.1515
479d40-NOZ271-11-29-06-01,49.41963
479d40-NOZ275-11-13-16-48,47.814907
479d40-NOZ276-11-03-15-58,55.560673
479d40-NOZ277-11-03-17-22,52.600525
479d40-NOZ278-11-28-18-52,54.341316
479d40-NOZ345-12-17-15-20,51.371735
479d40-NOZ346-12-02-14-48,59.22203
479d40-NOZ347-11-29-16-40,49.115273
479d40-NOZ347-12-02-16-41,55.972572
479d40-NOZ4RZ-12-17-12-20,58.99916
479d40-NOZ522-11-02-06-00,44.979355
479d40-NOZ525-11-02-07-20,60.9544
479d40-NOZ530-11-11-09-55,51.71374
479d40-NOZ531-11-11-11-21,51.03279
479d40-NOZ534-11-11-12-41,51.967163
479d40-NOZ538-11-07-15-22,66.21742
479d40-NOZ538-11-09-15-16,58.982735
479d40-NOZ538-11-15-15-14,55.35227
479d40-NOZ543-11-07-16-40,57.04497
479d40-NOZ543-11-09-16-33,53.62399
479d40-NOZ545-11-25-17-42,50.712067
479d40-NOZ545-11-28-17-25,52.12135
479d40-NOZ546-11-07-18-16,60.7359
479d40-NOZ546-11-09-18-16,55.654247
479d40-NOZ546-11-15-18-16,55.31736
479d40-NOZ549-11-07-19-36,52.250473
479d40-NOZ549-11-09-19-26,51.27306
479d40-NOZ549-11-15-19-27,47.799747
479d40-NOZ602-12-15-06-58,53.05216
479d40-NOZ608-12-31-08-51,49.41982
479d40-NOZ609-12-15-08-13,53.2221
479d40-NOZ6TM-11-25-19-09,55.255646
479d40-NOZ7C-11-29-08-44,51.800133
479d40-NOZ8ME-12-06-18-13,57.340706
479ee7-NOZ132-12-05-13-57,45.22979
479ee7-NOZ133-12-05-15-01,42.995064
479ee7-NOZ194-12-11-19-04,51.838554
479ee7-NOZ195-12-11-20-21,51.67249
479ee7-NOZ1TT-12-04-14-33,58.32537
479ee7-NOZ270-12-13-07-49,46.654266
479ee7-NOZ271-12-13-06-33,52.966293
479ee7-NOZ276-12-23-17-03,49.459118
479ee7-NOZ276-12-27-18-07,52.45699
479ee7-NOZ277-12-23-18-16,49.565052
479ee7-NOZ277-12-27-19-19,53.35845
479ee7-NOZ278-12-12-18-56,45.804813
479ee7-NOZ345-12-01-09-38,58.68508
479ee7-NOZ345-12-14-09-38,58.003204
479ee7-NOZ347-12-13-16-35,58.212425
479ee7-NOZ4DG-12-08-20-47,51.657524
479ee7-NOZ4RZ-12-01-07-45,62.318268
479ee7-NOZ4RZ-12-14-07-43,53.77427
479ee7-NOZ50A-12-08-16-54,61.28872
479ee7-NOZ545-12-12-17-43,48.511963
479ee7-NOZ55J-12-08-18-49,51.66627
479ee7-NOZ55J-12-29-23-25,58.26997
479ee7-NOZ605-12-05-06-42,54.788635
479ee7-NOZ605-12-06-06-42,49.151917
479ee7-NOZ605-12-07-06-38,52.522316
479ee7-NOZ605-12-08-07-09,53.976074
479ee7-NOZ606-12-06-08-23,54.33398
479ee7-NOZ606-12-07-08-01,55.677074
479ee7-NOZ606-12-08-08-20,54.69777
479ee7-NOZ607-12-09-07-00,57.54205
479ee7-NOZ626-12-06-16-53,55.399773
479ee7-NOZ628-12-04-17-24,60.296707
479ee7-NOZ631-12-06-15-30,49.705734
479ee7-NOZ639-12-11-17-40,58.52984
479ee7-NOZ645-12-04-18-47,61.21004
479ee7-NOZ7C-12-13-08-58,48.369644
47a039-NOZ132-11-18-14-04,50.78464
47a039-NOZ133-11-18-15-01,43.17243
47a039-NOZ140-11-29-07-00,47.331062
47a039-NOZ140-12-02-07-15,44.18384
47a039-NOZ140-12-16-07-36,45.762627
47a039-NOZ141-11-29-08-04,47.536526
47a039-NOZ141-12-02-08-11,46.26022
47a039-NOZ141-12-16-08-44,41.785503
47a039-NOZ142-12-04-13-32,51.520077
47a039-NOZ143-12-04-14-29,51.615986
47a039-NOZ144-11-29-15-48,44.52093
47a039-NOZ144-12-15-16-04,51.338
47a039-NOZ145-11-29-16-42,53.463993
47a039-NOZ145-12-15-16-57,54.869633
47a039-NOZ181-11-10-06-26,53.587822
47a039-NOZ182-11-10-07-53,47.26437
47a039-NOZ183-11-10-09-17,53.2088
47a039-NOZ1BG-12-12-06-06,50.42569
47a039-NOZ1BG-12-21-06-54,60.23696
47a039-NOZ1BG-12-28-06-35,61.182465
47a039-NOZ1BG-12-31-06-19,60.310654
47a039-NOZ1TT-11-04-14-44,64.732124
47a039-NOZ1TT-11-17-14-40,58.701843
47a039-NOZ1TT-11-24-14-46,58.983353
47a039-NOZ1TT-12-06-14-43,55.66242
47a039-NOZ1TT-12-07-14-52,52.175236
47a039-NOZ271-11-16-06-01,47.64202
47a039-NOZ272-11-06-15-24,59.502514
47a039-NOZ275-11-06-16-46,51.9717
47a039-NOZ276-11-09-15-58,54.299755
47a039-NOZ276-11-14-15-55,58.92373
47a039-NOZ277-11-09-17-31,48.038914
47a039-NOZ277-11-14-17-24,49.070724
47a039-NOZ278-11-15-18-55,48.936447
47a039-NOZ2DC-11-01-05-57,47.58332
47a039-NOZ345-12-18-10-29,50.92542
47a039-NOZ345-12-19-10-26,63.608624
47a039-NOZ346-12-28-14-58,65.99576
47a039-NOZ347-12-28-16-59,61.73826
47a039-NOZ3JE-11-01-06-58,56.19092
47a039-NOZ3LH-11-25-13-11,48.594177
47a039-NOZ3LH-11-26-07-32,54.40598
47a039-NOZ4HF-11-21-07-07,56.29651
47a039-NOZ4RZ-12-18-08-28,57.601894
47a039-NOZ4RZ-12-19-07-53,60.290585
47a039-NOZ50A-12-18-17-38,61.7377
47a039-NOZ50F-12-05-09-48,63.68146
47a039-NOZ538-11-16-15-18,59.042137
47a039-NOZ540-12-20-16-51,62.885162
47a039-NOZ543-11-16-16-49,44.68992
47a039-NOZ545-12-20-18-15,58.329792
47a039-NOZ545-12-27-17-49,61.832684
47a039-NOZ546-11-16-18-12,53.571327
47a039-NOZ549-11-16-19-28,47.549652
47a039-NOZ56U-12-11-20-06,62.204323
47a039-NOZ56U-12-20-19-54,62.298332
47a039-NOZ56U-12-27-19-16,58.078705
47a039-NOZ56U-12-30-19-42,50.762947
47a039-NOZ5PY-11-04-16-15,61.27814
47a039-NOZ5PY-11-17-15-58,61.898262
47a039-NOZ5PY-11-24-16-05,51.988403
47a039-NOZ5PY-12-06-15-59,54.48038
47a039-NOZ5PY-12-07-16-10,56.20555
47a039-NOZ601-11-21-05-35,60.05854
47a039-NOZ605-11-03-06-40,48.547195
47a039-NOZ605-11-18-06-31,59.598408
47a039-NOZ605-11-25-06-48,54.63344
47a039-NOZ606-11-18-08-06,55.74646
47a039-NOZ606-11-25-08-21,64.385376
47a039-NOZ607-11-22-07-05,61.639835
47a039-NOZ607-11-28-07-02,58.244606
47a039-NOZ608-11-21-10-05,58.811897
47a039-NOZ611-11-21-08-20,61.600845
47a039-NOZ612-11-21-12-32,53.039223
47a039-NOZ614-11-27-15-08,64.30336
47a039-NOZ617-11-21-11-13,65.42119
47a039-NOZ623-11-27-13-39,50.67808
47a039-NOZ625-11-21-14-01,57.31299
47a039-NOZ628-11-04-17-39,64.2659
47a039-NOZ628-11-24-17-45,63.27682
47a039-NOZ628-12-06-17-23,56.7335
47a039-NOZ628-12-07-17-33,50.26124
47a039-NOZ637-11-21-16-41,53.41916
47a039-NOZ638-11-17-20-15,56.43067
47a039-NOZ638-11-24-20-29,58.275192
47a039-NOZ639-12-21-17-34,61.937737
47a039-NOZ645-11-04-18-54,60.737144
47a039-NOZ645-12-07-18-47,58.64986
47a05e-NOZ134-11-20-17-00,56.26197
47a05e-NOZ164-12-16-06-21,52.046906
47a05e-NOZ172-12-18-11-56,60.73949
47a05e-NOZ182-12-30-07-36,48.770123
47a05e-NOZ183-11-13-07-52,44.448673
47a05e-NOZ183-12-30-09-03,56.82718
47a05e-NOZ191-11-02-17-04,53.591858
47a05e-NOZ1BG-12-10-06-07,53.686466
47a05e-NOZ1TT-12-15-14-57,56.00966
47a05e-NOZ270-12-07-07-22,49.035137
47a05e-NOZ270-12-15-07-35,46.470596
47a05e-NOZ271-12-15-06-24,48.253033
47a05e-NOZ276-11-06-13-22,59.50348
47a05e-NOZ277-11-06-14-35,52.464108
47a05e-NOZ278-12-14-18-54,55.520653
47a05e-NOZ2GH-12-18-15-15,57.505295
47a05e-NOZ3VG-12-13-16-31,51.808727
47a05e-NOZ3VG-12-15-16-16,61.49085
47a05e-NOZ4RZ-12-12-07-39,61.07202
47a05e-NOZ50A-12-11-16-57,63.03163
47a05e-NOZ521-11-18-05-38,50.734283
47a05e-NOZ521-11-21-05-30,58.885952
47a05e-NOZ521-11-22-05-30,58.656685
47a05e-NOZ521-11-23-05-33,58.38879
47a05e-NOZ521-11-24-05-29,45.054443
47a05e-NOZ521-11-25-05-30,53.10369
47a05e-NOZ521-12-05-05-45,54.040844
47a05e-NOZ521-12-06-05-29,53.93972
47a05e-NOZ521-12-07-05-45,52.829205
47a05e-NOZ523-12-01-06-26,59.549435
47a05e-NOZ523-12-02-06-50,63.210808
47a05e-NOZ524-11-17-07-11,53.553986
47a05e-NOZ524-11-18-07-04,64.97454
47a05e-NOZ524-11-22-07-10,52.913536
47a05e-NOZ524-11-23-07-24,56.95772
47a05e-NOZ524-11-24-07-09,50.363354
47a05e-NOZ524-11-25-06-58,54.47916
47a05e-NOZ524-12-05-07-07,59.149837
47a05e-NOZ526-12-01-08-09,49.729156
47a05e-NOZ526-12-02-08-14,52.76838
47a05e-NOZ530-12-04-09-27,55.108295
47a05e-NOZ531-12-04-07-59,58.099396
47a05e-NOZ532-12-01-10-54,59.15026
47a05e-NOZ532-12-02-11-09,57.960735
47a05e-NOZ534-11-27-13-43,56.359493
47a05e-NOZ535-12-01-12-30,54.292984
47a05e-NOZ535-12-02-12-37,60.481834
47a05e-NOZ535-12-04-13-35,58.41257
47a05e-NOZ536-12-01-14-17,57.706833
47a05e-NOZ536-12-02-14-13,57.323456
47a05e-NOZ537-11-27-15-06,50.31751
47a05e-NOZ538-12-04-15-03,61.130295
47a05e-NOZ540-11-11-16-13,53.467693
47a05e-NOZ540-11-16-16-09,57.98072
47a05e-NOZ540-11-27-16-29,61.703415
47a05e-NOZ541-12-01-15-41,52.732307
47a05e-NOZ541-12-02-15-59,61.83867
47a05e-NOZ543-12-04-16-38,60.948498
47a05e-NOZ544-12-01-17-08,54.49497
47a05e-NOZ544-12-02-17-26,64.31557
47a05e-NOZ544-12-04-18-06,61.1717
47a05e-NOZ545-11-11-17-34,62.423283
47a05e-NOZ545-11-16-17-29,48.536396
47a05e-NOZ545-11-27-17-44,51.88704
47a05e-NOZ546-11-27-19-05,59.824535
47a05e-NOZ549-12-04-19-33,55.421967
47a05e-NOZ550-11-30-20-02,59.420033
47a05e-NOZ550-12-04-20-59,58.051044
47a05e-NOZ555-11-27-20-27,48.669807
47a05e-NOZ55J-12-11-18-50,52.82462
47a05e-NOZ56U-12-09-19-23,69.99605
47a05e-NOZ5AY-12-01-09-22,56.668774
47a05e-NOZ5AY-12-04-10-52,54.10848
47a05e-NOZ607-12-20-07-09,56.179962
47a05e-NOZ612-12-19-12-36,58.43536
47a05e-NOZ620-12-19-15-48,54.604736
47a05e-NOZ624-12-18-16-34,53.78227
47a05e-NOZ625-12-19-14-09,56.106476
47a05e-NOZ626-12-16-17-30,58.202045
47a05e-NOZ628-12-13-17-44,59.836803
47a05e-NOZ628-12-15-17-41,59.35895
47a05e-NOZ631-12-16-15-46,56.6248
47a05e-NOZ632-12-19-18-55,61.60249
47a05e-NOZ637-12-19-17-16,48.8362
47a05e-NOZ638-12-12-20-16,51.174065
47a05e-NOZ638-12-15-20-25,56.307674
47a05e-NOZ639-11-14-17-24,61.884422
47a05e-NOZ639-11-29-17-21,53.317722
47a05e-NOZ645-12-13-18-54,46.835236
47a05e-NOZ645-12-15-18-54,64.33514
47a05e-NOZ6TC-11-04-17-10,66.953835
47a05e-NOZ6TM-11-11-19-02,49.96952
47a05e-NOZ7C-12-07-08-44,46.18518
47a05e-NOZ7C-12-15-08-50,48.88481
47a05e-NOZ9BH-11-02-15-37,53.461395
47a097-NOZ181-12-08-07-41,48.54678
47a097-NOZ182-12-08-09-26,48.310047
47a097-NOZ183-12-08-11-14,45.542076
47a097-NOZ271-12-20-07-05,53.621574
47a097-NOZ277-12-07-17-27,52.051212
47a097-NOZ278-12-19-20-13,50.042137
47a097-NOZ345-12-21-10-29,57.539307
47a097-NOZ346-12-20-15-14,64.080864
47a097-NOZ347-12-09-17-14,60.178425
47a097-NOZ347-12-20-17-57,54.96207
47a097-NOZ4HF-11-01-06-57,61.236607
47a097-NOZ4RZ-12-21-07-46,53.24242
47a097-NOZ522-12-14-06-27,50.070217
47a097-NOZ523-12-10-06-07,52.64136
47a097-NOZ523-12-11-06-53,52.806664
47a097-NOZ523-12-28-06-49,55.07761
47a097-NOZ523-12-29-06-32,62.9572
47a097-NOZ523-12-30-06-26,58.172966
47a097-NOZ523-12-31-06-02,45.4116
47a097-NOZ524-12-10-07-29,53.10707
47a097-NOZ524-12-31-07-28,47.36016
47a097-NOZ525-12-14-07-39,51.584232
47a097-NOZ526-12-28-08-27,54.258846
47a097-NOZ526-12-30-08-13,60.1405
47a097-NOZ531-12-10-08-47,57.748756
47a097-NOZ531-12-31-08-55,64.08951
47a097-NOZ532-12-10-10-15,55.09697
47a097-NOZ532-12-29-11-46,59.74853
47a097-NOZ532-12-31-10-15,50.29833
47a097-NOZ535-12-28-12-38,57.318974
47a097-NOZ535-12-29-13-05,64.37604
47a097-NOZ535-12-30-12-39,50.930874
47a097-NOZ536-12-28-14-17,53.87168
47a097-NOZ536-12-29-14-42,53.32043
47a097-NOZ536-12-30-14-22,55.42622
47a097-NOZ541-12-28-15-42,58.505283
47a097-NOZ541-12-30-15-57,53.050034
47a097-NOZ544-12-27-17-42,56.300453
47a097-NOZ544-12-30-17-23,57.200283
47a097-NOZ545-12-19-18-26,52.502872
47a097-NOZ548-12-18-19-49,59.1482
47a097-NOZ550-12-09-19-34,59.230473
47a097-NOZ553-12-18-21-05,54.161213
47a097-NOZ5AY-12-28-09-37,56.970436
47a097-NOZ5AY-12-29-10-00,56.099255
47a097-NOZ5AY-12-30-09-33,60.05084
47a097-NOZ601-11-01-05-34,53.40562
47a097-NOZ602-12-22-06-12,53.58501
47a097-NOZ607-11-02-07-55,58.250854
47a097-NOZ608-11-01-09-39,56.368145
47a097-NOZ609-12-22-07-41,61.53162
47a097-NOZ60M-12-18-16-05,60.355244
47a097-NOZ611-11-01-08-23,58.086403
47a097-NOZ612-11-01-12-22,59.069508
47a097-NOZ617-11-01-10-56,56.364033
47a097-NOZ6TM-12-07-18-46,48.44086
47a0bf-NOZ132-12-02-14-02,47.56406
47a0bf-NOZ133-11-13-15-49,47.354923
47a0bf-NOZ133-12-02-14-57,45.564297
47a0bf-NOZ134-11-13-16-53,52.93534
47a0bf-NOZ141-12-06-08-04,44.825687
47a0bf-NOZ144-12-06-16-16,43.76024
47a0bf-NOZ145-12-06-17-12,39.073196
47a0bf-NOZ191-12-29-17-44,51.063694
47a0bf-NOZ271-12-23-06-24,50.515373
47a0bf-NOZ276-11-27-13-30,52.766212
47a0bf-NOZ276-12-26-16-31,45.077126
47a0bf-NOZ277-11-27-14-41,52.702255
47a0bf-NOZ277-12-26-17-40,48.03272
47a0bf-NOZ278-12-22-20-35,49.83795
47a0bf-NOZ345-12-23-10-24,52.748592
47a0bf-NOZ4HF-11-04-07-10,59.57596
47a0bf-NOZ4HF-11-22-07-16,57.539444
47a0bf-NOZ4HF-11-29-07-01,56.02571
47a0bf-NOZ521-11-15-05-24,59.274067
47a0bf-NOZ521-11-16-05-30,42.818016
47a0bf-NOZ521-12-16-06-06,48.44756
47a0bf-NOZ522-11-01-05-58,60.702198
47a0bf-NOZ523-11-14-06-36,61.645153
47a0bf-NOZ523-11-17-06-27,55.37286
47a0bf-NOZ523-11-18-06-39,50.528225
47a0bf-NOZ523-11-20-06-38,52.25314
47a0bf-NOZ523-12-18-06-28,60.872257
47a0bf-NOZ524-11-15-06-53,58.185894
47a0bf-NOZ524-11-16-07-05,59.72378
47a0bf-NOZ524-12-16-07-37,52.02048
47a0bf-NOZ525-11-01-07-25,56.526493
47a0bf-NOZ526-11-14-08-03,52.460056
47a0bf-NOZ526-11-17-07-54,48.067547
47a0bf-NOZ526-11-18-08-03,54.773827
47a0bf-NOZ532-12-15-11-41,51.904015
47a0bf-NOZ535-11-14-12-35,54.738396
47a0bf-NOZ535-11-17-12-36,45.496647
47a0bf-NOZ535-11-18-12-41,49.03003
47a0bf-NOZ535-12-15-12-55,54.672215
47a0bf-NOZ536-11-17-14-23,54.871098
47a0bf-NOZ540-12-22-16-49,54.832207
47a0bf-NOZ541-11-14-15-43,59.27059
47a0bf-NOZ541-11-17-15-54,44.860317
47a0bf-NOZ544-11-17-17-15,64.38869
47a0bf-NOZ544-11-18-17-32,59.033886
47a0bf-NOZ544-12-15-17-18,54.783176
47a0bf-NOZ545-12-22-18-04,56.12676
47a0bf-NOZ547-11-17-18-35,47.09819
47a0bf-NOZ547-12-15-18-34,57.004673
47a0bf-NOZ550-11-11-19-23,57.125572
47a0bf-NOZ550-12-15-20-19,57.122166
47a0bf-NOZ5AY-11-14-09-24,56.709133
47a0bf-NOZ5AY-11-17-09-20,49.66548
47a0bf-NOZ5AY-11-18-09-28,47.37019
47a0bf-NOZ601-11-04-05-42,58.39831
47a0bf-NOZ601-11-29-05-38,53.791954
47a0bf-NOZ602-11-10-05-57,57.608902
47a0bf-NOZ605-11-23-06-29,54.789158
47a0bf-NOZ605-11-28-06-29,55.145096
47a0bf-NOZ605-12-02-06-36,58.74833
47a0bf-NOZ606-11-03-08-23,50.3761
47a0bf-NOZ606-11-23-08-32,52.663307
47a0bf-NOZ606-11-28-08-02,62.089493
47a0bf-NOZ606-12-02-08-09,54.34542
47a0bf-NOZ607-11-07-07-05,56.350704
47a0bf-NOZ607-11-24-07-13,55.0981
47a0bf-NOZ607-12-05-07-05,61.09713
47a0bf-NOZ608-11-04-09-49,62.6339
47a0bf-NOZ608-11-29-09-44,53.98546
47a0bf-NOZ609-11-10-07-27,49.20475
47a0bf-NOZ611-11-04-08-27,59.482456
47a0bf-NOZ611-11-22-08-26,57.448753
47a0bf-NOZ611-11-29-08-20,52.07739
47a0bf-NOZ612-11-04-12-36,66.26486
47a0bf-NOZ612-11-22-12-29,48.987194
47a0bf-NOZ612-11-29-12-22,51.920994
47a0bf-NOZ614-11-06-14-06,57.95662
47a0bf-NOZ617-11-04-11-08,58.802418
47a0bf-NOZ617-11-22-11-01,56.889294
47a0bf-NOZ617-11-29-11-00,53.63533
47a0bf-NOZ620-11-04-15-21,65.68564
47a0bf-NOZ623-11-06-12-44,56.695614
47a0bf-NOZ624-12-04-16-30,55.675213
47a0bf-NOZ625-11-04-14-06,63.181458
47a0bf-NOZ625-11-22-13-59,57.900105
47a0bf-NOZ625-11-29-14-00,58.452526
47a0bf-NOZ626-11-03-16-53,61.438885
47a0bf-NOZ631-11-06-15-31,57.46878
47a0bf-NOZ631-12-01-15-21,55.02023
47a0bf-NOZ632-11-04-18-02,64.94852
47a0bf-NOZ632-11-29-18-07,58.3348
47a0bf-NOZ634-11-06-19-50,64.32547
47a0bf-NOZ637-11-04-16-44,60.573616
47a0bf-NOZ637-11-29-16-43,52.3029
47a0bf-NOZ643-11-06-18-28,56.98967
47a185-NOZ181-11-25-06-04,47.704605
47a185-NOZ181-12-16-07-20,47.588142
47a185-NOZ182-11-25-07-32,51.07285
47a185-NOZ183-11-25-08-50,55.035213
47a185-NOZ195-11-20-19-58,46.724163
47a185-NOZ1BG-12-19-06-52,57.751648
47a185-NOZ270-12-08-07-35,47.747375
47a185-NOZ271-12-08-06-23,49.486423
47a185-NOZ276-11-20-13-39,54.599945
47a185-NOZ277-11-20-14-52,47.28182
47a185-NOZ277-11-28-17-20,51.118618
47a185-NOZ2DC-11-08-06-00,41.440807
47a185-NOZ2GH-11-13-15-02,54.13212
47a185-NOZ2UC-11-20-16-08,55.04996
47a185-NOZ345-11-07-09-38,60.9417
47a185-NOZ346-11-18-14-36,59.897865
47a185-NOZ347-11-18-16-31,57.01503
47a185-NOZ3JE-11-08-06-56,41.36452
47a185-NOZ4HF-11-11-07-01,50.189533
47a185-NOZ4RZ-11-07-07-39,62.681797
47a185-NOZ523-12-04-06-31,54.419224
47a185-NOZ536-12-04-14-27,60.39722
47a185-NOZ538-12-02-15-33,56.846855
47a185-NOZ540-12-16-18-14,60.20563
47a185-NOZ543-12-02-16-48,59.24598
47a185-NOZ543-12-13-17-12,50.168743
47a185-NOZ545-12-16-20-02,60.781532
47a185-NOZ546-12-02-18-24,57.62827
47a185-NOZ546-12-13-18-35,50.86133
47a185-NOZ549-12-13-19-54,52.660492
47a185-NOZ56U-12-18-20-35,62.289627
47a185-NOZ601-11-11-05-38,56.614162
47a185-NOZ601-11-15-05-39,61.722336
47a185-NOZ605-11-16-06-33,52.645454
47a185-NOZ607-11-17-07-01,60.743084
47a185-NOZ608-11-11-09-45,58.409756
47a185-NOZ608-11-12-08-57,65.06715
47a185-NOZ608-11-15-09-39,50.226894
47a185-NOZ609-11-12-07-30,61.672234
47a185-NOZ611-11-11-08-24,54.257786
47a185-NOZ611-11-15-08-19,56.841164
47a185-NOZ612-11-11-12-33,56.076653
47a185-NOZ612-11-15-12-24,56.4588
47a185-NOZ617-11-11-11-11,46.672855
47a185-NOZ617-11-15-10-55,53.092827
47a185-NOZ620-11-10-15-25,52.605556
47a185-NOZ620-11-11-15-24,56.158
47a185-NOZ620-11-14-15-29,52.590508
47a185-NOZ620-11-15-15-23,58.69353
47a185-NOZ624-11-13-16-25,60.935772
47a185-NOZ625-11-10-14-06,49.024147
47a185-NOZ625-11-11-14-05,50.028477
47a185-NOZ625-11-14-14-07,57.293667
47a185-NOZ625-11-15-14-07,59.19981
47a185-NOZ632-11-10-18-06,55.74516
47a185-NOZ632-11-11-18-11,54.739544
47a185-NOZ637-11-11-16-45,50.119057
47a185-NOZ637-11-14-16-46,57.495316
47a185-NOZ637-11-15-16-37,56.99054
47a185-NOZ639-11-02-17-20,54.985897
47a185-NOZ639-11-20-17-22,59.658203
47a185-NOZ67-11-10-16-50,50.69471
47a185-NOZ6TM-11-24-19-39,49.639923
47a185-NOZ6TM-12-15-19-52,51.344807
47a185-NOZ7C-12-08-08-47,51.634277
47a1ef-NOZ132-12-08-14-07,42.861977
47a1ef-NOZ132-12-09-14-08,51.274445
47a1ef-NOZ132-12-12-14-06,47.759365
47a1ef-NOZ133-12-08-15-11,43.84759
47a1ef-NOZ133-12-09-15-08,49.57473
47a1ef-NOZ133-12-12-15-00,48.30926
47a1ef-NOZ140-11-16-07-02,42.99501
47a1ef-NOZ140-11-21-07-14,45.50522
47a1ef-NOZ140-11-24-07-14,38.82943
47a1ef-NOZ140-11-25-07-07,44.867268
47a1ef-NOZ140-12-20-07-10,43.837566
47a1ef-NOZ140-12-22-07-32,51.130627
47a1ef-NOZ140-12-23-07-11,49.96996
47a1ef-NOZ141-11-16-08-10,42.81527
47a1ef-NOZ141-11-21-08-05,55.463367
47a1ef-NOZ141-11-25-08-06,42.350197
47a1ef-NOZ141-11-28-08-05,46.855907
47a1ef-NOZ141-12-20-08-08,43.0335
47a1ef-NOZ141-12-22-08-23,53.548252
47a1ef-NOZ141-12-23-08-04,46.403923
47a1ef-NOZ142-11-20-13-39,57.443054
47a1ef-NOZ144-11-16-14-25,56.928074
47a1ef-NOZ144-11-18-14-26,54.03971
47a1ef-NOZ144-12-20-15-52,52.29109
47a1ef-NOZ145-11-16-16-55,41.58415
47a1ef-NOZ145-11-18-16-45,58.28214
47a1ef-NOZ145-12-20-16-51,49.51103
47a1ef-NOZ191-11-09-16-59,51.924324
47a1ef-NOZ194-12-18-19-27,54.623695
47a1ef-NOZ195-12-18-20-52,48.02688
47a1ef-NOZ1TT-11-01-14-31,51.188416
47a1ef-NOZ1TT-11-13-14-32,62.49762
47a1ef-NOZ2DC-12-14-06-12,46.18016
47a1ef-NOZ345-11-27-10-21,51.731487
47a1ef-NOZ3JE-12-14-07-05,47.668076
47a1ef-NOZ47Y-11-17-19-30,50.0735
47a1ef-NOZ4RZ-11-27-08-16,57.17533
47a1ef-NOZ50A-11-07-16-37,62.785748
47a1ef-NOZ51Q-11-17-08-22,63.81119
47a1ef-NOZ522-12-05-06-03,58.25155
47a1ef-NOZ523-11-03-06-28,56.5821
47a1ef-NOZ523-12-17-06-02,48.24009
47a1ef-NOZ526-11-03-08-00,47.086853
47a1ef-NOZ530-11-07-09-59,61.10919
47a1ef-NOZ532-11-03-11-52,53.81259
47a1ef-NOZ534-11-07-12-43,61.06716
47a1ef-NOZ535-11-03-13-38,49.29233
47a1ef-NOZ538-12-19-15-43,50.72895
47a1ef-NOZ55J-11-07-18-44,51.404385
47a1ef-NOZ5AY-11-03-09-19,51.37302
47a1ef-NOZ5DP-11-18-06-35,61.203766
47a1ef-NOZ5PY-11-01-16-00,49.143772
47a1ef-NOZ5PY-11-13-16-00,59.376358
47a1ef-NOZ605-12-09-06-48,62.229748
47a1ef-NOZ606-12-09-08-30,59.588917
47a1ef-NOZ606-12-13-11-10,57.938656
47a1ef-NOZ607-11-14-07-18,58.6039
47a1ef-NOZ607-12-15-07-20,53.9349
47a1ef-NOZ608-12-11-10-01,52.66706
47a1ef-NOZ611-12-11-08-39,58.000298
47a1ef-NOZ612-12-11-12-46,55.392853
47a1ef-NOZ617-12-11-11-15,56.256603
47a1ef-NOZ620-12-11-15-46,54.27968
47a1ef-NOZ620-12-13-16-40,61.919693
47a1ef-NOZ625-12-11-14-11,55.30341
47a1ef-NOZ625-12-13-14-58,60.533108
47a1ef-NOZ628-11-01-17-30,51.61019
47a1ef-NOZ628-11-13-17-32,62.417
47a1ef-NOZ631-12-14-15-28,54.14545
47a1ef-NOZ632-12-13-19-40,49.594425
47a1ef-NOZ637-12-11-17-07,58.17774
47a1ef-NOZ637-12-13-17-56,50.043736
47a1ef-NOZ638-11-13-20-33,60.29196
47a1ef-NOZ638-12-06-20-16,54.53426
47a1ef-NOZ639-12-18-18-02,56.835636
47a1ef-NOZ645-11-01-18-58,47.082912
47a1ef-NOZ645-11-13-19-26,54.91612
47a1ef-NOZ648-12-11-21-02,57.74063
47a1ef-NOZ8400-11-02-21-18,56.40993
47a1ef-NOZ9BH-11-09-15-33,52.089684
47a1ef-NOZ9T-11-17-16-50,55.661755
47a218-NOZ141-12-12-08-13,47.903008
47a218-NOZ144-12-09-16-31,47.320873
47a218-NOZ145-12-09-17-23,50.608364
47a218-NOZ181-11-14-06-24,49.834812
47a218-NOZ181-11-15-06-01,49.67376
47a218-NOZ181-11-24-06-05,47.661266
47a218-NOZ182-11-14-07-53,48.570953
47a218-NOZ182-11-15-07-38,50.21813
47a218-NOZ182-11-24-08-00,47.079163
47a218-NOZ182-12-29-08-06,49.210217
47a218-NOZ183-11-14-09-07,46.09194
47a218-NOZ183-11-24-09-07,52.56942
47a218-NOZ183-12-29-09-25,54.080505
47a218-NOZ191-11-14-17-10,54.140842
47a218-NOZ1BG-12-05-06-01,47.71741
47a218-NOZ276-11-10-15-53,56.78785
47a218-NOZ276-12-02-15-57,52.039326
47a218-NOZ277-11-10-17-25,49.076164
47a218-NOZ277-12-02-17-20,50.9102
47a218-NOZ345-12-11-10-16,52.22157
47a218-NOZ4HF-11-18-07-15,63.94247
47a218-NOZ4RZ-12-11-08-14,64.02531
47a218-NOZ523-12-14-06-52,57.88183
47a218-NOZ523-12-19-06-28,52.14391
47a218-NOZ523-12-20-06-26,53.734398
47a218-NOZ525-12-26-07-24,49.693363
47a218-NOZ526-12-14-08-21,51.043415
47a218-NOZ526-12-19-08-12,49.005882
47a218-NOZ526-12-20-07-58,51.763344
47a218-NOZ530-12-02-10-13,51.579967
47a218-NOZ532-12-14-11-01,53.53434
47a218-NOZ532-12-18-12-42,62.96167
47a218-NOZ532-12-19-11-04,50.3584
47a218-NOZ534-12-02-12-42,51.617992
47a218-NOZ535-12-18-13-57,61.534027
47a218-NOZ535-12-19-12-31,47.523483
47a218-NOZ535-12-20-12-41,58.91988
47a218-NOZ536-12-14-14-19,52.5926
47a218-NOZ536-12-19-14-22,52.31927
47a218-NOZ537-12-02-13-55,58.24613
47a218-NOZ538-12-18-15-29,63.325512
47a218-NOZ541-12-14-15-46,49.303368
47a218-NOZ541-12-19-15-45,49.621548
47a218-NOZ541-12-20-15-45,54.97397
47a218-NOZ543-12-18-17-02,48.696445
47a218-NOZ544-12-18-18-29,53.0386
47a218-NOZ544-12-19-17-34,54.401268
47a218-NOZ544-12-20-17-46,60.16405
47a218-NOZ548-11-27-18-35,53.59926
47a218-NOZ550-12-18-21-06,50.60718
47a218-NOZ550-12-20-20-20,61.869934
47a218-NOZ550-12-30-19-33,53.074703
47a218-NOZ56U-12-04-20-01,65.48951
47a218-NOZ608-11-18-10-03,61.14528
47a218-NOZ608-11-19-08-57,55.69853
47a218-NOZ609-11-19-07-35,63.37611
47a218-NOZ611-11-18-08-35,63.000294
47a218-NOZ611-11-20-08-24,60.52739
47a218-NOZ612-11-20-12-41,57.97956
47a218-NOZ617-11-18-11-19,58.3358
47a218-NOZ617-11-20-11-06,59.89858
47a218-NOZ620-11-18-15-42,59.127304
47a218-NOZ625-11-18-14-07,64.92431
47a218-NOZ625-11-20-14-01,61.647038
47a218-NOZ632-11-18-18-32,55.03004
47a218-NOZ632-11-20-18-28,59.34364
47a218-NOZ637-11-18-16-52,62.3468
47a218-NOZ637-11-20-17-02,62.237316
47a218-NOZ639-12-07-17-28,56.507656
47a218-NOZ647-11-20-19-40,61.41273
47a218-NOZ6TM-11-14-18-42,51.08296
47a218-NOZ6TM-11-23-19-49,45.955013
47a22c-NOZ133-12-04-15-57,44.844425
47a22c-NOZ134-12-04-16-58,49.640892
47a22c-NOZ140-11-17-07-06,49.064186
47a22c-NOZ140-11-18-07-14,47.603283
47a22c-NOZ141-11-17-08-01,46.42122
47a22c-NOZ141-11-18-08-19,46.535942
47a22c-NOZ144-11-11-15-46,44.805534
47a22c-NOZ144-11-14-15-50,46.461567
47a22c-NOZ145-11-11-16-48,51.468132
47a22c-NOZ145-11-14-16-46,56.100536
47a22c-NOZ271-11-02-06-23,54.508976
47a22c-NOZ277-12-01-17-20,47.75752
47a22c-NOZ278-11-01-18-44,47.417774
47a22c-NOZ2UC-11-04-16-05,64.829735
47a22c-NOZ2UC-12-27-16-17,52.89662
47a22c-NOZ345-12-16-10-50,61.675938
47a22c-NOZ44A-11-11-07-58,58.156105
47a22c-NOZ4RZ-12-16-07-59,63.078808
47a22c-NOZ50A-12-15-18-01,60.23676
47a22c-NOZ50A-12-16-19-02,60.931442
47a22c-NOZ521-11-01-05-29,53.898224
47a22c-NOZ522-11-07-06-06,51.92129
47a22c-NOZ522-11-30-06-05,48.79536
47a22c-NOZ522-12-21-06-17,47.372585
47a22c-NOZ523-12-03-06-00,58.28739
47a22c-NOZ523-12-05-06-40,53.255077
47a22c-NOZ523-12-06-06-30,50.89567
47a22c-NOZ523-12-07-06-36,53.43973
47a22c-NOZ523-12-08-07-03,55.42876
47a22c-NOZ523-12-09-06-39,58.060097
47a22c-NOZ524-12-03-07-32,49.485455
47a22c-NOZ525-11-30-07-26,51.766663
47a22c-NOZ525-12-11-13-43,51.468216
47a22c-NOZ525-12-21-07-31,52.49322
47a22c-NOZ526-12-05-08-07,55.28229
47a22c-NOZ526-12-06-08-30,49.203518
47a22c-NOZ526-12-07-08-03,53.828785
47a22c-NOZ526-12-08-08-27,52.05456
47a22c-NOZ526-12-09-08-16,52.138004
47a22c-NOZ530-11-04-09-57,63.34233
47a22c-NOZ531-11-01-11-26,44.49491
47a22c-NOZ531-11-04-11-14,51.141376
47a22c-NOZ532-12-03-10-14,54.496048
47a22c-NOZ532-12-05-10-58,55.77701
47a22c-NOZ532-12-06-11-04,52.496464
47a22c-NOZ532-12-07-11-05,52.00091
47a22c-NOZ532-12-08-11-11,51.136295
47a22c-NOZ534-11-01-12-36,53.29871
47a22c-NOZ535-12-05-12-38,49.03473
47a22c-NOZ535-12-06-12-40,46.5808
47a22c-NOZ535-12-07-12-40,52.603672
47a22c-NOZ535-12-08-12-31,48.344185
47a22c-NOZ536-12-05-14-15,55.607903
47a22c-NOZ536-12-06-14-17,49.642338
47a22c-NOZ536-12-07-14-33,47.767017
47a22c-NOZ536-12-08-14-13,62.50871
47a22c-NOZ536-12-11-15-25,54.69425
47a22c-NOZ537-11-01-13-56,45.30739
47a22c-NOZ537-11-04-14-00,50.071865
47a22c-NOZ538-11-08-15-20,58.114826
47a22c-NOZ541-12-05-15-44,51.3446
47a22c-NOZ541-12-06-15-43,47.375893
47a22c-NOZ541-12-07-15-44,54.836338
47a22c-NOZ541-12-11-16-43,53.852917
47a22c-NOZ543-11-08-16-44,49.184494
47a22c-NOZ544-12-05-17-18,49.119663
47a22c-NOZ544-12-06-17-17,56.081974
47a22c-NOZ544-12-09-17-35,55.46813
47a22c-NOZ546-11-08-18-11,58.08236
47a22c-NOZ547-12-06-18-29,47.51358
47a22c-NOZ547-12-07-18-27,45.50512
47a22c-NOZ549-11-08-19-28,52.499866
47a22c-NOZ550-12-02-19-44,54.388638
47a22c-NOZ550-12-06-19-59,56.79749
47a22c-NOZ550-12-07-20-05,58.37512
47a22c-NOZ55J-12-16-21-18,51.117874
47a22c-NOZ59B-11-18-10-48,58.14493
47a22c-NOZ5AY-12-05-09-19,50.377983
47a22c-NOZ5AY-12-06-09-47,55.114655
47a22c-NOZ5AY-12-07-09-26,49.122887
47a22c-NOZ5AY-12-08-09-39,48.422153
47a22c-NOZ5PR-11-20-16-04,62.710495
47a22c-NOZ606-12-22-08-25,65.310356
47a22c-NOZ612-12-22-12-46,56.529514
47a22c-NOZ617-12-22-11-14,53.551434
47a22c-NOZ620-12-22-16-06,52.014713
47a22c-NOZ625-12-22-14-11,55.219402
47a22c-NOZ639-11-22-17-49,54.768368
47a22c-NOZ639-12-13-17-46,50.818153
47a22c-NOZ6CF-11-02-08-01,67.66662
47a31a-NOZ132-11-22-14-04,42.81566
47a31a-NOZ132-11-24-13-56,44.08905
47a31a-NOZ132-11-25-14-05,46.41127
47a31a-NOZ132-11-28-13-55,45.318592
47a31a-NOZ133-11-22-14-52,42.60286
47a31a-NOZ133-11-24-14-55,48.197174
47a31a-NOZ133-11-25-15-04,46.487526
47a31a-NOZ133-11-28-14-57,41.412094
47a31a-NOZ181-12-03-08-53,48.277264
47a31a-NOZ181-12-21-06-11,51.040337
47a31a-NOZ191-11-03-17-04,48.691906
47a31a-NOZ1BG-11-03-06-01,55.175262
47a31a-NOZ271-11-30-06-00,47.89232
47a31a-NOZ276-12-20-16-04,51.61409
47a31a-NOZ277-12-20-17-29,53.592293
47a31a-NOZ278-11-29-18-50,51.355373
47a31a-NOZ2DC-11-25-06-05,44.408432
47a31a-NOZ2DC-12-08-06-15,43.66744
47a31a-NOZ2KT-12-18-16-09,60.580894
47a31a-NOZ2UC-12-01-16-12,57.027973
47a31a-NOZ345-11-21-09-57,53.876316
47a31a-NOZ346-12-12-14-45,57.661613
47a31a-NOZ347-12-12-16-42,55.4031
47a31a-NOZ3JE-11-25-07-00,39.997845
47a31a-NOZ3JE-12-08-07-52,46.295
47a31a-NOZ3TV-12-09-20-12,51.239456
47a31a-NOZ4HF-12-09-07-00,54.554703
47a31a-NOZ50A-11-20-16-44,67.539894
47a31a-NOZ522-11-08-06-10,64.76386
47a31a-NOZ525-11-08-07-29,53.85111
47a31a-NOZ530-11-02-09-52,47.2623
47a31a-NOZ530-12-19-10-01,46.46941
47a31a-NOZ531-11-02-11-08,50.291
47a31a-NOZ531-11-03-11-15,46.150806
47a31a-NOZ531-12-19-11-14,48.53504
47a31a-NOZ534-11-02-12-38,48.37316
47a31a-NOZ534-11-03-12-36,53.06205
47a31a-NOZ534-12-19-12-45,48.241825
47a31a-NOZ537-11-02-13-54,53.941006
47a31a-NOZ537-12-19-14-00,48.177402
47a31a-NOZ538-12-14-15-38,50.493034
47a31a-NOZ540-11-02-16-12,56.146328
47a31a-NOZ545-11-02-17-25,53.559376
47a31a-NOZ546-12-14-18-10,53.026047
47a31a-NOZ548-11-13-18-38,60.93214
47a31a-NOZ549-12-14-19-26,50.775295
47a31a-NOZ553-11-13-20-01,62.815094
47a31a-NOZ55J-11-20-18-37,60.554558
47a31a-NOZ56U-11-02-18-52,56.023975
47a31a-NOZ601-12-09-05-36,56.82558
47a31a-NOZ602-12-12-06-15,54.664448
47a31a-NOZ607-11-29-06-58,56.950226
47a31a-NOZ608-11-27-09-47,53.58468
47a31a-NOZ608-12-09-10-02,58.065716
47a31a-NOZ609-11-26-07-29,57.332695
47a31a-NOZ611-11-27-08-22,50.173836
47a31a-NOZ611-12-09-08-21,60.61574
47a31a-NOZ612-11-27-13-56,63.228897
47a31a-NOZ612-12-09-12-41,63.73119
47a31a-NOZ617-11-27-11-11,50.548782
47a31a-NOZ617-12-09-11-19,63.1698
47a31a-NOZ620-12-09-15-56,59.626976
47a31a-NOZ625-12-09-14-14,60.924034
47a31a-NOZ626-11-27-17-06,56.326824
47a31a-NOZ626-12-08-17-17,54.668644
47a31a-NOZ631-11-27-15-40,49.447987
47a31a-NOZ634-11-27-19-59,58.47402
47a31a-NOZ637-12-09-17-10,61.39478
47a31a-NOZ638-11-21-20-04,53.053905
47a31a-NOZ638-12-07-20-18,58.223557
47a31a-NOZ639-12-01-17-23,50.34441
47a31a-NOZ643-11-27-18-32,55.482464
47a31a-NOZ6TM-12-20-19-17,56.870228
47a32e-NOZ133-11-27-15-51,43.71639
47a32e-NOZ134-11-27-17-04,47.292213
47a32e-NOZ181-11-11-06-02,56.42599
47a32e-NOZ181-11-18-06-10,51.62555
47a32e-NOZ182-11-11-07-35,56.139393
47a32e-NOZ183-11-06-07-49,50.411278
47a32e-NOZ183-11-11-08-57,53.02802
47a32e-NOZ183-12-18-07-55,48.171764
47a32e-NOZ191-11-15-16-56,51.39826
47a32e-NOZ1BG-11-02-06-00,60.569977
47a32e-NOZ1TT-11-16-14-37,64.24136
47a32e-NOZ1TT-12-27-14-43,59.078606
47a32e-NOZ1TT-12-30-14-33,51.475655
47a32e-NOZ270-11-08-07-26,52.906723
47a32e-NOZ270-11-16-07-32,50.707813
47a32e-NOZ271-11-08-06-06,49.819027
47a32e-NOZ272-12-18-15-50,53.51363
47a32e-NOZ275-12-18-17-09,51.753853
47a32e-NOZ278-11-07-18-59,52.49774
47a32e-NOZ345-11-09-09-27,55.846554
47a32e-NOZ346-11-08-14-27,62.82941
47a32e-NOZ346-11-13-14-36,67.15204
47a32e-NOZ347-11-08-16-33,51.41505
47a32e-NOZ347-11-13-16-35,58.382442
47a32e-NOZ3VG-12-30-16-01,49.711376
47a32e-NOZ4RZ-11-09-07-32,55.80577
47a32e-NOZ521-11-28-05-24,52.312412
47a32e-NOZ522-12-19-06-14,49.45163
47a32e-NOZ523-11-29-06-29,50.8988
47a32e-NOZ523-11-30-06-25,47.85221
47a32e-NOZ524-11-28-07-20,57.92722
47a32e-NOZ525-12-19-07-30,50.524166
47a32e-NOZ526-11-29-07-53,55.603848
47a32e-NOZ532-11-30-10-49,47.220467
47a32e-NOZ535-11-29-12-29,51.26366
47a32e-NOZ535-11-30-12-31,46.209206
47a32e-NOZ536-11-29-14-23,52.694603
47a32e-NOZ538-11-21-15-32,51.75715
47a32e-NOZ538-12-15-15-30,60.324802
47a32e-NOZ540-11-01-16-25,53.678097
47a32e-NOZ540-11-04-16-14,66.37016
47a32e-NOZ540-11-07-16-10,58.26019
47a32e-NOZ541-11-29-15-41,54.93893
47a32e-NOZ541-11-30-15-41,55.154247
47a32e-NOZ543-11-21-16-40,54.356438
47a32e-NOZ543-12-15-16-49,59.017113
47a32e-NOZ544-11-29-17-09,55.209084
47a32e-NOZ544-11-30-17-19,57.134724
47a32e-NOZ545-11-01-17-33,48.690327
47a32e-NOZ545-11-04-17-35,58.158516
47a32e-NOZ545-11-07-17-29,56.167053
47a32e-NOZ546-12-15-18-26,55.29149
47a32e-NOZ547-11-29-18-23,47.62142
47a32e-NOZ547-11-30-18-27,49.839767
47a32e-NOZ549-11-21-19-24,48.853912
47a32e-NOZ549-12-15-19-34,53.600777
47a32e-NOZ550-11-25-19-28,63.801243
47a32e-NOZ550-11-29-20-06,54.624634
47a32e-NOZ56U-11-01-18-48,42.61368
47a32e-NOZ5AY-11-29-09-23,49.39236
47a32e-NOZ5PY-11-16-15-56,57.331356
47a32e-NOZ607-11-03-07-01,46.927147
47a32e-NOZ638-11-02-20-08,58.372837
47a32e-NOZ639-11-23-17-51,57.411865
47a32e-NOZ645-11-16-18-49,51.951344
47a32e-NOZ645-12-27-20-02,54.59043
47a32e-NOZ6TM-11-10-19-02,54.292908
47a32e-NOZ6TM-11-17-19-27,52.721233
47a32e-NOZ6TM-12-16-23-03,49.42591
47a32e-NOZ7C-11-08-08-39,50.15396
47a32e-NOZ7C-11-16-08-49,51.7378
47a32e-NOZ93E-11-17-18-03,59.832924
47a32e-NOZ9BH-11-15-15-32,57.41745
47a3b0-NOZ140-11-01-06-59,45.735348
47a3b0-NOZ140-11-02-07-06,45.74626
47a3b0-NOZ140-11-04-07-18,50.45312
47a3b0-NOZ140-11-07-07-14,45.42259
47a3b0-NOZ140-11-08-07-11,45.439877
47a3b0-NOZ141-11-02-08-01,49.581955
47a3b0-NOZ141-11-04-08-13,51.684258
47a3b0-NOZ141-11-07-08-14,49.96304
47a3b0-NOZ141-11-08-08-07,44.754223
47a3b0-NOZ144-11-01-15-43,43.050648
47a3b0-NOZ144-11-02-15-53,53.60313
47a3b0-NOZ144-11-03-15-12,47.36522
47a3b0-NOZ144-11-08-15-48,46.47524
47a3b0-NOZ144-11-10-15-13,48.471497
47a3b0-NOZ145-11-01-16-48,41.9821
47a3b0-NOZ145-11-02-16-45,58.5701
47a3b0-NOZ145-11-03-16-12,54.33832
47a3b0-NOZ145-11-08-16-43,49.242268
47a3b0-NOZ145-11-10-16-10,45.222897
47a3b0-NOZ181-11-17-06-02,49.13366
47a3b0-NOZ181-11-29-05-59,46.618576
47a3b0-NOZ182-11-29-07-34,53.24733
47a3b0-NOZ182-12-01-07-42,50.244236
47a3b0-NOZ183-11-17-08-51,48.6324
47a3b0-NOZ183-11-29-08-49,54.00657
47a3b0-NOZ183-12-01-08-49,47.0969
47a3b0-NOZ270-11-25-07-30,49.89841
47a3b0-NOZ271-11-25-06-09,52.188797
47a3b0-NOZ276-11-16-15-55,56.78219
47a3b0-NOZ276-11-30-15-52,51.35765
47a3b0-NOZ277-11-16-17-20,48.258495
47a3b0-NOZ277-11-30-17-22,49.184986
47a3b0-NOZ345-11-06-10-14,60.99071
47a3b0-NOZ345-12-02-09-42,55.22177
47a3b0-NOZ42U-11-11-07-06,49.17413
47a3b0-NOZ4RZ-11-06-08-18,59.277515
47a3b0-NOZ4RZ-12-02-07-41,52.59132
47a3b0-NOZ50A-12-02-16-47,54.156555
47a3b0-NOZ522-11-21-05-58,52.536842
47a3b0-NOZ525-11-21-07-16,58.74208
47a3b0-NOZ530-12-23-10-14,44.264576
47a3b0-NOZ531-12-23-11-26,50.07071
47a3b0-NOZ534-12-23-12-49,52.556313
47a3b0-NOZ537-12-23-14-24,56.389923
47a3b0-NOZ545-11-24-17-39,49.62861
47a3b0-NOZ545-12-28-17-31,59.324993
47a3b0-NOZ548-12-11-18-49,57.00239
47a3b0-NOZ54Z-11-11-12-38,59.465725
47a3b0-NOZ553-12-11-20-03,53.16144
47a3b0-NOZ55J-11-29-18-33,48.81798
47a3b0-NOZ55J-12-02-18-44,54.480446
47a3b0-NOZ60M-11-11-15-29,57.311893
47a3b0-NOZ639-12-23-17-29,54.719868
47a3b0-NOZ6TM-11-28-18-50,57.68595
47a3b0-NOZ6TM-11-30-18-47,51.507694
47a3b0-NOZ7C-11-25-08-44,53.26178
47a3b0-NOZ8ME-11-11-18-10,57.87101
47a3b0-NOZ9BH-11-28-15-39,60.9869
47a50d-NOZ142-11-27-13-53,40.166946
47a50d-NOZ143-11-27-14-46,47.73982
47a50d-NOZ144-12-27-15-52,48.071476
47a50d-NOZ144-12-28-15-53,45.437244
47a50d-NOZ144-12-30-15-54,39.502678
47a50d-NOZ145-12-28-16-56,45.22912
47a50d-NOZ145-12-30-16-55,41.713245
47a50d-NOZ194-12-04-18-49,53.617622
47a50d-NOZ195-12-04-20-09,48.442326
47a50d-NOZ1BG-11-22-06-05,49.592026
47a50d-NOZ1BG-11-25-06-17,55.334114
47a50d-NOZ1BG-12-09-06-26,58.842754
47a50d-NOZ1TT-12-09-14-39,59.675728
47a50d-NOZ270-11-09-07-26,44.992268
47a50d-NOZ276-12-04-13-42,53.82979
47a50d-NOZ276-12-19-16-54,51.918236
47a50d-NOZ277-12-04-14-44,45.107235
47a50d-NOZ2UC-12-04-16-07,55.627556
47a50d-NOZ2UC-12-06-16-40,51.424797
47a50d-NOZ2UC-12-20-16-18,59.293404
47a50d-NOZ347-11-25-16-30,54.769623
47a50d-NOZ347-12-25-16-51,46.259777
47a50d-NOZ3VG-12-09-16-03,62.524567
47a50d-NOZ42U-12-15-07-12,62.36955
47a50d-NOZ50A-12-12-16-49,58.375397
47a50d-NOZ525-11-20-11-42,61.646214
47a50d-NOZ534-11-20-13-34,52.22167
47a50d-NOZ534-12-12-12-55,50.38595
47a50d-NOZ536-11-06-14-18,61.699913
47a50d-NOZ537-11-20-14-53,58.53126
47a50d-NOZ537-12-12-14-08,53.4688
47a50d-NOZ540-11-20-16-29,54.061993
47a50d-NOZ545-11-20-17-38,64.04561
47a50d-NOZ546-11-20-19-31,56.71332
47a50d-NOZ550-11-18-19-28,58.164062
47a50d-NOZ555-11-20-20-37,62.39903
47a50d-NOZ55J-12-12-18-35,51.56473
47a50d-NOZ56U-11-21-19-16,55.94285
47a50d-NOZ56U-11-24-19-12,62.211975
47a50d-NOZ5PR-11-17-16-07,59.069847
47a50d-NOZ639-12-04-17-25,58.42034
47a50d-NOZ639-12-06-17-48,53.144104
47a50d-NOZ639-12-20-17-41,58.609715
47a50d-NOZ639-12-22-18-07,55.612545
47a50d-NOZ645-12-09-18-53,61.043316
47a50d-NOZ66Y-12-18-18-24,53.027363
47a50d-NOZ8ME-12-15-20-18,56.094383
47a518-NOZ132-12-15-14-22,45.52662
47a518-NOZ164-12-15-06-36,51.08571
47a518-NOZ1BG-11-14-06-16,53.78868
47a518-NOZ1BG-11-23-05-56,45.161827
47a518-NOZ1BG-12-17-07-08,54.853935
47a518-NOZ1TT-11-08-14-31,51.158794
47a518-NOZ1YA-12-16-17-45,53.770924
47a518-NOZ271-11-12-07-35,52.776356
47a518-NOZ271-11-18-06-28,50.4157
47a518-NOZ276-12-08-16-16,43.812363
47a518-NOZ277-12-08-17-38,48.406075
47a518-NOZ278-11-17-19-18,51.47349
47a518-NOZ2BE-11-01-12-36,68.66721
47a518-NOZ2DC-12-12-05-59,44.31018
47a518-NOZ2DC-12-16-06-11,45.47203
47a518-NOZ2DC-12-21-05-58,42.14748
47a518-NOZ2UC-11-09-16-06,59.204212
47a518-NOZ2UC-12-28-16-10,51.19397
47a518-NOZ345-11-18-09-44,57.778255
47a518-NOZ3JE-12-12-07-01,45.40705
47a518-NOZ3JE-12-16-08-34,44.911686
47a518-NOZ3JE-12-21-06-52,51.88711
47a518-NOZ4RZ-11-18-07-53,62.19415
47a518-NOZ50A-11-18-16-41,64.6391
47a518-NOZ522-12-07-06-18,52.82909
47a518-NOZ525-12-07-07-35,52.431557
47a518-NOZ536-11-20-14-31,55.83476
47a518-NOZ538-12-22-16-12,60.21982
47a518-NOZ540-11-22-16-32,53.842224
47a518-NOZ541-11-20-15-44,60.100395
47a518-NOZ543-12-22-17-34,54.825172
47a518-NOZ545-11-22-17-37,47.762474
47a518-NOZ55J-11-18-18-37,58.938255
47a518-NOZ56U-11-13-20-05,66.20239
47a518-NOZ56U-11-22-19-05,56.953297
47a518-NOZ56U-12-16-23-56,62.301155
47a518-NOZ5PY-11-08-16-00,49.15542
47a518-NOZ605-12-20-06-36,54.948235
47a518-NOZ605-12-22-06-39,59.961536
47a518-NOZ606-12-20-08-12,57.25524
47a518-NOZ607-11-15-07-18,55.259598
47a518-NOZ608-12-13-13-31,51.361706
47a518-NOZ611-12-13-12-01,55.947918
47a518-NOZ620-12-21-15-47,57.568836
47a518-NOZ625-12-21-14-16,56.002903
47a518-NOZ626-11-14-16-46,63.7732
47a518-NOZ626-12-11-17-41,56.68937
47a518-NOZ626-12-12-17-01,56.566887
47a518-NOZ626-12-13-16-58,55.758373
47a518-NOZ626-12-20-17-07,58.479847
47a518-NOZ628-11-08-17-24,60.549416
47a518-NOZ631-12-11-15-58,53.208218
47a518-NOZ631-12-12-15-31,58.130295
47a518-NOZ631-12-13-15-26,50.338516
47a518-NOZ631-12-20-15-27,54.479225
47a518-NOZ632-12-21-19-02,56.348583
47a518-NOZ637-12-21-17-06,56.4881
47a518-NOZ638-12-19-20-20,51.920376
47a518-NOZ639-11-09-17-23,52.436207
47a518-NOZ639-12-28-17-30,56.769196
47a518-NOZ639-12-29-19-14,55.523064
47a518-NOZ643-12-11-18-56,61.872295
47a518-NOZ645-11-08-18-44,52.067024
47a531-NOZ132-12-13-14-31,42.64042
47a531-NOZ133-11-06-15-50,57.64487
47a531-NOZ133-12-13-15-33,41.87482
47a531-NOZ134-11-06-17-05,48.127163
47a531-NOZ140-12-07-07-22,44.56115
47a531-NOZ140-12-15-07-28,49.073826
47a531-NOZ141-12-07-08-15,43.56571
47a531-NOZ141-12-15-08-25,48.48265
47a531-NOZ144-12-07-16-28,47.956284
47a531-NOZ144-12-16-16-10,47.124653
47a531-NOZ144-12-19-15-52,43.844265
47a531-NOZ145-12-07-17-28,54.969513
47a531-NOZ145-12-16-17-19,46.74247
47a531-NOZ145-12-19-16-52,44.287632
47a531-NOZ181-12-02-06-05,50.237507
47a531-NOZ182-12-02-07-43,44.25184
47a531-NOZ183-12-02-09-09,49.101166
47a531-NOZ1TT-12-11-15-27,60.922436
47a531-NOZ276-11-13-13-22,61.43613
47a531-NOZ277-11-13-14-39,49.93629
47a531-NOZ2GH-12-25-14-58,49.289673
47a531-NOZ3VG-12-11-16-42,56.602528
47a531-NOZ4HF-12-12-07-07,54.87081
47a531-NOZ521-11-07-05-32,63.127373
47a531-NOZ521-11-09-05-29,53.993477
47a531-NOZ521-11-10-05-29,55.28424
47a531-NOZ521-11-17-05-29,47.684147
47a531-NOZ523-11-08-06-33,57.102478
47a531-NOZ523-11-11-06-28,57.735348
47a531-NOZ523-11-12-06-00,61.405437
47a531-NOZ523-11-13-06-30,51.982
47a531-NOZ523-11-19-06-01,57.96886
47a531-NOZ523-11-21-06-52,60.728256
47a531-NOZ523-11-22-06-25,58.107708
47a531-NOZ523-11-23-06-29,58.36001
47a531-NOZ523-11-24-06-34,54.8446
47a531-NOZ523-11-25-06-49,55.13755
47a531-NOZ523-11-27-06-29,50.01206
47a531-NOZ524-11-07-07-07,57.819073
47a531-NOZ524-11-09-06-59,54.876907
47a531-NOZ524-11-10-06-59,48.03185
47a531-NOZ524-11-12-07-21,56.648026
47a531-NOZ524-11-19-07-22,55.180344
47a531-NOZ526-11-08-08-04,69.978
47a531-NOZ526-11-11-08-00,54.279808
47a531-NOZ526-11-22-08-14,49.296974
47a531-NOZ526-11-23-08-45,48.944954
47a531-NOZ526-11-24-08-23,56.08184
47a531-NOZ530-11-20-09-26,58.884377
47a531-NOZ531-11-12-08-37,59.72822
47a531-NOZ531-11-19-08-37,60.361835
47a531-NOZ531-11-20-08-00,56.691532
47a531-NOZ532-11-08-10-59,58.369858
47a531-NOZ532-11-11-11-04,54.499504
47a531-NOZ532-11-12-10-08,62.155373
47a531-NOZ532-11-19-10-06,52.119087
47a531-NOZ532-11-20-12-25,57.90096
47a531-NOZ532-11-21-11-12,52.766766
47a531-NOZ532-11-23-11-10,49.25454
47a531-NOZ532-11-24-11-11,51.04373
47a531-NOZ532-11-25-11-14,58.85448
47a531-NOZ535-11-11-12-31,52.350056
47a531-NOZ535-11-20-13-37,55.627556
47a531-NOZ535-11-21-12-35,58.008183
47a531-NOZ535-11-22-12-29,51.71268
47a531-NOZ535-11-23-12-30,50.535683
47a531-NOZ535-11-24-12-34,48.7515
47a531-NOZ535-11-25-12-32,53.708168
47a531-NOZ536-11-11-14-14,53.220146
47a531-NOZ536-11-16-14-59,59.371803
47a531-NOZ536-11-21-14-17,51.95751
47a531-NOZ536-11-22-14-23,55.547188
47a531-NOZ536-11-23-14-32,56.260548
47a531-NOZ536-11-24-14-29,57.352108
47a531-NOZ536-11-25-14-26,62.85812
47a531-NOZ538-11-20-15-15,60.179714
47a531-NOZ541-11-08-15-42,52.20587
47a531-NOZ541-11-11-15-48,51.961452
47a531-NOZ541-11-16-16-31,43.97459
47a531-NOZ541-11-21-15-38,51.65193
47a531-NOZ541-11-23-15-45,48.14282
47a531-NOZ541-11-25-15-55,52.11873
47a531-NOZ543-11-20-16-39,61.073303
47a531-NOZ544-11-08-17-14,60.100395
47a531-NOZ544-11-11-17-20,54.713814
47a531-NOZ544-11-20-18-25,55.664516
47a531-NOZ544-11-21-17-16,53.664814
47a531-NOZ544-11-22-17-51,54.976906
47a531-NOZ544-11-24-17-14,60.614414
47a531-NOZ545-12-30-17-52,45.447914
47a531-NOZ546-11-18-18-19,59.684864
47a531-NOZ547-11-16-18-53,51.14216
47a531-NOZ547-11-22-18-57,51.085724
47a531-NOZ547-11-23-18-51,50.02934
47a531-NOZ547-11-24-18-30,51.25761
47a531-NOZ549-11-20-19-45,63.838978
47a531-NOZ550-11-04-20-06,60.416634
47a531-NOZ550-11-16-20-15,61.998783
47a531-NOZ550-11-20-21-09,60.517494
47a531-NOZ550-11-23-20-16,62.55248
47a531-NOZ550-11-24-20-12,55.09647
47a531-NOZ5AY-11-08-09-23,48.740864
47a531-NOZ5AY-11-11-09-18,60.657814
47a531-NOZ5AY-11-20-10-46,61.089382
47a531-NOZ5AY-11-21-09-32,56.86955
47a531-NOZ5AY-11-22-09-19,55.474476
47a531-NOZ5AY-11-23-09-52,53.322502
47a531-NOZ5AY-11-24-09-32,48.29732
47a531-NOZ5AY-11-25-09-49,52.93428
47a531-NOZ601-12-12-05-30,56.383575
47a531-NOZ602-11-15-06-15,58.21012
47a531-NOZ607-12-14-07-20,63.443504
47a531-NOZ609-11-15-07-36,55.76457
47a531-NOZ611-12-12-08-31,61.849255
47a531-NOZ612-12-12-12-48,54.81247
47a531-NOZ617-12-12-11-17,59.445255
47a531-NOZ620-12-12-15-30,58.33558
47a531-NOZ620-12-23-15-39,55.798985
47a531-NOZ625-12-12-14-05,54.580826
47a531-NOZ628-12-11-18-00,56.51477
47a531-NOZ632-12-12-18-07,53.9115
47a531-NOZ637-12-12-16-42,50.649403
47a531-NOZ637-12-23-16-48,54.745678
47a531-NOZ638-12-11-20-50,53.466927
47a531-NOZ645-12-11-19-22,59.74232
47a531-NOZ64N-12-06-17-24,66.52679
47a531-NOZ6TM-12-30-19-25,45.85029
47a7a8-NOZ181-12-15-06-30,51.232517
47a7a8-NOZ182-12-15-07-43,48.108685
47a7a8-NOZ182-12-28-07-45,43.443428
47a7a8-NOZ183-12-15-09-00,47.236454
47a7a8-NOZ183-12-28-09-08,53.256714
47a7a8-NOZ270-11-03-07-29,42.574665
47a7a8-NOZ271-11-03-06-08,49.637177
47a7a8-NOZ276-11-07-16-03,54.696938
47a7a8-NOZ277-11-07-17-22,52.118443
47a7a8-NOZ277-12-21-17-52,51.96496
47a7a8-NOZ278-11-02-19-06,56.81626
47a7a8-NOZ2DC-11-28-06-09,45.52868
47a7a8-NOZ2DC-12-30-06-12,46.12917
47a7a8-NOZ2GH-11-27-15-39,47.730713
47a7a8-NOZ2KT-11-02-16-12,57.93142
47a7a8-NOZ2UC-11-03-16-02,62.78305
47a7a8-NOZ2UC-11-11-16-04,51.859596
47a7a8-NOZ345-11-05-11-21,63.199234
47a7a8-NOZ345-11-10-09-47,58.99795
47a7a8-NOZ346-11-16-14-35,63.15101
47a7a8-NOZ346-11-17-14-39,62.129414
47a7a8-NOZ347-11-16-16-36,53.354244
47a7a8-NOZ3JE-11-28-06-57,43.843063
47a7a8-NOZ3JE-12-30-07-05,46.37677
47a7a8-NOZ4HF-11-25-07-04,59.165154
47a7a8-NOZ4HF-12-01-06-58,57.45385
47a7a8-NOZ4HF-12-02-07-06,56.080612
47a7a8-NOZ4RZ-11-10-07-42,61.511936
47a7a8-NOZ50A-11-09-16-36,60.754265
47a7a8-NOZ50A-11-14-16-36,62.328045
47a7a8-NOZ523-12-12-06-36,50.511303
47a7a8-NOZ526-12-12-08-03,54.95811
47a7a8-NOZ526-12-13-07-57,56.062885
47a7a8-NOZ530-12-11-10-04,53.188828
47a7a8-NOZ531-12-11-08-48,56.738884
47a7a8-NOZ532-12-11-13-18,55.43735
47a7a8-NOZ532-12-12-11-20,55.788876
47a7a8-NOZ535-12-11-14-29,56.35261
47a7a8-NOZ535-12-12-12-35,55.275753
47a7a8-NOZ536-12-12-14-23,43.354267
47a7a8-NOZ538-12-09-15-28,56.38382
47a7a8-NOZ538-12-11-16-04,53.8955
47a7a8-NOZ541-12-12-15-54,56.809624
47a7a8-NOZ543-12-09-16-46,58.741634
47a7a8-NOZ543-12-11-17-22,52.502922
47a7a8-NOZ544-12-11-18-47,54.721146
47a7a8-NOZ544-12-12-17-17,44.735714
47a7a8-NOZ546-12-09-18-18,58.70985
47a7a8-NOZ547-11-03-19-57,51.78182
47a7a8-NOZ548-11-06-18-32,60.07117
47a7a8-NOZ549-12-11-19-58,52.78223
47a7a8-NOZ550-12-11-21-12,54.685173
47a7a8-NOZ553-11-06-19-56,63.218376
47a7a8-NOZ55J-11-09-18-39,50.62649
47a7a8-NOZ55J-11-14-18-34,54.77683
47a7a8-NOZ5AY-12-11-11-26,53.581944
47a7a8-NOZ5AY-12-12-09-20,54.181828
47a7a8-NOZ5AY-12-13-09-17,46.86524
47a7a8-NOZ601-11-25-05-37,48.36841
47a7a8-NOZ601-11-30-05-37,53.665237
47a7a8-NOZ601-12-01-05-35,51.31331
47a7a8-NOZ601-12-02-05-31,53.172623
47a7a8-NOZ605-11-29-06-34,57.662216
47a7a8-NOZ605-12-29-06-30,46.485542
47a7a8-NOZ606-11-29-07-56,64.64409
47a7a8-NOZ608-11-25-09-58,64.78972
47a7a8-NOZ608-12-01-09-46,52.472813
47a7a8-NOZ608-12-02-10-17,55.40733
47a7a8-NOZ611-11-25-08-30,47.802425
47a7a8-NOZ611-12-01-08-21,56.63182
47a7a8-NOZ611-12-02-08-32,57.725986
47a7a8-NOZ612-11-30-12-18,57.616924
47a7a8-NOZ612-12-02-12-47,55.654564
47a7a8-NOZ614-12-04-14-00,58.865654
47a7a8-NOZ617-11-25-11-13,47.45582
47a7a8-NOZ617-11-30-10-55,59.71948
47a7a8-NOZ617-12-01-11-08,57.78721
47a7a8-NOZ617-12-02-11-26,58.259243
47a7a8-NOZ620-11-25-15-26,64.05654
47a7a8-NOZ620-11-30-15-29,56.022453
47a7a8-NOZ620-12-01-15-29,61.690292
47a7a8-NOZ620-12-02-15-36,57.00062
47a7a8-NOZ620-12-28-16-20,57.610355
47a7a8-NOZ623-12-04-12-31,58.258354
47a7a8-NOZ624-11-27-16-54,59.039433
47a7a8-NOZ625-11-25-14-06,57.85898
47a7a8-NOZ625-12-02-14-08,56.29315
47a7a8-NOZ625-12-28-14-41,59.9479
47a7a8-NOZ626-11-28-16-44,58.259884
47a7a8-NOZ626-11-29-16-55,60.99295
47a7a8-NOZ626-12-04-17-03,58.66885
47a7a8-NOZ626-12-29-17-15,46.07555
47a7a8-NOZ631-11-28-15-24,52.234505
47a7a8-NOZ631-11-29-15-27,57.140663
47a7a8-NOZ631-12-04-15-32,56.29361
47a7a8-NOZ631-12-29-15-22,54.53171
47a7a8-NOZ632-11-24-18-41,62.37136
47a7a8-NOZ632-11-25-18-12,59.90978
47a7a8-NOZ632-11-30-18-03,57.881416
47a7a8-NOZ632-12-02-18-11,57.611786
47a7a8-NOZ637-11-24-17-10,54.667393
47a7a8-NOZ637-11-25-16-46,55.3272
47a7a8-NOZ637-11-30-16-46,58.506817
47a7a8-NOZ637-12-01-16-42,56.25416
47a7a8-NOZ637-12-02-16-53,58.47918
47a7a8-NOZ639-11-03-17-28,57.855064
47a7a8-NOZ639-11-11-17-38,49.20136
47a7a8-NOZ643-12-04-18-17,56.41916
47a7a8-NOZ6TM-12-14-18-45,48.95122
47a7a8-NOZ7C-11-03-08-44,53.938602
4aca0a-NOZ181-12-19-06-08,51.014095
4aca0a-NOZ276-12-22-16-53,60.56963
4aca0a-NOZ277-12-22-18-16,49.390488
4aca0a-NOZ543-12-29-17-34,55.55892
4aca0a-NOZ546-12-29-19-16,53.75844
4aca0a-NOZ549-12-29-20-31,49.69288
4aca0a-NOZ6TM-12-18-20-20,57.220306
4aca42-NOZ1YA-12-17-13-01,58.4048
4aca42-NOZ639-12-19-17-41,56.161537
4aca46-NOZ345-11-29-09-30,55.034767
4aca46-NOZ347-11-28-16-40,56.42505
4aca46-NOZ4RZ-11-29-07-30,64.11568
4aca46-NOZ538-12-01-15-35,60.579826
4aca46-NOZ549-12-01-16-57,64.48612
4aca46-NOZ602-12-01-06-06,46.459286
4aca46-NOZ609-11-28-07-29,52.842934
4aca46-NOZ609-12-01-07-29,57.197037
4aca47-NOZ270-11-04-07-25,42.805412
4aca47-NOZ271-11-05-07-46,52.827442
4aca47-NOZ271-11-09-06-13,47.60898
4aca47-NOZ278-11-04-18-55,54.220104
4aca4a-NOZ2UC-11-16-16-01,61.828438
4aca4a-NOZ639-11-16-17-20,54.933483
4aca4e-NOZ194-11-13-18-54,60.488613
4aca4e-NOZ195-11-13-20-18,53.994312
4aca4e-NOZ1BG-11-07-05-59,62.590103
4aca4e-NOZ271-11-04-06-14,52.263832
4aca4e-NOZ278-11-03-18-59,52.014477
4aca4e-NOZ345-11-24-09-53,58.3862
4aca4e-NOZ4RZ-11-24-08-12,64.241486
4aca4e-NOZ538-11-17-15-22,59.427658
4aca4e-NOZ540-11-03-16-17,62.674862
4aca4e-NOZ543-11-17-16-46,48.766495
4aca4e-NOZ545-11-03-17-35,55.35103
4aca4e-NOZ546-11-17-18-24,64.635086
4aca4e-NOZ549-11-17-19-43,46.87704
4aca4e-NOZ56U-11-06-19-59,67.84201
4aca4e-NOZ639-11-13-17-28,55.58179
4aca4f-NOZ191-12-16-19-50,53.968018
4aca4f-NOZ346-12-18-14-54,61.719658
4aca4f-NOZ347-12-18-17-50,59.828358
4aca4f-NOZ40T-12-16-06-13,61.50384
4aca4f-NOZ537-12-11-15-01,47.383743
4aca4f-NOZ540-12-11-16-24,55.06734
4aca4f-NOZ545-12-11-17-37,54.649227
4aca4f-NOZ546-12-11-19-11,57.51994
4aca4f-NOZ9BH-12-16-17-59,57.66076
