flight_id,pred_physics_descent
4784c2-NOZ191-11-01-17-02,346.63647
4784c2-NOZ191-11-13-13-36,305.26593
4784c2-NOZ191-11-29-17-09,293.56564
4784c2-NOZ270-11-14-07-26,291.1686
4784c2-NOZ270-11-30-07-26,284.08295
4784c2-NOZ270-12-02-07-24,297.16068
4784c2-NOZ271-11-14-06-15,285.9162
4784c2-NOZ271-12-02-06-14,307.94666
4784c2-NOZ271-12-03-07-52,285.69202
4784c2-NOZ278-12-02-19-03,294.16034
4784c2-NOZ2UC-11-07-16-07,295.36685
4784c2-NOZ2UC-11-08-16-03,317.5544
4784c2-NOZ345-11-12-11-17,327.29318
4784c2-NOZ345-11-26-11-13,355.33557
4784c2-NOZ346-11-27-14-53,358.5943
4784c2-NOZ347-11-27-16-44,384.26947
4784c2-NOZ4RZ-11-12-09-18,396.59
4784c2-NOZ4RZ-11-26-09-20,354.1331
4784c2-NOZ50A-11-03-16-50,322.67148
4784c2-NOZ522-11-28-06-12,323.2274
4784c2-NOZ525-11-28-07-26,270.54968
4784c2-NOZ540-12-01-16-18,374.73032
4784c2-NOZ546-11-01-18-20,340.27054
4784c2-NOZ549-11-01-19-33,288.68527
4784c2-NOZ55J-11-03-18-43,333.8201
4784c2-NOZ605-11-15-06-32,323.99384
4784c2-NOZ605-12-28-06-33,314.42685
4784c2-NOZ606-11-15-08-02,314.19424
4784c2-NOZ607-11-01-07-02,410.58163
4784c2-NOZ612-12-27-14-55,341.33887
4784c2-NOZ617-12-27-13-18,288.46332
4784c2-NOZ620-12-27-18-47,316.5975
4784c2-NOZ625-12-27-17-17,346.60492
4784c2-NOZ626-12-22-17-24,271.24347
4784c2-NOZ631-11-15-15-28,324.4855
4784c2-NOZ631-12-22-15-22,395.9787
4784c2-NOZ638-11-14-20-08,296.1569
4784c2-NOZ638-12-21-20-17,311.0105
4784c2-NOZ639-11-07-17-22,341.49158
4784c2-NOZ639-11-08-17-27,313.79898
4784c2-NOZ7C-11-14-08-44,348.40976
4784c2-NOZ7C-12-02-08-42,285.5053
4784c2-NOZ8C-11-13-21-07,272.48422
4784c2-NOZ9BH-11-01-15-38,327.7578
4784c2-NOZ9BH-11-13-12-09,333.25247
4784c2-NOZ9BH-11-29-15-45,322.2912
47873f-NOZ181-12-31-09-25,358.6049
47873f-NOZ191-12-28-17-25,319.23007
47873f-NOZ538-12-21-15-53,356.64978
47873f-NOZ543-12-21-17-15,339.89026
47873f-NOZ9BH-12-28-15-59,304.26263
478741-NOZ181-11-12-08-54,339.072
478741-NOZ181-11-23-06-07,466.53223
478741-NOZ182-11-12-07-29,350.44904
478741-NOZ183-11-23-09-32,391.9068
478741-NOZ1BG-11-11-06-13,448.69473
478741-NOZ1BG-12-23-10-02,324.1581
478741-NOZ1TT-11-06-14-35,284.17847
478741-NOZ1TT-11-18-14-47,294.4132
478741-NOZ1TT-12-20-14-32,305.88593
478741-NOZ276-11-21-16-07,299.9262
478741-NOZ276-11-22-16-43,266.3029
478741-NOZ277-11-21-18-11,460.84265
478741-NOZ277-11-22-18-17,305.7885
478741-NOZ345-11-04-09-43,393.38776
478741-NOZ346-12-21-15-24,354.91037
478741-NOZ347-12-21-17-22,425.46173
478741-NOZ3VG-12-20-16-02,320.19034
478741-NOZ4HF-11-09-07-03,279.26834
478741-NOZ4RZ-11-04-07-46,342.39667
478741-NOZ50A-11-04-16-47,346.43787
478741-NOZ523-11-01-06-30,363.2679
478741-NOZ523-11-02-06-31,519.7599
478741-NOZ523-12-15-06-54,291.769
478741-NOZ526-11-01-08-06,303.82086
478741-NOZ526-11-02-08-01,316.97726
478741-NOZ526-12-15-08-18,245.34749
478741-NOZ530-11-14-09-50,295.00424
478741-NOZ531-11-14-11-12,402.49554
478741-NOZ532-11-01-11-02,294.68454
478741-NOZ532-11-02-10-59,346.14725
478741-NOZ534-11-14-12-41,275.1417
478741-NOZ535-11-01-12-31,337.03574
478741-NOZ535-11-02-12-29,371.18457
478741-NOZ536-11-01-14-11,378.76154
478741-NOZ536-11-02-14-14,408.11557
478741-NOZ537-11-14-13-58,272.55307
478741-NOZ537-12-18-14-56,330.3661
478741-NOZ538-11-14-15-19,325.41333
478741-NOZ538-12-16-15-37,463.685
478741-NOZ538-12-27-16-00,286.5413
478741-NOZ540-12-18-16-22,330.59537
478741-NOZ541-11-01-15-46,336.14578
478741-NOZ541-11-02-15-38,385.65225
478741-NOZ543-12-16-18-03,484.60303
478741-NOZ543-12-27-17-18,310.9282
478741-NOZ544-11-01-17-11,490.2347
478741-NOZ544-11-02-17-10,380.1787
478741-NOZ545-12-18-17-59,348.45062
478741-NOZ546-11-14-18-10,401.1759
478741-NOZ546-12-16-20-25,406.10678
478741-NOZ546-12-18-19-13,330.79297
478741-NOZ546-12-27-18-43,261.02115
478741-NOZ547-11-01-18-24,340.57474
478741-NOZ547-11-02-18-24,349.2709
478741-NOZ549-11-14-19-25,272.1148
478741-NOZ549-12-27-19-54,288.72906
478741-NOZ550-11-01-19-53,427.75592
478741-NOZ550-12-14-20-21,280.18814
478741-NOZ555-12-18-20-30,369.42007
478741-NOZ55J-11-04-18-38,364.3023
478741-NOZ56U-11-10-18-52,337.5192
478741-NOZ56U-12-22-20-29,360.7391
478741-NOZ5AY-11-01-09-21,323.2479
478741-NOZ5AY-11-02-09-34,355.7238
478741-NOZ5AY-12-15-09-30,278.82364
478741-NOZ5PY-11-06-16-03,342.1835
478741-NOZ5PY-11-18-16-23,317.218
478741-NOZ601-11-07-05-45,334.83957
478741-NOZ601-11-09-05-35,283.2319
478741-NOZ602-11-08-06-06,321.72723
478741-NOZ607-11-10-07-01,432.1222
478741-NOZ608-11-07-09-47,299.4992
478741-NOZ608-11-09-09-45,299.4615
478741-NOZ609-11-08-07-27,309.69992
478741-NOZ611-11-07-08-26,313.1504
478741-NOZ611-11-09-08-30,319.72943
478741-NOZ612-11-07-12-35,320.15158
478741-NOZ612-11-09-12-26,307.23325
478741-NOZ617-11-07-11-01,282.5151
478741-NOZ617-11-09-11-04,279.3601
478741-NOZ620-11-09-15-20,401.92648
478741-NOZ625-11-07-14-08,312.21912
478741-NOZ625-11-09-13-59,339.79822
478741-NOZ628-11-06-17-28,314.93643
478741-NOZ628-11-18-18-08,340.68307
478741-NOZ632-11-09-18-00,302.61142
478741-NOZ637-11-09-16-42,333.7117
478741-NOZ638-11-06-20-18,314.7042
478741-NOZ638-11-08-20-09,292.82242
478741-NOZ645-11-06-18-48,317.6365
478741-NOZ645-11-18-20-23,291.27734
478741-NOZ6CF-11-03-08-05,501.24924
478741-NOZ6TM-11-22-19-40,312.43402
478741-NOZ8920-12-28-06-34,279.71826
478742-NOZ133-12-18-15-53,252.9905
478742-NOZ134-12-18-16-55,250.33284
478742-NOZ144-11-21-15-47,274.4022
478742-NOZ145-11-21-16-51,316.07953
478742-NOZ182-11-30-07-39,352.03107
478742-NOZ191-11-18-17-55,388.49313
478742-NOZ191-12-30-17-23,280.76108
478742-NOZ1BG-12-07-06-35,362.93048
478742-NOZ1BG-12-16-06-25,416.82388
478742-NOZ1BG-12-27-06-15,364.6885
478742-NOZ1TT-12-16-16-22,307.2167
478742-NOZ1TT-12-21-14-48,296.70023
478742-NOZ270-12-30-07-27,293.1309
478742-NOZ271-12-10-07-32,292.77692
478742-NOZ276-11-29-15-51,269.37543
478742-NOZ277-11-29-17-09,325.83676
478742-NOZ278-12-09-19-00,280.01718
478742-NOZ2DC-11-11-06-06,234.21191
478742-NOZ2DC-11-14-05-58,251.65486
478742-NOZ2DC-11-15-06-02,289.7694
478742-NOZ346-12-11-14-41,344.5402
478742-NOZ347-12-11-16-32,379.2361
478742-NOZ3JE-11-11-06-55,257.19418
478742-NOZ3JE-11-15-06-57,243.68765
478742-NOZ3VG-12-21-16-18,307.44296
478742-NOZ50A-11-22-17-34,343.81808
478742-NOZ50A-12-22-17-29,379.35022
478742-NOZ522-11-17-06-10,276.0674
478742-NOZ524-12-02-07-07,292.41653
478742-NOZ524-12-17-08-41,325.2016
478742-NOZ525-11-17-07-25,301.2657
478742-NOZ525-12-04-11-30,356.231
478742-NOZ530-11-29-09-52,325.8262
478742-NOZ531-11-29-11-06,294.49197
478742-NOZ531-12-17-10-15,388.57724
478742-NOZ532-12-17-12-13,360.25812
478742-NOZ534-11-29-12-36,313.99387
478742-NOZ534-12-04-13-25,329.55093
478742-NOZ534-12-09-13-30,293.50238
478742-NOZ537-11-29-13-58,256.94778
478742-NOZ537-12-04-14-45,309.27652
478742-NOZ537-12-09-14-40,319.25534
478742-NOZ537-12-20-14-13,410.01797
478742-NOZ540-11-17-16-15,334.96814
478742-NOZ540-12-04-16-20,406.37524
478742-NOZ540-12-06-16-19,293.50812
478742-NOZ540-12-29-18-41,313.81754
478742-NOZ545-11-17-17-42,318.48764
478742-NOZ545-12-04-17-34,312.50375
478742-NOZ545-12-06-17-35,379.22598
478742-NOZ545-12-29-19-51,334.7283
478742-NOZ546-12-04-18-58,338.4617
478742-NOZ555-12-04-20-30,290.2018
478742-NOZ55J-11-22-19-16,386.88647
478742-NOZ55J-12-22-19-30,327.7103
478742-NOZ56U-12-06-19-08,401.9746
478742-NOZ56U-12-15-20-11,381.09036
478742-NOZ56U-12-26-23-04,393.01898
478742-NOZ607-11-16-06-59,341.93854
478742-NOZ608-11-13-09-56,284.35385
478742-NOZ611-11-13-08-28,350.30634
478742-NOZ617-11-13-11-14,340.99625
478742-NOZ620-11-13-15-29,339.9927
478742-NOZ625-11-13-14-00,380.10257
478742-NOZ628-12-16-20-11,287.89868
478742-NOZ628-12-21-17-45,329.88834
478742-NOZ632-11-13-18-15,303.2882
478742-NOZ637-11-13-16-52,323.20828
478742-NOZ638-11-10-20-24,306.09647
478742-NOZ645-12-16-21-30,317.7095
478742-NOZ645-12-21-19-15,302.86795
478742-NOZ647-11-13-19-36,325.13834
478742-NOZ648-11-13-20-58,273.1509
478742-NOZ6TM-11-29-18-46,324.90384
478742-NOZ7C-12-30-08-36,324.73718
478742-NOZ9BH-11-18-16-32,315.3151
478742-NOZ9BH-12-30-15-48,333.92676
47875a-NOZ181-12-07-06-10,301.00723
47875a-NOZ181-12-14-06-41,516.8074
47875a-NOZ182-12-14-08-07,294.98935
47875a-NOZ183-12-07-08-44,308.2449
47875a-NOZ183-12-14-09-21,295.14706
47875a-NOZ191-11-25-17-31,351.83255
47875a-NOZ191-12-07-17-06,326.29248
47875a-NOZ1TT-11-23-14-58,295.0735
47875a-NOZ1TT-12-02-14-51,297.2501
47875a-NOZ1YA-12-15-14-41,319.67136
47875a-NOZ270-11-11-07-19,308.14407
47875a-NOZ270-11-23-08-11,247.51738
47875a-NOZ270-12-16-08-06,247.12042
47875a-NOZ271-11-11-06-07,316.42365
47875a-NOZ271-12-16-06-19,333.01562
47875a-NOZ276-12-12-15-58,295.40543
47875a-NOZ276-12-13-16-21,309.05554
47875a-NOZ277-12-06-17-34,308.2531
47875a-NOZ277-12-12-17-22,295.87912
47875a-NOZ277-12-13-18-13,295.36557
47875a-NOZ278-11-10-18-57,276.89362
47875a-NOZ278-12-15-19-48,292.82285
47875a-NOZ2UC-11-15-16-06,281.1917
47875a-NOZ2UC-11-21-16-17,343.11743
47875a-NOZ2UC-11-28-16-11,308.1019
47875a-NOZ345-12-10-11-30,334.13574
47875a-NOZ345-12-15-10-31,390.22647
47875a-NOZ346-12-01-14-44,371.86237
47875a-NOZ347-12-01-16-37,375.69626
47875a-NOZ40A-12-15-13-29,352.68954
47875a-NOZ4RZ-12-10-09-40,319.7087
47875a-NOZ4RZ-12-15-07-54,500.8259
47875a-NOZ50A-12-14-17-07,336.53775
47875a-NOZ522-11-24-06-18,302.87445
47875a-NOZ525-11-24-07-29,305.32126
47875a-NOZ538-11-02-15-19,317.67526
47875a-NOZ538-12-05-16-27,377.72034
47875a-NOZ540-11-10-16-23,438.86646
47875a-NOZ540-12-15-16-10,320.55713
47875a-NOZ543-11-02-16-34,304.37
47875a-NOZ543-12-05-17-40,274.74902
47875a-NOZ545-11-10-17-43,362.96768
47875a-NOZ545-12-15-17-22,312.32916
47875a-NOZ546-11-02-18-10,316.09595
47875a-NOZ546-12-05-19-04,290.4327
47875a-NOZ549-11-02-19-21,312.86996
47875a-NOZ549-12-05-20-17,266.16348
47875a-NOZ55J-12-14-18-57,367.67816
47875a-NOZ58Z-11-11-14-33,324.50208
47875a-NOZ5PY-11-23-16-14,276.971
47875a-NOZ5PY-12-02-16-12,374.35776
47875a-NOZ602-11-03-06-06,271.53516
47875a-NOZ609-11-03-07-31,303.46976
47875a-NOZ628-11-23-18-02,286.11902
47875a-NOZ628-12-02-17-45,268.60852
47875a-NOZ639-11-15-17-22,339.88135
47875a-NOZ639-11-21-17-27,351.92233
47875a-NOZ639-11-28-17-22,343.56192
47875a-NOZ645-11-23-19-08,414.0938
47875a-NOZ645-12-02-18-54,380.05853
47875a-NOZ7C-11-11-08-44,310.47427
47875a-NOZ9BH-11-25-15-35,328.23813
47875a-NOZ9BH-12-07-15-46,330.63116
47875a-NOZ9PL-11-17-07-33,443.90164
47875c-NOZ132-11-01-13-55,344.21603
47875c-NOZ132-11-10-14-02,286.5312
47875c-NOZ133-11-10-15-08,276.12402
47875c-NOZ140-12-05-07-12,240.89052
47875c-NOZ140-12-19-07-25,241.4562
47875c-NOZ141-12-05-08-04,251.1407
47875c-NOZ141-12-19-08-20,232.90868
47875c-NOZ142-12-18-14-10,213.07034
47875c-NOZ143-12-18-15-15,292.4896
47875c-NOZ144-12-08-15-16,256.62198
47875c-NOZ181-11-28-05-59,335.61966
47875c-NOZ181-12-10-09-02,318.17615
47875c-NOZ182-11-28-07-41,319.6232
47875c-NOZ182-12-10-07-49,274.92358
47875c-NOZ183-11-28-08-56,335.10168
47875c-NOZ191-11-30-16-56,325.6328
47875c-NOZ191-12-13-17-22,324.59152
47875c-NOZ191-12-15-17-06,352.81302
47875c-NOZ1BG-12-15-07-11,491.4326
47875c-NOZ1YA-12-10-13-12,333.17572
47875c-NOZ2DC-11-03-06-03,247.38594
47875c-NOZ2DC-11-04-05-59,220.50014
47875c-NOZ2DC-11-07-06-03,226.69347
47875c-NOZ2DC-11-09-06-02,227.85056
47875c-NOZ2DC-11-16-06-05,240.22214
47875c-NOZ2DC-11-21-06-00,294.7599
47875c-NOZ2DC-11-22-06-01,273.39627
47875c-NOZ2DC-11-23-05-57,257.368
47875c-NOZ2DC-11-24-06-07,289.27298
47875c-NOZ2GH-11-06-14-59,319.9033
47875c-NOZ345-12-03-11-23,346.84415
47875c-NOZ3JE-11-02-07-00,261.34235
47875c-NOZ3JE-11-03-06-52,262.6213
47875c-NOZ3JE-11-04-07-04,269.13263
47875c-NOZ3JE-11-07-08-10,223.7969
47875c-NOZ3JE-11-09-07-01,266.33487
47875c-NOZ3JE-11-16-07-10,241.77188
47875c-NOZ3JE-11-21-07-04,231.13077
47875c-NOZ3JE-11-22-06-56,243.86061
47875c-NOZ3JE-11-23-06-55,220.2575
47875c-NOZ3JE-11-24-07-05,262.84592
47875c-NOZ40A-12-10-11-13,335.51132
47875c-NOZ4HF-11-08-06-59,303.83087
47875c-NOZ4HF-11-10-07-03,306.995
47875c-NOZ4RZ-12-03-09-20,359.38513
47875c-NOZ522-11-29-06-02,315.0545
47875c-NOZ522-12-12-06-12,305.29446
47875c-NOZ525-11-29-07-15,307.1423
47875c-NOZ525-12-12-07-20,306.28583
47875c-NOZ530-12-14-09-58,295.91833
47875c-NOZ530-12-15-10-23,292.3
47875c-NOZ531-12-14-11-06,254.0777
47875c-NOZ531-12-15-11-35,323.73734
47875c-NOZ534-12-14-12-43,280.22556
47875c-NOZ534-12-15-12-57,254.92366
47875c-NOZ537-12-14-13-53,281.22952
47875c-NOZ537-12-15-14-10,368.59097
47875c-NOZ538-12-30-15-16,278.07373
47875c-NOZ543-12-30-16-47,343.20416
47875c-NOZ545-12-14-17-26,315.8005
47875c-NOZ546-12-30-18-13,463.90173
47875c-NOZ56U-12-14-18-56,398.47305
47875c-NOZ601-11-08-05-36,310.2687
47875c-NOZ601-11-10-05-36,313.02292
47875c-NOZ607-11-11-07-08,352.0487
47875c-NOZ607-11-25-07-06,367.07956
47875c-NOZ608-11-08-09-39,316.06793
47875c-NOZ608-11-10-09-44,313.45547
47875c-NOZ60M-12-07-16-25,300.9706
47875c-NOZ611-11-08-08-24,336.78336
47875c-NOZ611-11-10-08-20,344.01373
47875c-NOZ612-11-08-12-21,311.4477
47875c-NOZ612-11-10-12-27,274.67685
47875c-NOZ614-11-20-13-57,321.9384
47875c-NOZ617-11-08-10-58,303.10098
47875c-NOZ617-11-10-11-10,323.69675
47875c-NOZ620-11-08-15-22,309.90762
47875c-NOZ620-11-23-15-51,287.9378
47875c-NOZ623-11-20-12-34,380.03787
47875c-NOZ624-11-06-16-21,273.66522
47875c-NOZ625-11-08-13-56,283.54526
47875c-NOZ625-11-23-14-03,319.0782
47875c-NOZ626-11-02-16-45,292.9632
47875c-NOZ626-11-07-17-04,268.40958
47875c-NOZ626-11-09-16-42,306.1121
47875c-NOZ626-11-15-16-56,268.5404
47875c-NOZ626-11-16-16-41,335.7123
47875c-NOZ626-11-18-17-13,287.21927
47875c-NOZ626-11-20-17-08,324.73657
47875c-NOZ631-11-02-15-23,331.886
47875c-NOZ631-11-07-15-30,317.01822
47875c-NOZ631-11-09-15-23,343.75974
47875c-NOZ631-11-16-15-24,348.0926
47875c-NOZ631-11-18-15-40,323.91583
47875c-NOZ631-11-20-15-38,516.2864
47875c-NOZ632-11-08-18-00,305.18225
47875c-NOZ632-11-23-18-40,271.5362
47875c-NOZ634-11-20-20-06,323.31696
47875c-NOZ637-11-08-16-38,324.34952
47875c-NOZ637-11-23-17-03,314.41757
47875c-NOZ643-11-20-18-24,407.9469
47875c-NOZ64N-11-11-16-55,349.50964
47875c-NOZ6TM-11-27-20-11,329.14545
47875c-NOZ8820-11-17-13-44,240.74147
47875c-NOZ8821-11-17-16-52,341.97278
47875c-NOZ9BH-11-30-15-33,302.70032
47875c-NOZ9BH-12-15-15-40,346.05893
47875c-NOZ9WB-11-17-07-35,331.88248
47875c-NOZ9WB-11-18-07-29,315.23557
478772-NOZ181-12-20-07-39,309.88132
478772-NOZ191-11-04-17-33,322.74918
478772-NOZ191-11-17-16-57,374.67636
478772-NOZ191-12-08-17-41,377.1732
478772-NOZ191-12-19-18-25,407.2672
478772-NOZ191-12-20-17-20,289.5313
478772-NOZ194-11-06-19-12,307.53476
478772-NOZ195-11-06-20-33,344.69763
478772-NOZ1BG-11-15-06-20,371.19305
478772-NOZ1BG-11-17-06-06,389.51688
478772-NOZ1BG-12-08-06-31,407.73532
478772-NOZ271-12-21-06-16,328.61304
478772-NOZ276-11-24-16-07,279.86288
478772-NOZ277-11-24-17-25,300.80835
478772-NOZ278-12-20-19-12,235.45633
478772-NOZ2BE-11-11-12-46,310.9718
478772-NOZ2DC-12-27-06-26,260.22552
478772-NOZ2UC-11-06-16-14,282.16266
478772-NOZ347-12-04-16-59,435.14417
478772-NOZ3JE-12-27-08-06,303.8842
478772-NOZ4HF-11-24-07-12,304.17166
478772-NOZ50A-11-15-16-37,321.64944
478772-NOZ50A-11-21-16-40,372.381
478772-NOZ50A-12-06-16-57,339.1174
478772-NOZ521-11-29-05-31,295.8839
478772-NOZ521-11-30-05-36,296.05508
478772-NOZ521-12-01-05-26,303.9507
478772-NOZ521-12-02-05-28,327.88474
478772-NOZ522-11-22-06-24,285.04065
478772-NOZ522-12-13-06-10,354.37042
478772-NOZ523-11-26-06-03,338.06943
478772-NOZ523-11-28-06-30,407.1542
478772-NOZ524-11-26-07-35,370.0687
478772-NOZ524-11-29-06-59,285.46243
478772-NOZ524-11-30-07-04,326.11203
478772-NOZ524-12-01-07-01,348.79523
478772-NOZ525-11-22-07-33,299.57904
478772-NOZ525-12-13-07-24,308.64908
478772-NOZ526-11-28-07-57,280.33542
478772-NOZ530-11-16-09-52,300.677
478772-NOZ530-11-17-09-59,331.4163
478772-NOZ530-11-21-10-13,293.13214
478772-NOZ530-11-27-09-32,408.87973
478772-NOZ530-12-08-09-49,289.72522
478772-NOZ531-11-16-11-09,321.8027
478772-NOZ531-11-17-11-19,283.01953
478772-NOZ531-11-21-11-21,343.45514
478772-NOZ531-11-26-08-51,338.22372
478772-NOZ531-11-27-08-01,344.22278
478772-NOZ531-12-08-11-08,548.0301
478772-NOZ532-11-26-10-17,324.6943
478772-NOZ532-11-27-12-17,361.86288
478772-NOZ532-11-28-10-57,295.15073
478772-NOZ534-11-16-12-39,335.6491
478772-NOZ534-11-17-12-47,302.65747
478772-NOZ534-11-21-12-42,319.40213
478772-NOZ534-12-08-12-46,290.676
478772-NOZ534-12-16-14-07,332.841
478772-NOZ535-11-27-14-01,561.45526
478772-NOZ535-11-28-12-31,311.93445
478772-NOZ536-11-28-14-16,311.10336
478772-NOZ536-12-18-14-57,269.14304
478772-NOZ537-11-16-14-04,341.04504
478772-NOZ537-11-17-14-14,346.17612
478772-NOZ537-11-21-13-57,432.53162
478772-NOZ537-12-08-14-18,284.8276
478772-NOZ537-12-16-17-54,330.62234
478772-NOZ538-11-01-15-14,364.41193
478772-NOZ538-11-25-15-19,335.5814
478772-NOZ538-11-27-15-30,320.31174
478772-NOZ540-12-07-16-29,387.903
478772-NOZ541-11-28-15-43,373.33167
478772-NOZ541-12-18-16-17,302.7478
478772-NOZ543-11-01-16-34,321.12732
478772-NOZ543-11-25-16-42,498.8517
478772-NOZ543-11-27-16-52,374.00555
478772-NOZ544-11-27-18-21,380.56577
478772-NOZ544-11-28-17-17,311.71634
478772-NOZ545-12-07-17-39,317.63422
478772-NOZ546-11-25-18-20,379.69373
478772-NOZ549-11-27-19-47,339.05612
478772-NOZ550-11-27-21-05,388.17242
478772-NOZ55J-11-15-18-29,401.236
478772-NOZ55J-11-21-18-28,341.4572
478772-NOZ55J-12-06-18-44,352.26297
478772-NOZ56U-11-14-19-13,368.22522
478772-NOZ56U-11-16-19-03,335.02597
478772-NOZ56U-12-07-19-08,374.3533
478772-NOZ5AY-11-27-10-57,346.70294
478772-NOZ5AY-11-28-09-20,326.66983
478772-NOZ5PR-11-18-16-00,298.12494
478772-NOZ601-11-24-05-35,341.73364
478772-NOZ602-11-09-07-05,291.75162
478772-NOZ602-11-16-06-02,304.90268
478772-NOZ602-12-06-06-05,328.83234
478772-NOZ608-11-24-10-05,297.83777
478772-NOZ608-12-28-10-15,359.25305
478772-NOZ609-11-09-08-18,252.61427
478772-NOZ609-11-16-07-25,350.88193
478772-NOZ609-12-06-07-23,730.6768
478772-NOZ611-11-24-08-28,440.09552
478772-NOZ611-12-28-08-43,394.81674
478772-NOZ612-11-24-12-43,271.68344
478772-NOZ617-11-24-11-21,297.5702
478772-NOZ617-12-28-11-39,344.69385
478772-NOZ625-11-24-14-02,420.35016
478772-NOZ626-12-27-16-51,378.99548
478772-NOZ631-12-27-15-23,344.7121
478772-NOZ638-11-23-20-28,312.1078
478772-NOZ639-11-06-17-43,419.3028
478772-NOZ639-12-09-17-32,317.6094
478772-NOZ639-12-16-21-45,334.3799
478772-NOZ639-12-30-17-42,334.18576
478772-NOZ64N-12-23-17-53,319.1488
478772-NOZ6CF-11-11-08-14,333.08914
478772-NOZ6TC-11-11-17-22,330.39697
478772-NOZ6TM-12-19-20-36,324.97095
478772-NOZ9BH-11-17-15-36,305.29346
478772-NOZ9BH-12-08-15-49,319.8313
478772-NOZ9BH-12-19-16-57,307.99585
478772-NOZ9BH-12-20-15-53,319.25244
47878c-NOZ132-11-08-13-59,398.56125
47878c-NOZ132-11-11-14-02,359.56754
47878c-NOZ133-11-08-15-00,307.55133
47878c-NOZ133-11-11-15-05,434.91537
47878c-NOZ140-11-22-07-20,276.38654
47878c-NOZ140-11-23-06-59,258.95862
47878c-NOZ141-11-22-08-14,312.09232
47878c-NOZ141-11-23-07-58,312.3317
47878c-NOZ144-11-22-15-43,278.23315
47878c-NOZ145-11-22-16-41,244.07805
47878c-NOZ194-11-27-18-56,314.25104
47878c-NOZ195-11-27-20-17,322.77795
47878c-NOZ1BG-11-16-06-05,434.7978
47878c-NOZ1BG-12-14-06-01,335.72705
47878c-NOZ270-12-27-07-43,280.61374
47878c-NOZ2DC-11-10-05-57,256.1463
47878c-NOZ2DC-12-07-06-11,234.56577
47878c-NOZ2UC-11-27-16-10,358.17767
47878c-NOZ345-11-01-09-37,329.58173
47878c-NOZ345-12-28-09-49,307.38126
47878c-NOZ346-12-27-14-37,371.23874
47878c-NOZ347-12-27-17-01,325.51407
47878c-NOZ3JE-11-10-06-57,247.90031
47878c-NOZ3JE-12-07-07-02,241.62737
47878c-NOZ4HF-11-03-06-59,312.97336
47878c-NOZ4HF-11-14-07-09,311.6077
47878c-NOZ4HF-12-06-07-23,266.36905
47878c-NOZ4HF-12-08-07-12,509.1423
47878c-NOZ4RZ-11-01-07-37,344.58603
47878c-NOZ4RZ-12-28-07-55,331.15704
47878c-NOZ530-11-15-09-58,277.8517
47878c-NOZ531-11-15-11-10,313.4296
47878c-NOZ534-11-15-12-42,306.2505
47878c-NOZ537-11-15-14-02,336.2245
47878c-NOZ540-11-15-16-04,321.98154
47878c-NOZ540-12-13-16-29,288.68237
47878c-NOZ545-11-15-17-31,308.08267
47878c-NOZ545-12-13-17-44,321.52325
47878c-NOZ56U-11-15-18-55,338.03653
47878c-NOZ56U-12-13-19-17,333.10187
47878c-NOZ601-11-03-05-34,320.0154
47878c-NOZ601-11-14-05-33,328.02203
47878c-NOZ601-12-06-05-32,321.60052
47878c-NOZ601-12-08-05-59,329.57388
47878c-NOZ602-11-17-06-04,311.03793
47878c-NOZ605-11-02-06-42,436.60822
47878c-NOZ605-11-07-06-35,372.28818
47878c-NOZ605-11-09-06-29,350.26843
47878c-NOZ605-11-11-06-32,391.25476
47878c-NOZ605-12-12-06-30,268.91534
47878c-NOZ606-11-02-08-04,364.26566
47878c-NOZ606-11-07-08-06,301.51648
47878c-NOZ606-11-09-07-59,298.48367
47878c-NOZ606-11-11-08-05,421.524
47878c-NOZ606-12-12-08-07,416.78833
47878c-NOZ608-11-03-09-47,292.38474
47878c-NOZ608-11-14-09-46,290.01657
47878c-NOZ608-12-06-09-43,331.82916
47878c-NOZ608-12-08-09-51,286.17862
47878c-NOZ609-11-17-07-34,339.2976
47878c-NOZ611-11-03-08-23,369.5138
47878c-NOZ611-11-14-08-31,338.43167
47878c-NOZ611-12-06-08-28,362.10333
47878c-NOZ611-12-08-08-37,328.68542
47878c-NOZ612-11-03-12-32,285.98383
47878c-NOZ612-12-06-12-28,275.04776
47878c-NOZ612-12-08-12-38,292.47498
47878c-NOZ614-12-11-14-37,343.09634
47878c-NOZ617-11-03-11-06,309.66772
47878c-NOZ617-12-06-10-58,363.69446
47878c-NOZ617-12-08-11-10,357.65695
47878c-NOZ620-11-03-15-24,287.56006
47878c-NOZ620-12-06-15-30,312.62643
47878c-NOZ620-12-08-15-31,310.01077
47878c-NOZ623-12-11-13-06,285.6908
47878c-NOZ625-11-03-14-02,338.7893
47878c-NOZ625-12-06-13-50,330.1472
47878c-NOZ625-12-08-13-58,323.3174
47878c-NOZ626-11-04-17-02,322.27814
47878c-NOZ626-11-10-16-54,327.49582
47878c-NOZ626-12-07-16-46,376.96982
47878c-NOZ626-12-09-16-55,307.23605
47878c-NOZ631-11-04-15-32,330.93085
47878c-NOZ631-11-10-15-32,270.5938
47878c-NOZ631-12-07-15-31,328.21448
47878c-NOZ631-12-09-15-26,299.89975
47878c-NOZ632-11-03-18-07,246.03166
47878c-NOZ632-12-06-18-17,269.5246
47878c-NOZ632-12-08-18-11,304.4947
47878c-NOZ637-11-03-16-45,315.36743
47878c-NOZ637-12-06-16-45,305.11865
47878c-NOZ637-12-08-16-51,352.96024
47878c-NOZ638-11-01-20-00,294.8293
47878c-NOZ638-12-05-20-12,290.35336
47878c-NOZ639-11-27-17-32,340.18683
47878c-NOZ639-11-30-17-26,335.91986
47878c-NOZ7C-12-27-08-49,310.1227
47878c-NOZ8GN-11-18-07-11,336.02542
47878d-NOZ132-11-07-14-02,282.69153
47878d-NOZ132-11-29-13-57,258.00735
47878d-NOZ132-12-29-14-04,284.87473
47878d-NOZ133-11-07-14-53,275.82608
47878d-NOZ133-11-29-14-51,250.77489
47878d-NOZ133-12-29-14-58,325.41022
47878d-NOZ181-11-01-06-03,409.19687
47878d-NOZ181-12-09-06-38,452.76776
47878d-NOZ182-11-01-07-34,282.65
47878d-NOZ182-12-09-08-06,298.5846
47878d-NOZ183-11-01-08-49,313.36356
47878d-NOZ183-12-04-08-06,301.7401
47878d-NOZ183-12-09-09-28,299.68332
47878d-NOZ183-12-25-10-41,307.26447
47878d-NOZ191-11-23-17-18,322.5315
47878d-NOZ1BG-11-12-06-04,345.57053
47878d-NOZ1BG-12-06-06-15,609.2915
47878d-NOZ1TT-11-15-14-39,305.32126
47878d-NOZ1TT-11-25-14-47,333.4715
47878d-NOZ271-12-07-06-36,323.27118
47878d-NOZ272-12-04-15-46,268.04977
47878d-NOZ275-12-04-17-02,284.6527
47878d-NOZ276-12-18-13-42,285.831
47878d-NOZ277-12-18-15-30,289.29007
47878d-NOZ278-12-06-19-16,273.2584
47878d-NOZ2KT-12-06-16-26,328.40985
47878d-NOZ345-11-15-09-32,368.2166
47878d-NOZ345-11-28-09-43,304.7588
47878d-NOZ346-11-09-14-35,355.73923
47878d-NOZ346-11-14-14-40,334.93317
47878d-NOZ347-11-09-16-32,334.10626
47878d-NOZ347-11-14-16-37,410.68365
47878d-NOZ3DB-11-18-18-19,337.37567
47878d-NOZ3J-11-18-15-26,423.25085
47878d-NOZ4RZ-11-15-07-36,362.30594
47878d-NOZ4RZ-11-28-07-46,373.8966
47878d-NOZ50A-11-08-16-41,400.2139
47878d-NOZ50A-11-27-16-42,392.79938
47878d-NOZ50A-12-27-16-50,328.87436
47878d-NOZ522-11-03-06-02,484.82492
47878d-NOZ522-11-23-06-34,261.96918
47878d-NOZ525-11-03-07-20,350.13983
47878d-NOZ525-11-23-07-42,296.32004
47878d-NOZ530-12-06-10-01,256.17767
47878d-NOZ531-12-06-11-11,309.02887
47878d-NOZ534-12-06-12-37,290.33093
47878d-NOZ537-12-06-13-53,331.84467
47878d-NOZ540-12-02-16-13,357.03043
47878d-NOZ545-12-02-17-26,304.14325
47878d-NOZ55J-11-08-18-37,362.91733
47878d-NOZ55J-11-27-18-49,383.3968
47878d-NOZ55J-12-27-18-42,348.29532
47878d-NOZ56U-11-11-19-08,373.74277
47878d-NOZ56U-12-05-18-58,357.30615
47878d-NOZ5PY-11-15-16-03,325.5271
47878d-NOZ5PY-11-25-16-11,323.92944
47878d-NOZ602-11-14-06-06,304.6928
47878d-NOZ602-12-20-07-11,326.16132
47878d-NOZ605-11-17-06-39,338.7743
47878d-NOZ606-11-17-08-05,335.95493
47878d-NOZ606-12-28-08-23,328.36023
47878d-NOZ607-11-08-07-00,363.72308
47878d-NOZ607-11-18-07-00,385.951
47878d-NOZ607-11-30-06-58,295.91183
47878d-NOZ608-11-05-09-10,334.84006
47878d-NOZ608-11-06-09-44,342.65472
47878d-NOZ608-12-30-09-52,275.15796
47878d-NOZ609-11-14-07-27,323.28165
47878d-NOZ609-12-20-08-37,340.41058
47878d-NOZ611-11-06-08-27,438.24326
47878d-NOZ611-12-30-08-26,338.82324
47878d-NOZ612-11-06-12-42,300.6906
47878d-NOZ612-12-30-12-54,305.09494
47878d-NOZ617-11-06-11-08,439.03745
47878d-NOZ617-12-30-11-25,380.60696
47878d-NOZ620-11-06-15-31,281.78806
47878d-NOZ620-11-17-15-38,278.97925
47878d-NOZ620-12-30-15-55,453.5913
47878d-NOZ625-11-06-14-10,332.41956
47878d-NOZ625-11-17-14-06,336.68027
47878d-NOZ625-12-30-14-18,414.32785
47878d-NOZ628-11-15-17-29,282.54596
47878d-NOZ628-11-25-17-29,351.30783
47878d-NOZ632-11-06-18-21,329.50552
47878d-NOZ632-11-07-19-55,259.80374
47878d-NOZ632-11-17-18-25,322.87863
47878d-NOZ637-11-06-16-59,303.04767
47878d-NOZ637-11-07-18-29,290.0762
47878d-NOZ637-11-17-16-57,321.5772
47878d-NOZ638-11-28-20-07,304.24146
47878d-NOZ645-11-25-18-49,350.9318
47878d-NOZ647-11-06-19-40,288.38232
47878d-NOZ648-11-06-21-05,272.10922
47878d-NOZ6TM-12-02-19-02,323.3114
47878d-NOZ6TM-12-08-19-13,292.60706
47878d-NOZ9BH-11-23-15-55,307.7168
47878d-NOZ9BH-12-09-16-22,306.4708
47878d-NOZ9BH-12-21-15-45,293.18207
4787a0-NOZ140-11-09-07-08,343.2647
4787a0-NOZ141-11-09-08-10,281.3819
4787a0-NOZ142-11-13-12-12,385.2692
4787a0-NOZ143-11-13-14-38,276.7459
4787a0-NOZ144-11-07-15-51,239.75375
4787a0-NOZ144-11-09-15-50,234.80905
4787a0-NOZ145-11-07-16-47,241.24216
4787a0-NOZ145-11-09-16-44,328.95905
4787a0-NOZ181-12-17-10-02,301.8633
4787a0-NOZ182-12-17-08-30,288.86636
4787a0-NOZ191-12-27-17-29,371.76556
4787a0-NOZ1BG-11-29-05-59,402.10803
4787a0-NOZ1BG-12-03-06-00,437.35855
4787a0-NOZ1BG-12-20-06-08,457.1009
4787a0-NOZ1TT-12-08-14-35,330.54367
4787a0-NOZ270-11-17-07-28,276.61874
4787a0-NOZ270-11-24-07-44,266.5529
4787a0-NOZ270-12-28-08-05,354.24152
4787a0-NOZ271-11-17-06-10,367.81494
4787a0-NOZ271-11-24-06-09,310.36044
4787a0-NOZ271-11-26-07-34,279.20163
4787a0-NOZ271-12-14-06-28,408.74036
4787a0-NOZ276-12-05-16-52,368.79684
4787a0-NOZ276-12-15-16-31,391.92007
4787a0-NOZ277-12-05-18-09,277.48495
4787a0-NOZ277-12-15-17-53,302.88165
4787a0-NOZ278-11-16-18-57,279.75107
4787a0-NOZ278-11-23-19-29,264.51035
4787a0-NOZ278-11-25-18-59,292.2501
4787a0-NOZ278-12-13-19-06,253.49573
4787a0-NOZ2DC-11-30-05-59,289.90778
4787a0-NOZ2DC-12-09-05-56,223.17561
4787a0-NOZ2GH-12-11-15-03,341.38867
4787a0-NOZ2UC-11-01-16-05,293.20413
4787a0-NOZ345-12-31-11-23,318.16144
4787a0-NOZ346-11-11-14-35,397.3231
4787a0-NOZ346-12-29-16-30,329.7927
4787a0-NOZ347-11-11-16-35,379.06906
4787a0-NOZ347-12-29-21-05,387.10403
4787a0-NOZ3JE-11-30-06-51,222.57474
4787a0-NOZ3JE-12-09-07-05,221.56264
4787a0-NOZ4RZ-12-31-09-26,354.16635
4787a0-NOZ50A-12-21-17-11,335.58652
4787a0-NOZ530-12-13-10-07,403.78445
4787a0-NOZ531-12-13-11-17,280.2706
4787a0-NOZ534-12-13-12-54,334.4965
4787a0-NOZ537-12-13-14-17,301.56937
4787a0-NOZ538-11-03-15-25,301.5386
4787a0-NOZ538-12-26-15-59,302.5856
4787a0-NOZ538-12-28-15-34,312.64624
4787a0-NOZ543-11-03-16-54,330.70953
4787a0-NOZ543-12-26-17-12,354.316
4787a0-NOZ546-11-03-18-19,295.3481
4787a0-NOZ546-12-28-18-39,317.87
4787a0-NOZ549-11-03-19-32,289.16568
4787a0-NOZ549-12-28-19-47,315.63974
4787a0-NOZ55J-12-21-19-15,298.1929
4787a0-NOZ56U-11-28-18-54,349.80774
4787a0-NOZ56U-12-02-19-10,344.67084
4787a0-NOZ56U-12-19-20-06,330.09558
4787a0-NOZ607-12-01-07-02,332.23148
4787a0-NOZ607-12-12-07-06,319.24393
4787a0-NOZ608-12-10-08-59,293.14877
4787a0-NOZ609-12-10-07-36,320.38995
4787a0-NOZ624-12-11-16-33,288.6016
4787a0-NOZ626-11-30-16-41,294.94476
4787a0-NOZ628-12-08-17-41,312.35806
4787a0-NOZ631-11-30-15-21,339.66943
4787a0-NOZ638-11-29-20-03,289.94302
4787a0-NOZ638-12-08-20-23,301.741
4787a0-NOZ639-11-01-17-20,374.22623
4787a0-NOZ639-11-24-17-28,382.33173
4787a0-NOZ645-12-08-18-57,325.56497
4787a0-NOZ7C-11-17-08-46,260.83774
4787a0-NOZ7C-11-24-08-55,427.90546
4787a0-NOZ7C-12-28-09-40,332.63013
4787a0-NOZ93E-11-16-17-29,362.20505
4787b3-NOZ132-12-01-14-05,270.57187
4787b3-NOZ132-12-06-14-06,219.17221
4787b3-NOZ133-12-01-14-56,228.65553
4787b3-NOZ133-12-06-14-53,238.87006
4787b3-NOZ144-12-29-15-16,283.2612
4787b3-NOZ145-12-29-16-12,305.58008
4787b3-NOZ1BG-12-13-06-01,366.6424
4787b3-NOZ1TT-12-05-14-43,283.44916
4787b3-NOZ270-12-05-07-25,268.49673
4787b3-NOZ271-12-05-06-06,337.74637
4787b3-NOZ2DC-11-29-06-06,271.32187
4787b3-NOZ2DC-12-01-06-03,250.02124
4787b3-NOZ345-11-14-10-01,361.44092
4787b3-NOZ345-11-19-11-22,362.01184
4787b3-NOZ345-11-22-09-34,310.3483
4787b3-NOZ346-11-21-14-40,394.59708
4787b3-NOZ347-11-21-16-38,545.4585
4787b3-NOZ3JE-11-29-07-01,224.79938
4787b3-NOZ3JE-12-01-06-59,243.5183
4787b3-NOZ3VG-12-05-16-06,319.44736
4787b3-NOZ4HF-11-28-07-04,293.24918
4787b3-NOZ4HF-12-07-07-00,326.7876
4787b3-NOZ4RZ-11-14-07-35,322.27353
4787b3-NOZ4RZ-11-19-09-22,321.18936
4787b3-NOZ4RZ-11-22-07-50,316.2188
4787b3-NOZ50A-11-13-16-35,527.2845
4787b3-NOZ50A-11-17-16-51,357.42664
4787b3-NOZ521-11-11-05-30,345.17
4787b3-NOZ523-11-07-06-31,465.37732
4787b3-NOZ524-11-11-07-03,346.24002
4787b3-NOZ525-11-13-11-38,470.11865
4787b3-NOZ526-11-07-07-57,310.27505
4787b3-NOZ530-11-06-09-36,301.68488
4787b3-NOZ531-11-06-08-11,302.5188
4787b3-NOZ532-11-06-12-21,440.91428
4787b3-NOZ532-11-07-11-01,361.36423
4787b3-NOZ532-12-09-11-16,331.8336
4787b3-NOZ534-11-13-13-21,330.3502
4787b3-NOZ535-11-06-13-38,475.62985
4787b3-NOZ535-11-07-12-30,285.4532
4787b3-NOZ535-12-09-12-51,354.4654
4787b3-NOZ535-12-27-13-02,299.08603
4787b3-NOZ536-11-07-14-18,366.58682
4787b3-NOZ536-12-09-14-27,308.5281
4787b3-NOZ536-12-27-14-39,341.86093
4787b3-NOZ537-11-13-14-43,366.8351
4787b3-NOZ538-11-04-15-41,251.43307
4787b3-NOZ538-11-06-15-06,328.63248
4787b3-NOZ541-11-07-15-45,305.22577
4787b3-NOZ541-12-09-15-54,286.4741
4787b3-NOZ541-12-27-15-56,302.1947
4787b3-NOZ543-11-04-17-13,381.95596
4787b3-NOZ543-11-06-16-42,410.71948
4787b3-NOZ544-11-06-18-14,352.1155
4787b3-NOZ544-11-07-17-09,436.4783
4787b3-NOZ546-11-04-18-45,393.04184
4787b3-NOZ549-11-06-19-36,324.80145
4787b3-NOZ550-11-06-21-03,337.20663
4787b3-NOZ55J-11-13-18-43,420.72595
4787b3-NOZ55J-11-17-18-44,364.9938
4787b3-NOZ56U-12-12-19-29,294.6355
4787b3-NOZ5AY-11-06-10-49,410.4125
4787b3-NOZ5AY-11-07-09-16,301.81726
4787b3-NOZ601-11-23-05-33,391.0274
4787b3-NOZ601-11-28-05-29,403.68607
4787b3-NOZ601-12-07-05-39,303.30453
4787b3-NOZ602-11-01-06-05,324.53903
4787b3-NOZ602-11-21-06-04,297.9122
4787b3-NOZ605-11-24-06-37,559.19086
4787b3-NOZ605-11-30-06-30,343.30777
4787b3-NOZ606-11-24-08-26,496.41144
4787b3-NOZ606-11-30-08-03,323.08932
4787b3-NOZ607-12-02-07-06,288.94073
4787b3-NOZ607-12-08-07-20,411.14706
4787b3-NOZ608-11-23-10-57,282.9696
4787b3-NOZ608-11-28-09-47,281.38458
4787b3-NOZ608-12-07-09-42,266.59598
4787b3-NOZ609-11-01-07-26,321.9901
4787b3-NOZ609-11-21-07-26,374.11597
4787b3-NOZ611-11-23-08-34,347.29248
4787b3-NOZ611-11-28-08-19,330.7037
4787b3-NOZ611-12-07-08-18,308.35413
4787b3-NOZ612-11-23-13-36,269.5246
4787b3-NOZ612-11-28-12-22,329.34152
4787b3-NOZ612-12-03-12-33,340.77066
4787b3-NOZ612-12-07-12-24,289.46283
4787b3-NOZ617-11-23-12-07,283.11563
4787b3-NOZ617-11-28-11-03,328.82495
4787b3-NOZ617-12-07-10-58,298.2357
4787b3-NOZ620-11-27-16-12,318.2153
4787b3-NOZ620-11-28-15-21,306.49622
4787b3-NOZ620-12-07-15-52,281.25876
4787b3-NOZ625-11-27-14-32,339.0948
4787b3-NOZ625-11-28-14-01,328.07507
4787b3-NOZ625-12-03-14-02,338.17212
4787b3-NOZ625-12-07-14-04,383.80945
4787b3-NOZ626-11-23-17-40,289.17422
4787b3-NOZ626-11-24-17-03,315.13397
4787b3-NOZ626-11-25-16-58,326.5544
4787b3-NOZ628-12-05-17-29,305.15866
4787b3-NOZ631-11-23-15-28,376.42108
4787b3-NOZ631-11-24-15-21,295.44376
4787b3-NOZ631-11-25-15-41,345.13116
4787b3-NOZ632-11-27-18-52,321.60345
4787b3-NOZ632-11-28-18-10,371.60623
4787b3-NOZ637-11-27-17-31,352.79266
4787b3-NOZ637-11-28-16-39,306.09326
4787b3-NOZ637-12-07-16-55,320.17096
4787b3-NOZ638-11-22-20-25,329.30667
4787b3-NOZ647-11-27-20-17,330.37665
4787b3-NOZ648-11-27-21-37,351.1668
4787b3-NOZ6TM-12-21-19-56,320.25525
4787b3-NOZ7C-12-05-08-41,334.27948
4787b3-NOZ8C-12-04-21-08,314.8492
4787b3-NOZ9BH-12-04-12-17,366.19983
4791ac-NOZ132-11-17-14-04,218.68219
4791ac-NOZ133-11-17-15-09,251.3548
4791ac-NOZ140-11-10-07-06,373.88895
4791ac-NOZ140-11-11-07-13,296.6868
4791ac-NOZ141-11-10-08-06,232.95076
4791ac-NOZ141-11-11-08-08,363.24435
4791ac-NOZ144-11-24-15-12,247.72095
4791ac-NOZ145-11-24-16-08,262.19098
4791ac-NOZ183-11-20-07-53,320.52948
4791ac-NOZ191-11-16-17-08,320.9167
4791ac-NOZ1BG-11-08-06-25,330.20355
4791ac-NOZ1TT-11-27-14-34,341.17386
4791ac-NOZ1TT-11-29-14-36,317.82816
4791ac-NOZ270-11-18-07-22,238.29419
4791ac-NOZ270-11-22-09-01,290.8403
4791ac-NOZ271-11-22-07-54,353.09122
4791ac-NOZ272-11-20-15-39,288.20346
4791ac-NOZ275-11-20-16-48,304.20038
4791ac-NOZ278-11-21-19-01,285.1441
4791ac-NOZ2BE-11-13-12-33,318.23505
4791ac-NOZ2KT-12-23-16-32,317.61075
4791ac-NOZ2UC-12-12-16-22,279.32187
4791ac-NOZ345-11-13-10-22,376.24683
4791ac-NOZ345-11-23-09-57,311.68082
4791ac-NOZ345-12-09-10-04,384.94913
4791ac-NOZ346-11-22-14-28,323.42722
4791ac-NOZ347-11-22-16-32,340.8152
4791ac-NOZ357-12-23-23-01,327.07117
4791ac-NOZ4RZ-11-13-08-17,360.315
4791ac-NOZ4RZ-11-23-08-25,347.5713
4791ac-NOZ4RZ-12-09-07-50,412.82532
4791ac-NOZ50A-12-09-17-14,335.46173
4791ac-NOZ50A-12-19-17-19,347.10193
4791ac-NOZ521-11-02-05-28,372.7557
4791ac-NOZ521-11-03-05-26,407.90625
4791ac-NOZ522-11-15-06-01,285.26675
4791ac-NOZ522-12-15-06-32,273.54312
4791ac-NOZ522-12-22-06-16,319.44522
4791ac-NOZ523-11-04-06-31,338.32697
4791ac-NOZ523-11-06-06-30,304.08365
4791ac-NOZ524-11-02-07-11,347.32892
4791ac-NOZ524-11-03-07-01,368.76376
4791ac-NOZ525-11-15-07-18,280.5459
4791ac-NOZ525-12-15-07-45,328.95026
4791ac-NOZ525-12-22-07-30,357.10193
4791ac-NOZ526-11-04-08-04,315.8981
4791ac-NOZ530-11-01-09-55,313.8361
4791ac-NOZ532-11-04-11-06,301.6869
4791ac-NOZ535-11-04-12-52,328.5596
4791ac-NOZ536-11-04-14-25,332.0278
4791ac-NOZ538-11-30-15-21,335.5793
4791ac-NOZ540-11-18-16-19,333.0139
4791ac-NOZ540-11-21-16-10,404.15216
4791ac-NOZ541-11-04-16-15,385.39542
4791ac-NOZ543-11-30-16-41,342.73495
4791ac-NOZ544-11-04-17-41,258.21545
4791ac-NOZ545-11-18-17-31,334.42935
4791ac-NOZ545-11-21-17-25,418.55267
4791ac-NOZ546-11-30-18-18,308.36295
4791ac-NOZ549-11-30-19-31,292.64893
4791ac-NOZ55J-12-09-19-07,316.25125
4791ac-NOZ55J-12-19-19-51,322.54456
4791ac-NOZ56U-11-07-18-54,362.4727
4791ac-NOZ56U-12-23-20-48,352.5283
4791ac-NOZ5AY-11-04-09-20,335.57358
4791ac-NOZ5PY-11-27-16-06,330.41415
4791ac-NOZ5PY-11-29-16-07,317.79163
4791ac-NOZ601-11-18-05-40,311.06952
4791ac-NOZ612-11-17-12-44,264.3235
4791ac-NOZ628-11-27-17-29,306.09647
4791ac-NOZ628-11-29-17-28,314.95462
4791ac-NOZ628-12-29-18-14,339.73505
4791ac-NOZ634-12-04-20-31,278.17453
4791ac-NOZ639-12-12-17-36,293.92953
4791ac-NOZ645-11-27-18-49,299.1759
4791ac-NOZ645-11-29-18-46,308.01907
4791ac-NOZ645-12-05-18-55,322.09607
4791ac-NOZ645-12-29-19-35,299.4475
4791ac-NOZ6TC-11-13-17-17,356.87485
4791ac-NOZ6TM-11-18-19-02,323.43738
4791ac-NOZ7C-11-18-08-40,311.03452
4791ac-NOZ7C-11-22-10-37,301.09866
4791ac-NOZ9BH-11-16-15-40,323.94705
4791dd-NOZ140-11-03-07-11,225.2584
4791dd-NOZ141-11-03-08-10,313.82278
4791dd-NOZ142-11-06-13-41,220.74326
4791dd-NOZ143-11-06-14-34,256.61255
4791dd-NOZ144-11-04-15-48,217.40802
4791dd-NOZ145-11-04-16-48,226.59512
4791dd-NOZ181-11-21-06-12,360.8654
4791dd-NOZ181-11-22-06-03,363.30914
4791dd-NOZ182-11-09-07-35,301.17133
4791dd-NOZ182-11-21-07-36,311.0584
4791dd-NOZ182-11-22-07-50,345.56854
4791dd-NOZ183-11-21-08-51,383.99377
4791dd-NOZ183-11-22-08-58,373.33292
4791dd-NOZ183-12-27-09-37,324.96072
4791dd-NOZ191-11-24-17-10,343.92795
4791dd-NOZ191-12-06-17-02,319.17194
4791dd-NOZ1BG-11-24-06-09,571.0956
4791dd-NOZ1TT-11-10-14-34,467.08624
4791dd-NOZ1TT-11-11-14-36,318.5648
4791dd-NOZ1TT-11-28-14-34,341.52853
4791dd-NOZ1TT-12-01-14-47,267.22357
4791dd-NOZ270-11-10-07-30,294.89343
4791dd-NOZ270-11-15-07-27,238.09848
4791dd-NOZ270-11-28-07-30,290.4287
4791dd-NOZ270-12-01-07-28,285.05368
4791dd-NOZ271-11-10-06-07,372.95712
4791dd-NOZ271-11-15-06-01,350.95053
4791dd-NOZ271-11-19-08-07,301.05444
4791dd-NOZ271-11-28-06-06,375.4221
4791dd-NOZ271-12-01-06-10,406.0177
4791dd-NOZ271-12-22-06-11,411.8939
4791dd-NOZ276-11-08-15-55,293.40903
4791dd-NOZ276-12-11-13-44,288.70676
4791dd-NOZ277-11-08-17-21,366.84195
4791dd-NOZ277-12-11-14-56,270.30597
4791dd-NOZ278-11-09-18-57,276.60727
4791dd-NOZ278-11-14-18-58,293.89493
4791dd-NOZ278-11-18-19-20,289.53973
4791dd-NOZ278-11-30-18-57,275.21976
4791dd-NOZ278-12-21-20-03,249.50342
4791dd-NOZ2DC-12-05-06-14,213.33557
4791dd-NOZ345-11-16-09-30,334.9921
4791dd-NOZ345-11-17-11-53,360.12656
4791dd-NOZ345-12-13-09-38,362.635
4791dd-NOZ345-12-22-09-54,346.53882
4791dd-NOZ346-11-15-14-34,336.35855
4791dd-NOZ347-11-15-16-31,397.3072
4791dd-NOZ3JE-12-05-07-01,268.06293
4791dd-NOZ4RZ-11-16-07-34,310.16647
4791dd-NOZ4RZ-11-17-07-49,389.55997
4791dd-NOZ4RZ-12-13-07-42,405.6448
4791dd-NOZ4RZ-12-22-07-46,338.02945
4791dd-NOZ50A-12-30-17-20,343.8722
4791dd-NOZ530-11-24-10-05,265.20837
4791dd-NOZ531-11-24-11-21,376.5056
4791dd-NOZ534-11-24-12-46,360.07626
4791dd-NOZ536-11-13-14-15,375.8968
4791dd-NOZ537-11-24-14-02,341.68134
4791dd-NOZ540-11-14-16-05,292.57678
4791dd-NOZ541-11-13-15-42,311.03497
4791dd-NOZ545-11-14-17-19,330.5982
4791dd-NOZ55J-12-30-19-49,370.29922
4791dd-NOZ56U-11-23-20-32,335.4947
4791dd-NOZ5PY-11-10-16-05,346.4025
4791dd-NOZ5PY-11-11-16-09,348.31738
4791dd-NOZ5PY-11-28-16-02,303.94275
4791dd-NOZ5PY-12-01-16-04,326.8202
4791dd-NOZ607-12-06-07-12,671.5537
4791dd-NOZ608-12-04-09-59,288.21542
4791dd-NOZ611-12-04-08-38,295.61398
4791dd-NOZ612-12-04-12-46,321.9746
4791dd-NOZ617-12-04-11-11,282.1496
4791dd-NOZ620-12-04-15-35,330.35144
4791dd-NOZ625-12-04-14-16,277.8704
4791dd-NOZ626-12-02-17-01,329.16647
4791dd-NOZ626-12-05-16-46,328.8833
4791dd-NOZ628-11-10-17-30,364.616
4791dd-NOZ628-11-11-17-30,359.32193
4791dd-NOZ628-11-28-17-28,294.35635
4791dd-NOZ631-12-02-15-27,316.6706
4791dd-NOZ631-12-05-15-21,279.7308
4791dd-NOZ632-12-04-18-14,323.86578
4791dd-NOZ637-12-04-16-50,316.93207
4791dd-NOZ638-12-01-20-15,292.99255
4791dd-NOZ645-11-10-18-57,417.24567
4791dd-NOZ645-11-11-18-53,337.9031
4791dd-NOZ645-11-28-18-42,329.10526
4791dd-NOZ647-12-04-19-27,278.00146
4791dd-NOZ648-12-04-21-03,306.00293
4791dd-NOZ6TM-11-08-18-48,317.6724
4791dd-NOZ6TM-11-20-20-20,362.4929
4791dd-NOZ6TM-11-21-18-46,346.57977
4791dd-NOZ7C-11-10-08-39,318.12366
4791dd-NOZ7C-11-15-08-35,267.9023
4791dd-NOZ7C-11-28-08-42,438.90558
4791dd-NOZ7C-12-01-08-38,288.90863
4791dd-NOZ8C-11-27-20-58,281.55597
4791dd-NOZ9BH-11-21-15-58,294.84534
4791dd-NOZ9BH-11-24-15-51,293.38385
4791dd-NOZ9BH-11-27-12-25,321.88727
47921c-NOZ132-11-04-14-08,271.274
47921c-NOZ133-11-04-16-06,225.35553
47921c-NOZ140-12-13-11-57,229.67802
47921c-NOZ140-12-14-07-25,257.4456
47921c-NOZ141-12-13-13-10,282.5639
47921c-NOZ141-12-14-08-19,407.6006
47921c-NOZ144-11-23-16-00,250.95468
47921c-NOZ144-11-25-15-50,256.11673
47921c-NOZ144-11-28-15-40,369.96283
47921c-NOZ144-12-14-15-47,228.96648
47921c-NOZ145-11-23-17-00,261.99265
47921c-NOZ145-11-25-16-44,306.87045
47921c-NOZ1BG-11-18-06-08,416.43036
47921c-NOZ1TT-11-03-14-38,327.20828
47921c-NOZ345-12-08-09-39,389.23892
47921c-NOZ345-12-26-10-26,419.13007
47921c-NOZ346-11-20-14-43,400.5713
47921c-NOZ346-12-22-15-46,361.58295
47921c-NOZ347-11-20-16-44,412.22025
47921c-NOZ347-12-22-17-51,348.94128
47921c-NOZ44A-12-31-08-07,338.56192
47921c-NOZ4HF-11-17-07-02,310.80383
47921c-NOZ4RZ-12-08-07-38,362.07053
47921c-NOZ4RZ-12-26-08-36,303.15894
47921c-NOZ50A-11-10-16-42,390.38635
47921c-NOZ50A-12-20-17-27,306.0461
47921c-NOZ50A-12-28-18-12,325.34708
47921c-NOZ521-11-14-05-33,281.69873
47921c-NOZ523-11-09-06-25,367.97913
47921c-NOZ523-11-15-06-24,309.42935
47921c-NOZ523-11-16-06-37,320.0829
47921c-NOZ524-11-14-06-56,316.654
47921c-NOZ526-11-09-07-54,370.13312
47921c-NOZ526-11-15-08-01,321.28738
47921c-NOZ526-11-16-07-59,303.91492
47921c-NOZ530-11-13-09-27,438.46463
47921c-NOZ531-11-13-07-54,329.75623
47921c-NOZ532-11-09-11-03,361.23087
47921c-NOZ532-11-13-12-39,294.7967
47921c-NOZ532-11-15-11-03,297.2898
47921c-NOZ532-11-16-10-59,301.73438
47921c-NOZ535-11-09-12-29,413.86206
47921c-NOZ535-11-13-13-57,425.1267
47921c-NOZ535-11-15-12-29,299.28247
47921c-NOZ535-11-16-12-36,286.02817
47921c-NOZ536-11-09-14-14,457.13293
47921c-NOZ536-11-15-14-20,318.12595
47921c-NOZ538-11-11-15-33,337.55588
47921c-NOZ538-11-13-15-22,298.53278
47921c-NOZ541-11-09-15-39,347.96182
47921c-NOZ541-11-15-15-45,341.25766
47921c-NOZ543-11-11-16-55,348.80737
47921c-NOZ543-11-13-16-49,440.92563
47921c-NOZ544-11-09-17-09,403.099
47921c-NOZ544-11-15-17-11,324.1742
47921c-NOZ546-11-11-18-17,427.63193
47921c-NOZ547-11-09-18-25,340.27914
47921c-NOZ547-11-15-18-31,293.45004
47921c-NOZ549-11-13-19-34,314.72507
47921c-NOZ550-11-08-19-59,334.6718
47921c-NOZ550-11-13-21-02,350.21832
47921c-NOZ550-11-15-19-54,325.94104
47921c-NOZ55J-11-10-18-45,420.99246
47921c-NOZ55J-12-20-19-28,337.8
47921c-NOZ55J-12-28-20-30,372.2429
47921c-NOZ56U-11-17-19-00,307.1587
47921c-NOZ5AY-11-09-09-19,311.9511
47921c-NOZ5AY-11-13-11-05,325.12762
47921c-NOZ5AY-11-15-09-19,332.76212
47921c-NOZ5AY-11-16-09-18,299.96725
47921c-NOZ5PY-11-03-16-03,310.5449
47921c-NOZ601-11-17-05-32,383.36862
47921c-NOZ602-12-19-06-20,322.99612
47921c-NOZ602-12-21-06-37,276.4054
47921c-NOZ605-11-04-06-52,325.97754
47921c-NOZ606-11-04-08-16,305.67654
47921c-NOZ608-11-17-09-51,425.38605
47921c-NOZ609-11-05-07-39,318.57315
47921c-NOZ609-12-19-07-41,317.63757
47921c-NOZ609-12-21-08-01,327.5919
47921c-NOZ611-11-17-08-25,323.99927
47921c-NOZ628-11-03-17-31,282.9364
47921c-NOZ638-11-03-20-11,286.49307
47921c-NOZ638-11-16-20-09,322.76535
47921c-NOZ639-12-08-18-48,327.9823
47921c-NOZ645-11-03-18-48,314.1875
47921c-NOZ64N-12-15-17-01,291.31512
479227-NOZ132-11-15-14-05,244.62753
479227-NOZ132-11-21-14-05,272.08133
479227-NOZ133-11-15-15-05,259.68423
479227-NOZ133-11-21-14-52,328.9123
479227-NOZ140-11-15-07-16,276.2204
479227-NOZ141-11-15-08-09,271.52014
479227-NOZ1BG-11-01-06-04,418.48343
479227-NOZ1BG-11-19-06-02,377.6409
479227-NOZ1BG-12-22-06-09,411.36923
479227-NOZ1TT-11-02-14-31,310.62738
479227-NOZ1TT-11-20-14-38,274.5472
479227-NOZ1TT-12-14-14-43,289.30194
479227-NOZ1TT-12-22-15-40,274.5031
479227-NOZ1TT-12-29-15-47,337.73846
479227-NOZ2FV-12-17-15-43,293.22552
479227-NOZ2UC-11-10-16-09,329.8885
479227-NOZ345-11-11-09-55,285.55215
479227-NOZ346-11-03-14-35,373.1304
479227-NOZ346-11-07-14-45,306.90234
479227-NOZ347-11-03-16-36,399.2401
479227-NOZ347-11-07-16-42,383.43024
479227-NOZ3J-11-17-15-46,311.87064
479227-NOZ3LH-12-15-20-00,283.12616
479227-NOZ3TV-12-17-17-11,287.81003
479227-NOZ3VG-12-22-17-14,300.42474
479227-NOZ3VG-12-29-17-13,312.87488
479227-NOZ47Y-11-16-19-32,341.78415
479227-NOZ4HF-11-16-07-12,304.24695
479227-NOZ4RZ-11-11-07-48,433.13077
479227-NOZ50A-11-11-16-37,355.1318
479227-NOZ50A-12-07-16-47,379.90924
479227-NOZ522-11-09-05-57,413.9055
479227-NOZ522-12-06-06-20,279.47467
479227-NOZ525-11-09-07-17,341.40625
479227-NOZ525-12-06-07-40,597.61725
479227-NOZ532-12-24-10-47,347.3748
479227-NOZ534-12-21-12-43,391.8457
479227-NOZ537-12-21-14-04,463.50903
479227-NOZ538-12-12-15-53,274.14392
479227-NOZ538-12-20-15-34,442.44034
479227-NOZ540-11-13-16-18,396.3826
479227-NOZ540-11-23-17-01,315.13037
479227-NOZ540-12-21-16-24,323.72144
479227-NOZ543-12-12-17-09,284.0835
479227-NOZ543-12-20-16-53,336.48993
479227-NOZ545-11-13-17-36,326.7722
479227-NOZ545-11-23-18-23,325.7847
479227-NOZ545-12-21-17-48,357.2109
479227-NOZ546-11-13-19-03,294.163
479227-NOZ546-12-12-18-25,287.3424
479227-NOZ549-12-12-19-35,281.4639
479227-NOZ555-11-13-20-28,311.17087
479227-NOZ55J-11-11-18-36,359.21005
479227-NOZ55J-12-07-18-38,364.35217
479227-NOZ56U-11-18-19-10,336.26282
479227-NOZ56U-12-21-20-16,346.29663
479227-NOZ5PY-11-02-16-08,301.27402
479227-NOZ5PY-11-20-16-02,377.7922
479227-NOZ602-11-02-06-02,288.2051
479227-NOZ602-11-07-06-01,295.5923
479227-NOZ602-12-08-06-14,295.13596
479227-NOZ602-12-13-08-23,489.39133
479227-NOZ602-12-14-06-13,313.9136
479227-NOZ605-11-22-06-33,347.5007
479227-NOZ606-11-22-08-25,344.7606
479227-NOZ607-12-16-07-24,599.4821
479227-NOZ607-12-23-07-17,304.6129
479227-NOZ608-11-16-09-42,290.95474
479227-NOZ609-11-02-07-39,425.8573
479227-NOZ609-11-07-07-29,317.37048
479227-NOZ609-12-08-07-33,312.58408
479227-NOZ609-12-13-12-55,302.62024
479227-NOZ609-12-14-07-56,313.68842
479227-NOZ611-11-16-08-25,347.9502
479227-NOZ612-11-16-12-30,299.00546
479227-NOZ612-11-26-12-31,318.30255
479227-NOZ612-12-17-12-50,269.68954
479227-NOZ617-11-16-11-06,331.43414
479227-NOZ620-11-16-15-35,275.45978
479227-NOZ625-11-16-14-09,347.3761
479227-NOZ625-11-26-13-57,327.00412
479227-NOZ625-12-17-14-07,298.4374
479227-NOZ628-11-02-17-29,311.93073
479227-NOZ628-11-20-17-35,293.07358
479227-NOZ628-12-14-17-29,281.58698
479227-NOZ628-12-22-18-53,283.73758
479227-NOZ637-11-16-16-47,294.11853
479227-NOZ638-11-20-20-41,341.23975
479227-NOZ638-12-22-21-57,335.98328
479227-NOZ639-11-10-17-35,499.03253
479227-NOZ645-11-02-18-46,391.48355
479227-NOZ645-11-15-19-05,284.43442
479227-NOZ645-11-20-18-52,375.65417
479227-NOZ645-12-14-18-48,316.64297
479227-NOZ645-12-22-20-20,315.5305
479227-NOZ6CF-11-19-08-28,297.97513
479227-NOZ8GN-11-17-07-09,375.06604
479227-NOZ8ME-11-16-18-20,292.9748
4792a6-NOZ132-11-14-14-05,239.44893
4792a6-NOZ133-11-14-15-26,255.64624
4792a6-NOZ140-11-30-07-02,266.18875
4792a6-NOZ140-12-01-06-59,336.17975
4792a6-NOZ141-11-30-07-54,322.45984
4792a6-NOZ141-12-01-08-00,276.28232
4792a6-NOZ144-11-15-15-42,244.04103
4792a6-NOZ144-11-30-15-44,264.44528
4792a6-NOZ145-11-15-16-38,310.96112
4792a6-NOZ145-11-30-16-48,313.3274
4792a6-NOZ164-11-11-06-09,330.53705
4792a6-NOZ191-11-06-13-41,286.42764
4792a6-NOZ191-12-18-14-40,339.7467
4792a6-NOZ1BG-11-04-06-09,372.90894
4792a6-NOZ1KD-11-16-14-04,353.7967
4792a6-NOZ1TD-11-10-21-10,305.63165
4792a6-NOZ1TT-11-07-14-32,307.13922
4792a6-NOZ1TT-12-19-14-56,304.70633
4792a6-NOZ270-11-02-07-22,265.2122
4792a6-NOZ270-11-07-07-25,284.1828
4792a6-NOZ270-12-06-08-42,261.80646
4792a6-NOZ270-12-29-08-19,273.74078
4792a6-NOZ271-11-07-06-08,413.2545
4792a6-NOZ271-12-06-06-41,532.72485
4792a6-NOZ271-12-19-06-26,441.4023
4792a6-NOZ278-12-05-18-55,243.12346
4792a6-NOZ2DC-11-17-06-03,257.5297
4792a6-NOZ2DC-11-18-05-59,226.59978
4792a6-NOZ2GH-11-20-15-01,353.05484
4792a6-NOZ345-11-25-09-42,323.06714
4792a6-NOZ346-11-02-14-34,411.9817
4792a6-NOZ346-11-04-14-36,366.46533
4792a6-NOZ346-12-15-14-47,348.40295
4792a6-NOZ346-12-16-16-20,342.36844
4792a6-NOZ346-12-30-14-46,486.86243
4792a6-NOZ347-11-02-16-31,368.7381
4792a6-NOZ347-11-04-16-29,335.42798
4792a6-NOZ347-12-15-16-45,389.06485
4792a6-NOZ347-12-16-19-04,316.79156
4792a6-NOZ347-12-30-17-50,456.4873
4792a6-NOZ3JE-11-17-07-00,247.12608
4792a6-NOZ3JE-11-18-07-00,237.8578
4792a6-NOZ3VG-12-19-16-17,313.43918
4792a6-NOZ4RZ-11-25-07-39,325.3415
4792a6-NOZ50A-11-25-16-42,331.092
4792a6-NOZ522-12-08-06-12,389.9733
4792a6-NOZ522-12-20-06-35,350.75027
4792a6-NOZ525-12-08-08-03,299.44092
4792a6-NOZ525-12-20-07-45,312.6267
4792a6-NOZ526-11-10-08-19,311.81815
4792a6-NOZ530-11-08-09-45,351.44775
4792a6-NOZ530-11-23-10-59,256.68195
4792a6-NOZ531-11-08-11-06,359.67883
4792a6-NOZ531-11-23-12-10,280.43115
4792a6-NOZ532-11-10-10-59,423.4277
4792a6-NOZ532-12-13-11-00,340.35947
4792a6-NOZ534-11-08-12-37,426.54462
4792a6-NOZ534-11-23-13-43,293.8477
4792a6-NOZ535-11-10-12-28,290.73367
4792a6-NOZ535-12-13-12-42,317.07507
4792a6-NOZ536-11-10-14-19,433.47086
4792a6-NOZ536-11-27-14-21,355.16345
4792a6-NOZ536-12-13-14-18,420.4135
4792a6-NOZ537-11-08-13-56,326.82407
4792a6-NOZ537-11-23-15-08,295.61484
4792a6-NOZ538-12-06-15-31,251.87624
4792a6-NOZ538-12-07-15-32,246.37694
4792a6-NOZ540-12-05-16-12,300.47333
4792a6-NOZ541-11-10-15-43,419.37457
4792a6-NOZ541-11-27-15-44,349.71603
4792a6-NOZ541-12-13-15-43,273.08163
4792a6-NOZ543-12-06-16-55,291.0599
4792a6-NOZ543-12-07-16-44,367.33554
4792a6-NOZ544-11-10-17-14,368.46707
4792a6-NOZ544-12-13-17-25,341.04065
4792a6-NOZ545-12-05-17-28,284.51443
4792a6-NOZ546-12-06-18-12,311.25635
4792a6-NOZ546-12-07-18-19,283.99384
4792a6-NOZ547-11-10-18-33,315.3178
4792a6-NOZ547-12-13-18-38,345.516
4792a6-NOZ549-12-06-19-25,297.93707
4792a6-NOZ549-12-07-19-27,434.7756
4792a6-NOZ550-11-10-19-55,421.90564
4792a6-NOZ55J-11-25-18-41,344.0616
4792a6-NOZ56U-11-03-19-04,330.18027
4792a6-NOZ5AY-11-10-09-32,303.72482
4792a6-NOZ5PY-11-07-15-58,328.38135
4792a6-NOZ602-11-23-06-46,256.24
4792a6-NOZ605-11-10-06-30,503.2375
4792a6-NOZ605-11-14-06-30,370.09006
4792a6-NOZ606-11-14-08-04,354.69315
4792a6-NOZ609-11-23-07-54,522.72705
4792a6-NOZ612-12-31-12-34,330.9091
4792a6-NOZ614-11-13-13-49,271.15244
4792a6-NOZ623-11-13-12-31,301.43265
4792a6-NOZ625-12-31-13-58,323.2704
4792a6-NOZ626-11-11-16-52,303.34824
4792a6-NOZ626-11-13-17-05,258.069
4792a6-NOZ626-11-17-16-47,305.97784
4792a6-NOZ628-11-07-17-32,327.26105
4792a6-NOZ631-11-11-15-20,341.20248
4792a6-NOZ631-11-13-15-30,330.59744
4792a6-NOZ631-11-17-15-24,357.71902
4792a6-NOZ632-11-16-18-18,297.71423
4792a6-NOZ634-11-13-19-51,256.07828
4792a6-NOZ638-11-09-20-06,319.21667
4792a6-NOZ643-11-13-18-25,275.6683
4792a6-NOZ645-11-07-18-53,339.89984
4792a6-NOZ7C-11-02-08-37,355.39334
4792a6-NOZ7C-11-07-08-44,333.11298
4792a6-NOZ7C-12-06-09-57,270.41724
4792a6-NOZ7C-12-29-09-33,282.23587
4792a6-NOZ8C-11-06-21-23,282.43997
4792a6-NOZ8C-12-18-22-03,308.9316
4792a6-NOZ8ME-12-18-19-01,313.17175
4792a6-NOZ9BH-11-06-12-14,337.03204
4792a6-NOZ9BH-12-18-12-46,363.77512
4792d3-NOZ181-11-19-08-53,308.63818
4792d3-NOZ181-12-05-06-04,320.116
4792d3-NOZ181-12-06-06-05,407.42145
4792d3-NOZ182-11-19-07-27,332.55844
4792d3-NOZ182-12-05-07-46,319.0925
4792d3-NOZ183-12-05-09-06,339.11984
4792d3-NOZ183-12-06-09-25,291.544
4792d3-NOZ191-12-02-17-12,311.69165
4792d3-NOZ191-12-05-17-11,340.82574
4792d3-NOZ191-12-11-14-32,363.03882
4792d3-NOZ1BG-11-05-06-05,363.39734
4792d3-NOZ1BG-11-26-06-06,501.65384
4792d3-NOZ1BG-11-30-06-00,371.95032
4792d3-NOZ1TT-11-21-14-43,398.42728
4792d3-NOZ1TT-12-12-14-37,275.27884
4792d3-NOZ1TT-12-18-14-45,320.60117
4792d3-NOZ1TT-12-28-14-40,296.56107
4792d3-NOZ270-11-21-08-03,261.18338
4792d3-NOZ270-12-12-07-34,254.68735
4792d3-NOZ271-11-21-06-19,402.7021
4792d3-NOZ271-11-23-06-08,367.79932
4792d3-NOZ271-12-12-06-04,333.02783
4792d3-NOZ276-11-18-16-09,292.68896
4792d3-NOZ276-12-09-17-36,248.44977
4792d3-NOZ277-11-18-18-14,291.33887
4792d3-NOZ277-12-09-19-02,290.5643
4792d3-NOZ278-11-22-19-15,279.01382
4792d3-NOZ2FV-12-10-16-13,300.18933
4792d3-NOZ2UC-12-15-16-34,304.69934
4792d3-NOZ345-11-03-09-51,365.51962
4792d3-NOZ345-12-20-10-33,345.0637
4792d3-NOZ346-12-07-14-47,381.29706
4792d3-NOZ346-12-08-14-58,333.0993
4792d3-NOZ346-12-19-14-55,342.87244
4792d3-NOZ347-12-07-16-43,364.86523
4792d3-NOZ347-12-08-16-50,328.52734
4792d3-NOZ347-12-19-17-11,326.3902
4792d3-NOZ3TV-12-10-17-26,280.215
4792d3-NOZ3VG-12-12-16-03,358.7164
4792d3-NOZ3VG-12-18-16-06,319.48956
4792d3-NOZ3VG-12-28-16-06,368.7119
4792d3-NOZ40A-12-09-13-57,286.8433
4792d3-NOZ4RZ-11-03-07-58,364.66833
4792d3-NOZ4RZ-12-20-08-08,325.6212
4792d3-NOZ50A-12-13-17-00,300.27594
4792d3-NOZ522-11-16-06-00,324.82623
4792d3-NOZ522-12-01-06-02,289.72797
4792d3-NOZ523-12-21-06-32,608.3059
4792d3-NOZ523-12-22-06-34,247.67725
4792d3-NOZ525-11-16-07-31,308.71588
4792d3-NOZ525-12-01-07-22,291.9761
4792d3-NOZ526-12-21-08-20,314.73077
4792d3-NOZ526-12-22-08-07,388.97137
4792d3-NOZ530-11-22-10-15,284.39453
4792d3-NOZ531-11-22-11-24,302.97354
4792d3-NOZ532-12-21-11-07,290.18146
4792d3-NOZ532-12-22-11-05,310.31662
4792d3-NOZ534-11-22-12-43,309.08325
4792d3-NOZ534-12-20-12-46,255.66112
4792d3-NOZ535-12-21-12-37,380.40356
4792d3-NOZ535-12-22-12-35,378.2412
4792d3-NOZ536-12-21-14-21,420.78073
4792d3-NOZ536-12-22-14-57,283.42563
4792d3-NOZ537-11-22-14-04,300.1009
4792d3-NOZ538-11-24-15-29,269.53873
4792d3-NOZ540-11-29-16-05,308.15906
4792d3-NOZ541-12-21-15-45,407.02512
4792d3-NOZ541-12-22-16-38,533.1635
4792d3-NOZ543-11-24-16-41,285.49878
4792d3-NOZ544-12-21-17-26,325.3539
4792d3-NOZ545-11-29-17-27,342.59952
4792d3-NOZ546-11-24-18-34,356.6404
4792d3-NOZ547-12-21-18-38,400.30627
4792d3-NOZ549-11-24-19-40,285.56235
4792d3-NOZ550-12-21-20-49,310.9561
4792d3-NOZ55J-12-13-18-42,301.30676
4792d3-NOZ56U-11-04-19-07,359.72565
4792d3-NOZ56U-11-25-19-07,372.35474
4792d3-NOZ56U-11-29-18-54,352.3967
4792d3-NOZ5AY-12-21-09-33,295.14835
4792d3-NOZ5AY-12-22-09-25,340.0253
4792d3-NOZ5PY-11-21-16-11,326.38412
4792d3-NOZ5PY-11-30-15-53,294.77884
4792d3-NOZ602-11-24-06-29,316.2752
4792d3-NOZ602-11-29-06-08,332.6387
4792d3-NOZ605-12-15-07-09,332.78165
4792d3-NOZ606-12-15-08-39,275.14786
4792d3-NOZ607-12-19-07-13,330.958
4792d3-NOZ609-11-24-07-48,334.77875
4792d3-NOZ609-11-29-07-24,303.98245
4792d3-NOZ625-12-10-14-57,272.20255
4792d3-NOZ628-11-21-17-41,306.5902
4792d3-NOZ628-11-30-17-26,283.9084
4792d3-NOZ628-12-12-17-39,294.9743
4792d3-NOZ628-12-18-17-31,322.1666
4792d3-NOZ628-12-28-17-38,308.04932
4792d3-NOZ638-12-14-20-23,324.87534
4792d3-NOZ638-12-18-20-14,290.61157
4792d3-NOZ639-11-17-17-31,356.17902
4792d3-NOZ639-12-15-17-49,369.20593
4792d3-NOZ645-11-21-18-52,344.08606
4792d3-NOZ645-11-30-18-42,280.85147
4792d3-NOZ645-12-12-18-57,321.83142
4792d3-NOZ645-12-18-18-54,336.64447
4792d3-NOZ645-12-28-18-53,412.1318
4792d3-NOZ68L-11-11-19-26,354.29895
4792d3-NOZ6TM-12-04-20-10,346.92584
4792d3-NOZ6TM-12-05-18-54,316.46576
4792d3-NOZ7C-11-21-09-10,388.9799
4792d3-NOZ8402-12-10-13-41,305.09116
4792d3-NOZ8921-12-15-10-33,293.716
4792d3-NOZ8C-11-20-21-12,332.5583
4792d3-NOZ8C-12-11-21-51,278.2191
4792d3-NOZ9BH-11-20-12-29,323.72128
4792d3-NOZ9BH-12-02-15-44,327.4671
4792d3-NOZ9BH-12-05-15-56,307.96384
4792d3-NOZ9BH-12-11-12-51,348.69315
4792d3-NOZ9PL-11-18-07-35,351.07974
4792db-NOZ132-12-19-14-05,287.5498
4792db-NOZ132-12-20-13-57,255.18745
4792db-NOZ133-12-19-14-57,300.80762
4792db-NOZ133-12-20-14-54,243.61458
4792db-NOZ140-11-14-07-24,251.2642
4792db-NOZ141-11-14-08-18,367.51532
4792db-NOZ144-12-01-14-54,217.5394
4792db-NOZ144-12-02-15-46,302.66077
4792db-NOZ145-12-01-16-01,265.40967
4792db-NOZ145-12-02-16-45,240.64725
4792db-NOZ181-11-16-06-02,348.71307
4792db-NOZ181-12-13-06-18,293.3833
4792db-NOZ182-11-16-07-36,321.63657
4792db-NOZ182-12-13-07-35,336.9318
4792db-NOZ183-11-16-08-48,390.49823
4792db-NOZ183-12-13-08-58,506.38647
4792db-NOZ191-11-08-17-02,352.022
4792db-NOZ191-12-12-17-15,333.6859
4792db-NOZ1TT-11-22-14-45,256.67642
4792db-NOZ270-12-26-07-41,275.30023
4792db-NOZ276-11-04-16-09,280.77542
4792db-NOZ276-11-15-16-01,285.6761
4792db-NOZ276-12-30-16-11,321.11493
4792db-NOZ277-11-04-17-29,356.29385
4792db-NOZ277-11-15-17-28,282.96878
4792db-NOZ277-12-30-17-25,396.5187
4792db-NOZ2BE-11-16-12-27,369.01126
4792db-NOZ2DC-12-15-06-22,266.31824
4792db-NOZ345-12-04-10-18,344.2223
4792db-NOZ345-12-05-10-09,467.11945
4792db-NOZ345-12-27-09-55,334.91687
4792db-NOZ345-12-29-10-09,327.46194
4792db-NOZ346-11-10-14-39,322.4257
4792db-NOZ347-11-10-16-34,348.7312
4792db-NOZ4HF-12-14-07-04,339.51382
4792db-NOZ4HF-12-16-07-13,275.53137
4792db-NOZ4RZ-12-04-08-17,377.8459
4792db-NOZ4RZ-12-05-07-41,379.72794
4792db-NOZ4RZ-12-27-07-51,340.071
4792db-NOZ4RZ-12-29-08-12,330.82767
4792db-NOZ50A-11-01-16-32,356.91058
4792db-NOZ50A-11-02-16-38,401.83624
4792db-NOZ50A-11-24-16-59,328.22043
4792db-NOZ50A-11-30-16-27,349.03183
4792db-NOZ50A-12-04-16-35,369.76
4792db-NOZ530-12-16-11-40,253.48848
4792db-NOZ531-12-16-13-13,353.33206
4792db-NOZ538-11-29-15-14,355.00702
4792db-NOZ540-12-23-16-21,282.92197
4792db-NOZ543-11-29-16-36,312.8346
4792db-NOZ545-12-23-17-34,302.05466
4792db-NOZ546-11-29-18-15,295.26758
4792db-NOZ549-11-29-19-25,312.06165
4792db-NOZ55J-11-01-18-27,328.4628
4792db-NOZ55J-11-02-18-36,344.96597
4792db-NOZ55J-11-24-18-40,384.53082
4792db-NOZ55J-11-30-18-28,392.1973
4792db-NOZ55J-12-04-19-34,398.95978
4792db-NOZ5PY-11-22-16-07,474.6674
4792db-NOZ601-12-14-05-46,338.6052
4792db-NOZ601-12-16-05-49,345.67038
4792db-NOZ602-12-07-06-10,249.6136
4792db-NOZ605-12-21-06-40,472.0563
4792db-NOZ606-12-21-08-27,336.53262
4792db-NOZ607-12-22-07-04,315.965
4792db-NOZ608-12-14-09-49,306.568
4792db-NOZ609-12-07-07-19,282.5806
4792db-NOZ611-12-14-08-23,331.7991
4792db-NOZ611-12-16-08-48,404.47433
4792db-NOZ612-11-05-12-23,354.20587
4792db-NOZ612-11-19-12-25,337.969
4792db-NOZ612-12-14-12-39,271.15942
4792db-NOZ612-12-16-15-18,439.9027
4792db-NOZ612-12-21-12-40,282.6674
4792db-NOZ617-12-14-11-18,346.94983
4792db-NOZ617-12-21-11-13,315.62018
4792db-NOZ620-12-16-19-41,305.7789
4792db-NOZ625-11-05-14-01,298.21124
4792db-NOZ625-11-19-13-54,309.37048
4792db-NOZ625-12-14-14-02,315.54477
4792db-NOZ625-12-16-17-33,325.27075
4792db-NOZ626-12-15-16-50,292.57135
4792db-NOZ626-12-21-17-15,286.70737
4792db-NOZ628-11-22-18-10,276.4916
4792db-NOZ631-12-15-15-35,291.27374
4792db-NOZ631-12-21-15-24,312.12564
4792db-NOZ632-12-14-18-02,257.44315
4792db-NOZ632-12-16-22-56,286.9296
4792db-NOZ637-12-16-21-02,319.677
4792db-NOZ638-12-13-20-27,323.78796
4792db-NOZ645-11-22-19-19,384.65427
4792db-NOZ6TM-11-15-18-45,325.26178
4792db-NOZ6TM-12-12-18-49,333.26328
4792db-NOZ7C-12-26-08-52,323.6909
4792db-NOZ9BH-11-08-15-34,323.756
4792db-NOZ9BH-12-12-15-46,344.0326
47945c-NOZ132-12-23-13-58,231.68082
47945c-NOZ132-12-26-13-04,237.24702
47945c-NOZ132-12-27-14-24,263.81152
47945c-NOZ132-12-30-14-02,296.42828
47945c-NOZ133-12-23-14-56,225.90564
47945c-NOZ133-12-26-13-57,266.36728
47945c-NOZ133-12-27-15-40,238.03468
47945c-NOZ133-12-30-14-58,268.7942
47945c-NOZ144-12-13-15-57,244.98392
47945c-NOZ145-12-13-16-55,254.11368
47945c-NOZ181-11-03-06-05,478.5956
47945c-NOZ181-12-12-06-01,384.08737
47945c-NOZ182-11-03-07-36,306.1528
47945c-NOZ182-12-12-07-35,302.8206
47945c-NOZ183-11-03-08-58,435.69293
47945c-NOZ183-12-12-08-57,332.88748
47945c-NOZ1YA-12-08-15-01,402.34662
47945c-NOZ270-12-09-07-35,275.5462
47945c-NOZ271-12-09-06-21,255.78793
47945c-NOZ276-11-02-15-58,301.36655
47945c-NOZ277-11-02-17-25,272.8907
47945c-NOZ278-12-08-19-14,260.01132
47945c-NOZ27C-12-09-08-42,279.75574
47945c-NOZ2DC-12-20-05-59,260.39957
47945c-NOZ2DC-12-22-05-58,249.93816
47945c-NOZ2DC-12-28-06-16,253.67215
47945c-NOZ2DC-12-29-06-02,266.63818
47945c-NOZ2PC-12-17-08-21,282.3593
47945c-NOZ2UC-11-25-16-13,302.46283
47945c-NOZ345-11-08-09-33,353.56766
47945c-NOZ345-12-06-10-57,307.81775
47945c-NOZ345-12-07-09-46,346.25436
47945c-NOZ346-12-05-14-53,337.59097
47945c-NOZ346-12-06-14-32,326.8671
47945c-NOZ347-12-05-16-59,345.55817
47945c-NOZ347-12-06-16-41,319.31442
47945c-NOZ3JE-12-20-06-57,269.92755
47945c-NOZ3JE-12-22-06-52,261.4949
47945c-NOZ3JE-12-28-07-05,247.107
47945c-NOZ3JE-12-29-06-58,254.16591
47945c-NOZ40A-12-08-13-31,277.55298
47945c-NOZ4RZ-11-08-07-29,348.03284
47945c-NOZ4RZ-12-06-08-25,341.73804
47945c-NOZ4RZ-12-07-07-47,333.29013
47945c-NOZ521-11-04-05-29,313.4825
47945c-NOZ523-11-05-06-14,267.75723
47945c-NOZ524-11-04-07-15,309.66257
47945c-NOZ524-11-05-07-32,320.0029
47945c-NOZ525-11-06-11-27,353.85052
47945c-NOZ530-11-25-09-51,316.12277
47945c-NOZ531-11-05-08-48,330.3921
47945c-NOZ531-11-25-11-15,397.22552
47945c-NOZ531-11-30-11-05,292.49182
47945c-NOZ532-11-05-10-19,320.3773
47945c-NOZ534-11-06-13-14,382.75583
47945c-NOZ534-11-25-12-47,291.59558
47945c-NOZ534-11-30-12-34,308.5387
47945c-NOZ537-11-06-14-41,367.03528
47945c-NOZ537-11-25-14-06,371.59985
47945c-NOZ540-11-06-16-12,576.6989
47945c-NOZ545-11-06-17-38,386.10617
47945c-NOZ546-11-06-19-05,355.35284
47945c-NOZ550-11-03-21-24,291.49326
47945c-NOZ555-11-06-20-25,357.06122
47945c-NOZ602-11-30-06-12,324.718
47945c-NOZ602-12-05-06-02,322.0746
47945c-NOZ605-12-19-06-33,425.8419
47945c-NOZ605-12-23-06-48,421.74112
47945c-NOZ605-12-27-07-09,291.65775
47945c-NOZ605-12-30-06-40,368.92117
47945c-NOZ606-12-19-08-20,293.42554
47945c-NOZ606-12-23-08-17,298.29657
47945c-NOZ606-12-27-08-47,389.7571
47945c-NOZ606-12-30-08-21,274.96188
47945c-NOZ608-12-17-11-07,445.49582
47945c-NOZ608-12-18-09-55,275.8333
47945c-NOZ608-12-24-09-38,270.9397
47945c-NOZ609-11-30-07-34,286.24197
47945c-NOZ609-12-05-07-27,300.4577
47945c-NOZ609-12-17-09-37,316.3452
47945c-NOZ609-12-24-07-46,307.38022
47945c-NOZ609-12-31-07-23,317.1289
47945c-NOZ611-12-18-08-42,299.03256
47945c-NOZ612-12-18-12-28,333.32986
47945c-NOZ617-12-18-11-17,320.3365
47945c-NOZ620-12-18-15-31,314.81586
47945c-NOZ625-12-18-14-06,327.74765
47945c-NOZ626-12-26-17-27,311.13095
47945c-NOZ626-12-28-17-06,319.15305
47945c-NOZ631-12-26-15-50,361.5228
47945c-NOZ631-12-28-15-31,359.54474
47945c-NOZ632-12-18-18-15,299.12997
47945c-NOZ637-12-18-16-50,314.1348
47945c-NOZ639-11-25-17-31,335.96246
47945c-NOZ647-12-18-19-34,337.51694
47945c-NOZ648-12-18-21-16,307.65298
47945c-NOZ6TM-11-02-18-49,322.05478
47945c-NOZ6TM-12-11-20-15,314.6667
47947c-NOZ144-11-17-15-03,229.39662
47947c-NOZ145-11-17-16-08,329.31406
47947c-NOZ181-11-26-09-00,343.30826
47947c-NOZ182-11-02-07-34,312.0142
47947c-NOZ182-11-26-07-47,326.40234
47947c-NOZ191-11-11-17-13,314.8145
47947c-NOZ1BG-12-30-07-28,327.90805
47947c-NOZ1KD-11-18-14-22,338.7407
47947c-NOZ1TT-11-09-14-32,284.74326
47947c-NOZ270-12-14-08-19,276.1543
47947c-NOZ271-12-17-07-43,289.16266
47947c-NOZ276-11-01-16-02,296.87573
47947c-NOZ276-11-25-16-03,301.14374
47947c-NOZ276-12-28-16-18,291.7491
47947c-NOZ277-11-01-17-19,342.14484
47947c-NOZ277-11-25-17-28,288.63998
47947c-NOZ278-12-16-23-57,276.37653
47947c-NOZ2DC-12-02-06-04,294.68216
47947c-NOZ2DC-12-06-06-20,233.68036
47947c-NOZ346-11-06-14-30,383.46646
47947c-NOZ347-11-06-16-34,370.6764
47947c-NOZ3DB-11-16-18-14,317.63406
47947c-NOZ3JE-12-02-06-56,260.73788
47947c-NOZ3JE-12-06-07-13,234.59464
47947c-NOZ4HF-12-05-07-06,289.78104
47947c-NOZ51Q-11-18-08-38,334.5539
47947c-NOZ522-11-10-06-07,353.76227
47947c-NOZ525-11-10-07-22,406.1033
47947c-NOZ538-11-22-15-31,295.45123
47947c-NOZ538-11-28-15-18,314.49792
47947c-NOZ543-11-22-16-45,326.1377
47947c-NOZ543-11-28-16-34,349.6992
47947c-NOZ546-11-22-18-20,299.25693
47947c-NOZ546-11-28-18-18,367.42578
47947c-NOZ548-11-20-18-48,273.96527
47947c-NOZ549-11-22-19-31,364.36032
47947c-NOZ549-11-28-19-33,332.41656
47947c-NOZ553-11-20-20-03,327.4788
47947c-NOZ56U-12-29-20-08,324.60574
47947c-NOZ5PY-11-09-15-55,321.24527
47947c-NOZ601-11-22-05-32,304.5345
47947c-NOZ601-12-05-05-50,343.8012
47947c-NOZ605-11-08-06-27,341.6038
47947c-NOZ605-12-01-06-28,382.63995
47947c-NOZ606-11-08-08-02,362.19882
47947c-NOZ606-11-21-08-29,284.42682
47947c-NOZ606-12-01-07-59,408.216
47947c-NOZ607-11-09-07-07,352.97018
47947c-NOZ607-12-07-07-33,323.08762
47947c-NOZ608-12-03-09-17,304.4741
47947c-NOZ608-12-05-09-46,337.29877
47947c-NOZ609-12-03-07-45,284.53494
47947c-NOZ611-12-05-08-19,299.54947
47947c-NOZ612-11-12-12-22,308.42807
47947c-NOZ612-12-05-12-33,325.33685
47947c-NOZ617-12-05-11-05,334.7192
47947c-NOZ620-12-05-15-25,317.3269
47947c-NOZ625-11-12-13-58,306.12274
47947c-NOZ625-12-05-14-04,316.39392
47947c-NOZ626-11-08-16-53,264.25507
47947c-NOZ626-11-21-16-46,317.1631
47947c-NOZ628-11-09-17-40,288.625
47947c-NOZ631-11-08-15-25,338.2613
47947c-NOZ631-11-21-15-29,339.74265
47947c-NOZ632-12-05-18-10,310.19473
47947c-NOZ637-12-05-16-54,286.6401
47947c-NOZ638-11-30-20-06,326.69537
47947c-NOZ645-11-09-18-56,278.3198
47947c-NOZ648-11-20-21-39,277.3765
47947c-NOZ64N-11-02-17-02,301.18768
47947c-NOZ68L-11-13-20-45,392.68723
47947c-NOZ6MH-11-18-11-32,334.4311
47947c-NOZ6TM-11-01-18-53,330.71915
47947c-NOZ7C-12-14-09-36,305.4982
47947c-NOZ9BH-11-11-15-42,329.38345
47947c-NOZ9T-11-18-16-55,306.98605
4794f2-NOZ132-12-16-14-20,262.5657
4794f2-NOZ133-12-16-15-26,258.3852
4794f2-NOZ181-11-04-06-01,341.23828
4794f2-NOZ181-11-07-06-05,401.11893
4794f2-NOZ181-11-08-06-01,455.9337
4794f2-NOZ182-11-08-07-33,314.1601
4794f2-NOZ183-11-04-09-01,289.6397
4794f2-NOZ183-11-07-08-49,383.00958
4794f2-NOZ183-11-08-08-46,294.85068
4794f2-NOZ183-12-11-08-39,289.52164
4794f2-NOZ191-11-07-17-04,324.04376
4794f2-NOZ191-11-10-17-06,316.18625
4794f2-NOZ191-11-22-17-06,361.79163
4794f2-NOZ191-12-01-17-04,325.79745
4794f2-NOZ191-12-22-17-29,401.66
4794f2-NOZ1BG-11-10-06-01,631.21985
4794f2-NOZ1BG-11-28-06-05,405.56784
4794f2-NOZ1BG-12-01-06-05,359.8579
4794f2-NOZ1TT-12-13-15-05,324.00836
4794f2-NOZ270-11-01-07-30,264.7352
4794f2-NOZ271-11-01-06-06,494.1049
4794f2-NOZ272-12-11-16-07,282.38516
4794f2-NOZ275-12-11-17-44,284.0278
4794f2-NOZ276-11-17-15-58,262.37796
4794f2-NOZ276-11-23-18-36,249.38245
4794f2-NOZ277-11-17-17-35,320.21494
4794f2-NOZ277-11-23-19-44,302.28204
4794f2-NOZ2BE-11-02-12-35,440.3216
4794f2-NOZ2DC-12-19-06-00,247.80824
4794f2-NOZ345-11-02-09-29,323.55478
4794f2-NOZ345-11-20-10-19,371.1881
4794f2-NOZ346-11-01-14-29,331.89087
4794f2-NOZ347-11-01-16-33,362.10315
4794f2-NOZ3JE-12-19-06-53,241.16637
4794f2-NOZ4RZ-11-02-07-35,343.78973
4794f2-NOZ4RZ-11-20-08-17,361.96213
4794f2-NOZ50A-11-16-16-42,344.62842
4794f2-NOZ50A-12-05-16-51,401.0621
4794f2-NOZ530-11-09-09-47,348.84747
4794f2-NOZ530-11-10-09-54,455.31384
4794f2-NOZ530-12-01-09-52,257.02316
4794f2-NOZ530-12-05-10-20,319.18
4794f2-NOZ530-12-07-10-01,270.77063
4794f2-NOZ531-11-09-11-05,347.2688
4794f2-NOZ531-11-10-11-04,294.71576
4794f2-NOZ531-12-01-11-05,286.46124
4794f2-NOZ531-12-05-11-28,306.3124
4794f2-NOZ531-12-07-11-14,308.4569
4794f2-NOZ534-11-09-12-35,500.98807
4794f2-NOZ534-11-10-12-42,272.91956
4794f2-NOZ534-12-01-12-50,344.82602
4794f2-NOZ534-12-05-12-54,251.62198
4794f2-NOZ534-12-07-12-37,288.49304
4794f2-NOZ537-11-09-14-00,349.14734
4794f2-NOZ537-11-10-14-00,331.3973
4794f2-NOZ537-12-01-14-03,314.14423
4794f2-NOZ537-12-05-14-06,371.82742
4794f2-NOZ537-12-07-13-59,352.7126
4794f2-NOZ538-11-23-15-43,257.63718
4794f2-NOZ540-11-09-16-09,318.628
4794f2-NOZ540-11-30-16-17,292.36816
4794f2-NOZ540-12-09-16-14,394.08563
4794f2-NOZ543-11-23-16-56,278.82047
4794f2-NOZ545-11-09-17-21,391.95444
4794f2-NOZ545-11-30-17-24,278.765
4794f2-NOZ545-12-09-17-41,348.99655
4794f2-NOZ55J-11-16-18-38,409.36063
4794f2-NOZ55J-12-05-18-55,325.49387
4794f2-NOZ56U-11-09-18-49,344.75958
4794f2-NOZ56U-11-27-20-09,347.61206
4794f2-NOZ56U-11-30-18-55,343.88644
4794f2-NOZ601-11-16-05-34,374.10043
4794f2-NOZ601-12-15-05-51,297.78763
4794f2-NOZ602-11-22-06-32,276.38248
4794f2-NOZ605-12-14-06-41,396.49982
4794f2-NOZ605-12-16-06-43,364.05362
4794f2-NOZ606-12-14-08-05,320.04886
4794f2-NOZ606-12-16-08-43,340.88245
4794f2-NOZ607-12-21-07-02,532.4377
4794f2-NOZ608-12-15-09-49,295.6698
4794f2-NOZ608-12-29-10-20,303.63983
4794f2-NOZ609-11-22-07-42,362.3118
4794f2-NOZ611-12-15-08-24,390.7551
4794f2-NOZ611-12-29-08-27,338.32678
4794f2-NOZ612-12-15-12-33,270.8569
4794f2-NOZ612-12-20-12-33,336.0546
4794f2-NOZ612-12-29-14-02,282.042
4794f2-NOZ614-12-18-14-00,326.61142
4794f2-NOZ617-12-15-11-06,371.41296
4794f2-NOZ617-12-20-11-01,317.75134
4794f2-NOZ617-12-29-11-41,290.22202
4794f2-NOZ620-12-15-15-27,304.13324
4794f2-NOZ620-12-20-15-29,326.011
4794f2-NOZ620-12-29-17-43,453.87408
4794f2-NOZ623-12-18-12-35,320.5576
4794f2-NOZ625-12-15-14-05,321.1474
4794f2-NOZ625-12-20-14-00,353.52298
4794f2-NOZ625-12-29-15-29,543.04236
4794f2-NOZ626-12-18-17-02,317.9767
4794f2-NOZ626-12-19-17-41,275.90555
4794f2-NOZ626-12-30-17-00,296.5462
4794f2-NOZ631-12-18-15-35,407.62024
4794f2-NOZ631-12-19-15-34,483.5023
4794f2-NOZ631-12-30-15-40,338.89014
4794f2-NOZ632-12-15-18-11,274.4743
4794f2-NOZ632-12-20-18-23,293.54
4794f2-NOZ634-12-18-20-02,334.90967
4794f2-NOZ637-12-15-16-43,335.3341
4794f2-NOZ637-12-20-16-48,338.77753
4794f2-NOZ638-11-15-20-22,295.2387
4794f2-NOZ643-12-18-18-24,326.25558
4794f2-NOZ6MH-11-19-10-08,325.52866
4794f2-NOZ6TM-11-03-19-00,304.66287
4794f2-NOZ6TM-11-06-20-05,313.22583
4794f2-NOZ6TM-11-07-18-44,325.4062
4794f2-NOZ6TM-12-09-19-05,330.57285
4794f2-NOZ7C-11-01-08-39,377.6582
4794f2-NOZ8404-12-16-19-37,305.16406
4794f2-NOZ9BH-11-07-15-34,328.2976
4794f2-NOZ9BH-11-10-15-30,333.74576
4794f2-NOZ9BH-11-22-15-41,302.3019
4794f2-NOZ9BH-12-01-15-33,327.5608
47956b-NOZ132-11-03-13-55,276.19327
47956b-NOZ133-11-03-15-03,267.65115
47956b-NOZ133-12-11-17-04,282.15176
47956b-NOZ133-12-22-15-10,229.58199
47956b-NOZ134-12-11-18-07,288.40445
47956b-NOZ183-12-16-13-11,346.00467
47956b-NOZ1BG-11-09-06-04,374.0653
47956b-NOZ1BG-11-21-06-22,340.52585
47956b-NOZ1TT-11-14-14-29,310.9411
47956b-NOZ276-11-11-16-01,313.42557
47956b-NOZ276-12-29-17-32,277.6536
47956b-NOZ277-11-11-17-31,451.16885
47956b-NOZ277-12-29-18-40,276.81137
47956b-NOZ2UC-12-05-16-06,292.82523
47956b-NOZ345-12-30-10-10,320.51343
47956b-NOZ346-11-23-15-21,314.7941
47956b-NOZ346-11-24-14-50,370.08563
47956b-NOZ347-11-23-17-11,358.08716
47956b-NOZ4HF-11-02-07-13,397.78052
47956b-NOZ4RZ-12-30-07-41,332.27756
47956b-NOZ50A-11-28-16-46,383.58112
47956b-NOZ521-12-08-05-46,279.25955
47956b-NOZ521-12-09-05-45,355.4803
47956b-NOZ521-12-12-05-33,287.2038
47956b-NOZ521-12-13-05-27,318.52927
47956b-NOZ521-12-14-05-33,320.5787
47956b-NOZ521-12-15-05-51,317.1487
47956b-NOZ523-11-10-06-36,311.8506
47956b-NOZ523-12-16-07-43,325.4172
47956b-NOZ524-12-07-07-13,282.9078
47956b-NOZ524-12-08-07-00,298.14014
47956b-NOZ524-12-09-07-10,324.69366
47956b-NOZ524-12-12-07-09,323.35934
47956b-NOZ524-12-13-07-00,337.23926
47956b-NOZ524-12-14-07-06,315.0632
47956b-NOZ524-12-15-07-10,268.62082
47956b-NOZ530-11-18-09-51,304.84045
47956b-NOZ530-11-28-10-04,298.9634
47956b-NOZ530-12-18-09-30,318.06738
47956b-NOZ531-11-18-11-17,251.50394
47956b-NOZ531-11-28-11-15,287.69586
47956b-NOZ531-12-18-08-07,313.5474
47956b-NOZ532-12-16-14-40,359.16483
47956b-NOZ534-11-18-12-53,293.62793
47956b-NOZ534-11-28-12-37,298.63272
47956b-NOZ535-12-16-17-00,372.7155
47956b-NOZ536-12-16-19-29,338.2476
47956b-NOZ537-11-18-14-09,309.98505
47956b-NOZ537-11-28-13-58,351.5453
47956b-NOZ538-11-10-15-21,379.50113
47956b-NOZ540-11-08-16-28,358.529
47956b-NOZ541-12-16-20-57,312.46414
47956b-NOZ543-11-10-16-42,298.5393
47956b-NOZ544-12-16-22-58,321.50992
47956b-NOZ545-11-08-17-43,376.13776
47956b-NOZ546-11-10-18-12,438.1248
47956b-NOZ548-12-04-18-28,337.99896
47956b-NOZ549-11-10-19-30,322.4572
47956b-NOZ550-11-09-19-59,416.1961
47956b-NOZ553-12-04-19-43,287.88522
47956b-NOZ55J-11-28-18-42,347.38687
47956b-NOZ56U-11-08-19-06,348.44482
47956b-NOZ56U-11-20-20-23,326.68448
47956b-NOZ5AY-12-18-11-03,352.28952
47956b-NOZ5PY-11-14-15-56,310.79938
47956b-NOZ601-11-02-05-43,344.1187
47956b-NOZ605-11-01-06-41,346.4055
47956b-NOZ606-11-01-08-02,296.47015
47956b-NOZ607-11-04-07-03,345.9842
47956b-NOZ607-11-23-07-05,376.04004
47956b-NOZ608-11-02-09-54,288.19275
47956b-NOZ608-12-26-10-34,303.28677
47956b-NOZ611-11-02-08-37,356.1447
47956b-NOZ611-12-26-08-27,330.73682
47956b-NOZ612-11-02-12-22,359.2964
47956b-NOZ612-12-26-13-27,311.28586
47956b-NOZ617-11-02-11-05,333.51666
47956b-NOZ617-12-26-11-52,332.22592
47956b-NOZ620-11-02-15-22,284.4793
47956b-NOZ620-12-26-16-14,321.07788
47956b-NOZ625-11-02-13-57,336.19482
47956b-NOZ625-12-26-14-44,309.1693
47956b-NOZ626-11-01-16-55,329.71738
47956b-NOZ626-11-22-17-40,354.9168
47956b-NOZ628-11-14-17-39,358.59122
47956b-NOZ631-11-01-15-24,327.198
47956b-NOZ632-11-02-17-57,315.81738
47956b-NOZ637-11-02-16-37,346.5626
47956b-NOZ637-12-26-17-34,314.54938
47956b-NOZ638-12-20-20-17,330.36105
47956b-NOZ639-11-18-17-33,416.83224
47956b-NOZ639-12-05-17-30,361.3632
47956b-NOZ645-11-14-19-11,302.73743
479d40-NOZ140-12-08-07-28,289.73294
479d40-NOZ140-12-09-07-09,349.13254
479d40-NOZ140-12-21-07-12,272.70023
479d40-NOZ141-12-08-08-30,225.24724
479d40-NOZ141-12-09-08-22,334.8268
479d40-NOZ141-12-21-08-08,358.25317
479d40-NOZ142-12-11-13-40,303.81116
479d40-NOZ143-12-11-14-39,310.53036
479d40-NOZ144-12-05-15-53,253.72804
479d40-NOZ144-12-12-16-10,445.74847
479d40-NOZ144-12-21-15-54,276.6479
479d40-NOZ144-12-22-15-28,248.83379
479d40-NOZ145-12-05-16-55,257.9857
479d40-NOZ145-12-12-17-22,231.72789
479d40-NOZ145-12-21-16-55,246.84026
479d40-NOZ145-12-22-16-36,335.34003
479d40-NOZ183-11-27-07-47,307.30753
479d40-NOZ1BG-12-02-06-07,448.5035
479d40-NOZ270-11-29-07-16,261.42047
479d40-NOZ271-11-29-06-01,297.55826
479d40-NOZ272-11-13-15-33,276.8234
479d40-NOZ272-11-27-15-37,270.99332
479d40-NOZ275-11-13-16-48,348.39697
479d40-NOZ275-11-27-16-53,329.87387
479d40-NOZ276-11-03-15-58,309.74954
479d40-NOZ277-11-03-17-22,348.21063
479d40-NOZ278-11-28-18-52,292.68896
479d40-NOZ345-12-17-15-20,347.37363
479d40-NOZ346-11-29-14-44,345.17297
479d40-NOZ346-12-02-14-48,333.49567
479d40-NOZ347-11-29-16-40,318.07892
479d40-NOZ347-12-02-16-41,423.94003
479d40-NOZ4RZ-12-17-12-20,339.5849
479d40-NOZ522-11-02-06-00,393.15167
479d40-NOZ525-11-02-07-20,305.92603
479d40-NOZ530-11-11-09-55,631.39087
479d40-NOZ531-11-11-11-21,359.9952
479d40-NOZ534-11-11-12-41,489.22147
479d40-NOZ537-11-11-14-01,372.3029
479d40-NOZ538-11-07-15-22,332.63776
479d40-NOZ538-11-09-15-16,291.111
479d40-NOZ538-11-15-15-14,294.11908
479d40-NOZ540-11-28-16-13,282.38138
479d40-NOZ543-11-07-16-40,309.87186
479d40-NOZ543-11-09-16-33,321.33136
479d40-NOZ543-11-15-16-45,313.99567
479d40-NOZ545-11-25-17-42,383.4498
479d40-NOZ545-11-28-17-25,381.25342
479d40-NOZ546-11-07-18-16,327.69983
479d40-NOZ546-11-09-18-16,424.33847
479d40-NOZ546-11-15-18-16,334.92215
479d40-NOZ549-11-07-19-36,274.5802
479d40-NOZ549-11-09-19-26,285.8475
479d40-NOZ549-11-15-19-27,297.67746
479d40-NOZ602-12-15-06-58,263.89746
479d40-NOZ608-12-31-08-51,335.4531
479d40-NOZ609-12-15-08-13,327.93604
479d40-NOZ6TM-11-25-19-09,325.27463
479d40-NOZ7C-11-29-08-44,281.50885
479d40-NOZ8ME-12-06-18-13,312.37787
479ee7-NOZ132-12-05-13-57,240.9073
479ee7-NOZ133-12-05-15-01,220.3138
479ee7-NOZ194-12-11-19-04,319.98276
479ee7-NOZ195-12-11-20-21,292.4903
479ee7-NOZ1TT-12-04-14-33,288.98386
479ee7-NOZ270-12-13-07-49,256.063
479ee7-NOZ271-12-13-06-33,281.83054
479ee7-NOZ276-12-23-17-03,301.03076
479ee7-NOZ276-12-27-18-07,270.80344
479ee7-NOZ277-12-23-18-16,440.82306
479ee7-NOZ277-12-27-19-19,336.81693
479ee7-NOZ278-12-12-18-56,281.31134
479ee7-NOZ345-12-01-09-38,351.17453
479ee7-NOZ345-12-14-09-38,344.43704
479ee7-NOZ346-12-13-14-48,309.48245
479ee7-NOZ347-12-13-16-35,332.5269
479ee7-NOZ3LH-12-08-09-44,255.27898
479ee7-NOZ4DG-12-08-20-47,299.4004
479ee7-NOZ4RZ-12-01-07-45,363.1124
479ee7-NOZ4RZ-12-14-07-43,314.124
479ee7-NOZ50A-12-08-16-54,337.5654
479ee7-NOZ50A-12-29-17-57,319.17148
479ee7-NOZ540-12-12-16-25,311.67145
479ee7-NOZ545-12-12-17-43,285.73425
479ee7-NOZ55J-12-08-18-49,426.519
479ee7-NOZ55J-12-29-23-25,308.38647
479ee7-NOZ5PY-12-04-15-54,304.7839
479ee7-NOZ605-12-05-06-42,300.93704
479ee7-NOZ605-12-06-06-42,767.7214
479ee7-NOZ605-12-07-06-38,447.5317
479ee7-NOZ605-12-08-07-09,330.7081
479ee7-NOZ606-12-05-08-06,310.4963
479ee7-NOZ606-12-06-08-23,281.44174
479ee7-NOZ606-12-07-08-01,347.05972
479ee7-NOZ606-12-08-08-20,330.08643
479ee7-NOZ607-12-09-07-00,360.633
479ee7-NOZ626-12-06-16-53,296.5411
479ee7-NOZ628-12-04-17-24,296.33572
479ee7-NOZ631-12-06-15-30,361.30804
479ee7-NOZ638-12-04-20-19,331.88773
479ee7-NOZ639-12-11-17-40,346.5084
479ee7-NOZ645-12-04-18-47,332.00864
479ee7-NOZ7C-12-13-08-58,318.9399
47a039-NOZ132-11-18-14-04,261.33435
47a039-NOZ133-11-18-15-01,247.53014
47a039-NOZ140-11-29-07-00,372.53552
47a039-NOZ140-12-02-07-15,266.3557
47a039-NOZ140-12-16-07-36,253.35121
47a039-NOZ141-11-29-08-04,320.7657
47a039-NOZ141-12-02-08-11,236.00114
47a039-NOZ141-12-16-08-44,269.40176
47a039-NOZ142-12-04-13-32,253.20036
47a039-NOZ143-12-04-14-29,327.7686
47a039-NOZ144-11-29-15-48,246.38446
47a039-NOZ144-12-15-16-04,262.08112
47a039-NOZ145-11-29-16-42,325.14313
47a039-NOZ145-12-15-16-57,276.44666
47a039-NOZ181-11-10-06-26,492.15768
47a039-NOZ182-11-10-07-53,321.2946
47a039-NOZ183-11-10-09-17,303.7257
47a039-NOZ1BG-12-12-06-06,465.83356
47a039-NOZ1BG-12-21-06-54,347.70074
47a039-NOZ1BG-12-28-06-35,339.152
47a039-NOZ1BG-12-31-06-19,365.39276
47a039-NOZ1TT-11-04-14-44,314.09283
47a039-NOZ1TT-11-17-14-40,302.13303
47a039-NOZ1TT-11-24-14-46,321.05185
47a039-NOZ1TT-12-06-14-43,437.02
47a039-NOZ1TT-12-07-14-52,314.3867
47a039-NOZ271-11-16-06-01,288.1011
47a039-NOZ272-11-06-15-24,307.95166
47a039-NOZ275-11-06-16-46,349.2899
47a039-NOZ276-11-09-15-58,295.94952
47a039-NOZ276-11-14-15-55,269.11057
47a039-NOZ277-11-09-17-31,419.67365
47a039-NOZ277-11-14-17-24,302.4106
47a039-NOZ278-11-15-18-55,294.84647
47a039-NOZ2DC-11-01-05-57,265.50003
47a039-NOZ345-12-18-10-29,345.72183
47a039-NOZ345-12-19-10-26,347.2198
47a039-NOZ346-12-28-14-58,325.83783
47a039-NOZ347-12-28-16-59,372.73703
47a039-NOZ3JE-11-01-06-58,248.1985
47a039-NOZ3LH-11-25-13-11,274.4289
47a039-NOZ3LH-11-26-07-32,275.86053
47a039-NOZ4HF-11-21-07-07,321.38608
47a039-NOZ4RZ-12-18-08-28,335.43085
47a039-NOZ4RZ-12-19-07-53,345.63528
47a039-NOZ50A-12-18-17-38,313.91675
47a039-NOZ50F-12-05-09-48,282.02975
47a039-NOZ538-11-16-15-18,316.87482
47a039-NOZ540-12-20-16-51,452.419
47a039-NOZ543-11-16-16-49,285.27438
47a039-NOZ545-12-20-18-15,312.49646
47a039-NOZ545-12-27-17-49,346.83902
47a039-NOZ546-11-16-18-12,339.67914
47a039-NOZ549-11-16-19-28,277.42014
47a039-NOZ550-12-23-21-38,280.2642
47a039-NOZ55J-12-18-20-38,356.9722
47a039-NOZ56U-12-11-20-06,398.44342
47a039-NOZ56U-12-20-19-54,350.1013
47a039-NOZ56U-12-27-19-16,373.33737
47a039-NOZ56U-12-30-19-42,321.85812
47a039-NOZ5PY-11-04-16-15,279.31027
47a039-NOZ5PY-11-17-15-58,389.46915
47a039-NOZ5PY-11-24-16-05,271.366
47a039-NOZ5PY-12-06-15-59,296.7431
47a039-NOZ5PY-12-07-16-10,310.1489
47a039-NOZ601-11-21-05-35,312.32068
47a039-NOZ605-11-03-06-40,395.35214
47a039-NOZ605-11-18-06-31,371.79303
47a039-NOZ605-11-25-06-48,386.03732
47a039-NOZ606-11-18-08-06,326.58963
47a039-NOZ606-11-25-08-21,304.06348
47a039-NOZ607-11-22-07-05,331.43887
47a039-NOZ607-11-28-07-02,345.27798
47a039-NOZ608-11-21-10-05,299.82498
47a039-NOZ611-11-21-08-20,407.17206
47a039-NOZ612-11-21-12-32,289.61664
47a039-NOZ614-11-27-15-08,331.8926
47a039-NOZ617-11-21-11-13,351.08594
47a039-NOZ620-11-21-15-29,329.63974
47a039-NOZ623-11-27-13-39,306.7989
47a039-NOZ625-11-21-14-01,395.99908
47a039-NOZ628-11-04-17-39,297.76422
47a039-NOZ628-11-17-17-32,315.21964
47a039-NOZ628-11-24-17-45,310.169
47a039-NOZ628-12-06-17-23,317.65424
47a039-NOZ628-12-07-17-33,307.17407
47a039-NOZ632-11-21-18-08,328.37198
47a039-NOZ637-11-21-16-41,353.88495
47a039-NOZ638-11-17-20-15,308.8082
47a039-NOZ638-11-24-20-29,306.4027
47a039-NOZ639-12-21-17-34,321.618
47a039-NOZ645-11-04-18-54,288.5079
47a039-NOZ645-11-17-18-46,414.064
47a039-NOZ645-11-24-18-58,286.9307
47a039-NOZ645-12-06-18-42,336.5116
47a039-NOZ645-12-07-18-47,304.896
47a039-NOZ6CF-11-16-08-06,336.62137
47a039-NOZ6TM-11-09-18-55,312.2824
47a05e-NOZ133-11-20-15-59,233.41487
47a05e-NOZ134-11-20-17-00,224.40332
47a05e-NOZ164-12-16-06-21,317.1885
47a05e-NOZ172-12-18-11-56,325.95718
47a05e-NOZ182-12-30-07-36,374.31152
47a05e-NOZ183-11-13-07-52,310.79242
47a05e-NOZ183-12-30-09-03,351.29996
47a05e-NOZ191-11-02-17-04,350.2853
47a05e-NOZ1BG-12-10-06-07,362.1636
47a05e-NOZ1TT-12-15-14-57,346.7608
47a05e-NOZ270-12-07-07-22,296.6452
47a05e-NOZ270-12-15-07-35,246.24141
47a05e-NOZ271-12-15-06-24,306.44522
47a05e-NOZ276-11-06-13-22,307.01578
47a05e-NOZ277-11-06-14-35,359.81555
47a05e-NOZ278-12-14-18-54,247.82597
47a05e-NOZ2GH-12-18-15-15,411.9326
47a05e-NOZ2UC-11-14-15-59,286.3621
47a05e-NOZ2UC-11-29-16-00,342.39603
47a05e-NOZ3VG-12-13-16-31,273.23013
47a05e-NOZ3VG-12-15-16-16,362.745
47a05e-NOZ4RZ-12-12-07-39,346.43008
47a05e-NOZ50A-12-11-16-57,343.68317
47a05e-NOZ521-11-18-05-38,303.1951
47a05e-NOZ521-11-21-05-30,317.45026
47a05e-NOZ521-11-22-05-30,312.47232
47a05e-NOZ521-11-23-05-33,327.35718
47a05e-NOZ521-11-24-05-29,296.0061
47a05e-NOZ521-11-25-05-30,315.93396
47a05e-NOZ521-12-05-05-45,405.60825
47a05e-NOZ521-12-06-05-29,319.39526
47a05e-NOZ521-12-07-05-45,343.88974
47a05e-NOZ523-12-01-06-26,317.54776
47a05e-NOZ523-12-02-06-50,369.59625
47a05e-NOZ524-11-17-07-11,282.23868
47a05e-NOZ524-11-18-07-04,310.91516
47a05e-NOZ524-11-21-07-11,356.74927
47a05e-NOZ524-11-22-07-10,318.77267
47a05e-NOZ524-11-23-07-24,272.72714
47a05e-NOZ524-11-24-07-09,336.58237
47a05e-NOZ524-11-25-06-58,298.48822
47a05e-NOZ524-12-05-07-07,298.432
47a05e-NOZ524-12-06-07-21,295.50815
47a05e-NOZ525-11-27-11-29,383.30667
47a05e-NOZ526-12-01-08-09,359.482
47a05e-NOZ526-12-02-08-14,299.02002
47a05e-NOZ530-12-04-09-27,318.5183
47a05e-NOZ531-12-04-07-59,304.26523
47a05e-NOZ532-12-01-10-54,291.8131
47a05e-NOZ532-12-02-11-09,313.52917
47a05e-NOZ534-11-27-13-43,482.51697
47a05e-NOZ535-12-01-12-30,292.77774
47a05e-NOZ535-12-02-12-37,307.5415
47a05e-NOZ535-12-04-13-35,363.28473
47a05e-NOZ536-12-01-14-17,316.20856
47a05e-NOZ536-12-02-14-13,346.48544
47a05e-NOZ537-11-27-15-06,387.06473
47a05e-NOZ538-12-04-15-03,313.75888
47a05e-NOZ540-11-11-16-13,424.15802
47a05e-NOZ540-11-16-16-09,330.8532
47a05e-NOZ540-11-27-16-29,309.39615
47a05e-NOZ541-12-01-15-41,327.09177
47a05e-NOZ541-12-02-15-59,287.36502
47a05e-NOZ543-12-04-16-38,291.33136
47a05e-NOZ544-12-01-17-08,307.7206
47a05e-NOZ544-12-02-17-26,309.24954
47a05e-NOZ544-12-04-18-06,307.36542
47a05e-NOZ545-11-11-17-34,319.23904
47a05e-NOZ545-11-16-17-29,287.1586
47a05e-NOZ545-11-27-17-44,385.65646
47a05e-NOZ546-11-27-19-05,372.13766
47a05e-NOZ549-12-04-19-33,275.22345
47a05e-NOZ550-11-30-20-02,324.97946
47a05e-NOZ550-12-04-20-59,307.3867
47a05e-NOZ555-11-27-20-27,321.71188
47a05e-NOZ55J-12-11-18-50,442.52792
47a05e-NOZ56U-12-09-19-23,333.53864
47a05e-NOZ5AY-12-01-09-22,292.82214
47a05e-NOZ5AY-12-02-09-27,318.8645
47a05e-NOZ5AY-12-04-10-52,330.006
47a05e-NOZ607-12-20-07-09,822.66705
47a05e-NOZ612-12-19-12-36,346.5274
47a05e-NOZ617-12-19-11-06,359.90475
47a05e-NOZ620-12-19-15-48,299.29446
47a05e-NOZ624-12-18-16-34,293.69388
47a05e-NOZ625-12-19-14-09,429.365
47a05e-NOZ626-12-16-17-30,301.50253
47a05e-NOZ628-12-13-17-44,296.69077
47a05e-NOZ628-12-15-17-41,309.25778
47a05e-NOZ631-12-16-15-46,849.33356
47a05e-NOZ632-12-19-18-55,487.27374
47a05e-NOZ637-12-19-17-16,316.05933
47a05e-NOZ638-12-12-20-16,267.6952
47a05e-NOZ638-12-15-20-25,337.19537
47a05e-NOZ639-11-14-17-24,319.53253
47a05e-NOZ639-11-29-17-21,346.24677
47a05e-NOZ645-12-13-18-54,270.8148
47a05e-NOZ645-12-15-18-54,293.14374
47a05e-NOZ6TC-11-04-17-10,387.83994
47a05e-NOZ6TM-11-11-19-02,383.98517
47a05e-NOZ7C-12-07-08-44,306.25415
47a05e-NOZ7C-12-15-08-50,280.33142
47a05e-NOZ9BH-11-02-15-37,327.9898
47a097-NOZ181-12-08-07-41,318.86435
47a097-NOZ182-12-08-09-26,396.0805
47a097-NOZ183-12-08-11-14,467.99585
47a097-NOZ271-12-20-07-05,387.7854
47a097-NOZ276-12-07-16-11,243.54337
47a097-NOZ277-12-07-17-27,352.90454
47a097-NOZ278-12-19-20-13,268.83853
47a097-NOZ345-12-21-10-29,339.8695
47a097-NOZ346-12-09-15-26,339.9838
47a097-NOZ346-12-20-15-14,335.38464
47a097-NOZ347-12-09-17-14,446.45938
47a097-NOZ347-12-20-17-57,310.95624
47a097-NOZ4HF-11-01-06-57,290.4733
47a097-NOZ4RZ-12-21-07-46,402.91666
47a097-NOZ522-12-14-06-27,321.69147
47a097-NOZ523-12-10-06-07,311.8287
47a097-NOZ523-12-11-06-53,269.51984
47a097-NOZ523-12-28-06-49,327.4919
47a097-NOZ523-12-29-06-32,304.6039
47a097-NOZ523-12-30-06-26,364.9002
47a097-NOZ523-12-31-06-02,334.6814
47a097-NOZ524-12-10-07-29,403.06863
47a097-NOZ524-12-31-07-28,415.1925
47a097-NOZ525-12-14-07-39,298.84854
47a097-NOZ526-12-28-08-27,344.75894
47a097-NOZ526-12-29-08-35,295.76584
47a097-NOZ526-12-30-08-13,312.3515
47a097-NOZ531-12-10-08-47,311.69714
47a097-NOZ531-12-31-08-55,289.0492
47a097-NOZ532-12-10-10-15,302.14728
47a097-NOZ532-12-28-11-19,319.2829
47a097-NOZ532-12-29-11-46,345.11667
47a097-NOZ532-12-30-11-04,503.28476
47a097-NOZ532-12-31-10-15,330.07037
47a097-NOZ535-12-28-12-38,344.84937
47a097-NOZ535-12-29-13-05,290.23032
47a097-NOZ535-12-30-12-39,391.02255
47a097-NOZ536-12-28-14-17,359.05215
47a097-NOZ536-12-29-14-42,374.3476
47a097-NOZ536-12-30-14-22,386.16748
47a097-NOZ540-12-19-17-06,293.32132
47a097-NOZ541-12-28-15-42,321.7234
47a097-NOZ541-12-29-16-04,620.863
47a097-NOZ541-12-30-15-57,339.39532
47a097-NOZ544-12-27-17-42,369.2045
47a097-NOZ544-12-28-17-32,328.62885
47a097-NOZ544-12-29-18-16,363.61227
47a097-NOZ544-12-30-17-23,400.3309
47a097-NOZ545-12-19-18-26,352.4555
47a097-NOZ548-12-18-19-49,345.75082
47a097-NOZ550-12-09-19-34,256.1795
47a097-NOZ553-12-18-21-05,343.35034
47a097-NOZ5AY-12-28-09-37,301.08386
47a097-NOZ5AY-12-29-10-00,286.33957
47a097-NOZ5AY-12-30-09-33,323.3413
47a097-NOZ601-11-01-05-34,477.64468
47a097-NOZ602-12-22-06-12,302.87286
47a097-NOZ607-11-02-07-55,288.55
47a097-NOZ608-11-01-09-39,288.9668
47a097-NOZ609-12-22-07-41,336.37524
47a097-NOZ60M-12-18-16-05,345.1208
47a097-NOZ611-11-01-08-23,302.64432
47a097-NOZ612-11-01-12-22,285.94592
47a097-NOZ617-11-01-10-56,302.92804
47a097-NOZ6TM-12-07-18-46,320.86053
47a0bf-NOZ132-12-02-14-02,233.3076
47a0bf-NOZ133-11-13-15-49,252.19531
47a0bf-NOZ133-12-02-14-57,260.1985
47a0bf-NOZ134-11-13-16-53,244.67233
47a0bf-NOZ140-12-06-07-02,257.70056
47a0bf-NOZ141-12-06-08-04,230.59949
47a0bf-NOZ144-12-06-16-16,257.6652
47a0bf-NOZ145-12-06-17-12,233.80576
47a0bf-NOZ191-12-29-17-44,355.2468
47a0bf-NOZ271-12-23-06-24,288.2403
47a0bf-NOZ276-11-27-13-30,250.61578
47a0bf-NOZ276-12-26-16-31,290.28763
47a0bf-NOZ277-11-27-14-41,296.13345
47a0bf-NOZ277-12-26-17-40,261.42346
47a0bf-NOZ278-12-22-20-35,281.95648
47a0bf-NOZ2GH-12-04-15-02,339.68564
47a0bf-NOZ345-12-23-10-24,336.62363
47a0bf-NOZ4HF-11-04-07-10,303.16632
47a0bf-NOZ4HF-11-22-07-16,289.17175
47a0bf-NOZ4HF-11-29-07-01,307.71576
47a0bf-NOZ4RZ-12-23-07-39,472.12024
47a0bf-NOZ521-11-15-05-24,290.93558
47a0bf-NOZ521-11-16-05-30,315.2715
47a0bf-NOZ521-12-16-06-06,288.33392
47a0bf-NOZ522-11-01-05-58,291.1582
47a0bf-NOZ523-11-14-06-36,422.88773
47a0bf-NOZ523-11-17-06-27,299.7628
47a0bf-NOZ523-11-18-06-39,348.2835
47a0bf-NOZ523-11-20-06-38,261.9618
47a0bf-NOZ523-12-18-06-28,324.0413
47a0bf-NOZ524-11-15-06-53,272.54996
47a0bf-NOZ524-11-16-07-05,342.18222
47a0bf-NOZ524-12-16-07-37,315.84616
47a0bf-NOZ525-11-01-07-25,346.05994
47a0bf-NOZ526-11-14-08-03,335.86493
47a0bf-NOZ526-11-17-07-54,296.8368
47a0bf-NOZ526-11-18-08-03,333.691
47a0bf-NOZ532-11-14-11-01,281.13687
47a0bf-NOZ532-11-17-11-06,297.92596
47a0bf-NOZ532-11-18-11-12,295.65457
47a0bf-NOZ532-12-15-11-41,257.11386
47a0bf-NOZ535-11-14-12-35,278.90115
47a0bf-NOZ535-11-17-12-36,307.56042
47a0bf-NOZ535-11-18-12-41,383.711
47a0bf-NOZ535-12-15-12-55,378.42902
47a0bf-NOZ536-11-14-14-11,321.48737
47a0bf-NOZ536-11-17-14-23,334.08173
47a0bf-NOZ536-11-18-14-32,323.86148
47a0bf-NOZ536-12-15-14-19,325.72537
47a0bf-NOZ540-12-22-16-49,273.71405
47a0bf-NOZ541-11-14-15-43,313.022
47a0bf-NOZ541-11-17-15-54,285.05533
47a0bf-NOZ541-11-18-15-59,291.8983
47a0bf-NOZ544-11-14-17-14,309.941
47a0bf-NOZ544-11-17-17-15,348.77744
47a0bf-NOZ544-11-18-17-32,296.00146
47a0bf-NOZ544-12-15-17-18,341.6525
47a0bf-NOZ545-12-22-18-04,306.97128
47a0bf-NOZ547-11-17-18-35,311.4771
47a0bf-NOZ547-12-15-18-34,307.382
47a0bf-NOZ550-11-11-19-23,380.45416
47a0bf-NOZ550-11-17-20-20,339.56256
47a0bf-NOZ550-12-15-20-19,334.30594
47a0bf-NOZ5AY-11-14-09-24,294.4393
47a0bf-NOZ5AY-11-17-09-20,305.10135
47a0bf-NOZ5AY-11-18-09-28,295.8155
47a0bf-NOZ601-11-04-05-42,352.1061
47a0bf-NOZ601-11-29-05-38,330.02615
47a0bf-NOZ602-11-10-05-57,332.65234
47a0bf-NOZ605-11-23-06-29,526.19293
47a0bf-NOZ605-11-28-06-29,383.05817
47a0bf-NOZ605-12-02-06-36,291.66412
47a0bf-NOZ606-11-03-08-23,300.41644
47a0bf-NOZ606-11-23-08-32,378.07007
47a0bf-NOZ606-11-28-08-02,460.8064
47a0bf-NOZ606-12-02-08-09,337.1968
47a0bf-NOZ607-11-07-07-05,334.27484
47a0bf-NOZ607-11-24-07-13,344.5535
47a0bf-NOZ607-12-05-07-05,306.84952
47a0bf-NOZ608-11-04-09-49,323.7892
47a0bf-NOZ608-11-22-09-50,261.89636
47a0bf-NOZ608-11-29-09-44,262.37195
47a0bf-NOZ609-11-10-07-27,417.5709
47a0bf-NOZ611-11-04-08-27,327.8133
47a0bf-NOZ611-11-22-08-26,377.794
47a0bf-NOZ611-11-29-08-20,291.08865
47a0bf-NOZ612-11-04-12-36,322.72717
47a0bf-NOZ612-11-22-12-29,318.60504
47a0bf-NOZ612-11-29-12-22,277.6091
47a0bf-NOZ614-11-06-14-06,287.02853
47a0bf-NOZ617-11-04-11-08,330.81946
47a0bf-NOZ617-11-22-11-01,359.31558
47a0bf-NOZ617-11-29-11-00,288.9428
47a0bf-NOZ620-11-04-15-21,292.9002
47a0bf-NOZ620-11-22-15-55,277.34674
47a0bf-NOZ620-11-29-15-24,315.3903
47a0bf-NOZ623-11-06-12-44,411.35648
47a0bf-NOZ624-12-04-16-30,310.27832
47a0bf-NOZ625-11-04-14-06,328.832
47a0bf-NOZ625-11-22-13-59,371.8815
47a0bf-NOZ625-11-29-14-00,342.94717
47a0bf-NOZ626-11-03-16-53,284.09583
47a0bf-NOZ626-11-06-17-01,283.60934
47a0bf-NOZ631-11-03-15-27,294.05753
47a0bf-NOZ631-11-06-15-31,328.35773
47a0bf-NOZ631-12-01-15-21,433.5829
47a0bf-NOZ632-11-04-18-02,316.66138
47a0bf-NOZ632-11-22-18-21,288.54572
47a0bf-NOZ632-11-29-18-07,263.1642
47a0bf-NOZ634-11-06-19-50,274.74695
47a0bf-NOZ637-11-04-16-44,306.9091
47a0bf-NOZ637-11-22-17-08,326.50165
47a0bf-NOZ637-11-29-16-43,295.9769
47a0bf-NOZ638-11-27-20-19,314.9821
47a0bf-NOZ643-11-06-18-28,327.47458
47a185-NOZ181-11-25-06-04,342.85968
47a185-NOZ181-12-16-07-20,537.08105
47a185-NOZ182-11-25-07-32,299.2214
47a185-NOZ183-11-25-08-50,376.56308
47a185-NOZ194-11-20-18-50,299.47778
47a185-NOZ195-11-20-19-58,297.1502
47a185-NOZ1BG-12-19-06-52,285.85104
47a185-NOZ270-12-08-07-35,245.2393
47a185-NOZ271-12-08-06-23,266.1664
47a185-NOZ276-11-20-13-39,259.40527
47a185-NOZ276-11-28-16-07,265.77985
47a185-NOZ277-11-20-14-52,286.58652
47a185-NOZ277-11-28-17-20,338.64346
47a185-NOZ278-12-07-19-46,264.42914
47a185-NOZ2DC-11-08-06-00,241.27759
47a185-NOZ2GH-11-13-15-02,326.58542
47a185-NOZ2UC-11-02-15-59,321.56158
47a185-NOZ2UC-11-20-16-08,278.29446
47a185-NOZ345-11-07-09-38,356.69315
47a185-NOZ346-11-18-14-36,335.26968
47a185-NOZ347-11-18-16-31,300.9715
47a185-NOZ347-11-30-16-45,364.10434
47a185-NOZ3JE-11-08-06-56,276.6909
47a185-NOZ4HF-11-11-07-01,287.95197
47a185-NOZ4HF-11-15-06-57,290.14673
47a185-NOZ4RZ-11-07-07-39,350.8948
47a185-NOZ50A-11-06-16-37,345.86957
47a185-NOZ523-12-04-06-31,264.7794
47a185-NOZ536-12-04-14-27,338.8462
47a185-NOZ538-12-02-15-33,318.93185
47a185-NOZ538-12-13-15-55,321.97076
47a185-NOZ540-12-16-18-14,314.94785
47a185-NOZ541-12-04-15-41,345.1542
47a185-NOZ543-12-02-16-48,288.54352
47a185-NOZ543-12-13-17-12,250.82942
47a185-NOZ545-12-16-20-02,345.223
47a185-NOZ546-12-02-18-24,330.19284
47a185-NOZ546-12-13-18-35,305.56638
47a185-NOZ549-12-13-19-54,275.18683
47a185-NOZ55J-11-06-18-38,332.16574
47a185-NOZ56U-12-18-20-35,375.64737
47a185-NOZ601-11-11-05-38,345.69232
47a185-NOZ601-11-15-05-39,283.00684
47a185-NOZ605-11-16-06-33,356.95297
47a185-NOZ606-11-16-08-06,381.0922
47a185-NOZ607-11-17-07-01,355.06238
47a185-NOZ608-11-11-09-45,364.769
47a185-NOZ608-11-12-08-57,373.47714
47a185-NOZ608-11-15-09-39,297.67776
47a185-NOZ609-11-12-07-30,342.38083
47a185-NOZ611-11-11-08-24,321.94406
47a185-NOZ611-11-15-08-19,340.63922
47a185-NOZ612-11-11-12-33,291.50745
47a185-NOZ612-11-15-12-24,274.0493
47a185-NOZ617-11-11-11-11,313.16788
47a185-NOZ617-11-15-10-55,316.76678
47a185-NOZ620-11-10-15-25,294.23047
47a185-NOZ620-11-11-15-24,312.35822
47a185-NOZ620-11-14-15-29,315.6536
47a185-NOZ620-11-15-15-23,292.1499
47a185-NOZ624-11-13-16-25,336.1517
47a185-NOZ625-11-10-14-06,394.26645
47a185-NOZ625-11-11-14-05,297.47485
47a185-NOZ625-11-14-14-07,317.53278
47a185-NOZ625-11-15-14-07,325.62582
47a185-NOZ632-11-10-18-06,377.02448
47a185-NOZ632-11-11-18-11,328.2915
47a185-NOZ632-11-14-18-07,299.4368
47a185-NOZ632-11-15-18-13,287.1949
47a185-NOZ637-11-11-16-45,344.9306
47a185-NOZ637-11-14-16-46,334.8249
47a185-NOZ637-11-15-16-37,322.345
47a185-NOZ638-11-07-20-14,310.04553
47a185-NOZ639-11-02-17-20,323.91522
47a185-NOZ639-11-20-17-22,274.03842
47a185-NOZ67-11-10-16-50,422.13705
47a185-NOZ6TM-11-24-19-39,314.82022
47a185-NOZ6TM-12-15-19-52,311.46198
47a185-NOZ7C-12-08-08-47,280.72147
47a1ef-NOZ132-12-08-14-07,258.79727
47a1ef-NOZ132-12-09-14-08,224.88257
47a1ef-NOZ132-12-12-14-06,259.82938
47a1ef-NOZ133-12-08-15-11,289.01968
47a1ef-NOZ133-12-09-15-08,287.21036
47a1ef-NOZ133-12-12-15-00,269.55762
47a1ef-NOZ140-11-16-07-02,240.55547
47a1ef-NOZ140-11-21-07-14,251.92873
47a1ef-NOZ140-11-24-07-14,255.86966
47a1ef-NOZ140-11-25-07-07,326.68463
47a1ef-NOZ140-12-20-07-10,277.5678
47a1ef-NOZ140-12-22-07-32,240.95888
47a1ef-NOZ140-12-23-07-11,220.99814
47a1ef-NOZ141-11-16-08-10,299.77237
47a1ef-NOZ141-11-21-08-05,320.71307
47a1ef-NOZ141-11-24-08-05,349.9766
47a1ef-NOZ141-11-25-08-06,298.8296
47a1ef-NOZ141-11-28-08-05,244.25897
47a1ef-NOZ141-12-20-08-08,234.50795
47a1ef-NOZ141-12-22-08-23,248.24727
47a1ef-NOZ141-12-23-08-04,325.4911
47a1ef-NOZ142-11-20-13-39,302.5553
47a1ef-NOZ143-11-20-14-35,247.52505
47a1ef-NOZ144-11-16-14-25,339.32074
47a1ef-NOZ144-11-18-14-26,428.98782
47a1ef-NOZ144-12-20-15-52,286.28754
47a1ef-NOZ145-11-16-16-55,271.418
47a1ef-NOZ145-11-18-16-45,323.29367
47a1ef-NOZ145-12-20-16-51,324.50485
47a1ef-NOZ191-11-09-16-59,337.79935
47a1ef-NOZ194-12-18-19-27,329.36493
47a1ef-NOZ195-12-18-20-52,309.18393
47a1ef-NOZ1KD-11-17-14-12,313.9232
47a1ef-NOZ1TT-11-01-14-31,330.67294
47a1ef-NOZ1TT-11-13-14-32,296.86426
47a1ef-NOZ2DC-12-14-06-12,273.81287
47a1ef-NOZ345-11-27-10-21,351.3879
47a1ef-NOZ3JE-12-14-07-05,279.48666
47a1ef-NOZ47Y-11-17-19-30,307.11667
47a1ef-NOZ4RZ-11-27-08-16,394.4214
47a1ef-NOZ50A-11-07-16-37,369.8473
47a1ef-NOZ51Q-11-17-08-22,299.3908
47a1ef-NOZ522-12-05-06-03,321.77954
47a1ef-NOZ523-11-03-06-28,458.31918
47a1ef-NOZ523-12-17-06-02,324.4793
47a1ef-NOZ525-12-05-07-22,292.38782
47a1ef-NOZ526-11-03-08-00,325.21927
47a1ef-NOZ530-11-07-09-59,287.9904
47a1ef-NOZ531-11-07-11-17,349.3052
47a1ef-NOZ532-11-03-11-52,352.45282
47a1ef-NOZ534-11-07-12-43,435.1458
47a1ef-NOZ535-11-03-13-38,402.99023
47a1ef-NOZ537-11-07-14-02,314.02277
47a1ef-NOZ538-12-19-15-43,426.67807
47a1ef-NOZ543-12-19-17-02,338.1597
47a1ef-NOZ550-12-17-01-17,338.89838
47a1ef-NOZ55J-11-07-18-44,328.7961
47a1ef-NOZ5AY-11-03-09-19,324.0833
47a1ef-NOZ5DP-11-18-06-35,358.47546
47a1ef-NOZ5PY-11-01-16-00,302.21832
47a1ef-NOZ5PY-11-13-16-00,356.7702
47a1ef-NOZ605-12-09-06-48,380.9919
47a1ef-NOZ606-12-09-08-30,316.02768
47a1ef-NOZ606-12-13-11-10,833.9694
47a1ef-NOZ607-11-14-07-18,323.61032
47a1ef-NOZ607-12-15-07-20,399.76587
47a1ef-NOZ608-12-11-10-01,259.78998
47a1ef-NOZ611-12-11-08-39,278.87085
47a1ef-NOZ612-12-11-12-46,297.28568
47a1ef-NOZ617-12-11-11-15,345.04428
47a1ef-NOZ620-12-11-15-46,295.64062
47a1ef-NOZ620-12-13-16-40,265.5156
47a1ef-NOZ625-12-11-14-11,366.25293
47a1ef-NOZ625-12-13-14-58,427.2461
47a1ef-NOZ628-11-01-17-30,534.1442
47a1ef-NOZ628-11-13-17-32,283.07407
47a1ef-NOZ631-12-14-15-28,285.6491
47a1ef-NOZ632-12-11-18-25,271.25745
47a1ef-NOZ632-12-13-19-40,292.8026
47a1ef-NOZ637-12-11-17-07,290.19806
47a1ef-NOZ637-12-13-17-56,378.54883
47a1ef-NOZ638-11-13-20-33,288.9924
47a1ef-NOZ638-12-06-20-16,284.62857
47a1ef-NOZ639-12-18-18-02,354.16888
47a1ef-NOZ645-11-01-18-58,303.5754
47a1ef-NOZ645-11-13-19-26,310.30762
47a1ef-NOZ647-12-11-19-39,304.6116
47a1ef-NOZ648-12-11-21-02,283.19788
47a1ef-NOZ8400-11-02-21-18,290.54657
47a1ef-NOZ9BH-11-09-15-33,301.664
47a1ef-NOZ9T-11-17-16-50,287.53333
47a218-NOZ140-12-12-07-11,275.24667
47a218-NOZ141-12-12-08-13,309.65488
47a218-NOZ144-12-09-16-31,252.68752
47a218-NOZ145-12-09-17-23,313.26706
47a218-NOZ181-11-14-06-24,404.24313
47a218-NOZ181-11-15-06-01,371.83188
47a218-NOZ181-11-24-06-05,361.8353
47a218-NOZ182-11-14-07-53,316.87738
47a218-NOZ182-11-15-07-38,320.97974
47a218-NOZ182-11-24-08-00,319.35553
47a218-NOZ182-12-29-08-06,299.58817
47a218-NOZ183-11-14-09-07,317.15628
47a218-NOZ183-11-15-08-53,298.7971
47a218-NOZ183-11-24-09-07,328.34503
47a218-NOZ183-12-29-09-25,304.80136
47a218-NOZ191-11-14-17-10,296.26312
47a218-NOZ1BG-12-05-06-01,338.16647
47a218-NOZ276-11-10-15-53,289.80908
47a218-NOZ276-12-02-15-57,272.07083
47a218-NOZ277-11-10-17-25,286.46262
47a218-NOZ277-12-02-17-20,285.21738
47a218-NOZ345-12-11-10-16,359.32843
47a218-NOZ4HF-11-18-07-15,361.67676
47a218-NOZ4RZ-12-11-08-14,355.23663
47a218-NOZ523-12-14-06-52,366.84753
47a218-NOZ523-12-19-06-28,417.3364
47a218-NOZ523-12-20-06-26,295.39502
47a218-NOZ525-12-26-07-24,397.011
47a218-NOZ526-12-14-08-21,271.2193
47a218-NOZ526-12-19-08-12,336.76843
47a218-NOZ526-12-20-07-58,356.9339
47a218-NOZ530-12-02-10-13,267.0222
47a218-NOZ531-12-02-11-19,398.8677
47a218-NOZ532-12-14-11-01,311.0188
47a218-NOZ532-12-18-12-42,267.09796
47a218-NOZ532-12-19-11-04,330.38657
47a218-NOZ532-12-20-11-09,399.92337
47a218-NOZ534-12-02-12-42,295.31317
47a218-NOZ535-12-14-12-31,332.81418
47a218-NOZ535-12-18-13-57,346.88666
47a218-NOZ535-12-19-12-31,371.41135
47a218-NOZ535-12-20-12-41,338.27728
47a218-NOZ536-12-14-14-19,328.98712
47a218-NOZ536-12-19-14-22,365.9551
47a218-NOZ536-12-20-14-26,313.69785
47a218-NOZ537-12-02-13-55,314.28986
47a218-NOZ538-12-18-15-29,317.1153
47a218-NOZ541-12-14-15-46,317.67786
47a218-NOZ541-12-19-15-45,420.0957
47a218-NOZ541-12-20-15-45,330.8174
47a218-NOZ543-12-18-17-02,394.21082
47a218-NOZ544-12-18-18-29,272.69308
47a218-NOZ544-12-19-17-34,425.4812
47a218-NOZ544-12-20-17-46,358.11978
47a218-NOZ547-12-20-18-57,309.09222
47a218-NOZ548-11-27-18-35,394.91464
47a218-NOZ549-12-18-19-38,283.5324
47a218-NOZ550-12-13-20-25,324.02042
47a218-NOZ550-12-18-21-06,303.60638
47a218-NOZ550-12-20-20-20,321.1895
47a218-NOZ550-12-30-19-33,380.71222
47a218-NOZ553-11-27-19-57,363.3788
47a218-NOZ56U-12-04-20-01,619.2997
47a218-NOZ5AY-12-14-09-26,288.5705
47a218-NOZ5AY-12-19-09-28,386.72565
47a218-NOZ608-11-18-10-03,278.21857
47a218-NOZ608-11-19-08-57,285.63126
47a218-NOZ608-11-20-09-46,291.97028
47a218-NOZ609-11-19-07-35,348.23502
47a218-NOZ611-11-18-08-35,334.33496
47a218-NOZ611-11-20-08-24,351.96326
47a218-NOZ612-11-18-12-40,290.69278
47a218-NOZ612-11-20-12-41,332.0799
47a218-NOZ617-11-18-11-19,296.44556
47a218-NOZ617-11-20-11-06,348.32056
47a218-NOZ620-11-18-15-42,273.5418
47a218-NOZ620-11-20-15-48,291.59418
47a218-NOZ625-11-18-14-07,298.89743
47a218-NOZ625-11-20-14-01,346.3356
47a218-NOZ632-11-18-18-32,327.47678
47a218-NOZ632-11-20-18-28,285.18652
47a218-NOZ637-11-18-16-52,320.0113
47a218-NOZ637-11-20-17-02,428.44345
47a218-NOZ639-12-07-17-28,331.85306
47a218-NOZ647-11-20-19-40,320.59427
47a218-NOZ6TM-11-13-20-12,306.96777
47a218-NOZ6TM-11-14-18-42,308.73105
47a218-NOZ6TM-11-23-19-49,324.4482
47a22c-NOZ133-12-04-15-57,238.92508
47a22c-NOZ134-12-04-16-58,251.80934
47a22c-NOZ140-11-17-07-06,240.70152
47a22c-NOZ140-11-18-07-14,225.04713
47a22c-NOZ141-11-17-08-01,308.27032
47a22c-NOZ141-11-18-08-19,321.71432
47a22c-NOZ144-11-11-15-46,245.02551
47a22c-NOZ144-11-14-15-50,246.98778
47a22c-NOZ145-11-11-16-48,546.9783
47a22c-NOZ145-11-14-16-46,326.0439
47a22c-NOZ271-11-02-06-23,460.9343
47a22c-NOZ276-12-01-15-57,306.27618
47a22c-NOZ277-12-01-17-20,270.61395
47a22c-NOZ278-11-01-18-44,263.68423
47a22c-NOZ2UC-11-04-16-05,341.9341
47a22c-NOZ2UC-12-13-16-13,280.94684
47a22c-NOZ2UC-12-27-16-17,488.988
47a22c-NOZ345-12-16-10-50,413.73557
47a22c-NOZ44A-11-11-07-58,324.42084
47a22c-NOZ4RZ-12-16-07-59,404.912
47a22c-NOZ50A-12-15-18-01,331.35483
47a22c-NOZ50A-12-16-19-02,350.3939
47a22c-NOZ521-11-01-05-29,381.19614
47a22c-NOZ522-11-07-06-06,316.2431
47a22c-NOZ522-11-30-06-05,322.57855
47a22c-NOZ522-12-21-06-17,338.1784
47a22c-NOZ523-12-03-06-00,306.52896
47a22c-NOZ523-12-05-06-40,386.7651
47a22c-NOZ523-12-06-06-30,582.4436
47a22c-NOZ523-12-07-06-36,302.30338
47a22c-NOZ523-12-08-07-03,401.08392
47a22c-NOZ523-12-09-06-39,381.29376
47a22c-NOZ524-11-01-06-58,302.98465
47a22c-NOZ524-12-03-07-32,289.29752
47a22c-NOZ525-11-07-07-20,365.32794
47a22c-NOZ525-11-30-07-26,291.72604
47a22c-NOZ525-12-11-13-43,286.2114
47a22c-NOZ525-12-21-07-31,370.78406
47a22c-NOZ526-12-05-08-07,340.45117
47a22c-NOZ526-12-06-08-30,249.54268
47a22c-NOZ526-12-07-08-03,276.20132
47a22c-NOZ526-12-08-08-27,246.49715
47a22c-NOZ526-12-09-08-16,313.45517
47a22c-NOZ530-11-04-09-57,297.62637
47a22c-NOZ531-11-01-11-26,326.47455
47a22c-NOZ531-11-04-11-14,331.7034
47a22c-NOZ531-12-03-08-51,300.68546
47a22c-NOZ532-12-03-10-14,285.00137
47a22c-NOZ532-12-05-10-58,303.9968
47a22c-NOZ532-12-06-11-04,256.16498
47a22c-NOZ532-12-07-11-05,336.85452
47a22c-NOZ532-12-08-11-11,272.89835
47a22c-NOZ534-11-01-12-36,324.264
47a22c-NOZ535-12-05-12-38,307.826
47a22c-NOZ535-12-06-12-40,277.75488
47a22c-NOZ535-12-07-12-40,282.4036
47a22c-NOZ535-12-08-12-31,304.88333
47a22c-NOZ536-12-05-14-15,340.57053
47a22c-NOZ536-12-06-14-17,256.14444
47a22c-NOZ536-12-07-14-33,271.96823
47a22c-NOZ536-12-08-14-13,305.6296
47a22c-NOZ536-12-11-15-25,346.1073
47a22c-NOZ537-11-01-13-56,453.35193
47a22c-NOZ537-11-04-14-00,335.6683
47a22c-NOZ538-11-08-15-20,394.86267
47a22c-NOZ541-12-05-15-44,381.87802
47a22c-NOZ541-12-06-15-43,269.37646
47a22c-NOZ541-12-07-15-44,298.60767
47a22c-NOZ541-12-11-16-43,346.573
47a22c-NOZ543-11-08-16-44,322.42184
47a22c-NOZ544-12-05-17-18,280.42285
47a22c-NOZ544-12-06-17-17,308.56445
47a22c-NOZ544-12-07-17-11,291.88187
47a22c-NOZ544-12-09-17-35,289.9787
47a22c-NOZ546-11-08-18-11,363.67297
47a22c-NOZ547-12-06-18-29,356.4233
47a22c-NOZ547-12-07-18-27,284.89987
47a22c-NOZ549-11-08-19-28,351.55734
47a22c-NOZ550-12-02-19-44,338.74182
47a22c-NOZ550-12-06-19-59,266.13367
47a22c-NOZ550-12-07-20-05,304.79657
47a22c-NOZ55J-12-15-20-03,398.37827
47a22c-NOZ55J-12-16-21-18,313.32965
47a22c-NOZ59B-11-18-10-48,310.76575
47a22c-NOZ5AY-12-05-09-19,332.51895
47a22c-NOZ5AY-12-06-09-47,280.39984
47a22c-NOZ5AY-12-07-09-26,326.4182
47a22c-NOZ5AY-12-08-09-39,297.17215
47a22c-NOZ5AY-12-09-09-26,340.26633
47a22c-NOZ5PR-11-20-16-04,363.41016
47a22c-NOZ606-12-22-08-25,284.93573
47a22c-NOZ612-12-22-12-46,298.06906
47a22c-NOZ617-12-22-11-14,345.52322
47a22c-NOZ620-12-22-16-06,268.42645
47a22c-NOZ625-12-22-14-11,331.17618
47a22c-NOZ639-11-04-17-25,325.87204
47a22c-NOZ639-11-22-17-49,511.5739
47a22c-NOZ639-12-13-17-46,367.47186
47a22c-NOZ639-12-27-17-43,285.72772
47a22c-NOZ6CF-11-02-08-01,338.24277
47a31a-NOZ132-11-22-14-04,285.31586
47a31a-NOZ132-11-24-13-56,272.48953
47a31a-NOZ132-11-25-14-05,229.93192
47a31a-NOZ132-11-28-13-55,249.296
47a31a-NOZ133-11-22-14-52,269.3495
47a31a-NOZ133-11-24-14-55,287.17407
47a31a-NOZ133-11-25-15-04,258.28418
47a31a-NOZ133-11-28-14-57,267.85608
47a31a-NOZ181-12-03-08-53,351.69754
47a31a-NOZ181-12-21-06-11,537.4851
47a31a-NOZ182-12-03-07-34,325.71637
47a31a-NOZ191-11-03-17-04,333.4871
47a31a-NOZ1BG-11-03-06-01,394.65393
47a31a-NOZ271-11-30-06-00,291.9498
47a31a-NOZ276-12-20-16-04,311.44934
47a31a-NOZ277-12-20-17-29,369.23972
47a31a-NOZ278-11-29-18-50,255.36493
47a31a-NOZ2DC-11-25-06-05,264.94534
47a31a-NOZ2DC-12-08-06-15,228.44629
47a31a-NOZ2KT-12-18-16-09,353.88275
47a31a-NOZ2UC-12-01-16-12,261.01318
47a31a-NOZ345-11-21-09-57,364.94684
47a31a-NOZ346-12-12-14-45,389.86935
47a31a-NOZ347-12-12-16-42,359.32294
47a31a-NOZ3JE-11-25-07-00,231.23593
47a31a-NOZ3JE-12-08-07-52,224.46294
47a31a-NOZ3TV-12-09-20-12,275.20007
47a31a-NOZ4HF-12-09-07-00,328.1497
47a31a-NOZ4RZ-11-21-08-02,375.53455
47a31a-NOZ50A-11-20-16-44,335.00568
47a31a-NOZ522-11-08-06-10,419.58478
47a31a-NOZ525-11-08-07-29,317.1354
47a31a-NOZ530-11-02-09-52,330.28088
47a31a-NOZ530-11-03-09-59,363.30743
47a31a-NOZ530-12-19-10-01,257.43515
47a31a-NOZ531-11-02-11-08,358.85532
47a31a-NOZ531-11-03-11-15,363.13562
47a31a-NOZ531-12-19-11-14,292.62463
47a31a-NOZ534-11-02-12-38,266.30453
47a31a-NOZ534-11-03-12-36,364.2811
47a31a-NOZ534-12-19-12-45,396.85162
47a31a-NOZ537-11-02-13-54,417.8404
47a31a-NOZ537-11-03-13-55,292.87033
47a31a-NOZ537-12-19-14-00,343.54718
47a31a-NOZ538-12-14-15-38,317.9943
47a31a-NOZ540-11-02-16-12,349.97943
47a31a-NOZ545-11-02-17-25,280.04843
47a31a-NOZ546-12-14-18-10,319.08624
47a31a-NOZ548-11-13-18-38,426.94733
47a31a-NOZ549-12-14-19-26,304.29745
47a31a-NOZ553-11-13-20-01,303.5369
47a31a-NOZ55J-11-20-18-37,354.50867
47a31a-NOZ56U-11-02-18-52,342.36746
47a31a-NOZ601-12-09-05-36,523.08636
47a31a-NOZ602-12-12-06-15,307.97324
47a31a-NOZ607-11-29-06-58,341.5287
47a31a-NOZ608-11-26-09-04,374.3699
47a31a-NOZ608-11-27-09-47,314.08237
47a31a-NOZ608-12-09-10-02,293.0427
47a31a-NOZ609-11-26-07-29,356.42877
47a31a-NOZ609-12-12-07-31,328.5015
47a31a-NOZ611-11-27-08-22,307.86752
47a31a-NOZ611-12-09-08-21,295.29742
47a31a-NOZ612-11-27-13-56,292.26306
47a31a-NOZ612-12-09-12-41,268.63748
47a31a-NOZ617-11-27-11-11,333.22147
47a31a-NOZ617-12-09-11-19,301.42044
47a31a-NOZ620-12-09-15-56,309.4674
47a31a-NOZ625-12-09-14-14,339.63025
47a31a-NOZ626-11-27-17-06,328.7588
47a31a-NOZ626-12-08-17-17,275.68277
47a31a-NOZ631-11-27-15-40,358.91147
47a31a-NOZ631-12-08-15-33,345.42587
47a31a-NOZ632-12-09-18-37,284.55975
47a31a-NOZ634-11-27-19-59,336.11197
47a31a-NOZ637-12-09-17-10,354.85266
47a31a-NOZ638-11-21-20-04,295.98056
47a31a-NOZ638-12-07-20-18,330.75195
47a31a-NOZ639-12-01-17-23,285.08768
47a31a-NOZ643-11-27-18-32,406.99738
47a31a-NOZ6TM-12-20-19-17,323.46454
47a31a-NOZ9BH-11-03-15-34,323.46622
47a32e-NOZ133-11-27-15-51,268.48904
47a32e-NOZ134-11-27-17-04,232.35526
47a32e-NOZ181-11-11-06-02,335.78516
47a32e-NOZ181-11-18-06-10,308.52133
47a32e-NOZ182-11-11-07-35,343.69302
47a32e-NOZ182-11-18-07-41,311.7896
47a32e-NOZ183-11-06-07-49,318.91132
47a32e-NOZ183-11-11-08-57,351.23682
47a32e-NOZ183-11-18-08-59,357.79633
47a32e-NOZ183-12-18-07-55,308.92645
47a32e-NOZ191-11-15-16-56,322.7789
47a32e-NOZ1BG-11-02-06-00,380.52258
47a32e-NOZ1TT-11-16-14-37,314.01993
47a32e-NOZ1TT-12-27-14-43,342.62222
47a32e-NOZ1TT-12-30-14-33,330.9624
47a32e-NOZ270-11-08-07-26,273.2162
47a32e-NOZ270-11-16-07-32,250.6789
47a32e-NOZ271-11-08-06-06,298.056
47a32e-NOZ272-12-18-15-50,256.00232
47a32e-NOZ275-12-18-17-09,372.5899
47a32e-NOZ278-11-07-18-59,277.4994
47a32e-NOZ345-11-09-09-27,360.31174
47a32e-NOZ346-11-08-14-27,365.90466
47a32e-NOZ346-11-13-14-36,378.39038
47a32e-NOZ347-11-08-16-33,356.00632
47a32e-NOZ347-11-13-16-35,336.40088
47a32e-NOZ3VG-12-30-16-01,326.73962
47a32e-NOZ4RZ-11-09-07-32,347.73358
47a32e-NOZ521-11-28-05-24,342.89288
47a32e-NOZ522-11-14-06-12,297.4201
47a32e-NOZ522-12-19-06-14,322.54688
47a32e-NOZ523-11-29-06-29,307.1215
47a32e-NOZ523-11-30-06-25,324.7412
47a32e-NOZ524-11-28-07-20,260.42316
47a32e-NOZ525-11-14-07-33,283.49713
47a32e-NOZ525-12-19-07-30,324.49524
47a32e-NOZ526-11-29-07-53,317.97397
47a32e-NOZ526-11-30-07-50,349.96725
47a32e-NOZ532-11-29-11-06,306.25107
47a32e-NOZ532-11-30-10-49,311.7951
47a32e-NOZ535-11-29-12-29,272.42133
47a32e-NOZ535-11-30-12-31,267.21884
47a32e-NOZ536-11-29-14-23,300.36432
47a32e-NOZ538-11-21-15-32,304.43344
47a32e-NOZ538-12-15-15-30,302.11935
47a32e-NOZ540-11-01-16-25,644.54706
47a32e-NOZ540-11-04-16-14,287.9783
47a32e-NOZ540-11-07-16-10,375.0848
47a32e-NOZ541-11-29-15-41,308.3462
47a32e-NOZ541-11-30-15-41,314.95987
47a32e-NOZ543-11-21-16-40,287.12244
47a32e-NOZ543-12-15-16-49,336.5822
47a32e-NOZ544-11-29-17-09,431.30927
47a32e-NOZ544-11-30-17-19,352.29135
47a32e-NOZ545-11-01-17-33,378.02988
47a32e-NOZ545-11-04-17-35,457.05994
47a32e-NOZ545-11-07-17-29,315.0635
47a32e-NOZ546-11-21-18-13,293.40695
47a32e-NOZ546-12-15-18-26,320.79218
47a32e-NOZ547-11-29-18-23,274.06418
47a32e-NOZ547-11-30-18-27,304.30905
47a32e-NOZ549-11-21-19-24,284.75046
47a32e-NOZ549-12-15-19-34,273.02344
47a32e-NOZ550-11-25-19-28,399.95615
47a32e-NOZ550-11-29-20-06,274.9206
47a32e-NOZ56U-11-01-18-48,345.48978
47a32e-NOZ5AY-11-29-09-23,275.20663
47a32e-NOZ5PY-11-16-15-56,328.18915
47a32e-NOZ607-11-03-07-01,345.30072
47a32e-NOZ628-11-16-17-30,337.64105
47a32e-NOZ628-12-27-18-45,333.38138
47a32e-NOZ628-12-30-17-43,349.7427
47a32e-NOZ638-11-02-20-08,299.68332
47a32e-NOZ639-11-23-17-51,420.57654
47a32e-NOZ645-11-16-18-49,326.88892
47a32e-NOZ645-12-27-20-02,307.16852
47a32e-NOZ645-12-30-19-06,302.74536
47a32e-NOZ6TM-11-10-19-02,327.3436
47a32e-NOZ6TM-11-17-19-27,294.94617
47a32e-NOZ6TM-12-16-23-03,297.19708
47a32e-NOZ7C-11-08-08-39,279.86475
47a32e-NOZ7C-11-16-08-49,358.26035
47a32e-NOZ93E-11-17-18-03,466.11862
47a32e-NOZ9BH-11-15-15-32,332.61966
47a3b0-NOZ140-11-01-06-59,321.58075
47a3b0-NOZ140-11-02-07-06,232.01138
47a3b0-NOZ140-11-04-07-18,262.81973
47a3b0-NOZ140-11-07-07-14,259.63617
47a3b0-NOZ140-11-08-07-11,338.53174
47a3b0-NOZ141-11-01-07-58,223.89125
47a3b0-NOZ141-11-02-08-01,313.9437
47a3b0-NOZ141-11-04-08-13,317.09488
47a3b0-NOZ141-11-07-08-14,298.44168
47a3b0-NOZ141-11-08-08-07,218.39697
47a3b0-NOZ144-11-01-15-43,365.91254
47a3b0-NOZ144-11-02-15-53,249.12917
47a3b0-NOZ144-11-03-15-12,269.80865
47a3b0-NOZ144-11-08-15-48,278.54843
47a3b0-NOZ144-11-10-15-13,226.87764
47a3b0-NOZ145-11-01-16-48,344.6457
47a3b0-NOZ145-11-02-16-45,223.629
47a3b0-NOZ145-11-03-16-12,386.21317
47a3b0-NOZ145-11-08-16-43,252.93391
47a3b0-NOZ145-11-10-16-10,296.88818
47a3b0-NOZ181-11-17-06-02,322.98227
47a3b0-NOZ181-11-29-05-59,343.28552
47a3b0-NOZ182-11-17-07-35,324.0691
47a3b0-NOZ182-11-29-07-34,330.41272
47a3b0-NOZ182-12-01-07-42,305.28064
47a3b0-NOZ183-11-17-08-51,391.40964
47a3b0-NOZ183-11-29-08-49,292.953
47a3b0-NOZ183-12-01-08-49,403.39243
47a3b0-NOZ191-11-28-17-04,318.10654
47a3b0-NOZ270-11-25-07-30,275.18762
47a3b0-NOZ271-11-25-06-09,394.20798
47a3b0-NOZ276-11-16-15-55,292.23196
47a3b0-NOZ276-11-30-15-52,268.60724
47a3b0-NOZ277-11-16-17-20,274.90485
47a3b0-NOZ277-11-30-17-22,276.1552
47a3b0-NOZ278-11-24-19-09,303.1023
47a3b0-NOZ2UC-12-23-16-12,283.00024
47a3b0-NOZ345-11-06-10-14,401.6058
47a3b0-NOZ345-12-02-09-42,346.26825
47a3b0-NOZ42U-11-11-07-06,304.12686
47a3b0-NOZ4RZ-11-06-08-18,346.73203
47a3b0-NOZ4RZ-12-02-07-41,363.13718
47a3b0-NOZ50A-11-29-16-40,359.30136
47a3b0-NOZ50A-12-02-16-47,317.92712
47a3b0-NOZ522-11-21-05-58,291.09573
47a3b0-NOZ525-11-21-07-16,304.91052
47a3b0-NOZ530-12-23-10-14,256.94266
47a3b0-NOZ531-12-23-11-26,330.32578
47a3b0-NOZ534-12-23-12-49,255.17456
47a3b0-NOZ537-12-23-14-24,273.5542
47a3b0-NOZ540-11-24-16-25,376.08145
47a3b0-NOZ545-11-24-17-39,314.32043
47a3b0-NOZ545-12-28-17-31,315.61023
47a3b0-NOZ548-12-11-18-49,331.22574
47a3b0-NOZ54Z-11-11-12-38,317.59756
47a3b0-NOZ553-12-11-20-03,280.2814
47a3b0-NOZ55J-11-29-18-33,348.81302
47a3b0-NOZ55J-12-02-18-44,357.8801
47a3b0-NOZ60M-11-11-15-29,312.21286
47a3b0-NOZ639-12-23-17-29,351.39813
47a3b0-NOZ6TM-11-16-18-47,326.93365
47a3b0-NOZ6TM-11-28-18-50,308.08603
47a3b0-NOZ6TM-11-30-18-47,312.70245
47a3b0-NOZ7C-11-25-08-44,329.18784
47a3b0-NOZ8ME-11-11-18-10,303.03018
47a3b0-NOZ9BH-11-28-15-39,321.06763
47a50d-NOZ142-11-27-13-53,287.76694
47a50d-NOZ143-11-27-14-46,327.46927
47a50d-NOZ144-12-27-15-52,279.48306
47a50d-NOZ144-12-28-15-53,253.57104
47a50d-NOZ144-12-30-15-54,246.1232
47a50d-NOZ145-12-27-17-10,266.34897
47a50d-NOZ145-12-28-16-56,254.123
47a50d-NOZ145-12-30-16-55,287.2235
47a50d-NOZ181-11-05-08-55,330.23758
47a50d-NOZ194-12-04-18-49,314.33917
47a50d-NOZ195-12-04-20-09,292.42267
47a50d-NOZ1BG-11-22-06-05,347.812
47a50d-NOZ1BG-11-25-06-17,401.83163
47a50d-NOZ1BG-12-09-06-26,408.47928
47a50d-NOZ1TT-12-09-14-39,330.97504
47a50d-NOZ270-11-09-07-26,300.4196
47a50d-NOZ276-12-04-13-42,255.23953
47a50d-NOZ276-12-19-16-54,262.99976
47a50d-NOZ277-12-04-14-44,267.45163
47a50d-NOZ277-12-19-18-14,307.88882
47a50d-NOZ2UC-12-04-16-07,311.8256
47a50d-NOZ2UC-12-06-16-40,291.69794
47a50d-NOZ2UC-12-20-16-18,289.78214
47a50d-NOZ346-11-25-14-41,352.12543
47a50d-NOZ346-12-25-14-55,319.57974
47a50d-NOZ347-11-25-16-30,455.08224
47a50d-NOZ347-12-25-16-51,322.064
47a50d-NOZ3VG-12-09-16-03,367.3515
47a50d-NOZ42U-12-15-07-12,307.95663
47a50d-NOZ50A-12-12-16-49,345.29956
47a50d-NOZ525-11-20-11-42,375.14938
47a50d-NOZ534-11-20-13-34,324.0005
47a50d-NOZ534-12-12-12-55,297.34875
47a50d-NOZ536-11-06-14-18,435.68814
47a50d-NOZ537-11-20-14-53,447.40518
47a50d-NOZ537-12-12-14-08,308.53915
47a50d-NOZ540-11-20-16-29,297.9936
47a50d-NOZ545-11-20-17-38,281.18164
47a50d-NOZ546-11-20-19-31,336.32263
47a50d-NOZ550-11-18-19-28,378.87875
47a50d-NOZ555-11-20-20-37,316.27597
47a50d-NOZ55J-12-12-18-35,356.0868
47a50d-NOZ56U-11-21-19-16,328.11636
47a50d-NOZ56U-11-24-19-12,327.08942
47a50d-NOZ5PR-11-17-16-07,343.14133
47a50d-NOZ628-12-09-17-40,295.0262
47a50d-NOZ639-12-04-17-25,281.9347
47a50d-NOZ639-12-06-17-48,362.78394
47a50d-NOZ639-12-20-17-41,337.79968
47a50d-NOZ639-12-22-18-07,318.21866
47a50d-NOZ645-12-09-18-53,292.17834
47a50d-NOZ66Y-12-18-18-24,317.92697
47a50d-NOZ7C-11-09-08-41,332.00104
47a50d-NOZ8ME-12-15-20-18,309.5502
47a50d-NOZ96F-12-15-22-32,292.31882
47a518-NOZ132-12-15-14-22,223.93524
47a518-NOZ133-12-15-15-15,216.0236
47a518-NOZ164-12-15-06-36,279.12054
47a518-NOZ1BG-11-14-06-16,346.19495
47a518-NOZ1BG-11-23-05-56,456.1372
47a518-NOZ1BG-12-17-07-08,367.43332
47a518-NOZ1TT-11-08-14-31,321.66754
47a518-NOZ1YA-12-16-17-45,323.07916
47a518-NOZ271-11-12-07-35,302.89972
47a518-NOZ271-11-18-06-28,287.7713
47a518-NOZ276-12-08-16-16,280.878
47a518-NOZ277-12-08-17-38,294.57834
47a518-NOZ278-11-11-18-57,289.4359
47a518-NOZ278-11-17-19-18,259.73364
47a518-NOZ2BE-11-01-12-36,307.37012
47a518-NOZ2DC-12-12-05-59,242.92241
47a518-NOZ2DC-12-16-06-11,354.47653
47a518-NOZ2DC-12-21-05-58,282.85574
47a518-NOZ2UC-11-09-16-06,328.67947
47a518-NOZ2UC-12-28-16-10,311.6921
47a518-NOZ345-11-18-09-44,345.62408
47a518-NOZ3JE-12-12-07-01,223.53134
47a518-NOZ3JE-12-16-08-34,274.59186
47a518-NOZ3JE-12-21-06-52,266.06247
47a518-NOZ4RZ-11-18-07-53,335.44604
47a518-NOZ50A-11-18-16-41,322.9929
47a518-NOZ522-12-07-06-18,262.84894
47a518-NOZ525-12-07-07-35,280.5364
47a518-NOZ536-11-20-14-31,378.562
47a518-NOZ538-12-22-16-12,271.9581
47a518-NOZ540-11-22-16-32,256.89084
47a518-NOZ541-11-20-15-44,330.89426
47a518-NOZ543-12-22-17-34,362.53714
47a518-NOZ545-11-22-17-37,396.32288
47a518-NOZ55J-11-18-18-37,392.54193
47a518-NOZ56U-11-13-20-05,386.6541
47a518-NOZ56U-11-22-19-05,426.6089
47a518-NOZ56U-12-16-23-56,393.43674
47a518-NOZ5PY-11-08-16-00,333.23563
47a518-NOZ605-12-20-06-36,385.00787
47a518-NOZ605-12-22-06-39,328.0466
47a518-NOZ606-12-20-08-12,312.5622
47a518-NOZ607-11-15-07-18,303.8845
47a518-NOZ608-12-13-13-31,490.10196
47a518-NOZ611-12-13-12-01,280.94873
47a518-NOZ612-11-14-12-35,302.47913
47a518-NOZ620-12-21-15-47,314.3038
47a518-NOZ625-12-21-14-16,674.0869
47a518-NOZ626-11-14-16-46,305.46616
47a518-NOZ626-12-11-17-41,296.12286
47a518-NOZ626-12-12-17-01,292.18292
47a518-NOZ626-12-13-16-58,330.89124
47a518-NOZ626-12-20-17-07,303.92273
47a518-NOZ628-11-08-17-24,338.29987
47a518-NOZ631-11-14-15-27,369.08957
47a518-NOZ631-12-11-15-58,369.6486
47a518-NOZ631-12-12-15-31,422.8728
47a518-NOZ631-12-13-15-26,340.7755
47a518-NOZ631-12-20-15-27,390.44034
47a518-NOZ632-12-21-19-02,295.82663
47a518-NOZ634-12-11-20-12,300.05725
47a518-NOZ637-12-21-17-06,332.6985
47a518-NOZ638-12-19-20-20,275.91302
47a518-NOZ639-11-09-17-23,310.02673
47a518-NOZ639-12-28-17-30,339.5229
47a518-NOZ639-12-29-19-14,316.58997
47a518-NOZ643-12-11-18-56,281.85834
47a518-NOZ645-11-08-18-44,297.11334
47a518-NOZ6TC-11-01-17-09,322.1417
47a531-NOZ132-12-13-14-31,240.317
47a531-NOZ133-11-06-15-50,259.6732
47a531-NOZ133-12-13-15-33,246.83472
47a531-NOZ134-11-06-17-05,250.0737
47a531-NOZ140-12-07-07-22,233.88882
47a531-NOZ140-12-15-07-28,229.75436
47a531-NOZ141-12-07-08-15,330.5489
47a531-NOZ141-12-15-08-25,247.30597
47a531-NOZ144-12-07-16-28,212.41147
47a531-NOZ144-12-16-16-10,294.91565
47a531-NOZ144-12-19-15-52,256.34888
47a531-NOZ145-12-07-17-28,237.54338
47a531-NOZ145-12-16-17-19,258.57327
47a531-NOZ145-12-19-16-52,305.51685
47a531-NOZ181-12-02-06-05,319.25305
47a531-NOZ182-12-02-07-43,331.3907
47a531-NOZ183-12-02-09-09,427.75632
47a531-NOZ1TT-12-11-15-27,289.49017
47a531-NOZ276-11-13-13-22,289.08173
47a531-NOZ277-11-13-14-39,279.69266
47a531-NOZ2GH-12-25-14-58,310.99374
47a531-NOZ3VG-12-11-16-42,290.58746
47a531-NOZ4HF-12-12-07-07,283.92123
47a531-NOZ521-11-07-05-32,389.1172
47a531-NOZ521-11-09-05-29,290.7205
47a531-NOZ521-11-10-05-29,361.8905
47a531-NOZ521-11-17-05-29,303.09882
47a531-NOZ523-11-08-06-33,311.75943
47a531-NOZ523-11-11-06-28,337.29056
47a531-NOZ523-11-12-06-00,328.8019
47a531-NOZ523-11-13-06-30,270.64053
47a531-NOZ523-11-19-06-01,324.8577
47a531-NOZ523-11-21-06-52,421.71597
47a531-NOZ523-11-22-06-25,357.71494
47a531-NOZ523-11-23-06-29,396.19836
47a531-NOZ523-11-24-06-34,435.24564
47a531-NOZ523-11-25-06-49,448.4295
47a531-NOZ523-11-27-06-29,310.08514
47a531-NOZ524-11-07-07-07,348.98172
47a531-NOZ524-11-09-06-59,305.6347
47a531-NOZ524-11-10-06-59,356.76016
47a531-NOZ524-11-12-07-21,323.73502
47a531-NOZ524-11-19-07-22,308.00525
47a531-NOZ526-11-08-08-04,395.4615
47a531-NOZ526-11-11-08-00,538.9325
47a531-NOZ526-11-21-08-29,289.83728
47a531-NOZ526-11-22-08-14,301.95862
47a531-NOZ526-11-23-08-45,339.71317
47a531-NOZ526-11-24-08-23,303.99796
47a531-NOZ530-11-20-09-26,384.63922
47a531-NOZ531-11-12-08-37,369.83832
47a531-NOZ531-11-19-08-37,309.0405
47a531-NOZ531-11-20-08-00,390.12582
47a531-NOZ532-11-08-10-59,307.22272
47a531-NOZ532-11-11-11-04,402.1575
47a531-NOZ532-11-12-10-08,303.55615
47a531-NOZ532-11-19-10-06,317.7648
47a531-NOZ532-11-20-12-25,355.55777
47a531-NOZ532-11-21-11-12,315.54614
47a531-NOZ532-11-22-11-12,307.45175
47a531-NOZ532-11-23-11-10,312.1514
47a531-NOZ532-11-24-11-11,317.92987
47a531-NOZ532-11-25-11-14,294.77884
47a531-NOZ535-11-08-12-27,283.40726
47a531-NOZ535-11-11-12-31,382.31366
47a531-NOZ535-11-20-13-37,288.50034
47a531-NOZ535-11-21-12-35,280.2289
47a531-NOZ535-11-22-12-29,307.32306
47a531-NOZ535-11-23-12-30,307.622
47a531-NOZ535-11-24-12-34,301.93887
47a531-NOZ535-11-25-12-32,328.20135
47a531-NOZ536-11-08-14-15,352.78726
47a531-NOZ536-11-11-14-14,603.3956
47a531-NOZ536-11-16-14-59,313.2636
47a531-NOZ536-11-21-14-17,305.3687
47a531-NOZ536-11-22-14-23,317.4483
47a531-NOZ536-11-23-14-32,295.03717
47a531-NOZ536-11-24-14-29,296.1494
47a531-NOZ536-11-25-14-26,410.29276
47a531-NOZ538-11-18-15-22,313.59927
47a531-NOZ538-11-20-15-15,312.2538
47a531-NOZ541-11-08-15-42,377.3423
47a531-NOZ541-11-11-15-48,454.12302
47a531-NOZ541-11-16-16-31,349.18396
47a531-NOZ541-11-21-15-38,411.4938
47a531-NOZ541-11-22-15-46,333.03833
47a531-NOZ541-11-23-15-45,315.38922
47a531-NOZ541-11-24-15-47,309.04462
47a531-NOZ541-11-25-15-55,360.62643
47a531-NOZ543-11-18-16-41,337.1269
47a531-NOZ543-11-20-16-39,313.85495
47a531-NOZ544-11-08-17-14,407.08722
47a531-NOZ544-11-11-17-20,373.98398
47a531-NOZ544-11-16-17-43,295.14877
47a531-NOZ544-11-20-18-25,299.19373
47a531-NOZ544-11-21-17-16,320.20807
47a531-NOZ544-11-22-17-51,290.64844
47a531-NOZ544-11-23-17-45,266.86957
47a531-NOZ544-11-24-17-14,402.84576
47a531-NOZ544-11-25-17-20,275.13055
47a531-NOZ545-12-30-17-52,354.95285
47a531-NOZ546-11-18-18-19,324.46756
47a531-NOZ547-11-16-18-53,292.1247
47a531-NOZ547-11-22-18-57,291.26874
47a531-NOZ547-11-23-18-51,289.28497
47a531-NOZ547-11-24-18-30,312.16284
47a531-NOZ549-11-20-19-45,346.95895
47a531-NOZ550-11-04-20-06,305.86362
47a531-NOZ550-11-16-20-15,271.98053
47a531-NOZ550-11-20-21-09,338.03442
47a531-NOZ550-11-22-20-25,311.2167
47a531-NOZ550-11-23-20-16,297.59033
47a531-NOZ550-11-24-20-12,338.4562
47a531-NOZ5AY-11-08-09-23,284.83453
47a531-NOZ5AY-11-11-09-18,330.33694
47a531-NOZ5AY-11-20-10-46,285.65796
47a531-NOZ5AY-11-21-09-32,272.92438
47a531-NOZ5AY-11-22-09-19,313.4695
47a531-NOZ5AY-11-23-09-52,294.9245
47a531-NOZ5AY-11-24-09-32,270.13898
47a531-NOZ5AY-11-25-09-49,328.24313
47a531-NOZ601-12-12-05-30,279.54425
47a531-NOZ602-11-15-06-15,365.2297
47a531-NOZ607-12-14-07-20,333.98312
47a531-NOZ608-12-12-09-57,271.66934
47a531-NOZ609-11-15-07-36,345.16522
47a531-NOZ611-12-12-08-31,378.06973
47a531-NOZ612-12-12-12-48,275.02744
47a531-NOZ617-12-12-11-17,334.89627
47a531-NOZ620-12-12-15-30,298.00214
47a531-NOZ620-12-23-15-39,262.49924
47a531-NOZ625-12-12-14-05,313.03992
47a531-NOZ628-12-11-18-00,301.4489
47a531-NOZ632-12-12-18-07,295.07672
47a531-NOZ632-12-23-18-47,266.24725
47a531-NOZ637-12-12-16-42,298.17767
47a531-NOZ637-12-23-16-48,417.3426
47a531-NOZ638-12-11-20-50,297.46463
47a531-NOZ645-12-11-19-22,326.7122
47a531-NOZ64N-12-06-17-24,314.30334
47a531-NOZ6TM-12-30-19-25,283.97363
47a7a8-NOZ181-12-15-06-30,363.00507
47a7a8-NOZ182-12-15-07-43,321.0278
47a7a8-NOZ182-12-28-07-45,295.7227
47a7a8-NOZ183-12-15-09-00,316.80243
47a7a8-NOZ183-12-28-09-08,293.17142
47a7a8-NOZ270-11-03-07-29,344.62894
47a7a8-NOZ271-11-03-06-08,328.81146
47a7a8-NOZ276-11-07-16-03,274.83066
47a7a8-NOZ276-12-21-16-31,267.21884
47a7a8-NOZ277-11-07-17-22,301.74905
47a7a8-NOZ277-12-21-17-52,420.8032
47a7a8-NOZ278-11-02-19-06,281.38162
47a7a8-NOZ2DC-11-28-06-09,211.14282
47a7a8-NOZ2DC-12-30-06-12,300.08514
47a7a8-NOZ2GH-11-27-15-39,332.02542
47a7a8-NOZ2KT-11-02-16-12,306.09268
47a7a8-NOZ2UC-11-03-16-02,449.37326
47a7a8-NOZ2UC-11-11-16-04,347.82312
47a7a8-NOZ345-11-05-11-21,344.92847
47a7a8-NOZ345-11-10-09-47,340.4877
47a7a8-NOZ346-11-16-14-35,335.2345
47a7a8-NOZ346-11-17-14-39,350.73322
47a7a8-NOZ347-11-16-16-36,436.35263
47a7a8-NOZ347-11-17-16-33,346.44513
47a7a8-NOZ3JE-11-28-06-57,215.96046
47a7a8-NOZ3JE-12-30-07-05,304.31937
47a7a8-NOZ4HF-11-25-07-04,291.86017
47a7a8-NOZ4HF-11-30-07-02,256.6512
47a7a8-NOZ4HF-12-01-06-58,260.5921
47a7a8-NOZ4HF-12-02-07-06,335.15298
47a7a8-NOZ4RZ-11-05-09-28,338.93927
47a7a8-NOZ4RZ-11-10-07-42,333.13235
47a7a8-NOZ50A-11-09-16-36,322.8217
47a7a8-NOZ50A-11-14-16-36,353.93674
47a7a8-NOZ523-12-12-06-36,438.3645
47a7a8-NOZ526-12-12-08-03,353.508
47a7a8-NOZ526-12-13-07-57,322.94855
47a7a8-NOZ530-12-11-10-04,348.8578
47a7a8-NOZ531-12-11-08-48,276.66476
47a7a8-NOZ532-12-11-13-18,309.96985
47a7a8-NOZ532-12-12-11-20,444.94278
47a7a8-NOZ535-12-11-14-29,412.41962
47a7a8-NOZ535-12-12-12-35,306.3837
47a7a8-NOZ536-12-12-14-23,323.26776
47a7a8-NOZ538-12-09-15-28,383.0609
47a7a8-NOZ538-12-11-16-04,367.307
47a7a8-NOZ541-12-12-15-54,473.1892
47a7a8-NOZ543-12-09-16-46,365.51422
47a7a8-NOZ543-12-11-17-22,293.75467
47a7a8-NOZ544-11-03-18-47,340.53543
47a7a8-NOZ544-12-11-18-47,310.82532
47a7a8-NOZ544-12-12-17-17,337.3089
47a7a8-NOZ546-12-09-18-18,479.0228
47a7a8-NOZ547-11-03-19-57,332.059
47a7a8-NOZ548-11-06-18-32,294.1303
47a7a8-NOZ549-12-11-19-58,353.3713
47a7a8-NOZ550-12-11-21-12,299.10956
47a7a8-NOZ553-11-06-19-56,378.00067
47a7a8-NOZ55J-11-09-18-39,320.835
47a7a8-NOZ55J-11-14-18-34,313.30814
47a7a8-NOZ5AY-12-11-11-26,318.939
47a7a8-NOZ5AY-12-12-09-20,309.05643
47a7a8-NOZ5AY-12-13-09-17,285.0128
47a7a8-NOZ601-11-25-05-37,347.70972
47a7a8-NOZ601-11-30-05-37,347.56317
47a7a8-NOZ601-12-01-05-35,329.83563
47a7a8-NOZ601-12-02-05-31,348.77063
47a7a8-NOZ605-11-29-06-34,329.64633
47a7a8-NOZ605-12-29-06-30,284.4979
47a7a8-NOZ606-11-29-07-56,495.31598
47a7a8-NOZ606-12-29-08-45,336.01373
47a7a8-NOZ608-11-25-09-58,278.25412
47a7a8-NOZ608-12-01-09-46,285.66193
47a7a8-NOZ608-12-02-10-17,304.8034
47a7a8-NOZ611-11-25-08-30,315.85336
47a7a8-NOZ611-12-01-08-21,323.6347
47a7a8-NOZ611-12-02-08-32,384.50076
47a7a8-NOZ612-11-25-12-40,307.7642
47a7a8-NOZ612-11-30-12-18,276.53394
47a7a8-NOZ612-12-01-12-41,284.1496
47a7a8-NOZ612-12-02-12-47,250.02744
47a7a8-NOZ612-12-28-13-11,284.0843
47a7a8-NOZ614-12-04-14-00,286.87228
47a7a8-NOZ617-11-25-11-13,324.67944
47a7a8-NOZ617-11-30-10-55,360.26962
47a7a8-NOZ617-12-01-11-08,349.96875
47a7a8-NOZ617-12-02-11-26,368.6873
47a7a8-NOZ620-11-24-15-57,272.08923
47a7a8-NOZ620-11-25-15-26,369.2274
47a7a8-NOZ620-11-30-15-29,381.19452
47a7a8-NOZ620-12-01-15-29,305.91364
47a7a8-NOZ620-12-02-15-36,291.17487
47a7a8-NOZ620-12-28-16-20,331.57086
47a7a8-NOZ623-12-04-12-31,358.23813
47a7a8-NOZ624-11-27-16-54,304.77737
47a7a8-NOZ625-11-25-14-06,339.5726
47a7a8-NOZ625-12-01-14-03,324.8716
47a7a8-NOZ625-12-02-14-08,332.3381
47a7a8-NOZ625-12-28-14-41,373.3324
47a7a8-NOZ626-11-28-16-44,299.0233
47a7a8-NOZ626-11-29-16-55,312.13205
47a7a8-NOZ626-12-04-17-03,311.61707
47a7a8-NOZ626-12-29-17-15,296.03546
47a7a8-NOZ631-11-28-15-24,329.88345
47a7a8-NOZ631-11-29-15-27,313.85
47a7a8-NOZ631-12-04-15-32,302.84888
47a7a8-NOZ631-12-29-15-22,451.36188
47a7a8-NOZ632-11-24-18-41,294.36377
47a7a8-NOZ632-11-25-18-12,320.20624
47a7a8-NOZ632-11-30-18-03,302.0538
47a7a8-NOZ632-12-02-18-11,293.9413
47a7a8-NOZ637-11-24-17-10,313.53815
47a7a8-NOZ637-11-25-16-46,342.00244
47a7a8-NOZ637-11-30-16-46,412.54117
47a7a8-NOZ637-12-01-16-42,348.1892
47a7a8-NOZ637-12-02-16-53,360.1561
47a7a8-NOZ639-11-03-17-28,291.04492
47a7a8-NOZ639-11-11-17-38,355.34558
47a7a8-NOZ643-12-04-18-17,322.89664
47a7a8-NOZ6TM-12-14-18-45,317.3251
47a7a8-NOZ7C-11-03-08-44,379.69516
4aca0a-NOZ181-12-19-06-08,351.88306
4aca0a-NOZ276-12-22-16-53,245.3627
4aca0a-NOZ277-12-22-18-16,334.96863
4aca0a-NOZ538-12-29-16-10,290.4355
4aca0a-NOZ543-12-29-17-34,320.52045
4aca0a-NOZ546-12-29-19-16,304.6443
4aca0a-NOZ549-12-29-20-31,376.77448
4aca0a-NOZ6TM-12-18-20-20,323.21014
4aca42-NOZ1YA-12-17-13-01,319.6267
4aca42-NOZ639-12-19-17-41,365.01678
4aca46-NOZ345-11-29-09-30,350.5279
4aca46-NOZ346-11-28-14-42,356.32544
4aca46-NOZ347-11-28-16-40,304.90326
4aca46-NOZ4RZ-11-29-07-30,358.87192
4aca46-NOZ538-12-01-15-35,330.48538
4aca46-NOZ549-12-01-16-57,328.8193
4aca46-NOZ602-12-01-06-06,311.33664
4aca46-NOZ609-11-28-07-29,297.208
4aca46-NOZ609-12-01-07-29,340.17984
4aca47-NOZ270-11-04-07-25,275.2401
4aca47-NOZ271-11-05-07-46,291.09296
4aca47-NOZ271-11-09-06-13,349.75772
4aca47-NOZ278-11-04-18-55,272.57257
4aca47-NOZ278-11-08-18-52,266.61658
4aca47-NOZ7C-11-04-08-45,344.5553
4aca4a-NOZ2UC-11-16-16-01,298.2798
4aca4a-NOZ639-11-16-17-20,373.9148
4aca4e-NOZ194-11-13-18-54,322.33484
4aca4e-NOZ195-11-13-20-18,323.2758
4aca4e-NOZ1BG-11-07-05-59,353.68115
4aca4e-NOZ271-11-04-06-14,348.42572
4aca4e-NOZ278-11-03-18-59,284.23767
4aca4e-NOZ2UC-11-13-16-04,294.52792
4aca4e-NOZ345-11-24-09-53,366.17468
4aca4e-NOZ4RZ-11-24-08-12,305.2952
4aca4e-NOZ538-11-17-15-22,321.53842
4aca4e-NOZ540-11-03-16-17,335.44333
4aca4e-NOZ543-11-17-16-46,313.69397
4aca4e-NOZ545-11-03-17-35,384.23776
4aca4e-NOZ546-11-17-18-24,302.71
4aca4e-NOZ549-11-17-19-43,267.5464
4aca4e-NOZ56U-11-06-19-59,379.16757
4aca4e-NOZ639-11-13-17-28,332.87894
4aca4f-NOZ191-12-16-19-50,374.1495
4aca4f-NOZ346-12-18-14-54,334.02246
4aca4f-NOZ347-12-18-17-50,431.55594
4aca4f-NOZ40T-12-16-06-13,316.045
4aca4f-NOZ534-12-11-13-35,288.2304
4aca4f-NOZ537-12-11-15-01,302.2757
4aca4f-NOZ540-12-11-16-24,288.4214
4aca4f-NOZ545-12-11-17-37,346.92783
4aca4f-NOZ546-12-11-19-11,301.5517
4aca4f-NOZ555-12-11-20-31,320.45184
4aca4f-NOZ9BH-12-16-17-59,348.90137
