flight_id,pred_physics_landing
4784c2-NOZ191-11-01-17-02,7.742934
4784c2-NOZ191-11-13-13-36,7.7389927
4784c2-NOZ191-11-29-17-09,7.752538
4784c2-NOZ270-11-14-07-26,8.594232
4784c2-NOZ270-11-30-07-26,8.829896
4784c2-NOZ270-12-02-07-24,8.528954
4784c2-NOZ271-11-14-06-15,8.092753
4784c2-NOZ271-12-02-06-14,8.423577
4784c2-NOZ271-12-03-07-52,7.8230186
4784c2-NOZ278-12-02-19-03,7.5373297
4784c2-NOZ2UC-11-07-16-07,8.735733
4784c2-NOZ2UC-11-08-16-03,7.911677
4784c2-NOZ345-11-12-11-17,8.398262
4784c2-NOZ345-11-26-11-13,7.711984
4784c2-NOZ346-11-27-14-53,9.225278
4784c2-NOZ347-11-27-16-44,8.184955
4784c2-NOZ4RZ-11-12-09-18,10.03101
4784c2-NOZ4RZ-11-26-09-20,9.368191
4784c2-NOZ50A-11-03-16-50,9.409874
4784c2-NOZ522-11-28-06-12,7.6105666
4784c2-NOZ525-11-28-07-26,7.8077497
4784c2-NOZ540-12-01-16-18,7.264855
4784c2-NOZ546-11-01-18-20,7.2708006
4784c2-NOZ549-11-01-19-33,9.852938
4784c2-NOZ55J-11-03-18-43,7.9084253
4784c2-NOZ605-11-15-06-32,7.915341
4784c2-NOZ605-12-28-06-33,8.483472
4784c2-NOZ606-11-15-08-02,8.05137
4784c2-NOZ607-11-01-07-02,7.9307714
4784c2-NOZ612-12-27-14-55,8.519641
4784c2-NOZ617-12-27-13-18,9.374509
4784c2-NOZ620-12-27-18-47,8.784712
4784c2-NOZ625-12-27-17-17,8.431636
4784c2-NOZ626-12-22-17-24,7.897225
4784c2-NOZ631-11-15-15-28,8.626122
4784c2-NOZ631-12-22-15-22,8.015126
4784c2-NOZ638-11-14-20-08,7.4910336
4784c2-NOZ638-12-21-20-17,7.451249
4784c2-NOZ639-11-07-17-22,7.806668
4784c2-NOZ639-11-08-17-27,8.352181
4784c2-NOZ7C-11-14-08-44,7.860847
4784c2-NOZ7C-12-02-08-42,8.285507
4784c2-NOZ8C-11-13-21-07,8.504265
4784c2-NOZ9BH-11-01-15-38,8.057283
4784c2-NOZ9BH-11-13-12-09,9.968151
4784c2-NOZ9BH-11-29-15-45,10.132395
47873f-NOZ181-12-31-09-25,7.5175896
47873f-NOZ191-12-28-17-25,7.6054316
47873f-NOZ538-12-21-15-53,7.5069985
47873f-NOZ543-12-21-17-15,9.075322
47873f-NOZ9BH-12-28-15-59,9.712413
478741-NOZ181-11-12-08-54,7.655624
478741-NOZ181-11-23-06-07,8.485392
478741-NOZ182-11-12-07-29,9.806819
478741-NOZ183-11-23-09-32,8.34229
478741-NOZ1BG-11-11-06-13,7.778603
478741-NOZ1BG-12-23-10-02,7.416974
478741-NOZ1TT-11-06-14-35,8.274159
478741-NOZ1TT-11-18-14-47,7.5704236
478741-NOZ1TT-12-20-14-32,8.53035
478741-NOZ276-11-21-16-07,9.553288
478741-NOZ276-11-22-16-43,9.908961
478741-NOZ277-11-21-18-11,8.739749
478741-NOZ277-11-22-18-17,8.112623
478741-NOZ345-11-04-09-43,7.675357
478741-NOZ346-12-21-15-24,8.778141
478741-NOZ347-12-21-17-22,8.442528
478741-NOZ3VG-12-20-16-02,7.8371797
478741-NOZ4HF-11-09-07-03,8.418209
478741-NOZ4RZ-11-04-07-46,9.242591
478741-NOZ50A-11-04-16-47,9.2198105
478741-NOZ523-11-01-06-30,7.655624
478741-NOZ523-11-02-06-31,7.9805117
478741-NOZ523-12-15-06-54,7.7149444
478741-NOZ526-11-01-08-06,7.4088645
478741-NOZ526-11-02-08-01,7.2818475
478741-NOZ526-12-15-08-18,7.8221474
478741-NOZ530-11-14-09-50,7.795366
478741-NOZ531-11-14-11-12,8.00255
478741-NOZ532-11-01-11-02,8.125279
478741-NOZ532-11-02-10-59,7.744554
478741-NOZ534-11-14-12-41,9.467537
478741-NOZ535-11-01-12-31,7.70655
478741-NOZ535-11-02-12-29,7.805232
478741-NOZ536-11-01-14-11,7.886601
478741-NOZ536-11-02-14-14,7.7923656
478741-NOZ537-11-14-13-58,7.684218
478741-NOZ537-12-18-14-56,8.098985
478741-NOZ538-11-14-15-19,8.51858
478741-NOZ538-12-16-15-37,7.7828226
478741-NOZ538-12-27-16-00,7.26603
478741-NOZ540-12-18-16-22,7.786443
478741-NOZ541-11-01-15-46,7.804018
478741-NOZ541-11-02-15-38,7.905012
478741-NOZ543-12-16-18-03,8.894266
478741-NOZ543-12-27-17-18,8.047939
478741-NOZ544-11-01-17-11,8.076086
478741-NOZ544-11-02-17-10,8.621702
478741-NOZ545-12-18-17-59,7.667666
478741-NOZ546-11-14-18-10,8.332704
478741-NOZ546-12-16-20-25,8.038779
478741-NOZ546-12-18-19-13,7.747449
478741-NOZ546-12-27-18-43,7.4392204
478741-NOZ547-11-01-18-24,8.248277
478741-NOZ547-11-02-18-24,8.143988
478741-NOZ549-11-14-19-25,7.732042
478741-NOZ549-12-27-19-54,9.475542
478741-NOZ550-11-01-19-53,7.8097973
478741-NOZ550-12-14-20-21,7.2883825
478741-NOZ55J-11-04-18-38,7.7731686
478741-NOZ56U-11-10-18-52,9.161761
478741-NOZ56U-12-22-20-29,10.018647
478741-NOZ5AY-11-01-09-21,7.671164
478741-NOZ5AY-11-02-09-34,8.013246
478741-NOZ5AY-12-15-09-30,8.158432
478741-NOZ5PY-11-06-16-03,7.9895835
478741-NOZ5PY-11-18-16-23,7.8561673
478741-NOZ601-11-07-05-45,8.246983
478741-NOZ601-11-09-05-35,8.066719
478741-NOZ602-11-08-06-06,9.276308
478741-NOZ607-11-10-07-01,8.208849
478741-NOZ608-11-07-09-47,7.7037797
478741-NOZ608-11-09-09-45,8.377972
478741-NOZ609-11-08-07-27,8.5656
478741-NOZ611-11-07-08-26,7.8567495
478741-NOZ611-11-09-08-30,7.539907
478741-NOZ612-11-07-12-35,8.112678
478741-NOZ612-11-09-12-26,8.586394
478741-NOZ617-11-07-11-01,7.7780166
478741-NOZ617-11-09-11-04,7.527034
478741-NOZ620-11-09-15-20,8.806836
478741-NOZ625-11-07-14-08,7.8431582
478741-NOZ625-11-09-13-59,8.008802
478741-NOZ628-11-06-17-28,8.636785
478741-NOZ628-11-18-18-08,8.148135
478741-NOZ632-11-09-18-00,8.828244
478741-NOZ637-11-09-16-42,8.01723
478741-NOZ638-11-06-20-18,8.402062
478741-NOZ638-11-08-20-09,8.063985
478741-NOZ645-11-06-18-48,7.835284
478741-NOZ645-11-18-20-23,8.105815
478741-NOZ6CF-11-03-08-05,11.682272
478741-NOZ6TM-11-22-19-40,9.223765
478741-NOZ8920-12-28-06-34,8.11161
478742-NOZ133-12-18-15-53,8.034773
478742-NOZ134-12-18-16-55,7.764941
478742-NOZ144-11-21-15-47,8.2149105
478742-NOZ145-11-21-16-51,7.961719
478742-NOZ182-11-30-07-39,7.804542
478742-NOZ191-11-18-17-55,8.82893
478742-NOZ191-12-30-17-23,7.7881875
478742-NOZ1BG-12-07-06-35,8.128496
478742-NOZ1BG-12-16-06-25,8.752793
478742-NOZ1BG-12-27-06-15,7.9005647
478742-NOZ1TT-12-16-16-22,8.369779
478742-NOZ1TT-12-21-14-48,8.441971
478742-NOZ270-12-30-07-27,10.894767
478742-NOZ271-12-10-07-32,8.496541
478742-NOZ276-11-29-15-51,8.982405
478742-NOZ277-11-29-17-09,8.1566105
478742-NOZ278-12-09-19-00,7.7601376
478742-NOZ2DC-11-11-06-06,8.443352
478742-NOZ2DC-11-14-05-58,7.68798
478742-NOZ2DC-11-15-06-02,7.701834
478742-NOZ346-12-11-14-41,8.738324
478742-NOZ347-12-11-16-32,8.245762
478742-NOZ3JE-11-11-06-55,8.0996275
478742-NOZ3JE-11-15-06-57,7.931317
478742-NOZ3VG-12-21-16-18,8.42939
478742-NOZ50A-11-22-17-34,9.082521
478742-NOZ50A-12-22-17-29,10.575546
478742-NOZ522-11-17-06-10,7.5605645
478742-NOZ524-12-02-07-07,8.059804
478742-NOZ524-12-17-08-41,7.7939606
478742-NOZ525-11-17-07-25,7.8966284
478742-NOZ525-12-04-11-30,7.7803545
478742-NOZ530-11-29-09-52,7.248808
478742-NOZ531-11-29-11-06,8.216329
478742-NOZ531-12-17-10-15,8.389221
478742-NOZ532-12-17-12-13,7.5168943
478742-NOZ534-11-29-12-36,7.581985
478742-NOZ534-12-04-13-25,7.9040236
478742-NOZ534-12-09-13-30,7.966702
478742-NOZ537-11-29-13-58,7.4559755
478742-NOZ537-12-04-14-45,8.507959
478742-NOZ537-12-09-14-40,7.8682146
478742-NOZ537-12-20-14-13,8.567444
478742-NOZ540-11-17-16-15,8.2740755
478742-NOZ540-12-04-16-20,7.6553874
478742-NOZ540-12-06-16-19,7.688674
478742-NOZ540-12-29-18-41,7.660552
478742-NOZ545-11-17-17-42,7.700742
478742-NOZ545-12-04-17-34,7.890556
478742-NOZ545-12-06-17-35,7.966356
478742-NOZ545-12-29-19-51,8.008786
478742-NOZ546-12-04-18-58,7.2976975
478742-NOZ555-12-04-20-30,7.4539394
478742-NOZ55J-11-22-19-16,7.773754
478742-NOZ55J-12-22-19-30,9.830015
478742-NOZ56U-12-06-19-08,10.460977
478742-NOZ56U-12-15-20-11,10.214264
478742-NOZ56U-12-26-23-04,9.608008
478742-NOZ607-11-16-06-59,8.208781
478742-NOZ608-11-13-09-56,8.907666
478742-NOZ611-11-13-08-28,7.8785386
478742-NOZ617-11-13-11-14,7.813808
478742-NOZ620-11-13-15-29,8.179802
478742-NOZ625-11-13-14-00,7.8724723
478742-NOZ628-12-16-20-11,7.462272
478742-NOZ628-12-21-17-45,8.49651
478742-NOZ632-11-13-18-15,7.7536893
478742-NOZ637-11-13-16-52,7.883935
478742-NOZ638-11-10-20-24,7.9073324
478742-NOZ645-12-16-21-30,7.8398557
478742-NOZ645-12-21-19-15,7.849794
478742-NOZ647-11-13-19-36,8.496002
478742-NOZ648-11-13-20-58,7.570808
478742-NOZ6TM-11-29-18-46,9.733597
478742-NOZ7C-12-30-08-36,7.8598504
478742-NOZ9BH-11-18-16-32,9.900634
478742-NOZ9BH-12-30-15-48,9.395444
47875a-NOZ181-12-07-06-10,7.8158693
47875a-NOZ181-12-14-06-41,7.845047
47875a-NOZ182-12-14-08-07,11.108476
47875a-NOZ183-12-07-08-44,8.115111
47875a-NOZ183-12-14-09-21,8.051576
47875a-NOZ191-11-25-17-31,7.886391
47875a-NOZ191-12-07-17-06,8.684749
47875a-NOZ1TT-11-23-14-58,8.677636
47875a-NOZ1TT-12-02-14-51,8.286882
47875a-NOZ1YA-12-15-14-41,8.459696
47875a-NOZ270-11-11-07-19,10.6391535
47875a-NOZ270-11-23-08-11,7.4234533
47875a-NOZ270-12-16-08-06,9.340427
47875a-NOZ271-11-11-06-07,7.9266243
47875a-NOZ271-12-16-06-19,8.122069
47875a-NOZ276-12-12-15-58,7.4509416
47875a-NOZ276-12-13-16-21,7.479068
47875a-NOZ277-12-06-17-34,8.434352
47875a-NOZ277-12-12-17-22,8.779457
47875a-NOZ277-12-13-18-13,8.067882
47875a-NOZ278-11-10-18-57,11.954351
47875a-NOZ278-12-15-19-48,7.701435
47875a-NOZ2UC-11-15-16-06,8.079702
47875a-NOZ2UC-11-21-16-17,8.738387
47875a-NOZ2UC-11-28-16-11,8.126966
47875a-NOZ345-12-10-11-30,7.9060965
47875a-NOZ345-12-15-10-31,7.3863254
47875a-NOZ346-12-01-14-44,9.124855
47875a-NOZ347-12-01-16-37,7.838151
47875a-NOZ40A-12-15-13-29,8.228563
47875a-NOZ4RZ-12-10-09-40,8.923468
47875a-NOZ4RZ-12-15-07-54,9.918691
47875a-NOZ50A-12-14-17-07,9.400991
47875a-NOZ522-11-24-06-18,7.489039
47875a-NOZ525-11-24-07-29,8.636785
47875a-NOZ538-11-02-15-19,7.8528624
47875a-NOZ538-12-05-16-27,9.319567
47875a-NOZ540-11-10-16-23,8.448373
47875a-NOZ540-12-15-16-10,7.4202027
47875a-NOZ543-11-02-16-34,7.7933993
47875a-NOZ543-12-05-17-40,7.4480367
47875a-NOZ545-11-10-17-43,7.996287
47875a-NOZ545-12-15-17-22,7.700554
47875a-NOZ546-11-02-18-10,7.881188
47875a-NOZ546-12-05-19-04,7.805441
47875a-NOZ549-11-02-19-21,7.738954
47875a-NOZ549-12-05-20-17,7.756192
47875a-NOZ55J-12-14-18-57,7.6104736
47875a-NOZ58Z-11-11-14-33,9.232627
47875a-NOZ5PY-11-23-16-14,8.082964
47875a-NOZ5PY-12-02-16-12,8.626122
47875a-NOZ602-11-03-06-06,12.461717
47875a-NOZ609-11-03-07-31,8.318629
47875a-NOZ628-11-23-18-02,7.940255
47875a-NOZ628-12-02-17-45,8.484894
47875a-NOZ639-11-15-17-22,7.8131227
47875a-NOZ639-11-21-17-27,8.366361
47875a-NOZ639-11-28-17-22,8.454879
47875a-NOZ645-11-23-19-08,8.243269
47875a-NOZ645-12-02-18-54,7.8219295
47875a-NOZ7C-11-11-08-44,7.9163017
47875a-NOZ9BH-11-25-15-35,9.8876
47875a-NOZ9BH-12-07-15-46,9.8015785
47875a-NOZ9PL-11-17-07-33,8.7923155
47875c-NOZ132-11-01-13-55,8.225138
47875c-NOZ132-11-10-14-02,8.142162
47875c-NOZ133-11-10-15-08,8.964448
47875c-NOZ140-12-05-07-12,7.5352235
47875c-NOZ140-12-19-07-25,8.15446
47875c-NOZ141-12-05-08-04,8.072058
47875c-NOZ141-12-19-08-20,9.265839
47875c-NOZ142-12-18-14-10,7.8242707
47875c-NOZ143-12-18-15-15,8.731163
47875c-NOZ144-12-08-15-16,7.8119493
47875c-NOZ181-11-28-05-59,8.186861
47875c-NOZ181-12-10-09-02,7.8704157
47875c-NOZ182-11-28-07-41,10.240606
47875c-NOZ182-12-10-07-49,10.1900015
47875c-NOZ183-11-28-08-56,7.900349
47875c-NOZ191-11-30-16-56,7.6430197
47875c-NOZ191-12-13-17-22,7.8140574
47875c-NOZ191-12-15-17-06,7.833927
47875c-NOZ1BG-12-15-07-11,7.915752
47875c-NOZ1YA-12-10-13-12,8.114184
47875c-NOZ2DC-11-03-06-03,7.9657235
47875c-NOZ2DC-11-04-05-59,7.5170703
47875c-NOZ2DC-11-07-06-03,7.917233
47875c-NOZ2DC-11-09-06-02,7.754007
47875c-NOZ2DC-11-16-06-05,9.944395
47875c-NOZ2DC-11-21-06-00,7.436395
47875c-NOZ2DC-11-22-06-01,8.422383
47875c-NOZ2DC-11-23-05-57,8.147694
47875c-NOZ2DC-11-24-06-07,8.944127
47875c-NOZ2GH-11-06-14-59,7.934535
47875c-NOZ345-12-03-11-23,8.43094
47875c-NOZ3JE-11-02-07-00,7.439956
47875c-NOZ3JE-11-03-06-52,8.686917
47875c-NOZ3JE-11-04-07-04,8.038043
47875c-NOZ3JE-11-07-08-10,8.6046295
47875c-NOZ3JE-11-09-07-01,8.480762
47875c-NOZ3JE-11-16-07-10,7.490343
47875c-NOZ3JE-11-21-07-04,7.941317
47875c-NOZ3JE-11-22-06-56,7.472601
47875c-NOZ3JE-11-23-06-55,7.8749747
47875c-NOZ3JE-11-24-07-05,8.695042
47875c-NOZ40A-12-10-11-13,8.153226
47875c-NOZ4HF-11-08-06-59,8.090733
47875c-NOZ4HF-11-10-07-03,8.982367
47875c-NOZ4RZ-12-03-09-20,11.830967
47875c-NOZ522-11-29-06-02,7.250972
47875c-NOZ522-12-12-06-12,7.923197
47875c-NOZ525-11-29-07-15,7.7734127
47875c-NOZ525-12-12-07-20,7.910545
47875c-NOZ530-12-14-09-58,7.41975
47875c-NOZ530-12-15-10-23,7.677154
47875c-NOZ531-12-14-11-06,7.910545
47875c-NOZ531-12-15-11-35,8.002666
47875c-NOZ534-12-14-12-43,8.333149
47875c-NOZ534-12-15-12-57,7.483816
47875c-NOZ537-12-14-13-53,8.762978
47875c-NOZ537-12-15-14-10,8.755262
47875c-NOZ538-12-30-15-16,7.591683
47875c-NOZ543-12-30-16-47,7.4033756
47875c-NOZ545-12-14-17-26,8.567984
47875c-NOZ546-12-30-18-13,7.7062354
47875c-NOZ56U-12-14-18-56,8.691263
47875c-NOZ601-11-08-05-36,8.317386
47875c-NOZ601-11-10-05-36,8.422121
47875c-NOZ607-11-11-07-08,7.983035
47875c-NOZ607-11-25-07-06,7.834991
47875c-NOZ608-11-08-09-39,8.528696
47875c-NOZ608-11-10-09-44,8.749904
47875c-NOZ60M-12-07-16-25,7.932209
47875c-NOZ611-11-08-08-24,8.57074
47875c-NOZ611-11-10-08-20,8.1665745
47875c-NOZ612-11-08-12-21,8.688756
47875c-NOZ612-11-10-12-27,8.37663
47875c-NOZ614-11-20-13-57,7.7415843
47875c-NOZ617-11-08-10-58,7.9228773
47875c-NOZ617-11-10-11-10,8.04215
47875c-NOZ620-11-08-15-22,8.109808
47875c-NOZ620-11-23-15-51,8.2925205
47875c-NOZ623-11-20-12-34,8.322102
47875c-NOZ624-11-06-16-21,7.7927985
47875c-NOZ625-11-08-13-56,7.9951878
47875c-NOZ625-11-23-14-03,7.8473363
47875c-NOZ626-11-02-16-45,8.009811
47875c-NOZ626-11-07-17-04,7.549093
47875c-NOZ626-11-09-16-42,8.238109
47875c-NOZ626-11-15-16-56,7.5332274
47875c-NOZ626-11-16-16-41,8.144313
47875c-NOZ626-11-18-17-13,7.565487
47875c-NOZ626-11-20-17-08,7.725107
47875c-NOZ631-11-02-15-23,7.990242
47875c-NOZ631-11-07-15-30,8.505766
47875c-NOZ631-11-09-15-23,7.8614473
47875c-NOZ631-11-16-15-24,7.9463825
47875c-NOZ631-11-18-15-40,8.636785
47875c-NOZ631-11-20-15-38,8.815885
47875c-NOZ632-11-08-18-00,8.688146
47875c-NOZ632-11-23-18-40,8.793875
47875c-NOZ634-11-20-20-06,8.433541
47875c-NOZ637-11-08-16-38,8.040811
47875c-NOZ637-11-23-17-03,8.431299
47875c-NOZ643-11-20-18-24,8.618398
47875c-NOZ64N-11-11-16-55,9.040681
47875c-NOZ6TM-11-27-20-11,9.754951
47875c-NOZ8820-11-17-13-44,9.351878
47875c-NOZ8821-11-17-16-52,8.658404
47875c-NOZ9BH-11-30-15-33,9.548967
47875c-NOZ9BH-12-15-15-40,10.170888
47875c-NOZ9WB-11-17-07-35,7.874492
47875c-NOZ9WB-11-18-07-29,7.5703883
478772-NOZ181-12-20-07-39,7.7152324
478772-NOZ191-11-04-17-33,8.169384
478772-NOZ191-11-17-16-57,7.645905
478772-NOZ191-12-08-17-41,8.448781
478772-NOZ191-12-19-18-25,7.961818
478772-NOZ191-12-20-17-20,7.688743
478772-NOZ194-11-06-19-12,8.596358
478772-NOZ195-11-06-20-33,7.655301
478772-NOZ1BG-11-15-06-20,7.819566
478772-NOZ1BG-11-17-06-06,7.8285236
478772-NOZ1BG-12-08-06-31,8.069629
478772-NOZ271-12-21-06-16,8.264228
478772-NOZ276-11-24-16-07,10.462399
478772-NOZ277-11-24-17-25,8.074598
478772-NOZ278-12-20-19-12,11.039442
478772-NOZ2BE-11-11-12-46,9.190616
478772-NOZ2DC-12-27-06-26,9.360548
478772-NOZ2UC-11-06-16-14,8.11853
478772-NOZ347-12-04-16-59,8.7226515
478772-NOZ3JE-12-27-08-06,8.494219
478772-NOZ4HF-11-24-07-12,8.25702
478772-NOZ50A-11-15-16-37,9.234894
478772-NOZ50A-11-21-16-40,10.219426
478772-NOZ50A-12-06-16-57,10.201898
478772-NOZ521-11-29-05-31,8.150556
478772-NOZ521-11-30-05-36,8.4482565
478772-NOZ521-12-01-05-26,8.632953
478772-NOZ521-12-02-05-28,7.6919913
478772-NOZ522-11-22-06-24,8.195971
478772-NOZ522-12-13-06-10,7.3634076
478772-NOZ523-11-26-06-03,7.583283
478772-NOZ523-11-28-06-30,8.098236
478772-NOZ524-11-26-07-35,8.148268
478772-NOZ524-11-29-06-59,7.405963
478772-NOZ524-11-30-07-04,8.258658
478772-NOZ524-12-01-07-01,7.7091765
478772-NOZ525-11-22-07-33,7.9838166
478772-NOZ525-12-13-07-24,8.028751
478772-NOZ526-11-28-07-57,7.3126493
478772-NOZ530-11-16-09-52,7.985503
478772-NOZ530-11-17-09-59,7.3901987
478772-NOZ530-11-21-10-13,7.012854
478772-NOZ530-11-27-09-32,7.971726
478772-NOZ530-12-08-09-49,8.505762
478772-NOZ531-11-16-11-09,7.7970643
478772-NOZ531-11-17-11-19,8.557262
478772-NOZ531-11-21-11-21,8.636785
478772-NOZ531-11-26-08-51,7.875781
478772-NOZ531-11-27-08-01,8.048091
478772-NOZ531-12-08-11-08,7.659585
478772-NOZ532-11-26-10-17,7.9261036
478772-NOZ532-11-27-12-17,7.840855
478772-NOZ532-11-28-10-57,7.8639965
478772-NOZ534-11-16-12-39,7.447964
478772-NOZ534-11-17-12-47,7.3796024
478772-NOZ534-11-21-12-42,7.3725414
478772-NOZ534-12-08-12-46,7.9596004
478772-NOZ534-12-16-14-07,7.647525
478772-NOZ535-11-27-14-01,7.772425
478772-NOZ535-11-28-12-31,8.162086
478772-NOZ536-11-28-14-16,7.34886
478772-NOZ536-12-18-14-57,7.9690537
478772-NOZ537-11-16-14-04,7.7333
478772-NOZ537-11-17-14-14,8.156784
478772-NOZ537-11-21-13-57,8.562771
478772-NOZ537-12-08-14-18,7.910534
478772-NOZ537-12-16-17-54,9.866035
478772-NOZ538-11-01-15-14,7.631824
478772-NOZ538-11-25-15-19,8.479202
478772-NOZ538-11-27-15-30,7.4835505
478772-NOZ540-12-07-16-29,7.900178
478772-NOZ541-11-28-15-43,8.139412
478772-NOZ541-12-18-16-17,7.6844196
478772-NOZ543-11-01-16-34,7.7688675
478772-NOZ543-11-25-16-42,8.085641
478772-NOZ543-11-27-16-52,7.8010736
478772-NOZ544-11-27-18-21,7.9164896
478772-NOZ544-11-28-17-17,7.092322
478772-NOZ545-12-07-17-39,7.913102
478772-NOZ546-11-25-18-20,7.896042
478772-NOZ549-11-27-19-47,8.394606
478772-NOZ550-11-27-21-05,7.8955727
478772-NOZ55J-11-15-18-29,7.6711254
478772-NOZ55J-11-21-18-28,9.317702
478772-NOZ55J-12-06-18-44,7.9899135
478772-NOZ56U-11-14-19-13,8.960895
478772-NOZ56U-11-16-19-03,9.084007
478772-NOZ56U-12-07-19-08,9.160003
478772-NOZ5AY-11-27-10-57,7.7663975
478772-NOZ5AY-11-28-09-20,8.039341
478772-NOZ5PR-11-18-16-00,8.095132
478772-NOZ601-11-24-05-35,8.125287
478772-NOZ602-11-09-07-05,10.460384
478772-NOZ602-11-16-06-02,8.298816
478772-NOZ602-12-06-06-05,9.731581
478772-NOZ608-11-24-10-05,8.003127
478772-NOZ608-12-28-10-15,8.255372
478772-NOZ609-11-09-08-18,7.461249
478772-NOZ609-11-16-07-25,8.517072
478772-NOZ609-12-06-07-23,8.788943
478772-NOZ611-11-24-08-28,7.752696
478772-NOZ611-12-28-08-43,8.084134
478772-NOZ612-11-24-12-43,7.416599
478772-NOZ617-11-24-11-21,8.356154
478772-NOZ617-12-28-11-39,7.9008913
478772-NOZ625-11-24-14-02,7.936551
478772-NOZ626-12-27-16-51,8.589836
478772-NOZ631-12-27-15-23,8.480118
478772-NOZ638-11-23-20-28,8.611341
478772-NOZ639-11-06-17-43,7.858423
478772-NOZ639-12-09-17-32,8.118363
478772-NOZ639-12-16-21-45,8.555765
478772-NOZ639-12-30-17-42,9.011647
478772-NOZ64N-12-23-17-53,7.9673777
478772-NOZ6CF-11-11-08-14,8.237629
478772-NOZ6TC-11-11-17-22,12.783048
478772-NOZ6TM-12-19-20-36,8.58754
478772-NOZ9BH-11-17-15-36,10.438081
478772-NOZ9BH-12-08-15-49,10.796141
478772-NOZ9BH-12-19-16-57,10.3317375
478772-NOZ9BH-12-20-15-53,8.545866
47878c-NOZ132-11-08-13-59,8.6096325
47878c-NOZ132-11-11-14-02,7.711028
47878c-NOZ133-11-08-15-00,8.04796
47878c-NOZ133-11-11-15-05,7.812482
47878c-NOZ140-11-22-07-20,7.8332496
47878c-NOZ140-11-23-06-59,7.8045015
47878c-NOZ141-11-22-08-14,7.870528
47878c-NOZ141-11-23-07-58,8.194153
47878c-NOZ144-11-22-15-43,7.672346
47878c-NOZ145-11-22-16-41,8.13133
47878c-NOZ194-11-27-18-56,8.228508
47878c-NOZ195-11-27-20-17,7.9143763
47878c-NOZ1BG-11-16-06-05,8.252614
47878c-NOZ1BG-12-14-06-01,9.000487
47878c-NOZ270-12-27-07-43,10.936093
47878c-NOZ2DC-11-10-05-57,8.214839
47878c-NOZ2DC-12-07-06-11,8.203816
47878c-NOZ2UC-11-27-16-10,8.276557
47878c-NOZ345-11-01-09-37,7.66083
47878c-NOZ345-12-28-09-49,7.8498316
47878c-NOZ346-12-27-14-37,8.956982
47878c-NOZ347-12-27-17-01,7.678539
47878c-NOZ3JE-11-10-06-57,8.210448
47878c-NOZ3JE-12-07-07-02,8.1331835
47878c-NOZ4HF-11-03-06-59,8.752038
47878c-NOZ4HF-11-14-07-09,8.643676
47878c-NOZ4HF-12-06-07-23,7.6861944
47878c-NOZ4HF-12-08-07-12,8.133341
47878c-NOZ4RZ-11-01-07-37,10.28071
47878c-NOZ4RZ-12-28-07-55,10.345694
47878c-NOZ530-11-15-09-58,7.7675996
47878c-NOZ531-11-15-11-10,8.14478
47878c-NOZ534-11-15-12-42,7.430442
47878c-NOZ537-11-15-14-02,8.019123
47878c-NOZ540-11-15-16-04,7.9635386
47878c-NOZ540-12-13-16-29,7.5460453
47878c-NOZ545-11-15-17-31,8.626122
47878c-NOZ545-12-13-17-44,8.357435
47878c-NOZ56U-11-15-18-55,8.691263
47878c-NOZ56U-12-13-19-17,8.572553
47878c-NOZ601-11-03-05-34,8.400474
47878c-NOZ601-11-14-05-33,8.080679
47878c-NOZ601-12-06-05-32,8.601546
47878c-NOZ601-12-08-05-59,7.995836
47878c-NOZ602-11-17-06-04,9.258611
47878c-NOZ605-11-02-06-42,7.8676405
47878c-NOZ605-11-07-06-35,7.8356557
47878c-NOZ605-11-09-06-29,7.957998
47878c-NOZ605-11-11-06-32,7.841455
47878c-NOZ605-12-12-06-30,8.587614
47878c-NOZ606-11-02-08-04,7.596615
47878c-NOZ606-11-07-08-06,8.310228
47878c-NOZ606-11-09-07-59,8.83114
47878c-NOZ606-11-11-08-05,8.097166
47878c-NOZ606-12-12-08-07,7.7788863
47878c-NOZ608-11-03-09-47,8.711167
47878c-NOZ608-11-14-09-46,8.283011
47878c-NOZ608-12-06-09-43,8.225871
47878c-NOZ608-12-08-09-51,7.565493
47878c-NOZ609-11-17-07-34,8.50131
47878c-NOZ611-11-03-08-23,8.386936
47878c-NOZ611-11-14-08-31,7.7984085
47878c-NOZ611-12-06-08-28,8.501113
47878c-NOZ611-12-08-08-37,8.161212
47878c-NOZ612-11-03-12-32,8.881289
47878c-NOZ612-12-06-12-28,7.707577
47878c-NOZ612-12-08-12-38,7.633843
47878c-NOZ614-12-11-14-37,8.379583
47878c-NOZ617-11-03-11-06,8.095118
47878c-NOZ617-12-06-10-58,8.300057
47878c-NOZ617-12-08-11-10,8.636785
47878c-NOZ620-11-03-15-24,8.272631
47878c-NOZ620-12-06-15-30,8.139342
47878c-NOZ620-12-08-15-31,8.07673
47878c-NOZ623-12-11-13-06,7.751943
47878c-NOZ625-11-03-14-02,8.174973
47878c-NOZ625-12-06-13-50,8.451906
47878c-NOZ625-12-08-13-58,8.09007
47878c-NOZ626-11-04-17-02,8.181384
47878c-NOZ626-11-10-16-54,10.144948
47878c-NOZ626-12-07-16-46,8.108569
47878c-NOZ626-12-09-16-55,7.6491313
47878c-NOZ631-11-04-15-32,7.8356
47878c-NOZ631-11-10-15-32,7.978876
47878c-NOZ631-12-07-15-31,8.26211
47878c-NOZ631-12-09-15-26,7.907024
47878c-NOZ632-11-03-18-07,8.003357
47878c-NOZ632-12-06-18-17,8.262948
47878c-NOZ632-12-08-18-11,8.702305
47878c-NOZ637-11-03-16-45,7.864645
47878c-NOZ637-12-06-16-45,8.557262
47878c-NOZ637-12-08-16-51,8.708501
47878c-NOZ638-11-01-20-00,7.530281
47878c-NOZ638-12-05-20-12,8.873918
47878c-NOZ639-11-27-17-32,8.128054
47878c-NOZ639-11-30-17-26,8.042475
47878c-NOZ7C-12-27-08-49,8.576411
47878c-NOZ8GN-11-18-07-11,8.523681
47878d-NOZ132-11-07-14-02,7.7604394
47878d-NOZ132-11-29-13-57,8.165433
47878d-NOZ132-12-29-14-04,8.18039
47878d-NOZ133-11-07-14-53,8.089347
47878d-NOZ133-11-29-14-51,7.7292404
47878d-NOZ133-12-29-14-58,8.3183975
47878d-NOZ181-11-01-06-03,7.876615
47878d-NOZ181-12-09-06-38,8.323391
47878d-NOZ182-11-01-07-34,10.556121
47878d-NOZ182-12-09-08-06,9.656572
47878d-NOZ183-11-01-08-49,8.019044
47878d-NOZ183-12-04-08-06,7.6088867
47878d-NOZ183-12-09-09-28,8.062963
47878d-NOZ183-12-25-10-41,8.306971
47878d-NOZ191-11-23-17-18,8.702801
47878d-NOZ1BG-11-12-06-04,7.678216
47878d-NOZ1BG-12-06-06-15,8.276804
47878d-NOZ1TT-11-15-14-39,8.519071
47878d-NOZ1TT-11-25-14-47,8.537318
47878d-NOZ271-12-07-06-36,8.100329
47878d-NOZ272-12-04-15-46,8.366874
47878d-NOZ275-12-04-17-02,7.739761
47878d-NOZ276-12-18-13-42,8.456537
47878d-NOZ277-12-18-15-30,8.290118
47878d-NOZ278-12-06-19-16,9.890642
47878d-NOZ2KT-12-06-16-26,8.263169
47878d-NOZ345-11-15-09-32,8.1468725
47878d-NOZ345-11-28-09-43,8.543008
47878d-NOZ346-11-09-14-35,9.148263
47878d-NOZ346-11-14-14-40,9.050626
47878d-NOZ347-11-09-16-32,7.675244
47878d-NOZ347-11-14-16-37,8.91484
47878d-NOZ3DB-11-18-18-19,7.8667126
47878d-NOZ3J-11-18-15-26,9.205202
47878d-NOZ4RZ-11-15-07-36,9.509843
47878d-NOZ4RZ-11-28-07-46,8.544281
47878d-NOZ50A-11-08-16-41,9.697919
47878d-NOZ50A-11-27-16-42,8.663272
47878d-NOZ50A-12-27-16-50,9.698593
47878d-NOZ522-11-03-06-02,7.5982685
47878d-NOZ522-11-23-06-34,7.2379694
47878d-NOZ525-11-03-07-20,8.571691
47878d-NOZ525-11-23-07-42,8.020603
47878d-NOZ530-12-06-10-01,8.154071
47878d-NOZ531-12-06-11-11,7.4272203
47878d-NOZ534-12-06-12-37,7.5627522
47878d-NOZ537-12-06-13-53,7.9605103
47878d-NOZ540-12-02-16-13,7.473202
47878d-NOZ545-12-02-17-26,7.820342
47878d-NOZ55J-11-08-18-37,7.723303
47878d-NOZ55J-11-27-18-49,8.016126
47878d-NOZ55J-12-27-18-42,8.868411
47878d-NOZ56U-11-11-19-08,10.525063
47878d-NOZ56U-12-05-18-58,10.426909
47878d-NOZ5PY-11-15-16-03,8.415416
47878d-NOZ5PY-11-25-16-11,8.141324
47878d-NOZ602-11-14-06-06,8.264775
47878d-NOZ602-12-20-07-11,8.96576
47878d-NOZ605-11-17-06-39,8.443205
47878d-NOZ606-11-17-08-05,7.409724
47878d-NOZ606-12-28-08-23,8.301911
47878d-NOZ607-11-08-07-00,8.436962
47878d-NOZ607-11-18-07-00,8.408485
47878d-NOZ607-11-30-06-58,8.012631
47878d-NOZ608-11-05-09-10,8.266233
47878d-NOZ608-11-06-09-44,8.135352
47878d-NOZ608-12-30-09-52,7.76972
47878d-NOZ609-11-14-07-27,8.256976
47878d-NOZ609-12-20-08-37,8.354698
47878d-NOZ611-11-06-08-27,8.110875
47878d-NOZ611-12-30-08-26,7.308403
47878d-NOZ612-11-06-12-42,8.167912
47878d-NOZ612-12-30-12-54,9.360818
47878d-NOZ617-11-06-11-08,8.228008
47878d-NOZ617-12-30-11-25,7.5708146
47878d-NOZ620-11-06-15-31,8.404976
47878d-NOZ620-11-17-15-38,8.034467
47878d-NOZ620-12-30-15-55,12.842791
47878d-NOZ625-11-06-14-10,8.987747
47878d-NOZ625-11-17-14-06,7.9944735
47878d-NOZ625-12-30-14-18,7.9952884
47878d-NOZ628-11-15-17-29,8.65948
47878d-NOZ628-11-25-17-29,8.947194
47878d-NOZ632-11-06-18-21,8.079114
47878d-NOZ632-11-07-19-55,7.9129567
47878d-NOZ632-11-17-18-25,7.8511786
47878d-NOZ637-11-06-16-59,8.265075
47878d-NOZ637-11-07-18-29,7.853017
47878d-NOZ637-11-17-16-57,7.9781914
47878d-NOZ638-11-28-20-07,8.642978
47878d-NOZ645-11-25-18-49,7.8356
47878d-NOZ647-11-06-19-40,7.5355177
47878d-NOZ648-11-06-21-05,7.7933373
47878d-NOZ6TM-12-02-19-02,9.243987
47878d-NOZ6TM-12-08-19-13,9.6004505
47878d-NOZ9BH-11-23-15-55,9.96653
47878d-NOZ9BH-12-09-16-22,9.235019
47878d-NOZ9BH-12-21-15-45,8.170685
4787a0-NOZ140-11-09-07-08,7.8214874
4787a0-NOZ141-11-09-08-10,8.318714
4787a0-NOZ142-11-13-12-12,12.777193
4787a0-NOZ143-11-13-14-38,8.106674
4787a0-NOZ144-11-07-15-51,7.873435
4787a0-NOZ144-11-09-15-50,7.8578568
4787a0-NOZ145-11-07-16-47,7.9933496
4787a0-NOZ145-11-09-16-44,8.164355
4787a0-NOZ181-12-17-10-02,8.563101
4787a0-NOZ182-12-17-08-30,10.424308
4787a0-NOZ191-12-27-17-29,8.261145
4787a0-NOZ1BG-11-29-05-59,8.73169
4787a0-NOZ1BG-12-03-06-00,7.45434
4787a0-NOZ1BG-12-20-06-08,8.209799
4787a0-NOZ1TT-12-08-14-35,8.159525
4787a0-NOZ270-11-17-07-28,8.764703
4787a0-NOZ270-11-24-07-44,7.7379146
4787a0-NOZ270-12-28-08-05,8.677425
4787a0-NOZ271-11-17-06-10,8.789569
4787a0-NOZ271-11-24-06-09,7.827201
4787a0-NOZ271-11-26-07-34,7.882031
4787a0-NOZ271-12-14-06-28,8.209444
4787a0-NOZ276-12-05-16-52,7.9282227
4787a0-NOZ276-12-15-16-31,7.5164356
4787a0-NOZ277-12-05-18-09,7.623593
4787a0-NOZ277-12-15-17-53,8.553815
4787a0-NOZ278-11-16-18-57,9.395411
4787a0-NOZ278-11-23-19-29,9.874255
4787a0-NOZ278-11-25-18-59,10.548363
4787a0-NOZ278-12-13-19-06,8.592468
4787a0-NOZ2DC-11-30-05-59,7.7736526
4787a0-NOZ2DC-12-09-05-56,8.071589
4787a0-NOZ2GH-12-11-15-03,8.345331
4787a0-NOZ2UC-11-01-16-05,11.692675
4787a0-NOZ345-12-31-11-23,7.863037
4787a0-NOZ346-11-11-14-35,9.551963
4787a0-NOZ346-12-29-16-30,9.752563
4787a0-NOZ347-11-11-16-35,8.313086
4787a0-NOZ347-12-29-21-05,7.81901
4787a0-NOZ3JE-11-30-06-51,7.406232
4787a0-NOZ3JE-12-09-07-05,7.8994365
4787a0-NOZ4RZ-12-31-09-26,9.275864
4787a0-NOZ50A-12-21-17-11,8.755627
4787a0-NOZ530-12-13-10-07,7.9435244
4787a0-NOZ531-12-13-11-17,8.029866
4787a0-NOZ534-12-13-12-54,7.578368
4787a0-NOZ537-12-13-14-17,8.381776
4787a0-NOZ538-11-03-15-25,8.037323
4787a0-NOZ538-12-26-15-59,8.039263
4787a0-NOZ538-12-28-15-34,7.5189743
4787a0-NOZ543-11-03-16-54,8.022933
4787a0-NOZ543-12-26-17-12,8.162039
4787a0-NOZ546-11-03-18-19,8.557767
4787a0-NOZ546-12-28-18-39,7.500379
4787a0-NOZ549-11-03-19-32,7.7635627
4787a0-NOZ549-12-28-19-47,7.641582
4787a0-NOZ55J-12-21-19-15,8.162536
4787a0-NOZ56U-11-28-18-54,8.632217
4787a0-NOZ56U-12-02-19-10,8.596081
4787a0-NOZ56U-12-19-20-06,8.78523
4787a0-NOZ607-12-01-07-02,8.847467
4787a0-NOZ607-12-12-07-06,8.585675
4787a0-NOZ608-12-10-08-59,7.501486
4787a0-NOZ609-12-10-07-36,7.4910336
4787a0-NOZ624-12-11-16-33,7.899446
4787a0-NOZ626-11-30-16-41,8.66899
4787a0-NOZ628-12-08-17-41,8.780011
4787a0-NOZ631-11-30-15-21,7.8124084
4787a0-NOZ638-11-29-20-03,8.124989
4787a0-NOZ638-12-08-20-23,8.675102
4787a0-NOZ639-11-01-17-20,7.9911194
4787a0-NOZ639-11-24-17-28,8.058279
4787a0-NOZ645-12-08-18-57,8.232353
4787a0-NOZ7C-11-17-08-46,8.544999
4787a0-NOZ7C-11-24-08-55,8.496693
4787a0-NOZ7C-12-28-09-40,7.792879
4787a0-NOZ93E-11-16-17-29,8.546633
4787b3-NOZ132-12-01-14-05,7.8593965
4787b3-NOZ132-12-06-14-06,8.000688
4787b3-NOZ133-12-01-14-56,8.197959
4787b3-NOZ133-12-06-14-53,8.355265
4787b3-NOZ144-12-29-15-16,8.058099
4787b3-NOZ145-12-29-16-12,8.386561
4787b3-NOZ1BG-12-13-06-01,8.43788
4787b3-NOZ1TT-12-05-14-43,8.400768
4787b3-NOZ270-12-05-07-25,7.9575143
4787b3-NOZ271-12-05-06-06,8.304463
4787b3-NOZ2DC-11-29-06-06,8.403731
4787b3-NOZ2DC-12-01-06-03,7.59778
4787b3-NOZ345-11-14-10-01,8.013624
4787b3-NOZ345-11-19-11-22,7.4263773
4787b3-NOZ345-11-22-09-34,7.9776864
4787b3-NOZ346-11-21-14-40,9.503189
4787b3-NOZ347-11-21-16-38,8.283858
4787b3-NOZ3JE-11-29-07-01,7.602841
4787b3-NOZ3JE-12-01-06-59,8.715598
4787b3-NOZ3VG-12-05-16-06,8.065743
4787b3-NOZ4HF-11-28-07-04,7.490953
4787b3-NOZ4HF-12-07-07-00,8.296357
4787b3-NOZ4RZ-11-14-07-35,9.748636
4787b3-NOZ4RZ-11-19-09-22,8.601629
4787b3-NOZ4RZ-11-22-07-50,10.567487
4787b3-NOZ50A-11-13-16-35,9.770981
4787b3-NOZ50A-11-17-16-51,9.840128
4787b3-NOZ521-11-11-05-30,7.9558606
4787b3-NOZ523-11-07-06-31,7.7900157
4787b3-NOZ524-11-11-07-03,7.7997327
4787b3-NOZ525-11-13-11-38,7.660899
4787b3-NOZ526-11-07-07-57,8.481186
4787b3-NOZ530-11-06-09-36,7.7402725
4787b3-NOZ531-11-06-08-11,7.9064503
4787b3-NOZ532-11-06-12-21,8.08579
4787b3-NOZ532-11-07-11-01,7.9781594
4787b3-NOZ532-12-09-11-16,7.3662724
4787b3-NOZ534-11-13-13-21,7.4453373
4787b3-NOZ535-11-06-13-38,7.7282143
4787b3-NOZ535-11-07-12-30,8.548863
4787b3-NOZ535-12-09-12-51,7.6574492
4787b3-NOZ535-12-27-13-02,7.2521443
4787b3-NOZ536-11-07-14-18,7.6978645
4787b3-NOZ536-12-09-14-27,8.137113
4787b3-NOZ536-12-27-14-39,7.446865
4787b3-NOZ537-11-13-14-43,7.932548
4787b3-NOZ538-11-04-15-41,7.3719063
4787b3-NOZ538-11-06-15-06,7.6050677
4787b3-NOZ541-11-07-15-45,8.492336
4787b3-NOZ541-12-09-15-54,8.665884
4787b3-NOZ541-12-27-15-56,7.357063
4787b3-NOZ543-11-04-17-13,8.154035
4787b3-NOZ543-11-06-16-42,7.799279
4787b3-NOZ544-11-06-18-14,7.850906
4787b3-NOZ544-11-07-17-09,7.588312
4787b3-NOZ546-11-04-18-45,9.592759
4787b3-NOZ549-11-06-19-36,7.465441
4787b3-NOZ550-11-06-21-03,9.250563
4787b3-NOZ55J-11-13-18-43,7.7137895
4787b3-NOZ55J-11-17-18-44,7.4525747
4787b3-NOZ56U-12-12-19-29,8.678045
4787b3-NOZ5AY-11-06-10-49,7.711706
4787b3-NOZ5AY-11-07-09-16,7.4755692
4787b3-NOZ601-11-23-05-33,8.167746
4787b3-NOZ601-11-28-05-29,8.043046
4787b3-NOZ601-12-07-05-39,8.1174345
4787b3-NOZ602-11-01-06-05,8.084048
4787b3-NOZ602-11-21-06-04,8.286062
4787b3-NOZ605-11-24-06-37,7.926902
4787b3-NOZ605-11-30-06-30,8.690856
4787b3-NOZ606-11-24-08-26,8.08997
4787b3-NOZ606-11-30-08-03,8.11935
4787b3-NOZ607-12-02-07-06,7.8403854
4787b3-NOZ607-12-08-07-20,8.367353
4787b3-NOZ608-11-23-10-57,8.486545
4787b3-NOZ608-11-28-09-47,8.05507
4787b3-NOZ608-12-07-09-42,8.285288
4787b3-NOZ609-11-01-07-26,7.83568
4787b3-NOZ609-11-21-07-26,8.320474
4787b3-NOZ611-11-23-08-34,8.112009
4787b3-NOZ611-11-28-08-19,7.8642335
4787b3-NOZ611-12-07-08-18,7.4967623
4787b3-NOZ612-11-23-13-36,7.3467703
4787b3-NOZ612-11-28-12-22,8.648541
4787b3-NOZ612-12-03-12-33,8.451555
4787b3-NOZ612-12-07-12-24,8.097556
4787b3-NOZ617-11-23-12-07,8.519926
4787b3-NOZ617-11-28-11-03,8.184878
4787b3-NOZ617-12-07-10-58,7.5429397
4787b3-NOZ620-11-27-16-12,10.8800125
4787b3-NOZ620-11-28-15-21,8.298714
4787b3-NOZ620-12-07-15-52,7.477038
4787b3-NOZ625-11-27-14-32,8.384388
4787b3-NOZ625-11-28-14-01,7.9677453
4787b3-NOZ625-12-03-14-02,7.923089
4787b3-NOZ625-12-07-14-04,7.9651303
4787b3-NOZ626-11-23-17-40,8.303275
4787b3-NOZ626-11-24-17-03,8.141031
4787b3-NOZ626-11-25-16-58,8.898892
4787b3-NOZ628-12-05-17-29,7.7443
4787b3-NOZ631-11-23-15-28,8.273464
4787b3-NOZ631-11-24-15-21,8.066253
4787b3-NOZ631-11-25-15-41,8.1468115
4787b3-NOZ632-11-27-18-52,8.165315
4787b3-NOZ637-11-27-17-31,7.9437976
4787b3-NOZ637-11-28-16-39,8.43246
4787b3-NOZ637-12-07-16-55,7.9090977
4787b3-NOZ638-11-22-20-25,8.741694
4787b3-NOZ647-11-27-20-17,8.45366
4787b3-NOZ648-11-27-21-37,8.679229
4787b3-NOZ6TM-12-21-19-56,9.458538
4787b3-NOZ7C-12-05-08-41,8.183275
4787b3-NOZ8C-12-04-21-08,10.513376
4787b3-NOZ9BH-12-04-12-17,8.126604
4791ac-NOZ132-11-17-14-04,9.697376
4791ac-NOZ133-11-17-15-09,8.137871
4791ac-NOZ140-11-10-07-06,8.090091
4791ac-NOZ140-11-11-07-13,7.881105
4791ac-NOZ141-11-10-08-06,8.240164
4791ac-NOZ141-11-11-08-08,8.553152
4791ac-NOZ144-11-24-15-12,7.8230243
4791ac-NOZ145-11-24-16-08,8.703807
4791ac-NOZ183-11-20-07-53,7.8822546
4791ac-NOZ191-11-16-17-08,7.658276
4791ac-NOZ1BG-11-08-06-25,8.617815
4791ac-NOZ1TT-11-27-14-34,8.693504
4791ac-NOZ1TT-11-29-14-36,8.125852
4791ac-NOZ270-11-18-07-22,8.281179
4791ac-NOZ270-11-22-09-01,9.262095
4791ac-NOZ271-11-22-07-54,8.015518
4791ac-NOZ272-11-20-15-39,7.4996057
4791ac-NOZ275-11-20-16-48,8.193761
4791ac-NOZ278-11-21-19-01,9.325894
4791ac-NOZ2BE-11-13-12-33,9.464095
4791ac-NOZ2KT-12-23-16-32,9.169604
4791ac-NOZ2UC-12-12-16-22,8.300534
4791ac-NOZ345-11-13-10-22,7.8255243
4791ac-NOZ345-11-23-09-57,8.261181
4791ac-NOZ345-12-09-10-04,8.280458
4791ac-NOZ346-11-22-14-28,9.325421
4791ac-NOZ347-11-22-16-32,7.980403
4791ac-NOZ357-12-23-23-01,7.852334
4791ac-NOZ4RZ-11-13-08-17,10.010438
4791ac-NOZ4RZ-11-23-08-25,9.476625
4791ac-NOZ4RZ-12-09-07-50,8.959651
4791ac-NOZ50A-12-09-17-14,9.176025
4791ac-NOZ50A-12-19-17-19,9.837456
4791ac-NOZ521-11-02-05-28,8.201363
4791ac-NOZ521-11-03-05-26,8.282723
4791ac-NOZ522-11-15-06-01,7.2720494
4791ac-NOZ522-12-15-06-32,7.8091106
4791ac-NOZ522-12-22-06-16,7.684617
4791ac-NOZ523-11-04-06-31,8.027049
4791ac-NOZ523-11-06-06-30,7.8816624
4791ac-NOZ524-11-02-07-11,8.265861
4791ac-NOZ524-11-03-07-01,8.2073145
4791ac-NOZ525-11-15-07-18,8.041744
4791ac-NOZ525-12-15-07-45,7.70108
4791ac-NOZ525-12-22-07-30,8.186045
4791ac-NOZ526-11-04-08-04,6.9731936
4791ac-NOZ530-11-01-09-55,10.037308
4791ac-NOZ532-11-04-11-06,7.7762666
4791ac-NOZ535-11-04-12-52,8.468858
4791ac-NOZ536-11-04-14-25,10.094291
4791ac-NOZ538-11-30-15-21,9.0171175
4791ac-NOZ540-11-18-16-19,8.363824
4791ac-NOZ540-11-21-16-10,7.3821964
4791ac-NOZ541-11-04-16-15,7.8040795
4791ac-NOZ543-11-30-16-41,8.1532955
4791ac-NOZ544-11-04-17-41,8.046048
4791ac-NOZ545-11-18-17-31,8.692411
4791ac-NOZ545-11-21-17-25,7.7831426
4791ac-NOZ546-11-30-18-18,7.208058
4791ac-NOZ549-11-30-19-31,7.632432
4791ac-NOZ55J-12-09-19-07,7.4856806
4791ac-NOZ55J-12-19-19-51,7.863846
4791ac-NOZ56U-11-07-18-54,9.227001
4791ac-NOZ56U-12-23-20-48,10.527054
4791ac-NOZ5AY-11-04-09-20,7.880664
4791ac-NOZ5PY-11-27-16-06,8.707383
4791ac-NOZ5PY-11-29-16-07,8.034831
4791ac-NOZ601-11-18-05-40,8.069984
4791ac-NOZ612-11-17-12-44,7.5408764
4791ac-NOZ628-11-27-17-29,8.502011
4791ac-NOZ628-11-29-17-28,8.273975
4791ac-NOZ628-12-29-18-14,8.882035
4791ac-NOZ634-12-04-20-31,8.692937
4791ac-NOZ639-12-12-17-36,8.463447
4791ac-NOZ645-11-27-18-49,8.42682
4791ac-NOZ645-11-29-18-46,7.496035
4791ac-NOZ645-12-05-18-55,8.086434
4791ac-NOZ645-12-29-19-35,8.785769
4791ac-NOZ6TC-11-13-17-17,10.192403
4791ac-NOZ6TM-11-18-19-02,8.965406
4791ac-NOZ7C-11-18-08-40,8.500721
4791ac-NOZ7C-11-22-10-37,8.686773
4791ac-NOZ9BH-11-16-15-40,10.0608015
4791dd-NOZ140-11-03-07-11,8.834127
4791dd-NOZ141-11-03-08-10,8.28134
4791dd-NOZ142-11-06-13-41,7.5117335
4791dd-NOZ143-11-06-14-34,7.9372754
4791dd-NOZ144-11-04-15-48,7.8025794
4791dd-NOZ145-11-04-16-48,8.272251
4791dd-NOZ181-11-21-06-12,9.256666
4791dd-NOZ181-11-22-06-03,8.164332
4791dd-NOZ182-11-09-07-35,10.003994
4791dd-NOZ182-11-21-07-36,9.61549
4791dd-NOZ182-11-22-07-50,9.177233
4791dd-NOZ183-11-21-08-51,8.35143
4791dd-NOZ183-11-22-08-58,8.246671
4791dd-NOZ183-12-27-09-37,7.357497
4791dd-NOZ191-11-24-17-10,7.744897
4791dd-NOZ191-12-06-17-02,7.2838287
4791dd-NOZ1BG-11-24-06-09,7.7507906
4791dd-NOZ1TT-11-10-14-34,9.012066
4791dd-NOZ1TT-11-11-14-36,8.671433
4791dd-NOZ1TT-11-28-14-34,8.286882
4791dd-NOZ1TT-12-01-14-47,7.6091704
4791dd-NOZ270-11-10-07-30,10.712051
4791dd-NOZ270-11-15-07-27,8.878818
4791dd-NOZ270-11-28-07-30,8.865095
4791dd-NOZ270-12-01-07-28,7.652626
4791dd-NOZ271-11-10-06-07,7.9429727
4791dd-NOZ271-11-15-06-01,7.8436165
4791dd-NOZ271-11-19-08-07,7.618539
4791dd-NOZ271-11-28-06-06,7.9074664
4791dd-NOZ271-12-01-06-10,8.463932
4791dd-NOZ271-12-22-06-11,7.847506
4791dd-NOZ276-11-08-15-55,10.694159
4791dd-NOZ276-12-11-13-44,7.9345202
4791dd-NOZ277-11-08-17-21,8.110347
4791dd-NOZ277-12-11-14-56,8.464894
4791dd-NOZ278-11-09-18-57,10.638174
4791dd-NOZ278-11-14-18-58,9.404171
4791dd-NOZ278-11-18-19-20,8.610495
4791dd-NOZ278-11-30-18-57,9.023709
4791dd-NOZ278-12-21-20-03,10.658022
4791dd-NOZ2DC-12-05-06-14,7.776044
4791dd-NOZ345-11-16-09-30,7.372515
4791dd-NOZ345-11-17-11-53,8.873066
4791dd-NOZ345-12-13-09-38,7.6924505
4791dd-NOZ345-12-22-09-54,7.8875103
4791dd-NOZ346-11-15-14-34,9.118964
4791dd-NOZ347-11-15-16-31,8.9018
4791dd-NOZ3JE-12-05-07-01,8.406347
4791dd-NOZ4RZ-11-16-07-34,8.354098
4791dd-NOZ4RZ-11-17-07-49,9.160845
4791dd-NOZ4RZ-12-13-07-42,9.390434
4791dd-NOZ4RZ-12-22-07-46,9.204487
4791dd-NOZ50A-12-30-17-20,9.012831
4791dd-NOZ530-11-24-10-05,7.828233
4791dd-NOZ531-11-24-11-21,7.74311
4791dd-NOZ534-11-24-12-46,8.3611355
4791dd-NOZ536-11-13-14-15,7.7450604
4791dd-NOZ537-11-24-14-02,8.201504
4791dd-NOZ540-11-14-16-05,7.63693
4791dd-NOZ541-11-13-15-42,7.5460086
4791dd-NOZ545-11-14-17-19,8.462515
4791dd-NOZ55J-12-30-19-49,8.15163
4791dd-NOZ56U-11-23-20-32,8.780029
4791dd-NOZ5PY-11-10-16-05,9.383368
4791dd-NOZ5PY-11-11-16-09,8.249234
4791dd-NOZ5PY-11-28-16-02,8.389269
4791dd-NOZ5PY-12-01-16-04,8.669082
4791dd-NOZ607-12-06-07-12,8.524286
4791dd-NOZ608-12-04-09-59,7.6862264
4791dd-NOZ611-12-04-08-38,7.5038323
4791dd-NOZ612-12-04-12-46,8.106989
4791dd-NOZ617-12-04-11-11,7.7884808
4791dd-NOZ620-12-04-15-35,8.175873
4791dd-NOZ625-12-04-14-16,7.685265
4791dd-NOZ626-12-02-17-01,8.365081
4791dd-NOZ626-12-05-16-46,8.515444
4791dd-NOZ628-11-10-17-30,8.09394
4791dd-NOZ628-11-11-17-30,8.286062
4791dd-NOZ628-11-28-17-28,8.063001
4791dd-NOZ631-12-02-15-27,8.243082
4791dd-NOZ631-12-05-15-21,7.579656
4791dd-NOZ632-12-04-18-14,8.394135
4791dd-NOZ637-12-04-16-50,7.7571664
4791dd-NOZ638-12-01-20-15,7.5877075
4791dd-NOZ645-11-10-18-57,8.088184
4791dd-NOZ645-11-11-18-53,8.063639
4791dd-NOZ645-11-28-18-42,8.941609
4791dd-NOZ647-12-04-19-27,7.6016917
4791dd-NOZ648-12-04-21-03,8.103401
4791dd-NOZ6TM-11-08-18-48,9.392053
4791dd-NOZ6TM-11-20-20-20,9.326936
4791dd-NOZ6TM-11-21-18-46,10.2347355
4791dd-NOZ7C-11-10-08-39,7.910351
4791dd-NOZ7C-11-15-08-35,7.9476457
4791dd-NOZ7C-11-28-08-42,8.393191
4791dd-NOZ7C-12-01-08-38,8.672795
4791dd-NOZ8C-11-27-20-58,10.275059
4791dd-NOZ9BH-11-21-15-58,9.565209
4791dd-NOZ9BH-11-24-15-51,8.821949
4791dd-NOZ9BH-11-27-12-25,8.07036
47921c-NOZ132-11-04-14-08,8.757143
47921c-NOZ133-11-04-16-06,9.415038
47921c-NOZ140-12-13-11-57,8.415683
47921c-NOZ140-12-14-07-25,8.001504
47921c-NOZ141-12-13-13-10,8.103627
47921c-NOZ141-12-14-08-19,8.168002
47921c-NOZ144-11-23-16-00,8.050139
47921c-NOZ144-11-25-15-50,7.7781587
47921c-NOZ144-11-28-15-40,11.714004
47921c-NOZ144-12-14-15-47,7.6759043
47921c-NOZ145-11-23-17-00,8.571618
47921c-NOZ145-11-25-16-44,7.9258738
47921c-NOZ1BG-11-18-06-08,8.89682
47921c-NOZ1TT-11-03-14-38,8.060391
47921c-NOZ345-12-08-09-39,9.034877
47921c-NOZ345-12-26-10-26,8.242321
47921c-NOZ346-11-20-14-43,8.751696
47921c-NOZ346-12-22-15-46,10.018625
47921c-NOZ347-11-20-16-44,8.227562
47921c-NOZ347-12-22-17-51,8.60462
47921c-NOZ44A-12-31-08-07,9.212765
47921c-NOZ4HF-11-17-07-02,7.7203555
47921c-NOZ4RZ-12-08-07-38,9.4769945
47921c-NOZ4RZ-12-26-08-36,9.579826
47921c-NOZ50A-11-10-16-42,9.60206
47921c-NOZ50A-12-20-17-27,12.339914
47921c-NOZ50A-12-28-18-12,8.811026
47921c-NOZ521-11-14-05-33,8.312774
47921c-NOZ523-11-09-06-25,8.4231825
47921c-NOZ523-11-15-06-24,7.593386
47921c-NOZ523-11-16-06-37,8.319136
47921c-NOZ524-11-14-06-56,7.433061
47921c-NOZ526-11-09-07-54,7.5633564
47921c-NOZ526-11-15-08-01,8.1139145
47921c-NOZ526-11-16-07-59,10.573686
47921c-NOZ530-11-13-09-27,7.789729
47921c-NOZ531-11-13-07-54,7.7008667
47921c-NOZ532-11-09-11-03,8.128678
47921c-NOZ532-11-13-12-39,7.425282
47921c-NOZ532-11-15-11-03,7.3815894
47921c-NOZ532-11-16-10-59,7.5428057
47921c-NOZ535-11-09-12-29,7.705914
47921c-NOZ535-11-13-13-57,7.7534685
47921c-NOZ535-11-15-12-29,7.918262
47921c-NOZ535-11-16-12-36,7.7571006
47921c-NOZ536-11-09-14-14,7.500872
47921c-NOZ536-11-15-14-20,8.1059675
47921c-NOZ538-11-11-15-33,8.061032
47921c-NOZ538-11-13-15-22,7.2583156
47921c-NOZ541-11-09-15-39,7.6971335
47921c-NOZ541-11-15-15-45,8.627383
47921c-NOZ543-11-11-16-55,7.814715
47921c-NOZ543-11-13-16-49,7.582946
47921c-NOZ544-11-09-17-09,8.143109
47921c-NOZ544-11-15-17-11,7.693765
47921c-NOZ546-11-11-18-17,7.8435187
47921c-NOZ547-11-09-18-25,7.797354
47921c-NOZ547-11-15-18-31,8.735808
47921c-NOZ549-11-13-19-34,7.652239
47921c-NOZ550-11-08-19-59,7.43078
47921c-NOZ550-11-13-21-02,8.019294
47921c-NOZ550-11-15-19-54,7.6576567
47921c-NOZ55J-11-10-18-45,9.222765
47921c-NOZ55J-12-20-19-28,7.6707506
47921c-NOZ55J-12-28-20-30,8.054602
47921c-NOZ56U-11-17-19-00,9.175373
47921c-NOZ5AY-11-09-09-19,7.6556826
47921c-NOZ5AY-11-13-11-05,8.050071
47921c-NOZ5AY-11-15-09-19,8.145699
47921c-NOZ5AY-11-16-09-18,7.7520742
47921c-NOZ5PY-11-03-16-03,7.9883885
47921c-NOZ601-11-17-05-32,8.416132
47921c-NOZ602-12-19-06-20,8.888944
47921c-NOZ602-12-21-06-37,8.535338
47921c-NOZ605-11-04-06-52,8.0198765
47921c-NOZ606-11-04-08-16,8.337583
47921c-NOZ608-11-17-09-51,8.700361
47921c-NOZ609-11-05-07-39,8.126234
47921c-NOZ609-12-19-07-41,7.999218
47921c-NOZ609-12-21-08-01,8.258356
47921c-NOZ611-11-17-08-25,8.675911
47921c-NOZ628-11-03-17-31,8.476995
47921c-NOZ638-11-03-20-11,8.254265
47921c-NOZ638-11-16-20-09,9.447957
47921c-NOZ639-12-08-18-48,8.683347
47921c-NOZ645-11-03-18-48,8.104834
47921c-NOZ64N-12-15-17-01,9.848342
479227-NOZ132-11-15-14-05,7.810984
479227-NOZ132-11-21-14-05,7.763319
479227-NOZ133-11-15-15-05,8.198318
479227-NOZ133-11-21-14-52,8.872956
479227-NOZ140-11-15-07-16,8.10514
479227-NOZ141-11-15-08-09,8.044532
479227-NOZ1BG-11-01-06-04,8.129759
479227-NOZ1BG-11-19-06-02,7.8923244
479227-NOZ1BG-12-22-06-09,7.70231
479227-NOZ1TT-11-02-14-31,8.07968
479227-NOZ1TT-11-20-14-38,7.451899
479227-NOZ1TT-12-14-14-43,8.326018
479227-NOZ1TT-12-22-15-40,9.17081
479227-NOZ1TT-12-29-15-47,8.090697
479227-NOZ2FV-12-17-15-43,8.328016
479227-NOZ2UC-11-10-16-09,8.770721
479227-NOZ345-11-11-09-55,7.926754
479227-NOZ346-11-03-14-35,9.071958
479227-NOZ346-11-07-14-45,9.607193
479227-NOZ347-11-03-16-36,7.661514
479227-NOZ347-11-07-16-42,8.802704
479227-NOZ3J-11-17-15-46,7.8350987
479227-NOZ3LH-12-15-20-00,8.136672
479227-NOZ3TV-12-17-17-11,8.426259
479227-NOZ3VG-12-22-17-14,8.890829
479227-NOZ3VG-12-29-17-13,8.126902
479227-NOZ47Y-11-16-19-32,7.6132407
479227-NOZ4HF-11-16-07-12,7.9485335
479227-NOZ4RZ-11-11-07-48,9.728161
479227-NOZ50A-11-11-16-37,10.036195
479227-NOZ50A-12-07-16-47,9.181478
479227-NOZ522-11-09-05-57,8.13239
479227-NOZ522-12-06-06-20,7.353532
479227-NOZ525-11-09-07-17,7.7979436
479227-NOZ525-12-06-07-40,8.392444
479227-NOZ532-12-24-10-47,7.704783
479227-NOZ534-12-21-12-43,7.8845997
479227-NOZ537-12-21-14-04,8.178174
479227-NOZ538-12-12-15-53,7.8993
479227-NOZ538-12-20-15-34,7.778141
479227-NOZ540-11-13-16-18,7.8414702
479227-NOZ540-11-23-17-01,8.936727
479227-NOZ540-12-21-16-24,8.121163
479227-NOZ543-12-12-17-09,8.129681
479227-NOZ543-12-20-16-53,7.7212095
479227-NOZ545-11-13-17-36,7.7201405
479227-NOZ545-11-23-18-23,7.6007733
479227-NOZ545-12-21-17-48,8.150506
479227-NOZ546-11-13-19-03,7.4387984
479227-NOZ546-12-12-18-25,7.615591
479227-NOZ549-12-12-19-35,8.397308
479227-NOZ555-11-13-20-28,7.678222
479227-NOZ55J-11-11-18-36,7.7501354
479227-NOZ55J-12-07-18-38,7.764438
479227-NOZ56U-11-18-19-10,8.558119
479227-NOZ56U-12-21-20-16,8.582969
479227-NOZ5PY-11-02-16-08,7.9427395
479227-NOZ5PY-11-20-16-02,8.74531
479227-NOZ602-11-02-06-02,7.409122
479227-NOZ602-11-07-06-01,8.135011
479227-NOZ602-12-08-06-14,8.149225
479227-NOZ602-12-13-08-23,9.366536
479227-NOZ602-12-14-06-13,8.191379
479227-NOZ605-11-22-06-33,8.459375
479227-NOZ606-11-22-08-25,8.394887
479227-NOZ607-12-16-07-24,8.172889
479227-NOZ607-12-23-07-17,8.279443
479227-NOZ608-11-16-09-42,7.3529572
479227-NOZ609-11-02-07-39,7.9018703
479227-NOZ609-11-07-07-29,7.76357
479227-NOZ609-12-08-07-33,8.136425
479227-NOZ609-12-13-12-55,8.466891
479227-NOZ609-12-14-07-56,8.421798
479227-NOZ611-11-16-08-25,8.226148
479227-NOZ612-11-16-12-30,7.2660713
479227-NOZ612-11-26-12-31,8.036918
479227-NOZ612-12-17-12-50,7.6082716
479227-NOZ617-11-16-11-06,7.9698825
479227-NOZ620-11-16-15-35,7.706145
479227-NOZ625-11-16-14-09,7.931965
479227-NOZ625-11-26-13-57,8.314114
479227-NOZ625-12-17-14-07,8.038529
479227-NOZ628-11-02-17-29,9.074802
479227-NOZ628-11-20-17-35,7.935194
479227-NOZ628-12-14-17-29,7.473168
479227-NOZ628-12-22-18-53,7.581497
479227-NOZ637-11-16-16-47,8.0489
479227-NOZ638-11-20-20-41,8.6025095
479227-NOZ638-12-22-21-57,8.108029
479227-NOZ639-11-10-17-35,8.319777
479227-NOZ645-11-02-18-46,7.806551
479227-NOZ645-11-15-19-05,8.037422
479227-NOZ645-11-20-18-52,8.642001
479227-NOZ645-12-14-18-48,8.25619
479227-NOZ645-12-22-20-20,7.754947
479227-NOZ6CF-11-19-08-28,10.217858
479227-NOZ8GN-11-17-07-09,7.9556403
479227-NOZ8ME-11-16-18-20,9.192066
4792a6-NOZ132-11-14-14-05,7.843355
4792a6-NOZ133-11-14-15-26,8.678937
4792a6-NOZ140-11-30-07-02,7.8700223
4792a6-NOZ140-12-01-06-59,7.698275
4792a6-NOZ141-11-30-07-54,8.117889
4792a6-NOZ141-12-01-08-00,8.1945915
4792a6-NOZ144-11-15-15-42,7.5046377
4792a6-NOZ144-11-30-15-44,7.6577935
4792a6-NOZ145-11-15-16-38,8.455157
4792a6-NOZ145-11-30-16-48,8.21676
4792a6-NOZ164-11-11-06-09,9.416667
4792a6-NOZ191-11-06-13-41,7.945406
4792a6-NOZ191-12-18-14-40,8.086693
4792a6-NOZ1BG-11-04-06-09,7.669646
4792a6-NOZ1KD-11-16-14-04,7.816392
4792a6-NOZ1TD-11-10-21-10,8.55264
4792a6-NOZ1TT-11-07-14-32,8.059933
4792a6-NOZ1TT-12-19-14-56,9.157588
4792a6-NOZ270-11-02-07-22,10.132792
4792a6-NOZ270-11-07-07-25,9.643693
4792a6-NOZ270-12-06-08-42,10.27272
4792a6-NOZ270-12-29-08-19,12.36206
4792a6-NOZ271-11-07-06-08,7.956971
4792a6-NOZ271-12-06-06-41,8.860795
4792a6-NOZ271-12-19-06-26,8.177783
4792a6-NOZ278-12-05-18-55,10.043603
4792a6-NOZ2DC-11-17-06-03,8.534742
4792a6-NOZ2DC-11-18-05-59,7.672347
4792a6-NOZ2GH-11-20-15-01,8.857561
4792a6-NOZ345-11-25-09-42,7.909977
4792a6-NOZ346-11-02-14-34,8.874603
4792a6-NOZ346-11-04-14-36,9.492166
4792a6-NOZ346-12-15-14-47,8.826306
4792a6-NOZ346-12-16-16-20,9.872918
4792a6-NOZ346-12-30-14-46,7.9970875
4792a6-NOZ347-11-02-16-31,7.8599114
4792a6-NOZ347-11-04-16-29,7.715996
4792a6-NOZ347-12-15-16-45,8.756883
4792a6-NOZ347-12-16-19-04,10.929428
4792a6-NOZ347-12-30-17-50,8.166829
4792a6-NOZ3JE-11-17-07-00,7.4544525
4792a6-NOZ3JE-11-18-07-00,8.6614895
4792a6-NOZ3VG-12-19-16-17,7.814228
4792a6-NOZ4RZ-11-25-07-39,9.289954
4792a6-NOZ50A-11-25-16-42,8.530418
4792a6-NOZ522-12-08-06-12,9.201826
4792a6-NOZ522-12-20-06-35,8.249674
4792a6-NOZ525-12-08-08-03,7.785182
4792a6-NOZ525-12-20-07-45,7.764923
4792a6-NOZ526-11-10-08-19,8.215047
4792a6-NOZ530-11-08-09-45,8.474712
4792a6-NOZ530-11-23-10-59,7.360599
4792a6-NOZ531-11-08-11-06,8.402305
4792a6-NOZ531-11-23-12-10,8.3347025
4792a6-NOZ532-11-10-10-59,8.709303
4792a6-NOZ532-12-13-11-00,8.649667
4792a6-NOZ534-11-08-12-37,7.8486576
4792a6-NOZ534-11-23-13-43,10.356708
4792a6-NOZ535-11-10-12-28,8.133891
4792a6-NOZ535-12-13-12-42,7.6795835
4792a6-NOZ536-11-10-14-19,7.760645
4792a6-NOZ536-11-27-14-21,7.752961
4792a6-NOZ536-12-13-14-18,7.2637305
4792a6-NOZ537-11-08-13-56,7.6464014
4792a6-NOZ537-11-23-15-08,7.8902106
4792a6-NOZ538-12-06-15-31,8.013733
4792a6-NOZ538-12-07-15-32,7.55
4792a6-NOZ540-12-05-16-12,9.228766
4792a6-NOZ541-11-10-15-43,8.158901
4792a6-NOZ541-11-27-15-44,8.201689
4792a6-NOZ541-12-13-15-43,8.407193
4792a6-NOZ543-12-06-16-55,7.9842534
4792a6-NOZ543-12-07-16-44,8.463951
4792a6-NOZ544-11-10-17-14,7.7124476
4792a6-NOZ544-12-13-17-25,7.9139457
4792a6-NOZ545-12-05-17-28,7.497746
4792a6-NOZ546-12-06-18-12,7.41736
4792a6-NOZ546-12-07-18-19,8.061871
4792a6-NOZ547-11-10-18-33,8.111943
4792a6-NOZ547-12-13-18-38,7.672383
4792a6-NOZ549-12-06-19-25,7.443541
4792a6-NOZ549-12-07-19-27,7.839798
4792a6-NOZ550-11-10-19-55,7.581515
4792a6-NOZ55J-11-25-18-41,8.082233
4792a6-NOZ56U-11-03-19-04,9.256583
4792a6-NOZ5AY-11-10-09-32,7.9372582
4792a6-NOZ5PY-11-07-15-58,8.503599
4792a6-NOZ602-11-23-06-46,7.6137404
4792a6-NOZ605-11-10-06-30,7.872191
4792a6-NOZ605-11-14-06-30,8.299603
4792a6-NOZ606-11-14-08-04,7.9101396
4792a6-NOZ609-11-23-07-54,7.901271
4792a6-NOZ612-12-31-12-34,8.016912
4792a6-NOZ614-11-13-13-49,8.264189
4792a6-NOZ623-11-13-12-31,8.380106
4792a6-NOZ625-12-31-13-58,8.384302
4792a6-NOZ626-11-11-16-52,8.396291
4792a6-NOZ626-11-13-17-05,7.6183662
4792a6-NOZ626-11-17-16-47,8.377214
4792a6-NOZ628-11-07-17-32,8.947423
4792a6-NOZ631-11-11-15-20,8.463909
4792a6-NOZ631-11-13-15-30,8.22873
4792a6-NOZ631-11-17-15-24,8.263542
4792a6-NOZ632-11-16-18-18,7.6128416
4792a6-NOZ634-11-13-19-51,7.502422
4792a6-NOZ638-11-09-20-06,8.776177
4792a6-NOZ643-11-13-18-25,7.8632607
4792a6-NOZ645-11-07-18-53,7.8738685
4792a6-NOZ7C-11-02-08-37,7.9032226
4792a6-NOZ7C-11-07-08-44,7.8365397
4792a6-NOZ7C-12-06-09-57,8.546606
4792a6-NOZ7C-12-29-09-33,8.285831
4792a6-NOZ8C-11-06-21-23,12.075456
4792a6-NOZ8C-12-18-22-03,8.895667
4792a6-NOZ8ME-12-18-19-01,8.036268
4792a6-NOZ9BH-11-06-12-14,8.453147
4792a6-NOZ9BH-12-18-12-46,9.9048195
4792d3-NOZ181-11-19-08-53,8.22523
4792d3-NOZ181-12-05-06-04,9.295299
4792d3-NOZ181-12-06-06-05,8.417324
4792d3-NOZ182-11-19-07-27,9.791147
4792d3-NOZ182-12-05-07-46,9.388962
4792d3-NOZ183-12-05-09-06,7.7098846
4792d3-NOZ183-12-06-09-25,8.215881
4792d3-NOZ191-12-02-17-12,8.440445
4792d3-NOZ191-12-05-17-11,7.363708
4792d3-NOZ191-12-11-14-32,8.761834
4792d3-NOZ1BG-11-05-06-05,8.397285
4792d3-NOZ1BG-11-26-06-06,8.001611
4792d3-NOZ1BG-11-30-06-00,8.063992
4792d3-NOZ1TT-11-21-14-43,8.484027
4792d3-NOZ1TT-12-12-14-37,7.834928
4792d3-NOZ1TT-12-18-14-45,8.17207
4792d3-NOZ1TT-12-28-14-40,8.115623
4792d3-NOZ270-11-21-08-03,7.57937
4792d3-NOZ270-12-12-07-34,7.4700747
4792d3-NOZ271-11-21-06-19,8.711431
4792d3-NOZ271-11-23-06-08,7.8400397
4792d3-NOZ271-12-12-06-04,9.903502
4792d3-NOZ276-11-18-16-09,8.550913
4792d3-NOZ276-12-09-17-36,7.6399493
4792d3-NOZ277-11-18-18-14,8.622165
4792d3-NOZ277-12-09-19-02,8.537104
4792d3-NOZ278-11-22-19-15,9.455968
4792d3-NOZ2FV-12-10-16-13,8.367268
4792d3-NOZ2UC-12-15-16-34,8.502628
4792d3-NOZ345-11-03-09-51,8.643877
4792d3-NOZ345-12-20-10-33,8.092035
4792d3-NOZ346-12-07-14-47,9.28572
4792d3-NOZ346-12-08-14-58,9.354017
4792d3-NOZ346-12-19-14-55,9.830591
4792d3-NOZ347-12-07-16-43,7.601454
4792d3-NOZ347-12-08-16-50,7.863363
4792d3-NOZ347-12-19-17-11,8.166339
4792d3-NOZ3TV-12-10-17-26,7.76662
4792d3-NOZ3VG-12-12-16-03,8.920875
4792d3-NOZ3VG-12-18-16-06,7.9450407
4792d3-NOZ3VG-12-28-16-06,8.699289
4792d3-NOZ40A-12-09-13-57,8.674167
4792d3-NOZ4RZ-11-03-07-58,8.99745
4792d3-NOZ4RZ-12-20-08-08,9.26242
4792d3-NOZ50A-12-13-17-00,9.833217
4792d3-NOZ522-11-16-06-00,8.549027
4792d3-NOZ522-12-01-06-02,7.4288287
4792d3-NOZ523-12-21-06-32,8.057063
4792d3-NOZ523-12-22-06-34,7.4584007
4792d3-NOZ525-11-16-07-31,8.587113
4792d3-NOZ525-12-01-07-22,7.554927
4792d3-NOZ526-12-21-08-20,8.218058
4792d3-NOZ526-12-22-08-07,8.6078
4792d3-NOZ530-11-22-10-15,7.8492413
4792d3-NOZ531-11-22-11-24,7.911237
4792d3-NOZ532-12-21-11-07,7.421716
4792d3-NOZ532-12-22-11-05,7.907297
4792d3-NOZ534-11-22-12-43,7.680322
4792d3-NOZ534-12-20-12-46,7.3225636
4792d3-NOZ535-12-21-12-37,8.089557
4792d3-NOZ535-12-22-12-35,8.980685
4792d3-NOZ536-12-21-14-21,7.941327
4792d3-NOZ536-12-22-14-57,7.7008953
4792d3-NOZ537-11-22-14-04,8.669082
4792d3-NOZ538-11-24-15-29,7.918523
4792d3-NOZ540-11-29-16-05,7.344752
4792d3-NOZ541-12-21-15-45,7.9704027
4792d3-NOZ541-12-22-16-38,8.013176
4792d3-NOZ543-11-24-16-41,8.332518
4792d3-NOZ544-12-21-17-26,8.226652
4792d3-NOZ545-11-29-17-27,8.41152
4792d3-NOZ546-11-24-18-34,7.622974
4792d3-NOZ547-12-21-18-38,8.354448
4792d3-NOZ549-11-24-19-40,7.704084
4792d3-NOZ550-12-21-20-49,7.680318
4792d3-NOZ55J-12-13-18-42,7.6682935
4792d3-NOZ56U-11-04-19-07,9.269168
4792d3-NOZ56U-11-25-19-07,9.196223
4792d3-NOZ56U-11-29-18-54,8.596081
4792d3-NOZ5AY-12-21-09-33,7.7172894
4792d3-NOZ5AY-12-22-09-25,7.8959827
4792d3-NOZ5PY-11-21-16-11,8.804784
4792d3-NOZ5PY-11-30-15-53,7.757301
4792d3-NOZ602-11-24-06-29,8.329294
4792d3-NOZ602-11-29-06-08,8.294484
4792d3-NOZ605-12-15-07-09,8.138642
4792d3-NOZ606-12-15-08-39,7.6405845
4792d3-NOZ607-12-19-07-13,7.8084135
4792d3-NOZ609-11-24-07-48,7.830768
4792d3-NOZ609-11-29-07-24,7.9318223
4792d3-NOZ625-12-10-14-57,7.7353525
4792d3-NOZ628-11-21-17-41,8.44159
4792d3-NOZ628-11-30-17-26,7.8556075
4792d3-NOZ628-12-12-17-39,8.539265
4792d3-NOZ628-12-18-17-31,8.940686
4792d3-NOZ628-12-28-17-38,8.714692
4792d3-NOZ638-12-14-20-23,8.102007
4792d3-NOZ638-12-18-20-14,8.673195
4792d3-NOZ639-11-17-17-31,8.014899
4792d3-NOZ639-12-15-17-49,8.358556
4792d3-NOZ645-11-21-18-52,7.7077827
4792d3-NOZ645-11-30-18-42,7.6189513
4792d3-NOZ645-12-12-18-57,7.9657116
4792d3-NOZ645-12-18-18-54,8.665425
4792d3-NOZ645-12-28-18-53,7.9488964
4792d3-NOZ68L-11-11-19-26,9.688335
4792d3-NOZ6TM-12-04-20-10,9.501265
4792d3-NOZ6TM-12-05-18-54,10.266398
4792d3-NOZ7C-11-21-09-10,9.399331
4792d3-NOZ8402-12-10-13-41,8.925726
4792d3-NOZ8921-12-15-10-33,8.428143
4792d3-NOZ8C-11-20-21-12,7.8632174
4792d3-NOZ8C-12-11-21-51,7.8338556
4792d3-NOZ9BH-11-20-12-29,9.579954
4792d3-NOZ9BH-12-02-15-44,10.241964
4792d3-NOZ9BH-12-05-15-56,9.629144
4792d3-NOZ9BH-12-11-12-51,8.247224
4792d3-NOZ9PL-11-18-07-35,7.9648447
4792db-NOZ132-12-19-14-05,7.7472496
4792db-NOZ132-12-20-13-57,7.619552
4792db-NOZ133-12-19-14-57,9.102499
4792db-NOZ133-12-20-14-54,7.4432893
4792db-NOZ140-11-14-07-24,8.055361
4792db-NOZ141-11-14-08-18,8.450653
4792db-NOZ144-12-01-14-54,7.561626
4792db-NOZ144-12-02-15-46,8.061274
4792db-NOZ145-12-01-16-01,8.756876
4792db-NOZ145-12-02-16-45,7.673319
4792db-NOZ181-11-16-06-02,7.7643323
4792db-NOZ181-12-13-06-18,8.962011
4792db-NOZ182-11-16-07-36,9.340043
4792db-NOZ182-12-13-07-35,11.229347
4792db-NOZ183-11-16-08-48,8.627331
4792db-NOZ183-12-13-08-58,8.575404
4792db-NOZ191-11-08-17-02,8.314934
4792db-NOZ191-12-12-17-15,7.957779
4792db-NOZ1TT-11-22-14-45,7.698531
4792db-NOZ270-12-26-07-41,11.140853
4792db-NOZ276-11-04-16-09,8.303611
4792db-NOZ276-11-15-16-01,9.416832
4792db-NOZ276-12-30-16-11,8.76435
4792db-NOZ277-11-04-17-29,8.04036
4792db-NOZ277-11-15-17-28,8.072484
4792db-NOZ277-12-30-17-25,8.3850975
4792db-NOZ2BE-11-16-12-27,11.002022
4792db-NOZ2DC-12-15-06-22,7.7013974
4792db-NOZ345-12-04-10-18,7.412246
4792db-NOZ345-12-05-10-09,10.438931
4792db-NOZ345-12-27-09-55,8.044799
4792db-NOZ345-12-29-10-09,8.335733
4792db-NOZ346-11-10-14-39,9.3736515
4792db-NOZ347-11-10-16-34,7.739719
4792db-NOZ4HF-12-14-07-04,8.16635
4792db-NOZ4HF-12-16-07-13,8.265348
4792db-NOZ4RZ-12-04-08-17,9.492166
4792db-NOZ4RZ-12-05-07-41,10.343023
4792db-NOZ4RZ-12-27-07-51,8.858748
4792db-NOZ4RZ-12-29-08-12,9.333491
4792db-NOZ50A-11-01-16-32,9.690406
4792db-NOZ50A-11-02-16-38,9.514023
4792db-NOZ50A-11-24-16-59,9.174516
4792db-NOZ50A-11-30-16-27,9.06778
4792db-NOZ50A-12-04-16-35,9.639954
4792db-NOZ530-12-16-11-40,8.022624
4792db-NOZ531-12-16-13-13,9.530023
4792db-NOZ538-11-29-15-14,7.397705
4792db-NOZ540-12-23-16-21,7.3634706
4792db-NOZ543-11-29-16-36,7.4678354
4792db-NOZ545-12-23-17-34,7.757963
4792db-NOZ546-11-29-18-15,7.530086
4792db-NOZ549-11-29-19-25,8.011381
4792db-NOZ55J-11-01-18-27,7.808925
4792db-NOZ55J-11-02-18-36,7.8745737
4792db-NOZ55J-11-24-18-40,7.6764097
4792db-NOZ55J-11-30-18-28,7.8926826
4792db-NOZ55J-12-04-19-34,7.8756576
4792db-NOZ5PY-11-22-16-07,8.397328
4792db-NOZ601-12-14-05-46,8.51128
4792db-NOZ601-12-16-05-49,8.270847
4792db-NOZ602-12-07-06-10,8.13033
4792db-NOZ605-12-21-06-40,7.9718614
4792db-NOZ606-12-21-08-27,8.326063
4792db-NOZ607-12-22-07-04,7.8104715
4792db-NOZ608-12-14-09-49,8.097764
4792db-NOZ609-12-07-07-19,7.9665947
4792db-NOZ611-12-14-08-23,8.063257
4792db-NOZ611-12-16-08-48,8.110712
4792db-NOZ612-11-05-12-23,8.723325
4792db-NOZ612-11-19-12-25,7.500404
4792db-NOZ612-12-14-12-39,7.3643384
4792db-NOZ612-12-16-15-18,8.776899
4792db-NOZ612-12-21-12-40,8.043294
4792db-NOZ617-12-14-11-18,8.064191
4792db-NOZ617-12-21-11-13,7.9825664
4792db-NOZ620-12-16-19-41,8.576643
4792db-NOZ625-11-05-14-01,7.8244753
4792db-NOZ625-11-19-13-54,8.365956
4792db-NOZ625-12-14-14-02,7.87146
4792db-NOZ625-12-16-17-33,7.833419
4792db-NOZ626-12-15-16-50,8.162556
4792db-NOZ626-12-21-17-15,8.61121
4792db-NOZ628-11-22-18-10,7.4756503
4792db-NOZ631-12-15-15-35,8.5055485
4792db-NOZ631-12-21-15-24,8.718913
4792db-NOZ632-12-14-18-02,7.450507
4792db-NOZ632-12-16-22-56,8.100049
4792db-NOZ637-12-16-21-02,8.648315
4792db-NOZ638-12-13-20-27,8.777161
4792db-NOZ645-11-22-19-19,7.811254
4792db-NOZ6TM-11-15-18-45,9.314024
4792db-NOZ6TM-12-12-18-49,9.711598
4792db-NOZ7C-12-26-08-52,8.216185
4792db-NOZ9BH-11-08-15-34,9.475158
4792db-NOZ9BH-12-12-15-46,9.658079
47945c-NOZ132-12-23-13-58,7.595247
47945c-NOZ132-12-26-13-04,7.9615765
47945c-NOZ132-12-27-14-24,7.672346
47945c-NOZ132-12-30-14-02,8.917078
47945c-NOZ133-12-23-14-56,8.847857
47945c-NOZ133-12-26-13-57,8.284457
47945c-NOZ133-12-27-15-40,8.204318
47945c-NOZ133-12-30-14-58,10.326155
47945c-NOZ144-12-13-15-57,8.476554
47945c-NOZ145-12-13-16-55,8.374682
47945c-NOZ181-11-03-06-05,7.94213
47945c-NOZ181-12-12-06-01,7.999446
47945c-NOZ182-11-03-07-36,8.511842
47945c-NOZ182-12-12-07-35,9.652052
47945c-NOZ183-11-03-08-58,8.738251
47945c-NOZ183-12-12-08-57,8.774746
47945c-NOZ1YA-12-08-15-01,8.658053
47945c-NOZ270-12-09-07-35,8.792087
47945c-NOZ271-12-09-06-21,8.436819
47945c-NOZ276-11-02-15-58,11.271589
47945c-NOZ277-11-02-17-25,7.6190934
47945c-NOZ278-12-08-19-14,7.92351
47945c-NOZ27C-12-09-08-42,8.4082
47945c-NOZ2DC-12-20-05-59,8.249711
47945c-NOZ2DC-12-22-05-58,7.9897614
47945c-NOZ2DC-12-28-06-16,8.068601
47945c-NOZ2DC-12-29-06-02,8.032095
47945c-NOZ2PC-12-17-08-21,8.682115
47945c-NOZ2UC-11-25-16-13,8.299668
47945c-NOZ345-11-08-09-33,8.734356
47945c-NOZ345-12-06-10-57,7.424888
47945c-NOZ345-12-07-09-46,12.778478
47945c-NOZ346-12-05-14-53,10.2862425
47945c-NOZ346-12-06-14-32,10.306412
47945c-NOZ347-12-05-16-59,7.3389964
47945c-NOZ347-12-06-16-41,7.656994
47945c-NOZ3JE-12-20-06-57,8.423714
47945c-NOZ3JE-12-22-06-52,8.091109
47945c-NOZ3JE-12-28-07-05,8.184998
47945c-NOZ3JE-12-29-06-58,9.309889
47945c-NOZ40A-12-08-13-31,7.393514
47945c-NOZ4RZ-11-08-07-29,9.131825
47945c-NOZ4RZ-12-06-08-25,10.68701
47945c-NOZ4RZ-12-07-07-47,9.902397
47945c-NOZ521-11-04-05-29,7.9473753
47945c-NOZ523-11-05-06-14,7.6683073
47945c-NOZ524-11-04-07-15,7.348632
47945c-NOZ524-11-05-07-32,7.877016
47945c-NOZ525-11-06-11-27,7.999449
47945c-NOZ530-11-25-09-51,9.036285
47945c-NOZ531-11-05-08-48,7.906401
47945c-NOZ531-11-25-11-15,7.791527
47945c-NOZ531-11-30-11-05,8.152748
47945c-NOZ532-11-05-10-19,9.647103
47945c-NOZ534-11-06-13-14,8.767698
47945c-NOZ534-11-25-12-47,8.254873
47945c-NOZ534-11-30-12-34,8.11078
47945c-NOZ537-11-06-14-41,7.7032843
47945c-NOZ537-11-25-14-06,7.8869653
47945c-NOZ540-11-06-16-12,7.7088733
47945c-NOZ545-11-06-17-38,7.8063054
47945c-NOZ546-11-06-19-05,7.888269
47945c-NOZ555-11-06-20-25,7.8396187
47945c-NOZ602-11-30-06-12,8.158586
47945c-NOZ602-12-05-06-02,8.328109
47945c-NOZ605-12-19-06-33,8.01669
47945c-NOZ605-12-23-06-48,7.9600253
47945c-NOZ605-12-27-07-09,7.9631643
47945c-NOZ605-12-30-06-40,7.919501
47945c-NOZ606-12-19-08-20,9.075569
47945c-NOZ606-12-23-08-17,7.4589753
47945c-NOZ606-12-27-08-47,8.465708
47945c-NOZ606-12-30-08-21,8.068542
47945c-NOZ608-12-17-11-07,8.241901
47945c-NOZ608-12-18-09-55,7.730516
47945c-NOZ608-12-24-09-38,7.463762
47945c-NOZ609-11-30-07-34,7.7671394
47945c-NOZ609-12-05-07-27,9.2507
47945c-NOZ609-12-17-09-37,8.092473
47945c-NOZ609-12-24-07-46,7.753894
47945c-NOZ609-12-31-07-23,8.656646
47945c-NOZ611-12-18-08-42,7.6987476
47945c-NOZ612-12-18-12-28,7.5810585
47945c-NOZ617-12-18-11-17,7.8457394
47945c-NOZ620-12-18-15-31,8.072148
47945c-NOZ625-12-18-14-06,7.835779
47945c-NOZ626-12-26-17-27,8.252027
47945c-NOZ626-12-28-17-06,8.098262
47945c-NOZ631-12-26-15-50,8.069973
47945c-NOZ631-12-28-15-31,8.28373
47945c-NOZ632-12-18-18-15,8.6005535
47945c-NOZ637-12-18-16-50,7.8531675
47945c-NOZ639-11-25-17-31,7.8531675
47945c-NOZ647-12-18-19-34,8.00465
47945c-NOZ648-12-18-21-16,7.9853773
47945c-NOZ6TM-11-02-18-49,10.509461
47945c-NOZ6TM-12-11-20-15,10.284246
47947c-NOZ144-11-17-15-03,7.5414186
47947c-NOZ145-11-17-16-08,8.331199
47947c-NOZ181-11-26-09-00,7.7692485
47947c-NOZ182-11-02-07-34,7.638914
47947c-NOZ182-11-26-07-47,8.878674
47947c-NOZ191-11-11-17-13,7.414719
47947c-NOZ1BG-12-30-07-28,7.6183343
47947c-NOZ1KD-11-18-14-22,8.163174
47947c-NOZ1TT-11-09-14-32,7.554
47947c-NOZ270-12-14-08-19,7.7752275
47947c-NOZ271-12-17-07-43,8.212602
47947c-NOZ276-11-01-16-02,11.160583
47947c-NOZ276-11-25-16-03,10.537951
47947c-NOZ276-12-28-16-18,7.595778
47947c-NOZ277-11-01-17-19,8.014163
47947c-NOZ277-11-25-17-28,8.088295
47947c-NOZ278-12-16-23-57,9.600592
47947c-NOZ2DC-12-02-06-04,7.815796
47947c-NOZ2DC-12-06-06-20,7.891986
47947c-NOZ346-11-06-14-30,8.960938
47947c-NOZ347-11-06-16-34,7.823645
47947c-NOZ3DB-11-16-18-14,7.482684
47947c-NOZ3JE-12-02-06-56,8.196546
47947c-NOZ3JE-12-06-07-13,7.992767
47947c-NOZ4HF-12-05-07-06,8.535246
47947c-NOZ51Q-11-18-08-38,8.572894
47947c-NOZ522-11-10-06-07,7.634256
47947c-NOZ525-11-10-07-22,7.872483
47947c-NOZ538-11-22-15-31,7.7534904
47947c-NOZ538-11-28-15-18,7.9586053
47947c-NOZ543-11-22-16-45,8.445159
47947c-NOZ543-11-28-16-34,7.6712537
47947c-NOZ546-11-22-18-20,7.933579
47947c-NOZ546-11-28-18-18,7.6562157
47947c-NOZ548-11-20-18-48,7.3314176
47947c-NOZ549-11-22-19-31,8.423197
47947c-NOZ549-11-28-19-33,7.6386223
47947c-NOZ553-11-20-20-03,8.376322
47947c-NOZ56U-12-29-20-08,9.176394
47947c-NOZ5PY-11-09-15-55,8.151986
47947c-NOZ601-11-22-05-32,8.428447
47947c-NOZ601-12-05-05-50,8.118071
47947c-NOZ605-11-08-06-27,8.592809
47947c-NOZ605-12-01-06-28,8.49119
47947c-NOZ606-11-08-08-02,11.075546
47947c-NOZ606-11-21-08-29,7.7044907
47947c-NOZ606-12-01-07-59,8.500293
47947c-NOZ607-11-09-07-07,8.0077915
47947c-NOZ607-12-07-07-33,7.475037
47947c-NOZ608-12-03-09-17,7.5660796
47947c-NOZ608-12-05-09-46,8.108041
47947c-NOZ609-12-03-07-45,7.7904553
47947c-NOZ611-12-05-08-19,7.832936
47947c-NOZ612-11-12-12-22,8.108588
47947c-NOZ612-12-05-12-33,8.112911
47947c-NOZ617-12-05-11-05,7.9962897
47947c-NOZ620-12-05-15-25,8.100647
47947c-NOZ625-11-12-13-58,7.880144
47947c-NOZ625-12-05-14-04,7.9159355
47947c-NOZ626-11-08-16-53,8.739682
47947c-NOZ626-11-21-16-46,8.730244
47947c-NOZ628-11-09-17-40,7.846034
47947c-NOZ631-11-08-15-25,7.8399725
47947c-NOZ631-11-21-15-29,8.304251
47947c-NOZ632-12-05-18-10,8.3758745
47947c-NOZ637-12-05-16-54,7.5480685
47947c-NOZ638-11-30-20-06,8.555666
47947c-NOZ645-11-09-18-56,7.5759125
47947c-NOZ648-11-20-21-39,7.640247
47947c-NOZ64N-11-02-17-02,8.792488
47947c-NOZ68L-11-13-20-45,9.624442
47947c-NOZ6MH-11-18-11-32,8.092626
47947c-NOZ6TM-11-01-18-53,11.255782
47947c-NOZ7C-12-14-09-36,7.7657332
47947c-NOZ9BH-11-11-15-42,10.915447
47947c-NOZ9T-11-18-16-55,8.195872
4794f2-NOZ132-12-16-14-20,8.239018
4794f2-NOZ133-12-16-15-26,7.9590554
4794f2-NOZ181-11-04-06-01,7.643778
4794f2-NOZ181-11-07-06-05,8.178434
4794f2-NOZ181-11-08-06-01,8.675136
4794f2-NOZ182-11-08-07-33,8.464837
4794f2-NOZ183-11-04-09-01,7.694361
4794f2-NOZ183-11-07-08-49,7.7201405
4794f2-NOZ183-11-08-08-46,8.552219
4794f2-NOZ183-12-11-08-39,7.9512944
4794f2-NOZ191-11-07-17-04,8.372188
4794f2-NOZ191-11-10-17-06,8.153621
4794f2-NOZ191-11-22-17-06,7.323958
4794f2-NOZ191-12-01-17-04,7.3965483
4794f2-NOZ191-12-22-17-29,11.168591
4794f2-NOZ1BG-11-10-06-01,7.745939
4794f2-NOZ1BG-11-28-06-05,7.708035
4794f2-NOZ1BG-12-01-06-05,7.799949
4794f2-NOZ1TT-12-13-15-05,8.241037
4794f2-NOZ270-11-01-07-30,7.6176105
4794f2-NOZ271-11-01-06-06,7.978392
4794f2-NOZ272-12-11-16-07,8.420023
4794f2-NOZ275-12-11-17-44,8.47522
4794f2-NOZ276-11-17-15-58,7.887411
4794f2-NOZ276-11-23-18-36,9.979807
4794f2-NOZ277-11-17-17-35,8.438755
4794f2-NOZ277-11-23-19-44,7.9437118
4794f2-NOZ2BE-11-02-12-35,10.718883
4794f2-NOZ2DC-12-19-06-00,8.222551
4794f2-NOZ345-11-02-09-29,8.033609
4794f2-NOZ345-11-20-10-19,7.8053517
4794f2-NOZ346-11-01-14-29,10.888702
4794f2-NOZ347-11-01-16-33,7.7907586
4794f2-NOZ3JE-12-19-06-53,8.098625
4794f2-NOZ4RZ-11-02-07-35,9.384024
4794f2-NOZ4RZ-11-20-08-17,9.520259
4794f2-NOZ50A-11-16-16-42,10.244024
4794f2-NOZ50A-12-05-16-51,10.267336
4794f2-NOZ530-11-09-09-47,7.809305
4794f2-NOZ530-11-10-09-54,8.295959
4794f2-NOZ530-12-01-09-52,7.9758487
4794f2-NOZ530-12-05-10-20,7.8851256
4794f2-NOZ530-12-07-10-01,7.652446
4794f2-NOZ531-11-09-11-05,8.153653
4794f2-NOZ531-11-10-11-04,7.73706
4794f2-NOZ531-12-01-11-05,7.582344
4794f2-NOZ531-12-05-11-28,8.08374
4794f2-NOZ531-12-07-11-14,7.738954
4794f2-NOZ534-11-09-12-35,7.779075
4794f2-NOZ534-11-10-12-42,7.6171336
4794f2-NOZ534-12-01-12-50,7.729646
4794f2-NOZ534-12-05-12-54,7.351102
4794f2-NOZ534-12-07-12-37,8.117385
4794f2-NOZ537-11-09-14-00,7.843097
4794f2-NOZ537-11-10-14-00,8.153198
4794f2-NOZ537-12-01-14-03,8.637908
4794f2-NOZ537-12-05-14-06,7.6475754
4794f2-NOZ537-12-07-13-59,8.431199
4794f2-NOZ538-11-23-15-43,8.439379
4794f2-NOZ540-11-09-16-09,7.5683765
4794f2-NOZ540-11-30-16-17,7.053661
4794f2-NOZ540-12-09-16-14,7.9616485
4794f2-NOZ543-11-23-16-56,7.961475
4794f2-NOZ545-11-09-17-21,7.9264627
4794f2-NOZ545-11-30-17-24,7.651206
4794f2-NOZ545-12-09-17-41,7.735397
4794f2-NOZ55J-11-16-18-38,7.9679337
4794f2-NOZ55J-12-05-18-55,7.5907125
4794f2-NOZ56U-11-09-18-49,8.937351
4794f2-NOZ56U-11-27-20-09,9.301322
4794f2-NOZ56U-11-30-18-55,8.770666
4794f2-NOZ601-11-16-05-34,8.497035
4794f2-NOZ601-12-15-05-51,7.5409985
4794f2-NOZ602-11-22-06-32,8.340949
4794f2-NOZ605-12-14-06-41,8.00762
4794f2-NOZ605-12-16-06-43,10.268823
4794f2-NOZ606-12-14-08-05,8.201705
4794f2-NOZ606-12-16-08-43,8.174041
4794f2-NOZ607-12-21-07-02,8.734219
4794f2-NOZ608-12-15-09-49,7.5643945
4794f2-NOZ608-12-29-10-20,10.96871
4794f2-NOZ609-11-22-07-42,8.019548
4794f2-NOZ611-12-15-08-24,8.901478
4794f2-NOZ611-12-29-08-27,7.915341
4794f2-NOZ612-12-15-12-33,7.4062634
4794f2-NOZ612-12-20-12-33,8.115421
4794f2-NOZ612-12-29-14-02,8.257346
4794f2-NOZ614-12-18-14-00,7.6706986
4794f2-NOZ617-12-15-11-06,7.855144
4794f2-NOZ617-12-20-11-01,8.657703
4794f2-NOZ617-12-29-11-41,7.7966633
4794f2-NOZ620-12-15-15-27,7.6013618
4794f2-NOZ620-12-20-15-29,8.307921
4794f2-NOZ620-12-29-17-43,7.9751024
4794f2-NOZ623-12-18-12-35,7.8360696
4794f2-NOZ625-12-15-14-05,7.9755707
4794f2-NOZ625-12-20-14-00,8.064293
4794f2-NOZ625-12-29-15-29,8.081115
4794f2-NOZ626-12-18-17-02,8.00319
4794f2-NOZ626-12-19-17-41,9.51514
4794f2-NOZ626-12-30-17-00,8.651994
4794f2-NOZ631-12-18-15-35,8.381166
4794f2-NOZ631-12-19-15-34,7.814282
4794f2-NOZ631-12-30-15-40,8.924594
4794f2-NOZ632-12-15-18-11,7.534795
4794f2-NOZ632-12-20-18-23,8.33152
4794f2-NOZ634-12-18-20-02,8.458792
4794f2-NOZ637-12-15-16-43,8.1699915
4794f2-NOZ637-12-20-16-48,7.8971
4794f2-NOZ638-11-15-20-22,7.616706
4794f2-NOZ643-12-18-18-24,7.857934
4794f2-NOZ6MH-11-19-10-08,7.376876
4794f2-NOZ6TM-11-03-19-00,11.102989
4794f2-NOZ6TM-11-06-20-05,9.800219
4794f2-NOZ6TM-11-07-18-44,10.018707
4794f2-NOZ6TM-12-09-19-05,9.498566
4794f2-NOZ7C-11-01-08-39,8.10199
4794f2-NOZ8404-12-16-19-37,8.552748
4794f2-NOZ9BH-11-07-15-34,9.718642
4794f2-NOZ9BH-11-10-15-30,8.441907
4794f2-NOZ9BH-11-22-15-41,9.093597
4794f2-NOZ9BH-12-01-15-33,8.640213
47956b-NOZ132-11-03-13-55,7.8764124
47956b-NOZ133-11-03-15-03,8.563131
47956b-NOZ133-12-11-17-04,8.024314
47956b-NOZ133-12-22-15-10,9.701346
47956b-NOZ134-12-11-18-07,7.9864984
47956b-NOZ183-12-16-13-11,7.7960744
47956b-NOZ1BG-11-09-06-04,8.917548
47956b-NOZ1BG-11-21-06-22,7.9713826
47956b-NOZ1TT-11-14-14-29,8.390879
47956b-NOZ276-11-11-16-01,11.159107
47956b-NOZ276-12-29-17-32,11.373526
47956b-NOZ277-11-11-17-31,8.705123
47956b-NOZ277-12-29-18-40,7.8487267
47956b-NOZ2UC-12-05-16-06,8.415041
47956b-NOZ345-12-30-10-10,7.8756714
47956b-NOZ346-11-23-15-21,9.060727
47956b-NOZ346-11-24-14-50,9.439957
47956b-NOZ347-11-23-17-11,8.192479
47956b-NOZ4HF-11-02-07-13,8.599728
47956b-NOZ4RZ-12-30-07-41,9.565103
47956b-NOZ50A-11-28-16-46,9.462627
47956b-NOZ521-12-08-05-46,7.946374
47956b-NOZ521-12-09-05-45,8.679202
47956b-NOZ521-12-12-05-33,8.207811
47956b-NOZ521-12-13-05-27,7.876808
47956b-NOZ521-12-14-05-33,7.735078
47956b-NOZ521-12-15-05-51,7.6730585
47956b-NOZ523-11-10-06-36,8.18827
47956b-NOZ523-12-16-07-43,7.662235
47956b-NOZ524-12-07-07-13,7.507591
47956b-NOZ524-12-08-07-00,7.6847563
47956b-NOZ524-12-09-07-10,8.121873
47956b-NOZ524-12-12-07-09,7.5230694
47956b-NOZ524-12-13-07-00,8.902629
47956b-NOZ524-12-14-07-06,7.537731
47956b-NOZ524-12-15-07-10,7.2847767
47956b-NOZ530-11-18-09-51,8.797479
47956b-NOZ530-11-28-10-04,8.007797
47956b-NOZ530-12-18-09-30,7.9686656
47956b-NOZ531-11-18-11-17,7.9026775
47956b-NOZ531-11-28-11-15,7.911716
47956b-NOZ531-12-18-08-07,8.482725
47956b-NOZ532-12-16-14-40,8.053153
47956b-NOZ534-11-18-12-53,7.2387276
47956b-NOZ534-11-28-12-37,7.8513703
47956b-NOZ535-12-16-17-00,7.7388177
47956b-NOZ536-12-16-19-29,7.9189405
47956b-NOZ537-11-18-14-09,8.162005
47956b-NOZ537-11-28-13-58,7.7212095
47956b-NOZ538-11-10-15-21,7.7502155
47956b-NOZ540-11-08-16-28,7.968792
47956b-NOZ541-12-16-20-57,9.330382
47956b-NOZ543-11-10-16-42,8.574491
47956b-NOZ544-12-16-22-58,7.9750285
47956b-NOZ545-11-08-17-43,7.7719784
47956b-NOZ546-11-10-18-12,8.362917
47956b-NOZ548-12-04-18-28,7.2726135
47956b-NOZ549-11-10-19-30,7.894374
47956b-NOZ550-11-09-19-59,8.039162
47956b-NOZ553-12-04-19-43,7.6806865
47956b-NOZ55J-11-28-18-42,7.75203
47956b-NOZ56U-11-08-19-06,8.576145
47956b-NOZ56U-11-20-20-23,8.73819
47956b-NOZ5AY-12-18-11-03,7.9288754
47956b-NOZ5PY-11-14-15-56,8.685794
47956b-NOZ601-11-02-05-43,8.759769
47956b-NOZ605-11-01-06-41,8.306939
47956b-NOZ606-11-01-08-02,8.193896
47956b-NOZ607-11-04-07-03,8.399171
47956b-NOZ607-11-23-07-05,7.6770854
47956b-NOZ608-11-02-09-54,7.431879
47956b-NOZ608-12-26-10-34,8.435415
47956b-NOZ611-11-02-08-37,9.500125
47956b-NOZ611-12-26-08-27,8.388935
47956b-NOZ612-11-02-12-22,7.582863
47956b-NOZ612-12-26-13-27,8.303967
47956b-NOZ617-11-02-11-05,8.50512
47956b-NOZ617-12-26-11-52,8.747009
47956b-NOZ620-11-02-15-22,7.759161
47956b-NOZ620-12-26-16-14,8.302208
47956b-NOZ625-11-02-13-57,8.276496
47956b-NOZ625-12-26-14-44,7.691135
47956b-NOZ626-11-01-16-55,8.545996
47956b-NOZ626-11-22-17-40,8.322471
47956b-NOZ628-11-14-17-39,8.277244
47956b-NOZ631-11-01-15-24,8.153842
47956b-NOZ632-11-02-17-57,8.3412285
47956b-NOZ637-11-02-16-37,8.55876
47956b-NOZ637-12-26-17-34,8.205174
47956b-NOZ638-12-20-20-17,8.65848
47956b-NOZ639-11-18-17-33,8.064542
47956b-NOZ639-12-05-17-30,7.7285023
47956b-NOZ645-11-14-19-11,8.151419
479d40-NOZ140-12-08-07-28,9.049299
479d40-NOZ140-12-09-07-09,8.06555
479d40-NOZ140-12-21-07-12,8.024853
479d40-NOZ141-12-08-08-30,9.165519
479d40-NOZ141-12-09-08-22,8.253598
479d40-NOZ141-12-21-08-08,8.855263
479d40-NOZ142-12-11-13-40,8.218752
479d40-NOZ143-12-11-14-39,8.223282
479d40-NOZ144-12-05-15-53,7.9291954
479d40-NOZ144-12-12-16-10,8.187039
479d40-NOZ144-12-21-15-54,7.6097894
479d40-NOZ144-12-22-15-28,7.533991
479d40-NOZ145-12-05-16-55,8.291399
479d40-NOZ145-12-12-17-22,7.988258
479d40-NOZ145-12-21-16-55,8.236329
479d40-NOZ145-12-22-16-36,9.580386
479d40-NOZ183-11-27-07-47,7.7514653
479d40-NOZ1BG-12-02-06-07,8.917102
479d40-NOZ270-11-29-07-16,8.342235
479d40-NOZ271-11-29-06-01,8.885332
479d40-NOZ272-11-13-15-33,8.386214
479d40-NOZ272-11-27-15-37,10.9545555
479d40-NOZ275-11-13-16-48,8.034688
479d40-NOZ275-11-27-16-53,8.2321
479d40-NOZ276-11-03-15-58,10.777933
479d40-NOZ277-11-03-17-22,8.558682
479d40-NOZ278-11-28-18-52,10.597304
479d40-NOZ345-12-17-15-20,7.668944
479d40-NOZ346-11-29-14-44,9.410853
479d40-NOZ346-12-02-14-48,8.857441
479d40-NOZ347-11-29-16-40,7.851
479d40-NOZ347-12-02-16-41,8.643546
479d40-NOZ4RZ-12-17-12-20,10.605416
479d40-NOZ522-11-02-06-00,7.836672
479d40-NOZ525-11-02-07-20,7.597757
479d40-NOZ530-11-11-09-55,8.038873
479d40-NOZ531-11-11-11-21,8.013136
479d40-NOZ534-11-11-12-41,8.099561
479d40-NOZ537-11-11-14-01,8.147034
479d40-NOZ538-11-07-15-22,7.652802
479d40-NOZ538-11-09-15-16,7.5262322
479d40-NOZ538-11-15-15-14,7.3260746
479d40-NOZ540-11-28-16-13,7.4356346
479d40-NOZ543-11-07-16-40,8.46323
479d40-NOZ543-11-09-16-33,8.03158
479d40-NOZ543-11-15-16-45,8.44143
479d40-NOZ545-11-25-17-42,7.7144637
479d40-NOZ545-11-28-17-25,7.8303466
479d40-NOZ546-11-07-18-16,7.8510294
479d40-NOZ546-11-09-18-16,7.5997124
479d40-NOZ546-11-15-18-16,8.443138
479d40-NOZ549-11-07-19-36,7.8893046
479d40-NOZ549-11-09-19-26,7.446364
479d40-NOZ549-11-15-19-27,7.777927
479d40-NOZ602-12-15-06-58,7.56596
479d40-NOZ608-12-31-08-51,8.660358
479d40-NOZ609-12-15-08-13,8.121408
479d40-NOZ6TM-11-25-19-09,9.586107
479d40-NOZ7C-11-29-08-44,7.8331366
479d40-NOZ8ME-12-06-18-13,11.045032
479ee7-NOZ132-12-05-13-57,7.4842763
479ee7-NOZ133-12-05-15-01,7.7980638
479ee7-NOZ194-12-11-19-04,10.596284
479ee7-NOZ195-12-11-20-21,7.625548
479ee7-NOZ1TT-12-04-14-33,8.427967
479ee7-NOZ270-12-13-07-49,7.7831416
479ee7-NOZ271-12-13-06-33,8.408741
479ee7-NOZ276-12-23-17-03,9.762936
479ee7-NOZ276-12-27-18-07,8.700948
479ee7-NOZ277-12-23-18-16,7.8874803
479ee7-NOZ277-12-27-19-19,8.384247
479ee7-NOZ278-12-12-18-56,8.250612
479ee7-NOZ345-12-01-09-38,8.363176
479ee7-NOZ345-12-14-09-38,7.342791
479ee7-NOZ346-12-13-14-48,11.185195
479ee7-NOZ347-12-13-16-35,7.619624
479ee7-NOZ3LH-12-08-09-44,8.216534
479ee7-NOZ4DG-12-08-20-47,8.90095
479ee7-NOZ4RZ-12-01-07-45,9.191513
479ee7-NOZ4RZ-12-14-07-43,9.628611
479ee7-NOZ50A-12-08-16-54,9.482461
479ee7-NOZ50A-12-29-17-57,12.539081
479ee7-NOZ540-12-12-16-25,8.016432
479ee7-NOZ545-12-12-17-43,7.8242006
479ee7-NOZ55J-12-08-18-49,8.817403
479ee7-NOZ55J-12-29-23-25,7.7344313
479ee7-NOZ5PY-12-04-15-54,7.4266777
479ee7-NOZ605-12-05-06-42,7.7860026
479ee7-NOZ605-12-06-06-42,8.547987
479ee7-NOZ605-12-07-06-38,8.176329
479ee7-NOZ605-12-08-07-09,8.000551
479ee7-NOZ606-12-05-08-06,8.380982
479ee7-NOZ606-12-06-08-23,8.455991
479ee7-NOZ606-12-07-08-01,7.674468
479ee7-NOZ606-12-08-08-20,8.067733
479ee7-NOZ607-12-09-07-00,8.181849
479ee7-NOZ626-12-06-16-53,8.340935
479ee7-NOZ628-12-04-17-24,8.340513
479ee7-NOZ631-12-06-15-30,8.520078
479ee7-NOZ638-12-04-20-19,8.466495
479ee7-NOZ639-12-11-17-40,8.201128
479ee7-NOZ645-12-04-18-47,7.850096
479ee7-NOZ7C-12-13-08-58,8.163378
47a039-NOZ132-11-18-14-04,8.80184
47a039-NOZ133-11-18-15-01,8.002669
47a039-NOZ140-11-29-07-00,8.861783
47a039-NOZ140-12-02-07-15,7.6200843
47a039-NOZ140-12-16-07-36,7.751258
47a039-NOZ141-11-29-08-04,8.46613
47a039-NOZ141-12-02-08-11,8.240299
47a039-NOZ141-12-16-08-44,8.1514225
47a039-NOZ142-12-04-13-32,7.69369
47a039-NOZ143-12-04-14-29,8.250561
47a039-NOZ144-11-29-15-48,7.5885205
47a039-NOZ144-12-15-16-04,8.102895
47a039-NOZ145-11-29-16-42,8.5157385
47a039-NOZ145-12-15-16-57,8.028293
47a039-NOZ181-11-10-06-26,7.7576165
47a039-NOZ182-11-10-07-53,10.784582
47a039-NOZ183-11-10-09-17,7.6330085
47a039-NOZ1BG-12-12-06-06,8.958427
47a039-NOZ1BG-12-21-06-54,8.736333
47a039-NOZ1BG-12-28-06-35,7.5611844
47a039-NOZ1BG-12-31-06-19,8.1673355
47a039-NOZ1TT-11-04-14-44,8.391105
47a039-NOZ1TT-11-17-14-40,8.539387
47a039-NOZ1TT-11-24-14-46,8.271615
47a039-NOZ1TT-12-06-14-43,8.351602
47a039-NOZ1TT-12-07-14-52,8.316664
47a039-NOZ271-11-16-06-01,8.263868
47a039-NOZ272-11-06-15-24,10.686027
47a039-NOZ275-11-06-16-46,7.72703
47a039-NOZ276-11-09-15-58,10.429963
47a039-NOZ276-11-14-15-55,8.650909
47a039-NOZ277-11-09-17-31,7.883271
47a039-NOZ277-11-14-17-24,8.261913
47a039-NOZ278-11-15-18-55,7.8791933
47a039-NOZ2DC-11-01-05-57,7.7806244
47a039-NOZ345-12-18-10-29,7.8061123
47a039-NOZ345-12-19-10-26,7.7028985
47a039-NOZ346-12-28-14-58,8.995155
47a039-NOZ347-12-28-16-59,7.7584586
47a039-NOZ3JE-11-01-06-58,7.4934564
47a039-NOZ3LH-11-25-13-11,8.906399
47a039-NOZ3LH-11-26-07-32,8.70135
47a039-NOZ4HF-11-21-07-07,7.5029626
47a039-NOZ4RZ-12-18-08-28,9.727898
47a039-NOZ4RZ-12-19-07-53,9.999429
47a039-NOZ50A-12-18-17-38,9.824212
47a039-NOZ50F-12-05-09-48,7.769305
47a039-NOZ538-11-16-15-18,7.4577074
47a039-NOZ540-12-20-16-51,7.901727
47a039-NOZ543-11-16-16-49,7.6831307
47a039-NOZ545-12-20-18-15,7.54398
47a039-NOZ545-12-27-17-49,7.940563
47a039-NOZ546-11-16-18-12,7.388389
47a039-NOZ549-11-16-19-28,7.661713
47a039-NOZ550-12-23-21-38,7.3847804
47a039-NOZ55J-12-18-20-38,8.023576
47a039-NOZ56U-12-11-20-06,9.04921
47a039-NOZ56U-12-20-19-54,9.087235
47a039-NOZ56U-12-27-19-16,8.772313
47a039-NOZ56U-12-30-19-42,8.761898
47a039-NOZ5PY-11-04-16-15,7.660638
47a039-NOZ5PY-11-17-15-58,8.652026
47a039-NOZ5PY-11-24-16-05,8.458492
47a039-NOZ5PY-12-06-15-59,7.8970633
47a039-NOZ5PY-12-07-16-10,7.717241
47a039-NOZ601-11-21-05-35,8.734299
47a039-NOZ605-11-03-06-40,8.161347
47a039-NOZ605-11-18-06-31,8.409727
47a039-NOZ605-11-25-06-48,8.079995
47a039-NOZ606-11-18-08-06,7.865346
47a039-NOZ606-11-25-08-21,8.506801
47a039-NOZ607-11-22-07-05,8.380297
47a039-NOZ607-11-28-07-02,7.99712
47a039-NOZ608-11-21-10-05,7.52855
47a039-NOZ611-11-21-08-20,9.363261
47a039-NOZ612-11-21-12-32,7.4377723
47a039-NOZ614-11-27-15-08,8.717966
47a039-NOZ617-11-21-11-13,8.473204
47a039-NOZ620-11-21-15-29,8.450592
47a039-NOZ623-11-27-13-39,8.164431
47a039-NOZ625-11-21-14-01,8.214836
47a039-NOZ628-11-04-17-39,8.65711
47a039-NOZ628-11-17-17-32,8.434561
47a039-NOZ628-11-24-17-45,8.255205
47a039-NOZ628-12-06-17-23,8.022581
47a039-NOZ628-12-07-17-33,7.6691227
47a039-NOZ632-11-21-18-08,8.69248
47a039-NOZ637-11-21-16-41,8.632055
47a039-NOZ638-11-17-20-15,8.49906
47a039-NOZ638-11-24-20-29,8.627075
47a039-NOZ639-12-21-17-34,7.9336214
47a039-NOZ645-11-04-18-54,8.162281
47a039-NOZ645-11-17-18-46,8.031915
47a039-NOZ645-11-24-18-58,7.9185195
47a039-NOZ645-12-06-18-42,8.243655
47a039-NOZ645-12-07-18-47,7.635956
47a039-NOZ6CF-11-16-08-06,9.894042
47a039-NOZ6TM-11-09-18-55,8.759224
47a05e-NOZ133-11-20-15-59,8.374697
47a05e-NOZ134-11-20-17-00,7.7707915
47a05e-NOZ164-12-16-06-21,8.140987
47a05e-NOZ172-12-18-11-56,7.813849
47a05e-NOZ182-12-30-07-36,10.372134
47a05e-NOZ183-11-13-07-52,7.962549
47a05e-NOZ183-12-30-09-03,8.326271
47a05e-NOZ191-11-02-17-04,8.53057
47a05e-NOZ1BG-12-10-06-07,7.64815
47a05e-NOZ1TT-12-15-14-57,9.246569
47a05e-NOZ270-12-07-07-22,7.8407025
47a05e-NOZ270-12-15-07-35,7.636854
47a05e-NOZ271-12-15-06-24,8.5663
47a05e-NOZ276-11-06-13-22,10.904357
47a05e-NOZ277-11-06-14-35,7.877471
47a05e-NOZ278-12-14-18-54,10.6721
47a05e-NOZ2GH-12-18-15-15,8.011802
47a05e-NOZ2UC-11-14-15-59,8.470862
47a05e-NOZ2UC-11-29-16-00,8.427797
47a05e-NOZ3VG-12-13-16-31,7.518091
47a05e-NOZ3VG-12-15-16-16,8.873583
47a05e-NOZ4RZ-12-12-07-39,8.703824
47a05e-NOZ50A-12-11-16-57,9.514281
47a05e-NOZ521-11-18-05-38,8.182538
47a05e-NOZ521-11-21-05-30,8.655906
47a05e-NOZ521-11-22-05-30,8.453636
47a05e-NOZ521-11-23-05-33,8.294184
47a05e-NOZ521-11-24-05-29,8.303301
47a05e-NOZ521-11-25-05-30,7.7891884
47a05e-NOZ521-12-05-05-45,7.7565036
47a05e-NOZ521-12-06-05-29,9.036484
47a05e-NOZ521-12-07-05-45,8.498783
47a05e-NOZ523-12-01-06-26,7.7268643
47a05e-NOZ523-12-02-06-50,8.016651
47a05e-NOZ524-11-17-07-11,8.305885
47a05e-NOZ524-11-18-07-04,7.7196016
47a05e-NOZ524-11-21-07-11,8.263168
47a05e-NOZ524-11-22-07-10,8.464866
47a05e-NOZ524-11-23-07-24,8.109638
47a05e-NOZ524-11-24-07-09,7.3929086
47a05e-NOZ524-11-25-06-58,9.010004
47a05e-NOZ524-12-05-07-07,7.305011
47a05e-NOZ524-12-06-07-21,7.9599648
47a05e-NOZ525-11-27-11-29,8.99534
47a05e-NOZ526-12-01-08-09,7.371193
47a05e-NOZ526-12-02-08-14,7.286207
47a05e-NOZ530-12-04-09-27,9.494843
47a05e-NOZ531-12-04-07-59,7.082047
47a05e-NOZ532-12-01-10-54,8.065279
47a05e-NOZ532-12-02-11-09,7.9485593
47a05e-NOZ534-11-27-13-43,8.304964
47a05e-NOZ535-12-01-12-30,7.72064
47a05e-NOZ535-12-02-12-37,8.636785
47a05e-NOZ535-12-04-13-35,8.692411
47a05e-NOZ536-12-01-14-17,7.8924766
47a05e-NOZ536-12-02-14-13,7.736328
47a05e-NOZ537-11-27-15-06,7.7371955
47a05e-NOZ538-12-04-15-03,7.2521443
47a05e-NOZ540-11-11-16-13,7.5844283
47a05e-NOZ540-11-16-16-09,9.340161
47a05e-NOZ540-11-27-16-29,7.37983
47a05e-NOZ541-12-01-15-41,8.490949
47a05e-NOZ541-12-02-15-59,8.451535
47a05e-NOZ543-12-04-16-38,7.7336836
47a05e-NOZ544-12-01-17-08,11.34207
47a05e-NOZ544-12-02-17-26,7.8509
47a05e-NOZ544-12-04-18-06,7.2210636
47a05e-NOZ545-11-11-17-34,8.183046
47a05e-NOZ545-11-16-17-29,7.871973
47a05e-NOZ545-11-27-17-44,8.191067
47a05e-NOZ546-11-27-19-05,7.675721
47a05e-NOZ549-12-04-19-33,7.993006
47a05e-NOZ550-11-30-20-02,7.341551
47a05e-NOZ550-12-04-20-59,7.2586794
47a05e-NOZ555-11-27-20-27,8.256991
47a05e-NOZ55J-12-11-18-50,8.976744
47a05e-NOZ56U-12-09-19-23,9.160724
47a05e-NOZ5AY-12-01-09-22,7.259478
47a05e-NOZ5AY-12-02-09-27,8.28174
47a05e-NOZ5AY-12-04-10-52,12.255128
47a05e-NOZ607-12-20-07-09,8.068759
47a05e-NOZ612-12-19-12-36,8.020512
47a05e-NOZ617-12-19-11-06,7.7888074
47a05e-NOZ620-12-19-15-48,8.965362
47a05e-NOZ624-12-18-16-34,7.609633
47a05e-NOZ625-12-19-14-09,7.944996
47a05e-NOZ626-12-16-17-30,8.886525
47a05e-NOZ628-12-13-17-44,8.014556
47a05e-NOZ628-12-15-17-41,8.13274
47a05e-NOZ631-12-16-15-46,8.161165
47a05e-NOZ637-12-19-17-16,8.385903
47a05e-NOZ638-12-12-20-16,7.5343494
47a05e-NOZ638-12-15-20-25,8.496525
47a05e-NOZ639-11-14-17-24,8.50838
47a05e-NOZ639-11-29-17-21,8.163777
47a05e-NOZ645-12-13-18-54,7.994158
47a05e-NOZ645-12-15-18-54,8.023897
47a05e-NOZ6TC-11-04-17-10,10.124495
47a05e-NOZ6TM-11-11-19-02,9.052144
47a05e-NOZ7C-12-07-08-44,8.103271
47a05e-NOZ7C-12-15-08-50,7.9745564
47a05e-NOZ9BH-11-02-15-37,8.630498
47a097-NOZ181-12-08-07-41,7.73259
47a097-NOZ182-12-08-09-26,9.472948
47a097-NOZ183-12-08-11-14,8.963231
47a097-NOZ271-12-20-07-05,8.1122875
47a097-NOZ276-12-07-16-11,11.829183
47a097-NOZ277-12-07-17-27,7.8499517
47a097-NOZ278-12-19-20-13,10.005632
47a097-NOZ345-12-21-10-29,8.144332
47a097-NOZ346-12-09-15-26,9.264062
47a097-NOZ346-12-20-15-14,9.108862
47a097-NOZ347-12-09-17-14,7.825002
47a097-NOZ347-12-20-17-57,7.665319
47a097-NOZ4HF-11-01-06-57,7.5323577
47a097-NOZ4RZ-12-21-07-46,8.864208
47a097-NOZ522-12-14-06-27,7.7032685
47a097-NOZ523-12-10-06-07,7.711493
47a097-NOZ523-12-11-06-53,7.8969417
47a097-NOZ523-12-28-06-49,7.655426
47a097-NOZ523-12-29-06-32,7.6606555
47a097-NOZ523-12-30-06-26,8.080904
47a097-NOZ523-12-31-06-02,8.527356
47a097-NOZ524-12-10-07-29,7.9677835
47a097-NOZ524-12-31-07-28,8.704376
47a097-NOZ525-12-14-07-39,8.102753
47a097-NOZ526-12-28-08-27,8.1418295
47a097-NOZ526-12-29-08-35,7.607516
47a097-NOZ526-12-30-08-13,7.8003926
47a097-NOZ531-12-10-08-47,7.731683
47a097-NOZ531-12-31-08-55,8.434683
47a097-NOZ532-12-10-10-15,8.050299
47a097-NOZ532-12-28-11-19,8.078901
47a097-NOZ532-12-29-11-46,8.520889
47a097-NOZ532-12-30-11-04,7.977552
47a097-NOZ532-12-31-10-15,8.5008745
47a097-NOZ535-12-28-12-38,8.244388
47a097-NOZ535-12-29-13-05,8.013326
47a097-NOZ535-12-30-12-39,7.7215595
47a097-NOZ536-12-28-14-17,8.063436
47a097-NOZ536-12-29-14-42,7.609003
47a097-NOZ536-12-30-14-22,9.416156
47a097-NOZ540-12-19-17-06,7.628274
47a097-NOZ541-12-28-15-42,7.363509
47a097-NOZ541-12-29-16-04,8.474644
47a097-NOZ541-12-30-15-57,7.5650325
47a097-NOZ544-12-27-17-42,7.556776
47a097-NOZ544-12-28-17-32,7.270766
47a097-NOZ544-12-29-18-16,7.795351
47a097-NOZ544-12-30-17-23,8.159744
47a097-NOZ545-12-19-18-26,7.816778
47a097-NOZ548-12-18-19-49,8.338375
47a097-NOZ550-12-09-19-34,7.9363885
47a097-NOZ553-12-18-21-05,8.495161
47a097-NOZ5AY-12-28-09-37,7.5787764
47a097-NOZ5AY-12-29-10-00,8.160039
47a097-NOZ5AY-12-30-09-33,7.620261
47a097-NOZ601-11-01-05-34,7.960254
47a097-NOZ602-12-22-06-12,8.158819
47a097-NOZ607-11-02-07-55,7.589499
47a097-NOZ608-11-01-09-39,7.504542
47a097-NOZ609-12-22-07-41,8.726763
47a097-NOZ60M-12-18-16-05,9.119541
47a097-NOZ611-11-01-08-23,7.6995974
47a097-NOZ612-11-01-12-22,7.9069686
47a097-NOZ617-11-01-10-56,7.8655124
47a097-NOZ6TM-12-07-18-46,9.757953
47a0bf-NOZ132-12-02-14-02,8.094767
47a0bf-NOZ133-11-13-15-49,8.424174
47a0bf-NOZ133-12-02-14-57,8.401181
47a0bf-NOZ134-11-13-16-53,7.782939
47a0bf-NOZ140-12-06-07-02,7.7704844
47a0bf-NOZ141-12-06-08-04,7.827374
47a0bf-NOZ144-12-06-16-16,8.789924
47a0bf-NOZ145-12-06-17-12,9.565542
47a0bf-NOZ191-12-29-17-44,8.812622
47a0bf-NOZ271-12-23-06-24,7.7619615
47a0bf-NOZ276-11-27-13-30,11.441085
47a0bf-NOZ276-12-26-16-31,11.146529
47a0bf-NOZ277-11-27-14-41,8.43747
47a0bf-NOZ277-12-26-17-40,7.864984
47a0bf-NOZ278-12-22-20-35,10.328481
47a0bf-NOZ2GH-12-04-15-02,7.827915
47a0bf-NOZ345-12-23-10-24,7.479902
47a0bf-NOZ4HF-11-04-07-10,8.27622
47a0bf-NOZ4HF-11-22-07-16,8.731744
47a0bf-NOZ4HF-11-29-07-01,8.586689
47a0bf-NOZ4RZ-12-23-07-39,10.846118
47a0bf-NOZ521-11-15-05-24,7.868064
47a0bf-NOZ521-11-16-05-30,8.368012
47a0bf-NOZ521-12-16-06-06,8.740798
47a0bf-NOZ522-11-01-05-58,7.344847
47a0bf-NOZ523-11-14-06-36,8.499735
47a0bf-NOZ523-11-17-06-27,7.6843505
47a0bf-NOZ523-11-18-06-39,8.351606
47a0bf-NOZ523-11-20-06-38,7.740183
47a0bf-NOZ523-12-18-06-28,7.781682
47a0bf-NOZ524-11-15-06-53,7.7406588
47a0bf-NOZ524-11-16-07-05,9.44737
47a0bf-NOZ524-12-16-07-37,7.8947396
47a0bf-NOZ525-11-01-07-25,8.2755375
47a0bf-NOZ526-11-14-08-03,8.07914
47a0bf-NOZ526-11-17-07-54,7.2272687
47a0bf-NOZ526-11-18-08-03,8.405362
47a0bf-NOZ532-11-14-11-01,7.420404
47a0bf-NOZ532-11-17-11-06,7.3422165
47a0bf-NOZ532-11-18-11-12,7.289865
47a0bf-NOZ532-12-15-11-41,7.42169
47a0bf-NOZ535-11-14-12-35,8.430134
47a0bf-NOZ535-11-17-12-36,7.550659
47a0bf-NOZ535-11-18-12-41,8.14572
47a0bf-NOZ535-12-15-12-55,7.9888625
47a0bf-NOZ536-11-14-14-11,8.695225
47a0bf-NOZ536-11-17-14-23,7.4028196
47a0bf-NOZ536-11-18-14-32,9.222168
47a0bf-NOZ536-12-15-14-19,8.140909
47a0bf-NOZ540-12-22-16-49,7.5490537
47a0bf-NOZ541-11-14-15-43,8.499744
47a0bf-NOZ541-11-17-15-54,7.8264537
47a0bf-NOZ541-11-18-15-59,8.326983
47a0bf-NOZ544-11-14-17-14,7.185404
47a0bf-NOZ544-11-17-17-15,7.4112926
47a0bf-NOZ544-11-18-17-32,7.044388
47a0bf-NOZ544-12-15-17-18,7.2818475
47a0bf-NOZ545-12-22-18-04,8.6033
47a0bf-NOZ547-11-17-18-35,8.800408
47a0bf-NOZ547-12-15-18-34,8.523543
47a0bf-NOZ550-11-11-19-23,7.725559
47a0bf-NOZ550-11-17-20-20,7.425983
47a0bf-NOZ550-12-15-20-19,7.2586794
47a0bf-NOZ5AY-11-14-09-24,8.430805
47a0bf-NOZ5AY-11-17-09-20,7.76188
47a0bf-NOZ5AY-11-18-09-28,8.503599
47a0bf-NOZ601-11-04-05-42,7.773954
47a0bf-NOZ601-11-29-05-38,8.390436
47a0bf-NOZ602-11-10-05-57,8.41637
47a0bf-NOZ605-11-23-06-29,7.888153
47a0bf-NOZ605-11-28-06-29,7.9636035
47a0bf-NOZ605-12-02-06-36,8.62055
47a0bf-NOZ606-11-03-08-23,9.213161
47a0bf-NOZ606-11-23-08-32,8.325645
47a0bf-NOZ606-11-28-08-02,8.748801
47a0bf-NOZ606-12-02-08-09,8.106773
47a0bf-NOZ607-11-07-07-05,8.433758
47a0bf-NOZ607-11-24-07-13,8.28352
47a0bf-NOZ607-12-05-07-05,8.163058
47a0bf-NOZ608-11-04-09-49,8.079386
47a0bf-NOZ608-11-22-09-50,7.8865724
47a0bf-NOZ608-11-29-09-44,7.5258136
47a0bf-NOZ609-11-10-07-27,9.261313
47a0bf-NOZ611-11-04-08-27,7.792266
47a0bf-NOZ611-11-22-08-26,8.22328
47a0bf-NOZ611-11-29-08-20,8.112834
47a0bf-NOZ612-11-04-12-36,8.132033
47a0bf-NOZ612-11-22-12-29,7.551549
47a0bf-NOZ612-11-29-12-22,8.977853
47a0bf-NOZ614-11-06-14-06,8.651597
47a0bf-NOZ617-11-04-11-08,7.7908387
47a0bf-NOZ617-11-22-11-01,8.483007
47a0bf-NOZ617-11-29-11-00,7.9081116
47a0bf-NOZ620-11-04-15-21,8.1224165
47a0bf-NOZ620-11-22-15-55,8.580216
47a0bf-NOZ620-11-29-15-24,8.178665
47a0bf-NOZ623-11-06-12-44,8.099027
47a0bf-NOZ624-12-04-16-30,8.295403
47a0bf-NOZ625-11-04-14-06,7.87077
47a0bf-NOZ625-11-22-13-59,7.8639116
47a0bf-NOZ625-11-29-14-00,7.9881043
47a0bf-NOZ626-11-03-16-53,8.267782
47a0bf-NOZ626-11-06-17-01,9.047465
47a0bf-NOZ631-11-03-15-27,8.846236
47a0bf-NOZ631-11-06-15-31,7.8447833
47a0bf-NOZ631-12-01-15-21,8.699412
47a0bf-NOZ632-11-04-18-02,8.528265
47a0bf-NOZ632-11-22-18-21,8.742892
47a0bf-NOZ632-11-29-18-07,8.2627325
47a0bf-NOZ634-11-06-19-50,7.6280723
47a0bf-NOZ637-11-04-16-44,8.071092
47a0bf-NOZ637-11-22-17-08,8.166213
47a0bf-NOZ637-11-29-16-43,7.529959
47a0bf-NOZ638-11-27-20-19,8.181927
47a0bf-NOZ643-11-06-18-28,7.8229976
47a185-NOZ181-11-25-06-04,8.142036
47a185-NOZ181-12-16-07-20,8.353674
47a185-NOZ182-11-25-07-32,7.730175
47a185-NOZ183-11-25-08-50,8.450359
47a185-NOZ194-11-20-18-50,9.995666
47a185-NOZ195-11-20-19-58,7.840839
47a185-NOZ1BG-12-19-06-52,7.6624546
47a185-NOZ270-12-08-07-35,7.6135077
47a185-NOZ271-12-08-06-23,8.047071
47a185-NOZ276-11-20-13-39,7.7178574
47a185-NOZ276-11-28-16-07,10.275238
47a185-NOZ277-11-20-14-52,8.741296
47a185-NOZ277-11-28-17-20,7.8632817
47a185-NOZ278-12-07-19-46,7.5657544
47a185-NOZ2DC-11-08-06-00,7.8276296
47a185-NOZ2GH-11-13-15-02,7.905381
47a185-NOZ2UC-11-02-15-59,7.919173
47a185-NOZ2UC-11-20-16-08,8.059409
47a185-NOZ345-11-07-09-38,7.590325
47a185-NOZ346-11-18-14-36,9.3322
47a185-NOZ347-11-18-16-31,8.016922
47a185-NOZ347-11-30-16-45,8.197962
47a185-NOZ3JE-11-08-06-56,8.140424
47a185-NOZ4HF-11-11-07-01,8.634643
47a185-NOZ4HF-11-15-06-57,8.088067
47a185-NOZ4RZ-11-07-07-39,9.581658
47a185-NOZ50A-11-06-16-37,9.188411
47a185-NOZ523-12-04-06-31,7.867037
47a185-NOZ536-12-04-14-27,8.205841
47a185-NOZ538-12-02-15-33,8.283626
47a185-NOZ538-12-13-15-55,7.7364755
47a185-NOZ540-12-16-18-14,8.000236
47a185-NOZ541-12-04-15-41,8.669801
47a185-NOZ543-12-02-16-48,8.650615
47a185-NOZ543-12-13-17-12,8.564268
47a185-NOZ545-12-16-20-02,8.180011
47a185-NOZ546-12-02-18-24,7.0849056
47a185-NOZ546-12-13-18-35,7.8664274
47a185-NOZ549-12-13-19-54,7.787302
47a185-NOZ55J-11-06-18-38,7.6292977
47a185-NOZ56U-12-18-20-35,10.177716
47a185-NOZ601-11-11-05-38,7.953932
47a185-NOZ601-11-15-05-39,7.7570596
47a185-NOZ605-11-16-06-33,8.131673
47a185-NOZ606-11-16-08-06,10.445602
47a185-NOZ607-11-17-07-01,8.667615
47a185-NOZ608-11-11-09-45,8.288707
47a185-NOZ608-11-12-08-57,8.465526
47a185-NOZ608-11-15-09-39,8.410385
47a185-NOZ609-11-12-07-30,8.046283
47a185-NOZ611-11-11-08-24,8.824464
47a185-NOZ611-11-15-08-19,7.9092035
47a185-NOZ612-11-11-12-33,8.364194
47a185-NOZ612-11-15-12-24,7.364061
47a185-NOZ617-11-11-11-11,7.993342
47a185-NOZ617-11-15-10-55,7.5059576
47a185-NOZ620-11-10-15-25,8.496732
47a185-NOZ620-11-11-15-24,8.268413
47a185-NOZ620-11-14-15-29,8.301258
47a185-NOZ620-11-15-15-23,8.108588
47a185-NOZ624-11-13-16-25,8.453728
47a185-NOZ625-11-10-14-06,8.103595
47a185-NOZ625-11-11-14-05,8.170437
47a185-NOZ625-11-14-14-07,8.583722
47a185-NOZ625-11-15-14-07,8.357164
47a185-NOZ632-11-10-18-06,8.807415
47a185-NOZ632-11-11-18-11,8.639301
47a185-NOZ632-11-14-18-07,8.657747
47a185-NOZ632-11-15-18-13,8.035584
47a185-NOZ637-11-11-16-45,7.9968243
47a185-NOZ637-11-14-16-46,8.546656
47a185-NOZ637-11-15-16-37,8.469253
47a185-NOZ638-11-07-20-14,8.438842
47a185-NOZ639-11-02-17-20,7.8676405
47a185-NOZ639-11-20-17-22,7.812359
47a185-NOZ67-11-10-16-50,8.031495
47a185-NOZ6TM-11-24-19-39,9.8495035
47a185-NOZ6TM-12-15-19-52,9.7125635
47a185-NOZ7C-12-08-08-47,8.55182
47a1ef-NOZ132-12-08-14-07,7.6981106
47a1ef-NOZ132-12-09-14-08,8.154047
47a1ef-NOZ132-12-12-14-06,7.783881
47a1ef-NOZ133-12-08-15-11,8.80941
47a1ef-NOZ133-12-09-15-08,8.39947
47a1ef-NOZ133-12-12-15-00,7.502782
47a1ef-NOZ140-11-16-07-02,10.178255
47a1ef-NOZ140-11-21-07-14,7.727145
47a1ef-NOZ140-11-24-07-14,7.7718387
47a1ef-NOZ140-11-25-07-07,7.4461174
47a1ef-NOZ140-12-20-07-10,7.8247905
47a1ef-NOZ140-12-22-07-32,7.6964417
47a1ef-NOZ140-12-23-07-11,8.071358
47a1ef-NOZ141-11-16-08-10,9.580111
47a1ef-NOZ141-11-21-08-05,8.446973
47a1ef-NOZ141-11-24-08-05,8.154186
47a1ef-NOZ141-11-25-08-06,8.668059
47a1ef-NOZ141-11-28-08-05,8.657374
47a1ef-NOZ141-12-20-08-08,9.397648
47a1ef-NOZ141-12-22-08-23,8.907885
47a1ef-NOZ141-12-23-08-04,8.300641
47a1ef-NOZ142-11-20-13-39,8.3241415
47a1ef-NOZ143-11-20-14-35,7.336449
47a1ef-NOZ144-11-16-14-25,11.116383
47a1ef-NOZ144-11-18-14-26,12.416585
47a1ef-NOZ144-12-20-15-52,7.4953346
47a1ef-NOZ145-11-16-16-55,8.349799
47a1ef-NOZ145-11-18-16-45,8.442148
47a1ef-NOZ145-12-20-16-51,8.398396
47a1ef-NOZ191-11-09-16-59,7.7169123
47a1ef-NOZ194-12-18-19-27,9.716145
47a1ef-NOZ195-12-18-20-52,8.181303
47a1ef-NOZ1KD-11-17-14-12,7.8017206
47a1ef-NOZ1TT-11-01-14-31,8.329137
47a1ef-NOZ1TT-11-13-14-32,7.620477
47a1ef-NOZ2DC-12-14-06-12,7.8005276
47a1ef-NOZ345-11-27-10-21,7.7608776
47a1ef-NOZ3JE-12-14-07-05,8.715255
47a1ef-NOZ47Y-11-17-19-30,7.443162
47a1ef-NOZ4RZ-11-27-08-16,9.573642
47a1ef-NOZ50A-11-07-16-37,8.894825
47a1ef-NOZ51Q-11-17-08-22,8.0597725
47a1ef-NOZ522-12-05-06-03,8.022786
47a1ef-NOZ523-11-03-06-28,9.316621
47a1ef-NOZ523-12-17-06-02,8.245721
47a1ef-NOZ525-12-05-07-22,9.5540495
47a1ef-NOZ526-11-03-08-00,7.711672
47a1ef-NOZ530-11-07-09-59,9.744527
47a1ef-NOZ531-11-07-11-17,8.245487
47a1ef-NOZ532-11-03-11-52,7.8125734
47a1ef-NOZ534-11-07-12-43,7.4996595
47a1ef-NOZ535-11-03-13-38,7.669305
47a1ef-NOZ537-11-07-14-02,7.7096367
47a1ef-NOZ538-12-19-15-43,7.994141
47a1ef-NOZ543-12-19-17-02,7.704254
47a1ef-NOZ550-12-17-01-17,7.880164
47a1ef-NOZ55J-11-07-18-44,7.2978454
47a1ef-NOZ5AY-11-03-09-19,8.101959
47a1ef-NOZ5DP-11-18-06-35,8.469022
47a1ef-NOZ5PY-11-01-16-00,7.8484664
47a1ef-NOZ5PY-11-13-16-00,8.306352
47a1ef-NOZ605-12-09-06-48,8.074428
47a1ef-NOZ606-12-09-08-30,8.125651
47a1ef-NOZ606-12-13-11-10,8.374285
47a1ef-NOZ607-11-14-07-18,8.240739
47a1ef-NOZ607-12-15-07-20,8.516387
47a1ef-NOZ608-12-11-10-01,7.522756
47a1ef-NOZ611-12-11-08-39,7.7904415
47a1ef-NOZ612-12-11-12-46,7.998604
47a1ef-NOZ617-12-11-11-15,8.1904
47a1ef-NOZ620-12-11-15-46,7.9477963
47a1ef-NOZ620-12-13-16-40,7.629826
47a1ef-NOZ625-12-11-14-11,8.265193
47a1ef-NOZ625-12-13-14-58,7.8490334
47a1ef-NOZ628-11-01-17-30,8.787568
47a1ef-NOZ628-11-13-17-32,8.033289
47a1ef-NOZ631-12-14-15-28,7.84204
47a1ef-NOZ632-12-11-18-25,7.4584026
47a1ef-NOZ632-12-13-19-40,8.286225
47a1ef-NOZ637-12-11-17-07,7.6236253
47a1ef-NOZ637-12-13-17-56,8.767692
47a1ef-NOZ638-11-13-20-33,8.153492
47a1ef-NOZ638-12-06-20-16,7.4938645
47a1ef-NOZ639-12-18-18-02,7.845022
47a1ef-NOZ645-11-01-18-58,7.9297185
47a1ef-NOZ645-11-13-19-26,8.491524
47a1ef-NOZ647-12-11-19-39,7.6115856
47a1ef-NOZ648-12-11-21-02,7.260773
47a1ef-NOZ8400-11-02-21-18,7.424415
47a1ef-NOZ9BH-11-09-15-33,8.915413
47a1ef-NOZ9T-11-17-16-50,7.525417
47a218-NOZ140-12-12-07-11,8.020554
47a218-NOZ141-12-12-08-13,7.942614
47a218-NOZ144-12-09-16-31,8.06586
47a218-NOZ145-12-09-17-23,7.6360683
47a218-NOZ181-11-14-06-24,8.054997
47a218-NOZ181-11-15-06-01,7.7571588
47a218-NOZ181-11-24-06-05,8.211172
47a218-NOZ182-11-14-07-53,8.17141
47a218-NOZ182-11-15-07-38,9.398106
47a218-NOZ182-11-24-08-00,9.621724
47a218-NOZ182-12-29-08-06,9.03844
47a218-NOZ183-11-14-09-07,8.661037
47a218-NOZ183-11-15-08-53,7.658276
47a218-NOZ183-11-24-09-07,8.033066
47a218-NOZ183-12-29-09-25,7.740389
47a218-NOZ191-11-14-17-10,8.519777
47a218-NOZ1BG-12-05-06-01,8.165376
47a218-NOZ276-11-10-15-53,12.885288
47a218-NOZ276-12-02-15-57,7.6732216
47a218-NOZ277-11-10-17-25,8.287411
47a218-NOZ277-12-02-17-20,7.878974
47a218-NOZ345-12-11-10-16,7.4428544
47a218-NOZ4HF-11-18-07-15,7.6530457
47a218-NOZ4RZ-12-11-08-14,9.034339
47a218-NOZ523-12-14-06-52,8.489472
47a218-NOZ523-12-19-06-28,7.945111
47a218-NOZ523-12-20-06-26,7.6512337
47a218-NOZ525-12-26-07-24,8.408021
47a218-NOZ526-12-14-08-21,8.257377
47a218-NOZ526-12-19-08-12,7.9932156
47a218-NOZ526-12-20-07-58,7.6978664
47a218-NOZ530-12-02-10-13,8.07015
47a218-NOZ531-12-02-11-19,8.445324
47a218-NOZ532-12-14-11-01,7.3636384
47a218-NOZ532-12-18-12-42,7.7168326
47a218-NOZ532-12-19-11-04,7.4397664
47a218-NOZ532-12-20-11-09,8.10125
47a218-NOZ534-12-02-12-42,7.5232472
47a218-NOZ535-12-14-12-31,8.5531435
47a218-NOZ535-12-18-13-57,8.470175
47a218-NOZ535-12-19-12-31,7.582155
47a218-NOZ535-12-20-12-41,7.834345
47a218-NOZ536-12-14-14-19,7.6871333
47a218-NOZ536-12-19-14-22,7.8381968
47a218-NOZ536-12-20-14-26,7.9720635
47a218-NOZ537-12-02-13-55,7.705914
47a218-NOZ538-12-18-15-29,8.108638
47a218-NOZ541-12-14-15-46,7.761144
47a218-NOZ541-12-19-15-45,7.808198
47a218-NOZ541-12-20-15-45,8.012274
47a218-NOZ543-12-18-17-02,7.643306
47a218-NOZ544-12-18-18-29,7.383448
47a218-NOZ544-12-19-17-34,9.488092
47a218-NOZ544-12-20-17-46,8.102228
47a218-NOZ547-12-20-18-57,7.555531
47a218-NOZ548-11-27-18-35,7.6225486
47a218-NOZ549-12-18-19-38,7.5102067
47a218-NOZ550-12-13-20-25,8.9917965
47a218-NOZ550-12-18-21-06,7.4481726
47a218-NOZ550-12-20-20-20,7.306688
47a218-NOZ550-12-30-19-33,7.959264
47a218-NOZ553-11-27-19-57,7.7408104
47a218-NOZ56U-12-04-20-01,12.411685
47a218-NOZ5AY-12-14-09-26,8.161532
47a218-NOZ5AY-12-19-09-28,7.83636
47a218-NOZ608-11-18-10-03,7.614316
47a218-NOZ608-11-19-08-57,7.410845
47a218-NOZ608-11-20-09-46,9.171721
47a218-NOZ609-11-19-07-35,7.7244887
47a218-NOZ611-11-18-08-35,8.511379
47a218-NOZ611-11-20-08-24,8.00713
47a218-NOZ612-11-18-12-40,7.5174904
47a218-NOZ612-11-20-12-41,7.5999746
47a218-NOZ617-11-18-11-19,7.840574
47a218-NOZ617-11-20-11-06,8.104471
47a218-NOZ620-11-18-15-42,7.619994
47a218-NOZ620-11-20-15-48,7.4643335
47a218-NOZ625-11-18-14-07,8.198928
47a218-NOZ625-11-20-14-01,8.649684
47a218-NOZ632-11-18-18-32,8.078798
47a218-NOZ632-11-20-18-28,7.7591605
47a218-NOZ637-11-18-16-52,8.485142
47a218-NOZ637-11-20-17-02,8.29252
47a218-NOZ639-12-07-17-28,7.8705926
47a218-NOZ647-11-20-19-40,7.9506397
47a218-NOZ6TM-11-13-20-12,9.760876
47a218-NOZ6TM-11-14-18-42,9.482081
47a218-NOZ6TM-11-23-19-49,9.917631
47a22c-NOZ133-12-04-15-57,8.190673
47a22c-NOZ134-12-04-16-58,7.825109
47a22c-NOZ140-11-17-07-06,7.58303
47a22c-NOZ140-11-18-07-14,8.564844
47a22c-NOZ141-11-17-08-01,8.202731
47a22c-NOZ141-11-18-08-19,8.938495
47a22c-NOZ144-11-11-15-46,7.788439
47a22c-NOZ144-11-14-15-50,7.797545
47a22c-NOZ145-11-14-16-46,8.2107525
47a22c-NOZ271-11-02-06-23,7.9541483
47a22c-NOZ276-12-01-15-57,8.514632
47a22c-NOZ277-12-01-17-20,8.437613
47a22c-NOZ278-11-01-18-44,11.094753
47a22c-NOZ2UC-11-04-16-05,8.207111
47a22c-NOZ2UC-12-13-16-13,7.776755
47a22c-NOZ2UC-12-27-16-17,8.542368
47a22c-NOZ345-12-16-10-50,8.115613
47a22c-NOZ44A-11-11-07-58,7.9421964
47a22c-NOZ4RZ-12-16-07-59,9.259675
47a22c-NOZ50A-12-15-18-01,10.233757
47a22c-NOZ50A-12-16-19-02,9.779891
47a22c-NOZ521-11-01-05-29,7.707231
47a22c-NOZ522-11-07-06-06,7.472247
47a22c-NOZ522-11-30-06-05,7.286207
47a22c-NOZ522-12-21-06-17,7.926365
47a22c-NOZ523-12-03-06-00,7.812283
47a22c-NOZ523-12-05-06-40,7.734057
47a22c-NOZ523-12-06-06-30,8.685617
47a22c-NOZ523-12-07-06-36,8.095549
47a22c-NOZ523-12-08-07-03,7.893592
47a22c-NOZ523-12-09-06-39,8.23802
47a22c-NOZ524-11-01-06-58,7.580859
47a22c-NOZ524-12-03-07-32,7.349477
47a22c-NOZ525-11-07-07-20,7.665427
47a22c-NOZ525-11-30-07-26,8.103758
47a22c-NOZ525-12-11-13-43,8.694003
47a22c-NOZ525-12-21-07-31,8.135134
47a22c-NOZ526-12-05-08-07,8.079653
47a22c-NOZ526-12-06-08-30,9.42363
47a22c-NOZ526-12-07-08-03,7.800781
47a22c-NOZ526-12-08-08-27,8.7072115
47a22c-NOZ526-12-09-08-16,7.615929
47a22c-NOZ530-11-04-09-57,7.5789366
47a22c-NOZ531-11-01-11-26,7.941808
47a22c-NOZ531-11-04-11-14,7.8753624
47a22c-NOZ531-12-03-08-51,7.9607935
47a22c-NOZ532-12-03-10-14,7.517946
47a22c-NOZ532-12-05-10-58,8.087646
47a22c-NOZ532-12-06-11-04,7.2617583
47a22c-NOZ532-12-07-11-05,7.9265203
47a22c-NOZ532-12-08-11-11,7.7842517
47a22c-NOZ534-11-01-12-36,8.503907
47a22c-NOZ535-12-05-12-38,8.133696
47a22c-NOZ535-12-06-12-40,8.510159
47a22c-NOZ535-12-07-12-40,7.7376623
47a22c-NOZ535-12-08-12-31,8.714747
47a22c-NOZ536-12-05-14-15,8.381475
47a22c-NOZ536-12-06-14-17,7.577878
47a22c-NOZ536-12-07-14-33,7.715048
47a22c-NOZ536-12-08-14-13,7.461901
47a22c-NOZ536-12-11-15-25,10.352913
47a22c-NOZ537-11-01-13-56,8.142832
47a22c-NOZ537-11-04-14-00,7.519813
47a22c-NOZ538-11-08-15-20,7.969658
47a22c-NOZ541-12-05-15-44,7.8894773
47a22c-NOZ541-12-06-15-43,8.553725
47a22c-NOZ541-12-07-15-44,7.366584
47a22c-NOZ541-12-11-16-43,7.8752446
47a22c-NOZ543-11-08-16-44,7.7904725
47a22c-NOZ544-12-05-17-18,7.9683704
47a22c-NOZ544-12-06-17-17,7.8470497
47a22c-NOZ544-12-07-17-11,7.974592
47a22c-NOZ544-12-09-17-35,7.5652547
47a22c-NOZ546-11-08-18-11,7.9299097
47a22c-NOZ547-12-06-18-29,8.612526
47a22c-NOZ547-12-07-18-27,8.640917
47a22c-NOZ549-11-08-19-28,8.02271
47a22c-NOZ550-12-02-19-44,7.0877237
47a22c-NOZ550-12-06-19-59,8.892023
47a22c-NOZ550-12-07-20-05,7.4525466
47a22c-NOZ55J-12-15-20-03,7.9385953
47a22c-NOZ55J-12-16-21-18,9.143176
47a22c-NOZ59B-11-18-10-48,7.604324
47a22c-NOZ5AY-12-05-09-19,7.909957
47a22c-NOZ5AY-12-06-09-47,8.469253
47a22c-NOZ5AY-12-07-09-26,7.9032545
47a22c-NOZ5AY-12-08-09-39,8.565878
47a22c-NOZ5AY-12-09-09-26,7.6367574
47a22c-NOZ5PR-11-20-16-04,8.796745
47a22c-NOZ606-12-22-08-25,8.222993
47a22c-NOZ612-12-22-12-46,8.023646
47a22c-NOZ617-12-22-11-14,7.8553996
47a22c-NOZ620-12-22-16-06,7.559971
47a22c-NOZ625-12-22-14-11,8.61062
47a22c-NOZ639-11-04-17-25,8.589267
47a22c-NOZ639-11-22-17-49,8.480795
47a22c-NOZ639-12-13-17-46,7.87432
47a22c-NOZ639-12-27-17-43,7.467858
47a22c-NOZ6CF-11-02-08-01,8.116476
47a31a-NOZ132-11-22-14-04,7.8349004
47a31a-NOZ132-11-24-13-56,7.8333783
47a31a-NOZ132-11-25-14-05,7.928751
47a31a-NOZ132-11-28-13-55,8.305992
47a31a-NOZ133-11-22-14-52,7.858095
47a31a-NOZ133-11-24-14-55,8.570321
47a31a-NOZ133-11-25-15-04,7.8922825
47a31a-NOZ133-11-28-14-57,8.363545
47a31a-NOZ181-12-03-08-53,7.806342
47a31a-NOZ181-12-21-06-11,7.9678864
47a31a-NOZ182-12-03-07-34,8.731629
47a31a-NOZ191-11-03-17-04,7.8802567
47a31a-NOZ1BG-11-03-06-01,8.705731
47a31a-NOZ271-11-30-06-00,8.454194
47a31a-NOZ276-12-20-16-04,9.041398
47a31a-NOZ277-12-20-17-29,8.541
47a31a-NOZ278-11-29-18-50,9.725652
47a31a-NOZ2DC-11-25-06-05,8.587836
47a31a-NOZ2DC-12-08-06-15,8.138232
47a31a-NOZ2KT-12-18-16-09,9.315656
47a31a-NOZ2UC-12-01-16-12,8.079492
47a31a-NOZ345-11-21-09-57,7.5459013
47a31a-NOZ346-12-12-14-45,9.777937
47a31a-NOZ347-12-12-16-42,8.938469
47a31a-NOZ3JE-11-25-07-00,8.078176
47a31a-NOZ3JE-12-08-07-52,8.470252
47a31a-NOZ3TV-12-09-20-12,7.6030626
47a31a-NOZ4HF-12-09-07-00,8.153226
47a31a-NOZ4RZ-11-21-08-02,9.4769945
47a31a-NOZ50A-11-20-16-44,9.384663
47a31a-NOZ522-11-08-06-10,8.432869
47a31a-NOZ525-11-08-07-29,8.73927
47a31a-NOZ530-11-02-09-52,7.62516
47a31a-NOZ530-11-03-09-59,7.298324
47a31a-NOZ530-12-19-10-01,8.2277975
47a31a-NOZ531-11-02-11-08,7.7936215
47a31a-NOZ531-11-03-11-15,7.8422623
47a31a-NOZ531-12-19-11-14,7.724858
47a31a-NOZ534-11-02-12-38,7.209208
47a31a-NOZ534-11-03-12-36,7.6679373
47a31a-NOZ534-12-19-12-45,7.5773225
47a31a-NOZ537-11-02-13-54,7.789256
47a31a-NOZ537-11-03-13-55,7.7949877
47a31a-NOZ537-12-19-14-00,7.680546
47a31a-NOZ538-12-14-15-38,8.076738
47a31a-NOZ540-11-02-16-12,7.9011974
47a31a-NOZ545-11-02-17-25,7.308643
47a31a-NOZ546-12-14-18-10,7.499164
47a31a-NOZ548-11-13-18-38,7.551949
47a31a-NOZ549-12-14-19-26,7.3267508
47a31a-NOZ553-11-13-20-01,7.8431764
47a31a-NOZ55J-11-20-18-37,9.059934
47a31a-NOZ56U-11-02-18-52,8.836094
47a31a-NOZ601-12-09-05-36,8.678604
47a31a-NOZ602-12-12-06-15,8.265458
47a31a-NOZ607-11-29-06-58,8.326417
47a31a-NOZ608-11-26-09-04,8.274554
47a31a-NOZ608-11-27-09-47,8.764555
47a31a-NOZ608-12-09-10-02,7.389391
47a31a-NOZ609-11-26-07-29,8.006551
47a31a-NOZ609-12-12-07-31,8.269539
47a31a-NOZ611-11-27-08-22,8.095677
47a31a-NOZ611-12-09-08-21,8.158163
47a31a-NOZ612-11-27-13-56,8.605657
47a31a-NOZ612-12-09-12-41,7.5045123
47a31a-NOZ617-11-27-11-11,8.622996
47a31a-NOZ617-12-09-11-19,8.303166
47a31a-NOZ620-12-09-15-56,8.534884
47a31a-NOZ625-12-09-14-14,8.121994
47a31a-NOZ626-11-27-17-06,8.575161
47a31a-NOZ626-12-08-17-17,8.634321
47a31a-NOZ631-11-27-15-40,8.105686
47a31a-NOZ631-12-08-15-33,8.89401
47a31a-NOZ632-12-09-18-37,8.424906
47a31a-NOZ634-11-27-19-59,8.7678175
47a31a-NOZ637-12-09-17-10,8.428287
47a31a-NOZ638-11-21-20-04,8.410694
47a31a-NOZ638-12-07-20-18,8.385485
47a31a-NOZ639-12-01-17-23,7.95501
47a31a-NOZ643-11-27-18-32,8.040537
47a31a-NOZ6TM-12-20-19-17,9.797069
47a31a-NOZ9BH-11-03-15-34,8.235819
47a32e-NOZ133-11-27-15-51,8.1647
47a32e-NOZ134-11-27-17-04,7.7756314
47a32e-NOZ181-11-11-06-02,7.770374
47a32e-NOZ181-11-18-06-10,8.0113535
47a32e-NOZ182-11-11-07-35,9.414466
47a32e-NOZ182-11-18-07-41,9.797823
47a32e-NOZ183-11-06-07-49,7.868486
47a32e-NOZ183-11-11-08-57,7.875634
47a32e-NOZ183-11-18-08-59,8.400635
47a32e-NOZ183-12-18-07-55,7.7936215
47a32e-NOZ191-11-15-16-56,7.4610105
47a32e-NOZ1BG-11-02-06-00,7.6471224
47a32e-NOZ1TT-11-16-14-37,7.530408
47a32e-NOZ1TT-12-27-14-43,8.107144
47a32e-NOZ1TT-12-30-14-33,9.514383
47a32e-NOZ270-11-08-07-26,11.148679
47a32e-NOZ270-11-16-07-32,9.236923
47a32e-NOZ271-11-08-06-06,8.693525
47a32e-NOZ272-12-18-15-50,11.975551
47a32e-NOZ275-12-18-17-09,7.8284526
47a32e-NOZ278-11-07-18-59,10.784
47a32e-NOZ345-11-09-09-27,7.8017282
47a32e-NOZ346-11-08-14-27,9.272933
47a32e-NOZ346-11-13-14-36,10.579525
47a32e-NOZ347-11-08-16-33,7.787978
47a32e-NOZ347-11-13-16-35,7.707695
47a32e-NOZ3VG-12-30-16-01,7.9762497
47a32e-NOZ4RZ-11-09-07-32,9.23659
47a32e-NOZ521-11-28-05-24,7.8481555
47a32e-NOZ522-11-14-06-12,7.3077145
47a32e-NOZ522-12-19-06-14,7.6132817
47a32e-NOZ523-11-29-06-29,8.43066
47a32e-NOZ523-11-30-06-25,8.485153
47a32e-NOZ524-11-28-07-20,7.45674
47a32e-NOZ525-11-14-07-33,8.141874
47a32e-NOZ525-12-19-07-30,8.278879
47a32e-NOZ526-11-29-07-53,8.033411
47a32e-NOZ526-11-30-07-50,8.0445595
47a32e-NOZ532-11-29-11-06,7.367057
47a32e-NOZ532-11-30-10-49,7.521679
47a32e-NOZ535-11-29-12-29,7.78785
47a32e-NOZ535-11-30-12-31,7.7149444
47a32e-NOZ536-11-29-14-23,7.862356
47a32e-NOZ538-11-21-15-32,7.044006
47a32e-NOZ538-12-15-15-30,7.5284176
47a32e-NOZ540-11-01-16-25,7.722826
47a32e-NOZ540-11-04-16-14,9.2835
47a32e-NOZ540-11-07-16-10,7.7219725
47a32e-NOZ541-11-29-15-41,7.778281
47a32e-NOZ541-11-30-15-41,8.376029
47a32e-NOZ543-11-21-16-40,7.995217
47a32e-NOZ543-12-15-16-49,8.519012
47a32e-NOZ544-11-29-17-09,7.7469854
47a32e-NOZ544-11-30-17-19,7.265605
47a32e-NOZ545-11-01-17-33,8.389772
47a32e-NOZ545-11-04-17-35,7.855334
47a32e-NOZ545-11-07-17-29,7.731683
47a32e-NOZ546-11-21-18-13,7.798121
47a32e-NOZ546-12-15-18-26,8.536179
47a32e-NOZ547-11-29-18-23,7.4641047
47a32e-NOZ547-11-30-18-27,7.705914
47a32e-NOZ549-11-21-19-24,8.259089
47a32e-NOZ549-12-15-19-34,8.389436
47a32e-NOZ550-11-25-19-28,7.6893
47a32e-NOZ550-11-29-20-06,7.7988806
47a32e-NOZ56U-11-01-18-48,8.294939
47a32e-NOZ5AY-11-29-09-23,7.698242
47a32e-NOZ5PY-11-16-15-56,7.4758525
47a32e-NOZ607-11-03-07-01,7.9750104
47a32e-NOZ628-11-16-17-30,8.528384
47a32e-NOZ628-12-27-18-45,8.3269205
47a32e-NOZ628-12-30-17-43,9.539542
47a32e-NOZ638-11-02-20-08,8.960937
47a32e-NOZ639-11-23-17-51,8.490289
47a32e-NOZ645-11-16-18-49,8.102845
47a32e-NOZ645-12-27-20-02,7.161016
47a32e-NOZ645-12-30-19-06,8.3145275
47a32e-NOZ6TM-11-10-19-02,9.55441
47a32e-NOZ6TM-11-17-19-27,10.253577
47a32e-NOZ6TM-12-16-23-03,9.914116
47a32e-NOZ7C-11-08-08-39,8.228263
47a32e-NOZ7C-11-16-08-49,8.542297
47a32e-NOZ93E-11-17-18-03,7.9102254
47a32e-NOZ9BH-11-15-15-32,9.424652
47a3b0-NOZ140-11-01-06-59,8.208151
47a3b0-NOZ140-11-02-07-06,7.795689
47a3b0-NOZ140-11-04-07-18,8.026156
47a3b0-NOZ140-11-07-07-14,7.487879
47a3b0-NOZ140-11-08-07-11,7.861443
47a3b0-NOZ141-11-01-07-58,8.126383
47a3b0-NOZ141-11-02-08-01,8.147288
47a3b0-NOZ141-11-04-08-13,8.516431
47a3b0-NOZ141-11-07-08-14,7.8504686
47a3b0-NOZ141-11-08-08-07,9.73125
47a3b0-NOZ144-11-01-15-43,8.432636
47a3b0-NOZ144-11-02-15-53,7.8089886
47a3b0-NOZ144-11-03-15-12,7.7617993
47a3b0-NOZ144-11-08-15-48,7.6244965
47a3b0-NOZ144-11-10-15-13,7.8365326
47a3b0-NOZ145-11-01-16-48,10.975172
47a3b0-NOZ145-11-02-16-45,7.9764514
47a3b0-NOZ145-11-03-16-12,8.497785
47a3b0-NOZ145-11-08-16-43,7.838049
47a3b0-NOZ145-11-10-16-10,7.8192177
47a3b0-NOZ181-11-17-06-02,7.871712
47a3b0-NOZ181-11-29-05-59,8.474248
47a3b0-NOZ182-11-17-07-35,9.055291
47a3b0-NOZ182-11-29-07-34,9.7183275
47a3b0-NOZ182-12-01-07-42,7.8187175
47a3b0-NOZ183-11-17-08-51,8.4774
47a3b0-NOZ183-11-29-08-49,7.6597824
47a3b0-NOZ183-12-01-08-49,7.6987734
47a3b0-NOZ191-11-28-17-04,7.5986934
47a3b0-NOZ270-11-25-07-30,13.237872
47a3b0-NOZ271-11-25-06-09,8.525882
47a3b0-NOZ276-11-16-15-55,8.095236
47a3b0-NOZ276-11-30-15-52,8.27871
47a3b0-NOZ277-11-16-17-20,7.8153176
47a3b0-NOZ277-11-30-17-22,7.815381
47a3b0-NOZ278-11-24-19-09,9.697172
47a3b0-NOZ2UC-12-23-16-12,8.2969675
47a3b0-NOZ345-11-06-10-14,7.650054
47a3b0-NOZ345-12-02-09-42,7.9158134
47a3b0-NOZ42U-11-11-07-06,9.854496
47a3b0-NOZ4RZ-11-06-08-18,10.183861
47a3b0-NOZ4RZ-12-02-07-41,9.300654
47a3b0-NOZ50A-11-29-16-40,8.789727
47a3b0-NOZ50A-12-02-16-47,9.750519
47a3b0-NOZ522-11-21-05-58,7.3038054
47a3b0-NOZ525-11-21-07-16,8.070506
47a3b0-NOZ530-12-23-10-14,7.6916676
47a3b0-NOZ531-12-23-11-26,7.7653885
47a3b0-NOZ534-12-23-12-49,7.3502173
47a3b0-NOZ537-12-23-14-24,8.192553
47a3b0-NOZ540-11-24-16-25,7.750755
47a3b0-NOZ545-11-24-17-39,8.508196
47a3b0-NOZ545-12-28-17-31,7.734997
47a3b0-NOZ548-12-11-18-49,7.3228683
47a3b0-NOZ54Z-11-11-12-38,7.5485306
47a3b0-NOZ553-12-11-20-03,7.6652985
47a3b0-NOZ55J-11-29-18-33,7.542034
47a3b0-NOZ55J-12-02-18-44,7.8526173
47a3b0-NOZ60M-11-11-15-29,8.945837
47a3b0-NOZ639-12-23-17-29,7.819397
47a3b0-NOZ6TM-11-16-18-47,10.364082
47a3b0-NOZ6TM-11-28-18-50,9.387938
47a3b0-NOZ6TM-11-30-18-47,9.134991
47a3b0-NOZ7C-11-25-08-44,9.072881
47a3b0-NOZ8ME-11-11-18-10,8.012315
47a3b0-NOZ9BH-11-28-15-39,9.792855
47a50d-NOZ142-11-27-13-53,7.6757627
47a50d-NOZ143-11-27-14-46,10.658598
47a50d-NOZ144-12-27-15-52,7.837463
47a50d-NOZ144-12-28-15-53,7.8226714
47a50d-NOZ144-12-30-15-54,8.068144
47a50d-NOZ145-12-27-17-10,8.066772
47a50d-NOZ145-12-28-16-56,8.176343
47a50d-NOZ145-12-30-16-55,8.814136
47a50d-NOZ181-11-05-08-55,7.731231
47a50d-NOZ194-12-04-18-49,10.554137
47a50d-NOZ195-12-04-20-09,7.3039412
47a50d-NOZ1BG-11-22-06-05,8.845628
47a50d-NOZ1BG-11-25-06-17,7.7813544
47a50d-NOZ1BG-12-09-06-26,8.300163
47a50d-NOZ1TT-12-09-14-39,9.052289
47a50d-NOZ270-11-09-07-26,11.292369
47a50d-NOZ276-12-04-13-42,7.875165
47a50d-NOZ276-12-19-16-54,8.878944
47a50d-NOZ277-12-04-14-44,8.26919
47a50d-NOZ277-12-19-18-14,8.089595
47a50d-NOZ2UC-12-04-16-07,8.478683
47a50d-NOZ2UC-12-06-16-40,8.146503
47a50d-NOZ2UC-12-20-16-18,8.506844
47a50d-NOZ346-11-25-14-41,8.803069
47a50d-NOZ346-12-25-14-55,9.527991
47a50d-NOZ347-11-25-16-30,7.931689
47a50d-NOZ347-12-25-16-51,7.5914845
47a50d-NOZ3VG-12-09-16-03,8.776177
47a50d-NOZ42U-12-15-07-12,11.463621
47a50d-NOZ50A-12-12-16-49,9.083969
47a50d-NOZ525-11-20-11-42,7.8785977
47a50d-NOZ534-11-20-13-34,7.32165
47a50d-NOZ534-12-12-12-55,7.722079
47a50d-NOZ536-11-06-14-18,7.959631
47a50d-NOZ537-11-20-14-53,8.583621
47a50d-NOZ537-12-12-14-08,8.528181
47a50d-NOZ540-11-20-16-29,7.898577
47a50d-NOZ545-11-20-17-38,8.868154
47a50d-NOZ546-11-20-19-31,7.667363
47a50d-NOZ550-11-18-19-28,8.244231
47a50d-NOZ555-11-20-20-37,8.361856
47a50d-NOZ55J-12-12-18-35,8.235409
47a50d-NOZ56U-11-21-19-16,8.774199
47a50d-NOZ56U-11-24-19-12,8.61931
47a50d-NOZ5PR-11-17-16-07,7.7301617
47a50d-NOZ628-12-09-17-40,8.121529
47a50d-NOZ639-12-04-17-25,7.5260134
47a50d-NOZ639-12-06-17-48,8.793563
47a50d-NOZ639-12-20-17-41,7.845022
47a50d-NOZ639-12-22-18-07,8.583281
47a50d-NOZ645-12-09-18-53,7.9971237
47a50d-NOZ66Y-12-18-18-24,7.5926323
47a50d-NOZ7C-11-09-08-41,8.174961
47a50d-NOZ8ME-12-15-20-18,8.162359
47a50d-NOZ96F-12-15-22-32,10.893277
47a518-NOZ132-12-15-14-22,8.924354
47a518-NOZ133-12-15-15-15,9.075316
47a518-NOZ164-12-15-06-36,9.401629
47a518-NOZ1BG-11-14-06-16,8.648548
47a518-NOZ1BG-11-23-05-56,8.677563
47a518-NOZ1BG-12-17-07-08,8.885388
47a518-NOZ1TT-11-08-14-31,9.011633
47a518-NOZ1YA-12-16-17-45,8.099707
47a518-NOZ271-11-12-07-35,7.9659543
47a518-NOZ271-11-18-06-28,8.484872
47a518-NOZ276-12-08-16-16,10.949536
47a518-NOZ277-12-08-17-38,8.752932
47a518-NOZ278-11-11-18-57,10.63056
47a518-NOZ278-11-17-19-18,9.367859
47a518-NOZ2BE-11-01-12-36,9.728807
47a518-NOZ2DC-12-12-05-59,7.7328987
47a518-NOZ2DC-12-16-06-11,7.836269
47a518-NOZ2DC-12-21-05-58,7.7676077
47a518-NOZ2UC-11-09-16-06,8.305955
47a518-NOZ2UC-12-28-16-10,9.028777
47a518-NOZ345-11-18-09-44,7.869698
47a518-NOZ3JE-12-12-07-01,8.314212
47a518-NOZ3JE-12-16-08-34,7.9952264
47a518-NOZ3JE-12-21-06-52,10.245082
47a518-NOZ4RZ-11-18-07-53,9.512547
47a518-NOZ50A-11-18-16-41,9.471476
47a518-NOZ522-12-07-06-18,7.7780046
47a518-NOZ525-12-07-07-35,7.9901404
47a518-NOZ536-11-20-14-31,8.146668
47a518-NOZ538-12-22-16-12,7.443703
47a518-NOZ540-11-22-16-32,7.8028855
47a518-NOZ541-11-20-15-44,8.523158
47a518-NOZ543-12-22-17-34,8.595846
47a518-NOZ545-11-22-17-37,8.4356365
47a518-NOZ55J-11-18-18-37,7.971131
47a518-NOZ56U-11-13-20-05,10.658612
47a518-NOZ56U-11-22-19-05,8.723883
47a518-NOZ56U-12-16-23-56,9.898162
47a518-NOZ5PY-11-08-16-00,7.9944835
47a518-NOZ605-12-20-06-36,7.9771523
47a518-NOZ605-12-22-06-39,7.7640743
47a518-NOZ606-12-20-08-12,8.772113
47a518-NOZ607-11-15-07-18,7.985113
47a518-NOZ608-12-13-13-31,8.629371
47a518-NOZ611-12-13-12-01,7.6534276
47a518-NOZ612-11-14-12-35,8.742351
47a518-NOZ620-12-21-15-47,8.108588
47a518-NOZ625-12-21-14-16,8.010994
47a518-NOZ626-11-14-16-46,8.081306
47a518-NOZ626-12-11-17-41,8.560919
47a518-NOZ626-12-12-17-01,8.226538
47a518-NOZ626-12-13-16-58,9.230983
47a518-NOZ626-12-20-17-07,8.358307
47a518-NOZ628-11-08-17-24,8.231215
47a518-NOZ631-11-14-15-27,8.382879
47a518-NOZ631-12-11-15-58,8.316374
47a518-NOZ631-12-12-15-31,8.752696
47a518-NOZ631-12-13-15-26,8.706359
47a518-NOZ631-12-20-15-27,7.8711624
47a518-NOZ632-12-21-19-02,8.495035
47a518-NOZ634-12-11-20-12,8.416323
47a518-NOZ637-12-21-17-06,8.471727
47a518-NOZ638-12-19-20-20,8.75014
47a518-NOZ639-11-09-17-23,7.649118
47a518-NOZ639-12-28-17-30,7.936551
47a518-NOZ639-12-29-19-14,8.439054
47a518-NOZ643-12-11-18-56,7.7266674
47a518-NOZ645-11-08-18-44,7.8614473
47a518-NOZ6TC-11-01-17-09,11.582776
47a531-NOZ132-12-13-14-31,8.110688
47a531-NOZ133-11-06-15-50,8.208603
47a531-NOZ133-12-13-15-33,8.178065
47a531-NOZ134-11-06-17-05,7.8818474
47a531-NOZ140-12-07-07-22,7.6455493
47a531-NOZ140-12-15-07-28,7.6067276
47a531-NOZ141-12-07-08-15,8.373381
47a531-NOZ141-12-15-08-25,7.9305754
47a531-NOZ144-12-07-16-28,8.760124
47a531-NOZ144-12-16-16-10,7.83694
47a531-NOZ144-12-19-15-52,8.184426
47a531-NOZ145-12-07-17-28,8.058287
47a531-NOZ145-12-16-17-19,7.9341445
47a531-NOZ145-12-19-16-52,9.010417
47a531-NOZ181-12-02-06-05,8.471882
47a531-NOZ182-12-02-07-43,8.285937
47a531-NOZ183-12-02-09-09,8.7266245
47a531-NOZ1TT-12-11-15-27,8.243673
47a531-NOZ276-11-13-13-22,8.133761
47a531-NOZ277-11-13-14-39,7.9215765
47a531-NOZ2GH-12-25-14-58,8.162543
47a531-NOZ3VG-12-11-16-42,7.9173064
47a531-NOZ4HF-12-12-07-07,7.5399523
47a531-NOZ521-11-07-05-32,7.72861
47a531-NOZ521-11-09-05-29,7.705914
47a531-NOZ521-11-10-05-29,7.7930284
47a531-NOZ521-11-17-05-29,7.7045574
47a531-NOZ523-11-08-06-33,8.082401
47a531-NOZ523-11-11-06-28,7.865551
47a531-NOZ523-11-12-06-00,7.2384357
47a531-NOZ523-11-13-06-30,7.5533023
47a531-NOZ523-11-19-06-01,7.7487392
47a531-NOZ523-11-21-06-52,8.198538
47a531-NOZ523-11-22-06-25,8.205368
47a531-NOZ523-11-23-06-29,8.464874
47a531-NOZ523-11-24-06-34,7.6817927
47a531-NOZ523-11-25-06-49,7.8857117
47a531-NOZ523-11-27-06-29,7.78556
47a531-NOZ524-11-07-07-07,8.585914
47a531-NOZ524-11-09-06-59,8.004898
47a531-NOZ524-11-10-06-59,7.878724
47a531-NOZ524-11-12-07-21,8.033463
47a531-NOZ524-11-19-07-22,7.5476036
47a531-NOZ526-11-08-08-04,7.943709
47a531-NOZ526-11-11-08-00,8.296129
47a531-NOZ526-11-21-08-29,7.2725534
47a531-NOZ526-11-22-08-14,7.481938
47a531-NOZ526-11-23-08-45,7.885709
47a531-NOZ526-11-24-08-23,7.7813478
47a531-NOZ530-11-20-09-26,8.192892
47a531-NOZ531-11-12-08-37,7.7071395
47a531-NOZ531-11-19-08-37,7.547657
47a531-NOZ531-11-20-08-00,8.424876
47a531-NOZ532-11-08-10-59,7.8324065
47a531-NOZ532-11-11-11-04,8.110221
47a531-NOZ532-11-12-10-08,7.4113026
47a531-NOZ532-11-19-10-06,8.273905
47a531-NOZ532-11-20-12-25,8.664002
47a531-NOZ532-11-21-11-12,7.3088317
47a531-NOZ532-11-22-11-12,7.343146
47a531-NOZ532-11-23-11-10,7.3469954
47a531-NOZ532-11-24-11-11,7.288672
47a531-NOZ532-11-25-11-14,7.338952
47a531-NOZ535-11-08-12-27,8.369726
47a531-NOZ535-11-11-12-31,7.865048
47a531-NOZ535-11-20-13-37,8.6364975
47a531-NOZ535-11-21-12-35,8.580664
47a531-NOZ535-11-22-12-29,7.59452
47a531-NOZ535-11-23-12-30,8.75032
47a531-NOZ535-11-24-12-34,8.245031
47a531-NOZ535-11-25-12-32,8.10956
47a531-NOZ536-11-08-14-15,7.7475715
47a531-NOZ536-11-11-14-14,7.7364755
47a531-NOZ536-11-16-14-59,8.521017
47a531-NOZ536-11-21-14-17,7.455317
47a531-NOZ536-11-22-14-23,8.9299755
47a531-NOZ536-11-23-14-32,8.405165
47a531-NOZ536-11-24-14-29,7.73977
47a531-NOZ536-11-25-14-26,7.7735524
47a531-NOZ538-11-18-15-22,7.7924633
47a531-NOZ538-11-20-15-15,7.219105
47a531-NOZ541-11-08-15-42,7.6861157
47a531-NOZ541-11-11-15-48,7.804418
47a531-NOZ541-11-16-16-31,7.9166923
47a531-NOZ541-11-21-15-38,8.662783
47a531-NOZ541-11-22-15-46,8.460691
47a531-NOZ541-11-23-15-45,8.536835
47a531-NOZ541-11-24-15-47,7.739532
47a531-NOZ541-11-25-15-55,8.176372
47a531-NOZ543-11-18-16-41,7.945981
47a531-NOZ543-11-20-16-39,8.536435
47a531-NOZ544-11-08-17-14,8.013025
47a531-NOZ544-11-11-17-20,8.091984
47a531-NOZ544-11-16-17-43,7.3686557
47a531-NOZ544-11-20-18-25,7.4077597
47a531-NOZ544-11-21-17-16,7.0421195
47a531-NOZ544-11-22-17-51,7.389448
47a531-NOZ544-11-23-17-45,7.4405828
47a531-NOZ544-11-24-17-14,7.353532
47a531-NOZ544-11-25-17-20,7.085662
47a531-NOZ545-12-30-17-52,8.023671
47a531-NOZ546-11-18-18-19,6.980132
47a531-NOZ547-11-16-18-53,7.8140574
47a531-NOZ547-11-22-18-57,7.8617587
47a531-NOZ547-11-23-18-51,7.887402
47a531-NOZ547-11-24-18-30,8.15407
47a531-NOZ549-11-20-19-45,8.714852
47a531-NOZ550-11-04-20-06,9.369849
47a531-NOZ550-11-16-20-15,7.6793656
47a531-NOZ550-11-20-21-09,7.3374662
47a531-NOZ550-11-22-20-25,9.202017
47a531-NOZ550-11-23-20-16,7.44174
47a531-NOZ550-11-24-20-12,7.997513
47a531-NOZ5AY-11-08-09-23,8.380665
47a531-NOZ5AY-11-11-09-18,7.75781
47a531-NOZ5AY-11-20-10-46,7.460422
47a531-NOZ5AY-11-21-09-32,8.673966
47a531-NOZ5AY-11-22-09-19,7.986696
47a531-NOZ5AY-11-23-09-52,7.793997
47a531-NOZ5AY-11-24-09-32,7.6597414
47a531-NOZ5AY-11-25-09-49,7.92107
47a531-NOZ601-12-12-05-30,7.627788
47a531-NOZ602-11-15-06-15,7.6693344
47a531-NOZ607-12-14-07-20,8.090011
47a531-NOZ608-12-12-09-57,7.760241
47a531-NOZ609-11-15-07-36,7.8187146
47a531-NOZ611-12-12-08-31,8.491511
47a531-NOZ612-12-12-12-48,7.502563
47a531-NOZ617-12-12-11-17,7.826403
47a531-NOZ620-12-12-15-30,7.5038805
47a531-NOZ620-12-23-15-39,8.163663
47a531-NOZ625-12-12-14-05,8.192613
47a531-NOZ628-12-11-18-00,8.2166395
47a531-NOZ632-12-12-18-07,7.6892486
47a531-NOZ632-12-23-18-47,7.49319
47a531-NOZ637-12-12-16-42,8.963193
47a531-NOZ637-12-23-16-48,8.099355
47a531-NOZ638-12-11-20-50,8.344987
47a531-NOZ645-12-11-19-22,8.622523
47a531-NOZ64N-12-06-17-24,9.817391
47a531-NOZ6TM-12-30-19-25,11.276891
47a7a8-NOZ181-12-15-06-30,8.532024
47a7a8-NOZ182-12-15-07-43,8.16101
47a7a8-NOZ182-12-28-07-45,8.485375
47a7a8-NOZ183-12-15-09-00,8.181989
47a7a8-NOZ183-12-28-09-08,7.7204742
47a7a8-NOZ270-11-03-07-29,12.683289
47a7a8-NOZ271-11-03-06-08,9.178935
47a7a8-NOZ276-11-07-16-03,11.082879
47a7a8-NOZ276-12-21-16-31,10.86702
47a7a8-NOZ277-11-07-17-22,7.825927
47a7a8-NOZ277-12-21-17-52,8.056716
47a7a8-NOZ278-11-02-19-06,10.139651
47a7a8-NOZ2DC-11-28-06-09,8.219035
47a7a8-NOZ2DC-12-30-06-12,7.717655
47a7a8-NOZ2GH-11-27-15-39,8.290118
47a7a8-NOZ2KT-11-02-16-12,9.942941
47a7a8-NOZ2UC-11-03-16-02,8.158569
47a7a8-NOZ2UC-11-11-16-04,8.251373
47a7a8-NOZ345-11-05-11-21,7.5694456
47a7a8-NOZ345-11-10-09-47,7.697052
47a7a8-NOZ346-11-16-14-35,8.913486
47a7a8-NOZ346-11-17-14-39,11.104126
47a7a8-NOZ347-11-16-16-36,7.877458
47a7a8-NOZ347-11-17-16-33,7.8489633
47a7a8-NOZ3JE-11-28-06-57,7.998674
47a7a8-NOZ3JE-12-30-07-05,8.178065
47a7a8-NOZ4HF-11-25-07-04,8.021831
47a7a8-NOZ4HF-11-30-07-02,8.856861
47a7a8-NOZ4HF-12-01-06-58,7.62054
47a7a8-NOZ4HF-12-02-07-06,7.638175
47a7a8-NOZ4RZ-11-05-09-28,9.357345
47a7a8-NOZ4RZ-11-10-07-42,9.072714
47a7a8-NOZ50A-11-09-16-36,8.86873
47a7a8-NOZ50A-11-14-16-36,9.000906
47a7a8-NOZ523-12-12-06-36,8.617684
47a7a8-NOZ526-12-12-08-03,7.996116
47a7a8-NOZ526-12-13-07-57,7.610471
47a7a8-NOZ530-12-11-10-04,8.077272
47a7a8-NOZ531-12-11-08-48,7.5773
47a7a8-NOZ532-12-11-13-18,7.376171
47a7a8-NOZ532-12-12-11-20,8.063365
47a7a8-NOZ535-12-11-14-29,8.574786
47a7a8-NOZ535-12-12-12-35,8.512139
47a7a8-NOZ536-12-12-14-23,8.324077
47a7a8-NOZ538-12-09-15-28,7.789988
47a7a8-NOZ538-12-11-16-04,8.093809
47a7a8-NOZ541-12-12-15-54,8.973012
47a7a8-NOZ543-12-09-16-46,7.8131967
47a7a8-NOZ543-12-11-17-22,7.8484187
47a7a8-NOZ544-11-03-18-47,7.708522
47a7a8-NOZ544-12-11-18-47,7.48629
47a7a8-NOZ544-12-12-17-17,7.3634076
47a7a8-NOZ546-12-09-18-18,8.487863
47a7a8-NOZ547-11-03-19-57,8.0268755
47a7a8-NOZ548-11-06-18-32,7.376381
47a7a8-NOZ549-12-11-19-58,8.504921
47a7a8-NOZ550-12-11-21-12,7.4465537
47a7a8-NOZ553-11-06-19-56,7.655686
47a7a8-NOZ55J-11-09-18-39,7.6776705
47a7a8-NOZ55J-11-14-18-34,8.171184
47a7a8-NOZ5AY-12-11-11-26,7.705996
47a7a8-NOZ5AY-12-12-09-20,8.152748
47a7a8-NOZ5AY-12-13-09-17,8.448731
47a7a8-NOZ601-11-25-05-37,7.979939
47a7a8-NOZ601-11-30-05-37,8.507376
47a7a8-NOZ601-12-01-05-35,8.301987
47a7a8-NOZ601-12-02-05-31,8.511641
47a7a8-NOZ605-11-29-06-34,8.454797
47a7a8-NOZ605-12-29-06-30,8.082956
47a7a8-NOZ606-11-29-07-56,8.288707
47a7a8-NOZ606-12-29-08-45,9.952557
47a7a8-NOZ608-11-25-09-58,8.286158
47a7a8-NOZ608-12-01-09-46,7.5746784
47a7a8-NOZ608-12-02-10-17,7.577684
47a7a8-NOZ611-11-25-08-30,8.265176
47a7a8-NOZ611-12-01-08-21,7.462272
47a7a8-NOZ611-12-02-08-32,8.4496975
47a7a8-NOZ612-11-25-12-40,8.325637
47a7a8-NOZ612-11-30-12-18,7.4349837
47a7a8-NOZ612-12-01-12-41,7.7662935
47a7a8-NOZ612-12-02-12-47,7.445395
47a7a8-NOZ612-12-28-13-11,8.601233
47a7a8-NOZ614-12-04-14-00,8.301578
47a7a8-NOZ617-11-25-11-13,7.998539
47a7a8-NOZ617-11-30-10-55,8.257931
47a7a8-NOZ617-12-01-11-08,7.88111
47a7a8-NOZ617-12-02-11-26,7.9475927
47a7a8-NOZ620-11-24-15-57,7.7072215
47a7a8-NOZ620-11-25-15-26,8.137318
47a7a8-NOZ620-11-30-15-29,8.285614
47a7a8-NOZ620-12-01-15-29,8.239559
47a7a8-NOZ620-12-02-15-36,7.531588
47a7a8-NOZ620-12-28-16-20,8.273155
47a7a8-NOZ623-12-04-12-31,8.582873
47a7a8-NOZ624-11-27-16-54,8.330237
47a7a8-NOZ625-11-25-14-06,7.8150897
47a7a8-NOZ625-12-01-14-03,7.7829943
47a7a8-NOZ625-12-02-14-08,8.113132
47a7a8-NOZ625-12-28-14-41,7.9461875
47a7a8-NOZ626-11-28-16-44,7.4859934
47a7a8-NOZ626-11-29-16-55,8.292255
47a7a8-NOZ626-12-04-17-03,7.9908347
47a7a8-NOZ626-12-29-17-15,8.529139
47a7a8-NOZ631-11-28-15-24,7.8272047
47a7a8-NOZ631-11-29-15-27,8.308189
47a7a8-NOZ631-12-04-15-32,7.9591827
47a7a8-NOZ631-12-29-15-22,8.383219
47a7a8-NOZ632-11-24-18-41,8.626829
47a7a8-NOZ632-11-25-18-12,10.997602
47a7a8-NOZ632-11-30-18-03,8.669082
47a7a8-NOZ632-12-02-18-11,7.537209
47a7a8-NOZ637-11-24-17-10,8.390291
47a7a8-NOZ637-11-25-16-46,7.8171782
47a7a8-NOZ637-11-30-16-46,7.7810793
47a7a8-NOZ637-12-01-16-42,8.068718
47a7a8-NOZ637-12-02-16-53,8.363636
47a7a8-NOZ639-11-03-17-28,8.02565
47a7a8-NOZ639-11-11-17-38,7.880299
47a7a8-NOZ643-12-04-18-17,7.9197683
47a7a8-NOZ6TM-12-14-18-45,10.792033
47a7a8-NOZ7C-11-03-08-44,8.558766
4aca0a-NOZ181-12-19-06-08,7.8055325
4aca0a-NOZ276-12-22-16-53,9.962015
4aca0a-NOZ277-12-22-18-16,9.749348
4aca0a-NOZ538-12-29-16-10,8.212898
4aca0a-NOZ543-12-29-17-34,10.59663
4aca0a-NOZ546-12-29-19-16,7.3648853
4aca0a-NOZ549-12-29-20-31,8.08583
4aca0a-NOZ6TM-12-18-20-20,9.326852
4aca42-NOZ1YA-12-17-13-01,8.0869055
4aca42-NOZ639-12-19-17-41,7.7643843
4aca46-NOZ345-11-29-09-30,7.432272
4aca46-NOZ346-11-28-14-42,9.473065
4aca46-NOZ347-11-28-16-40,8.411585
4aca46-NOZ4RZ-11-29-07-30,9.53124
4aca46-NOZ538-12-01-15-35,7.248808
4aca46-NOZ549-12-01-16-57,12.060802
4aca46-NOZ602-12-01-06-06,8.0505495
4aca46-NOZ609-11-28-07-29,8.02509
4aca46-NOZ609-12-01-07-29,8.478422
4aca47-NOZ270-11-04-07-25,8.349945
4aca47-NOZ271-11-05-07-46,8.549438
4aca47-NOZ271-11-09-06-13,8.444336
4aca47-NOZ278-11-04-18-55,9.851365
4aca47-NOZ278-11-08-18-52,10.510239
4aca47-NOZ7C-11-04-08-45,7.7980876
4aca4a-NOZ2UC-11-16-16-01,7.7292156
4aca4a-NOZ639-11-16-17-20,7.921834
4aca4e-NOZ194-11-13-18-54,8.536761
4aca4e-NOZ195-11-13-20-18,8.103225
4aca4e-NOZ1BG-11-07-05-59,7.6923585
4aca4e-NOZ271-11-04-06-14,7.8131504
4aca4e-NOZ278-11-03-18-59,11.143772
4aca4e-NOZ2UC-11-13-16-04,7.5644827
4aca4e-NOZ345-11-24-09-53,8.309688
4aca4e-NOZ4RZ-11-24-08-12,9.39554
4aca4e-NOZ538-11-17-15-22,7.404799
4aca4e-NOZ540-11-03-16-17,7.758792
4aca4e-NOZ543-11-17-16-46,7.5420074
4aca4e-NOZ545-11-03-17-35,7.8361807
4aca4e-NOZ546-11-17-18-24,7.3988037
4aca4e-NOZ549-11-17-19-43,7.906228
4aca4e-NOZ56U-11-06-19-59,9.311392
4aca4e-NOZ639-11-13-17-28,8.071232
4aca4f-NOZ191-12-16-19-50,10.563559
4aca4f-NOZ346-12-18-14-54,9.015164
4aca4f-NOZ347-12-18-17-50,8.063506
4aca4f-NOZ40T-12-16-06-13,10.247475
4aca4f-NOZ534-12-11-13-35,7.5388894
4aca4f-NOZ537-12-11-15-01,8.509622
4aca4f-NOZ540-12-11-16-24,7.2466702
4aca4f-NOZ545-12-11-17-37,8.962725
4aca4f-NOZ546-12-11-19-11,7.681183
4aca4f-NOZ555-12-11-20-31,7.6416836
4aca4f-NOZ9BH-12-16-17-59,10.11198
