flight_id,pred_physics_climb
4784c2-NOZ191-11-01-17-02,974.9502
4784c2-NOZ191-11-13-13-36,1250.5149
4784c2-NOZ191-11-29-17-09,1127.0385
4784c2-NOZ270-11-14-07-26,934.9211
4784c2-NOZ270-11-30-07-26,979.4487
4784c2-NOZ270-12-02-07-24,947.22406
4784c2-NOZ271-11-14-06-15,976.0201
4784c2-NOZ271-12-02-06-14,881.72437
4784c2-NOZ271-12-03-07-52,899.3712
4784c2-NOZ278-12-02-19-03,1015.768
4784c2-NOZ2UC-11-07-16-07,1188.2677
4784c2-NOZ2UC-11-08-16-03,1252.095
4784c2-NOZ345-11-12-11-17,1517.821
4784c2-NOZ345-11-26-11-13,1556.723
4784c2-NOZ346-11-27-14-53,1674.0553
4784c2-NOZ347-11-27-16-44,1338.0824
4784c2-NOZ4RZ-11-12-09-18,1667.0477
4784c2-NOZ4RZ-11-26-09-20,1525.1346
4784c2-NOZ50A-11-03-16-50,1540.6602
4784c2-NOZ522-11-28-06-12,1151.2021
4784c2-NOZ525-11-28-07-26,1314.5382
4784c2-NOZ540-12-01-16-18,1015.5844
4784c2-NOZ546-11-01-18-20,1153.9733
4784c2-NOZ549-11-01-19-33,983.3737
4784c2-NOZ55J-11-03-18-43,1476.9646
4784c2-NOZ605-11-15-06-32,974.5517
4784c2-NOZ605-12-28-06-33,1210.2699
4784c2-NOZ606-11-15-08-02,973.63873
4784c2-NOZ607-11-01-07-02,1128.6108
4784c2-NOZ612-12-27-14-55,1126.6971
4784c2-NOZ617-12-27-13-18,1084.8217
4784c2-NOZ620-12-27-18-47,1197.3271
4784c2-NOZ625-12-27-17-17,1073.0873
4784c2-NOZ626-12-22-17-24,1140.8198
4784c2-NOZ631-11-15-15-28,1058.9141
4784c2-NOZ631-12-22-15-22,1038.6174
4784c2-NOZ638-11-14-20-08,1039.3411
4784c2-NOZ638-12-21-20-17,1147.5322
4784c2-NOZ639-11-07-17-22,1011.5971
4784c2-NOZ639-11-08-17-27,1174.7941
4784c2-NOZ7C-11-14-08-44,962.62964
4784c2-NOZ7C-12-02-08-42,938.7088
4784c2-NOZ8C-11-13-21-07,1034.83
4784c2-NOZ9BH-11-01-15-38,1116.581
4784c2-NOZ9BH-11-13-12-09,1237.249
4784c2-NOZ9BH-11-29-15-45,1102.6622
47873f-NOZ181-12-31-09-25,1193.6924
47873f-NOZ191-12-28-17-25,1194.7922
47873f-NOZ538-12-21-15-53,1284.0079
47873f-NOZ543-12-21-17-15,1309.2815
47873f-NOZ9BH-12-28-15-59,1159.3558
478741-NOZ181-11-12-08-54,1220.9827
478741-NOZ181-11-23-06-07,1130.0016
478741-NOZ182-11-12-07-29,1161.6113
478741-NOZ183-11-23-09-32,1033.9901
478741-NOZ1BG-11-11-06-13,1613.5139
478741-NOZ1BG-12-23-10-02,1370.8444
478741-NOZ1TT-11-06-14-35,1123.2877
478741-NOZ1TT-11-18-14-47,1079.3778
478741-NOZ1TT-12-20-14-32,1213.2424
478741-NOZ276-11-21-16-07,1026.3348
478741-NOZ276-11-22-16-43,1058.062
478741-NOZ277-11-21-18-11,840.50916
478741-NOZ277-11-22-18-17,960.2334
478741-NOZ345-11-04-09-43,1600.9635
478741-NOZ346-12-21-15-24,1643.1398
478741-NOZ347-12-21-17-22,1656.28
478741-NOZ3VG-12-20-16-02,1142.756
478741-NOZ4HF-11-09-07-03,1148.7284
478741-NOZ4RZ-11-04-07-46,1438.8641
478741-NOZ50A-11-04-16-47,1459.8309
478741-NOZ523-11-01-06-30,989.9392
478741-NOZ523-11-02-06-31,1174.2108
478741-NOZ523-12-15-06-54,1059.6857
478741-NOZ526-11-01-08-06,932.2797
478741-NOZ526-11-02-08-01,885.2453
478741-NOZ526-12-15-08-18,887.8957
478741-NOZ530-11-14-09-50,1126.0435
478741-NOZ531-11-14-11-12,1178.5491
478741-NOZ532-11-01-11-02,961.26135
478741-NOZ532-11-02-10-59,877.6855
478741-NOZ534-11-14-12-41,1035.804
478741-NOZ535-11-01-12-31,887.3093
478741-NOZ535-11-02-12-29,1146.3956
478741-NOZ536-11-01-14-11,1055.3693
478741-NOZ536-11-02-14-14,1030.6786
478741-NOZ537-11-14-13-58,1190.5417
478741-NOZ537-12-18-14-56,1309.6871
478741-NOZ538-11-14-15-19,1068.8163
478741-NOZ538-12-16-15-37,1042.5938
478741-NOZ538-12-27-16-00,1192.0785
478741-NOZ540-12-18-16-22,1190.9756
478741-NOZ541-11-01-15-46,1134.2623
478741-NOZ541-11-02-15-38,1228.9968
478741-NOZ543-12-16-18-03,1191.5947
478741-NOZ543-12-27-17-18,1085.9968
478741-NOZ544-11-01-17-11,1271.8923
478741-NOZ544-11-02-17-10,1163.4763
478741-NOZ545-12-18-17-59,1207.6781
478741-NOZ546-11-14-18-10,1254.9012
478741-NOZ546-12-16-20-25,1123.3274
478741-NOZ546-12-18-19-13,1132.2749
478741-NOZ546-12-27-18-43,1066.3542
478741-NOZ547-11-01-18-24,1141.8954
478741-NOZ547-11-02-18-24,1163.4987
478741-NOZ549-11-14-19-25,1126.9274
478741-NOZ549-12-27-19-54,1212.187
478741-NOZ550-11-01-19-53,1287.0317
478741-NOZ550-12-14-20-21,1139.8175
478741-NOZ555-12-18-20-30,990.6031
478741-NOZ55J-11-04-18-38,1589.9889
478741-NOZ56U-11-10-18-52,1371.329
478741-NOZ56U-12-22-20-29,1678.7213
478741-NOZ5AY-11-01-09-21,972.7589
478741-NOZ5AY-11-02-09-34,1106.0117
478741-NOZ5AY-12-15-09-30,982.1295
478741-NOZ5PY-11-06-16-03,1195.4484
478741-NOZ5PY-11-18-16-23,1193.3806
478741-NOZ601-11-07-05-45,1022.03345
478741-NOZ601-11-09-05-35,985.46564
478741-NOZ602-11-08-06-06,1114.6279
478741-NOZ607-11-10-07-01,1113.6095
478741-NOZ608-11-07-09-47,1160.204
478741-NOZ608-11-09-09-45,965.97174
478741-NOZ609-11-08-07-27,1027.4862
478741-NOZ611-11-07-08-26,1121.1509
478741-NOZ611-11-09-08-30,1131.5164
478741-NOZ612-11-07-12-35,1283.4346
478741-NOZ612-11-09-12-26,1067.2788
478741-NOZ617-11-07-11-01,1128.0315
478741-NOZ617-11-09-11-04,1044.648
478741-NOZ620-11-09-15-20,1034.9698
478741-NOZ625-11-07-14-08,1026.9178
478741-NOZ625-11-09-13-59,1057.9382
478741-NOZ628-11-06-17-28,1096.5667
478741-NOZ628-11-18-18-08,1123.6223
478741-NOZ632-11-09-18-00,975.9362
478741-NOZ637-11-09-16-42,1044.3243
478741-NOZ638-11-06-20-18,1098.9785
478741-NOZ638-11-08-20-09,1055.7181
478741-NOZ645-11-06-18-48,1019.458
478741-NOZ645-11-18-20-23,1193.7161
478741-NOZ6CF-11-03-08-05,1569.136
478741-NOZ6TM-11-22-19-40,1168.0625
478741-NOZ8920-12-28-06-34,795.6655
478742-NOZ133-12-18-15-53,541.81573
478742-NOZ134-12-18-16-55,485.74194
478742-NOZ144-11-21-15-47,571.72626
478742-NOZ145-11-21-16-51,1305.1279
478742-NOZ182-11-30-07-39,1081.2782
478742-NOZ191-11-18-17-55,1167.2695
478742-NOZ191-12-30-17-23,1330.5099
478742-NOZ1BG-12-07-06-35,1521.0414
478742-NOZ1BG-12-16-06-25,1455.8082
478742-NOZ1BG-12-27-06-15,1503.1797
478742-NOZ1TT-12-16-16-22,1243.4658
478742-NOZ1TT-12-21-14-48,1188.7959
478742-NOZ270-12-30-07-27,873.1454
478742-NOZ271-12-10-07-32,797.3307
478742-NOZ276-11-29-15-51,878.80206
478742-NOZ277-11-29-17-09,924.9785
478742-NOZ278-12-09-19-00,1036.1545
478742-NOZ2DC-11-11-06-06,572.51843
478742-NOZ2DC-11-14-05-58,560.60913
478742-NOZ2DC-11-15-06-02,559.62134
478742-NOZ346-12-11-14-41,1668.4869
478742-NOZ347-12-11-16-32,1577.0183
478742-NOZ3JE-11-11-06-55,506.23083
478742-NOZ3JE-11-15-06-57,585.47565
478742-NOZ3VG-12-21-16-18,1278.2157
478742-NOZ50A-11-22-17-34,1454.1171
478742-NOZ50A-12-22-17-29,1594.3552
478742-NOZ522-11-17-06-10,1047.019
478742-NOZ524-12-02-07-07,876.3275
478742-NOZ524-12-17-08-41,1190.7241
478742-NOZ525-11-17-07-25,1115.5022
478742-NOZ525-12-04-11-30,982.451
478742-NOZ530-11-29-09-52,976.33685
478742-NOZ531-11-29-11-06,930.70593
478742-NOZ531-12-17-10-15,1011.86194
478742-NOZ532-12-17-12-13,1167.0383
478742-NOZ534-11-29-12-36,923.5461
478742-NOZ534-12-04-13-25,1115.9124
478742-NOZ534-12-09-13-30,1283.9657
478742-NOZ537-11-29-13-58,1035.8385
478742-NOZ537-12-04-14-45,1046.7336
478742-NOZ537-12-09-14-40,1039.9244
478742-NOZ537-12-20-14-13,1133.5273
478742-NOZ540-11-17-16-15,1125.7306
478742-NOZ540-12-04-16-20,1067.485
478742-NOZ540-12-06-16-19,1252.1798
478742-NOZ540-12-29-18-41,1263.2703
478742-NOZ545-11-17-17-42,1126.1152
478742-NOZ545-12-04-17-34,1067.7792
478742-NOZ545-12-06-17-35,1051.3934
478742-NOZ545-12-29-19-51,1226.3503
478742-NOZ546-12-04-18-58,1015.35547
478742-NOZ555-12-04-20-30,990.3682
478742-NOZ55J-11-22-19-16,1389.3804
478742-NOZ55J-12-22-19-30,1522.0989
478742-NOZ56U-12-06-19-08,1471.6661
478742-NOZ56U-12-15-20-11,1449.4313
478742-NOZ56U-12-26-23-04,1305.366
478742-NOZ607-11-16-06-59,1134.1925
478742-NOZ608-11-13-09-56,1166.4658
478742-NOZ611-11-13-08-28,1159.7216
478742-NOZ617-11-13-11-14,1132.1152
478742-NOZ620-11-13-15-29,1145.0707
478742-NOZ625-11-13-14-00,1127.2798
478742-NOZ628-12-16-20-11,1226.465
478742-NOZ628-12-21-17-45,1136.1516
478742-NOZ632-11-13-18-15,1112.8849
478742-NOZ637-11-13-16-52,1274.364
478742-NOZ638-11-10-20-24,1280.5402
478742-NOZ645-12-16-21-30,1087.5869
478742-NOZ645-12-21-19-15,1182.0541
478742-NOZ647-11-13-19-36,1072.7771
478742-NOZ648-11-13-20-58,1048.7094
478742-NOZ6TM-11-29-18-46,1209.5612
478742-NOZ7C-12-30-08-36,952.7799
478742-NOZ9BH-11-18-16-32,1183.5757
478742-NOZ9BH-12-30-15-48,1231.6976
47875a-NOZ181-12-07-06-10,1026.0411
47875a-NOZ181-12-14-06-41,1118.7272
47875a-NOZ182-12-14-08-07,1113.3322
47875a-NOZ183-12-07-08-44,1099.1532
47875a-NOZ183-12-14-09-21,1079.4739
47875a-NOZ191-11-25-17-31,1067.5763
47875a-NOZ191-12-07-17-06,1052.2706
47875a-NOZ1TT-11-23-14-58,1120.6288
47875a-NOZ1TT-12-02-14-51,1109.547
47875a-NOZ1YA-12-15-14-41,1030.6305
47875a-NOZ270-11-11-07-19,792.56024
47875a-NOZ270-11-23-08-11,1142.8909
47875a-NOZ270-12-16-08-06,886.7201
47875a-NOZ271-11-11-06-07,880.3703
47875a-NOZ271-12-16-06-19,890.68054
47875a-NOZ276-12-12-15-58,1017.02686
47875a-NOZ276-12-13-16-21,994.60486
47875a-NOZ277-12-06-17-34,823.8669
47875a-NOZ277-12-12-17-22,889.13574
47875a-NOZ277-12-13-18-13,890.6839
47875a-NOZ278-11-10-18-57,915.2079
47875a-NOZ278-12-15-19-48,972.7142
47875a-NOZ2UC-11-15-16-06,1032.6514
47875a-NOZ2UC-11-21-16-17,1086.8384
47875a-NOZ2UC-11-28-16-11,1055.2496
47875a-NOZ345-12-10-11-30,1510.5482
47875a-NOZ345-12-15-10-31,1501.7687
47875a-NOZ346-12-01-14-44,1438.1506
47875a-NOZ347-12-01-16-37,1231.2081
47875a-NOZ40A-12-15-13-29,1183.9194
47875a-NOZ4RZ-12-10-09-40,1504.0751
47875a-NOZ4RZ-12-15-07-54,1544.416
47875a-NOZ50A-12-14-17-07,1410.9786
47875a-NOZ522-11-24-06-18,977.96106
47875a-NOZ525-11-24-07-29,1022.6087
47875a-NOZ538-11-02-15-19,1168.1482
47875a-NOZ538-12-05-16-27,980.8534
47875a-NOZ540-11-10-16-23,1156.872
47875a-NOZ540-12-15-16-10,1012.3487
47875a-NOZ543-11-02-16-34,1134.4849
47875a-NOZ543-12-05-17-40,897.4012
47875a-NOZ545-11-10-17-43,994.9831
47875a-NOZ545-12-15-17-22,1169.7958
47875a-NOZ546-11-02-18-10,1043.7885
47875a-NOZ546-12-05-19-04,907.55634
47875a-NOZ549-11-02-19-21,1088.6754
47875a-NOZ549-12-05-20-17,852.932
47875a-NOZ55J-12-14-18-57,1510.9927
47875a-NOZ58Z-11-11-14-33,1240.0106
47875a-NOZ5PY-11-23-16-14,1072.313
47875a-NOZ5PY-12-02-16-12,1046.3157
47875a-NOZ602-11-03-06-06,977.38025
47875a-NOZ609-11-03-07-31,1076.2275
47875a-NOZ628-11-23-18-02,1147.3176
47875a-NOZ628-12-02-17-45,1187.2631
47875a-NOZ639-11-15-17-22,933.4963
47875a-NOZ639-11-21-17-27,1080.6184
47875a-NOZ639-11-28-17-22,1078.6843
47875a-NOZ645-11-23-19-08,1031.545
47875a-NOZ645-12-02-18-54,1093.7719
47875a-NOZ7C-11-11-08-44,1003.34717
47875a-NOZ9BH-11-25-15-35,1162.8848
47875a-NOZ9BH-12-07-15-46,968.96796
47875a-NOZ9PL-11-17-07-33,1141.305
47875c-NOZ132-11-01-13-55,584.6858
47875c-NOZ132-11-10-14-02,534.97784
47875c-NOZ133-11-10-15-08,504.8248
47875c-NOZ140-12-05-07-12,574.9536
47875c-NOZ140-12-19-07-25,573.70294
47875c-NOZ141-12-05-08-04,591.9354
47875c-NOZ141-12-19-08-20,761.8001
47875c-NOZ142-12-18-14-10,544.6331
47875c-NOZ143-12-18-15-15,560.8089
47875c-NOZ144-12-08-15-16,554.63873
47875c-NOZ181-11-28-05-59,1055.5674
47875c-NOZ181-12-10-09-02,1034.2928
47875c-NOZ182-11-28-07-41,1154.0116
47875c-NOZ182-12-10-07-49,1205.1519
47875c-NOZ183-11-28-08-56,1007.1842
47875c-NOZ191-11-30-16-56,989.3136
47875c-NOZ191-12-13-17-22,1017.381
47875c-NOZ191-12-15-17-06,1041.5973
47875c-NOZ1BG-12-15-07-11,1606.5061
47875c-NOZ1YA-12-10-13-12,1167.9198
47875c-NOZ2DC-11-03-06-03,456.66348
47875c-NOZ2DC-11-04-05-59,551.1616
47875c-NOZ2DC-11-07-06-03,554.1985
47875c-NOZ2DC-11-09-06-02,448.69913
47875c-NOZ2DC-11-16-06-05,471.55627
47875c-NOZ2DC-11-21-06-00,592.40173
47875c-NOZ2DC-11-22-06-01,584.7202
47875c-NOZ2DC-11-23-05-57,493.79428
47875c-NOZ2DC-11-24-06-07,570.93695
47875c-NOZ2GH-11-06-14-59,1120.6879
47875c-NOZ345-12-03-11-23,1236.4945
47875c-NOZ3JE-11-02-07-00,508.3591
47875c-NOZ3JE-11-03-06-52,575.76135
47875c-NOZ3JE-11-04-07-04,417.92752
47875c-NOZ3JE-11-07-08-10,600.4545
47875c-NOZ3JE-11-09-07-01,596.2728
47875c-NOZ3JE-11-16-07-10,577.5414
47875c-NOZ3JE-11-21-07-04,512.17
47875c-NOZ3JE-11-22-06-56,537.92523
47875c-NOZ3JE-11-23-06-55,601.83105
47875c-NOZ3JE-11-24-07-05,516.2453
47875c-NOZ40A-12-10-11-13,1173.1122
47875c-NOZ4HF-11-08-06-59,1108.8015
47875c-NOZ4HF-11-10-07-03,1066.9833
47875c-NOZ4RZ-12-03-09-20,1310.4404
47875c-NOZ522-11-29-06-02,1097.9565
47875c-NOZ522-12-12-06-12,1167.1731
47875c-NOZ525-11-29-07-15,1183.266
47875c-NOZ525-12-12-07-20,1181.7361
47875c-NOZ530-12-14-09-58,986.1729
47875c-NOZ530-12-15-10-23,1074.599
47875c-NOZ531-12-14-11-06,1204.3534
47875c-NOZ531-12-15-11-35,996.9665
47875c-NOZ534-12-14-12-43,1071.5106
47875c-NOZ534-12-15-12-57,1100.1356
47875c-NOZ537-12-14-13-53,1240.0562
47875c-NOZ537-12-15-14-10,1055.7301
47875c-NOZ538-12-30-15-16,1151.8982
47875c-NOZ543-12-30-16-47,1190.3309
47875c-NOZ545-12-14-17-26,1102.8716
47875c-NOZ546-12-30-18-13,1058.0114
47875c-NOZ56U-12-14-18-56,1492.618
47875c-NOZ601-11-08-05-36,1017.3001
47875c-NOZ601-11-10-05-36,947.94336
47875c-NOZ607-11-11-07-08,1089.2036
47875c-NOZ607-11-25-07-06,1083.3925
47875c-NOZ608-11-08-09-39,1062.8214
47875c-NOZ608-11-10-09-44,1108.0947
47875c-NOZ60M-12-07-16-25,1199.4349
47875c-NOZ611-11-08-08-24,1096.5454
47875c-NOZ611-11-10-08-20,1093.4376
47875c-NOZ612-11-08-12-21,1002.52875
47875c-NOZ612-11-10-12-27,1173.8927
47875c-NOZ614-11-20-13-57,1056.17
47875c-NOZ617-11-08-10-58,1098.6517
47875c-NOZ617-11-10-11-10,1100.4888
47875c-NOZ620-11-08-15-22,998.58594
47875c-NOZ620-11-23-15-51,1164.6697
47875c-NOZ623-11-20-12-34,1104.8958
47875c-NOZ624-11-06-16-21,1050.8241
47875c-NOZ625-11-08-13-56,994.584
47875c-NOZ625-11-23-14-03,1054.7645
47875c-NOZ626-11-02-16-45,1120.1935
47875c-NOZ626-11-07-17-04,1170.701
47875c-NOZ626-11-09-16-42,1057.3489
47875c-NOZ626-11-15-16-56,1082.0193
47875c-NOZ626-11-16-16-41,1031.4646
47875c-NOZ626-11-18-17-13,1129.2369
47875c-NOZ626-11-20-17-08,1126.1368
47875c-NOZ631-11-02-15-23,1101.1779
47875c-NOZ631-11-07-15-30,948.105
47875c-NOZ631-11-09-15-23,988.2677
47875c-NOZ631-11-16-15-24,1049.5765
47875c-NOZ631-11-18-15-40,1160.7002
47875c-NOZ631-11-20-15-38,1067.1877
47875c-NOZ632-11-08-18-00,1150.9976
47875c-NOZ632-11-23-18-40,1127.5227
47875c-NOZ634-11-20-20-06,1006.5531
47875c-NOZ637-11-08-16-38,1030.7754
47875c-NOZ637-11-23-17-03,1181.4128
47875c-NOZ643-11-20-18-24,1127.5941
47875c-NOZ64N-11-11-16-55,1248.7635
47875c-NOZ6TM-11-27-20-11,1154.0496
47875c-NOZ8820-11-17-13-44,527.16406
47875c-NOZ8821-11-17-16-52,1153.216
47875c-NOZ9BH-11-30-15-33,1167.5663
47875c-NOZ9BH-12-15-15-40,1186.6683
47875c-NOZ9WB-11-17-07-35,1213.2595
47875c-NOZ9WB-11-18-07-29,1239.8464
478772-NOZ181-12-20-07-39,1124.709
478772-NOZ191-11-04-17-33,1205.1449
478772-NOZ191-11-17-16-57,1070.8289
478772-NOZ191-12-08-17-41,1056.3119
478772-NOZ191-12-19-18-25,953.6882
478772-NOZ191-12-20-17-20,1093.2455
478772-NOZ194-11-06-19-12,1198.5231
478772-NOZ195-11-06-20-33,1067.1141
478772-NOZ1BG-11-15-06-20,1509.7822
478772-NOZ1BG-11-17-06-06,1595.7869
478772-NOZ1BG-12-08-06-31,1603.433
478772-NOZ271-12-21-06-16,832.9969
478772-NOZ276-11-24-16-07,972.958
478772-NOZ277-11-24-17-25,1104.0251
478772-NOZ278-12-20-19-12,1159.8328
478772-NOZ2BE-11-11-12-46,1644.4413
478772-NOZ2DC-12-27-06-26,523.166
478772-NOZ2UC-11-06-16-14,1168.7274
478772-NOZ347-12-04-16-59,1674.3624
478772-NOZ3JE-12-27-08-06,432.75098
478772-NOZ4HF-11-24-07-12,1097.7491
478772-NOZ50A-11-15-16-37,1421.4254
478772-NOZ50A-11-21-16-40,1512.661
478772-NOZ50A-12-06-16-57,1553.9353
478772-NOZ521-11-29-05-31,1039.3119
478772-NOZ521-11-30-05-36,946.8031
478772-NOZ521-12-01-05-26,985.75604
478772-NOZ521-12-02-05-28,1018.1292
478772-NOZ522-11-22-06-24,1069.7565
478772-NOZ522-12-13-06-10,918.31396
478772-NOZ523-11-26-06-03,1120.9401
478772-NOZ523-11-28-06-30,1235.4738
478772-NOZ524-11-26-07-35,1154.3691
478772-NOZ524-11-29-06-59,969.9968
478772-NOZ524-11-30-07-04,918.5937
478772-NOZ524-12-01-07-01,1018.87146
478772-NOZ525-11-22-07-33,1261.5127
478772-NOZ525-12-13-07-24,929.3512
478772-NOZ526-11-28-07-57,896.73425
478772-NOZ530-11-16-09-52,1130.0306
478772-NOZ530-11-17-09-59,1045.7792
478772-NOZ530-11-21-10-13,1113.0938
478772-NOZ530-11-27-09-32,1075.7435
478772-NOZ530-12-08-09-49,890.68024
478772-NOZ531-11-16-11-09,1193.2645
478772-NOZ531-11-17-11-19,1025.9648
478772-NOZ531-11-21-11-21,983.27875
478772-NOZ531-11-26-08-51,1270.6309
478772-NOZ531-11-27-08-01,1211.0846
478772-NOZ531-12-08-11-08,1036.0634
478772-NOZ532-11-26-10-17,1237.1531
478772-NOZ532-11-27-12-17,1014.5491
478772-NOZ532-11-28-10-57,888.7229
478772-NOZ534-11-16-12-39,1191.7517
478772-NOZ534-11-17-12-47,1230.8318
478772-NOZ534-11-21-12-42,997.7381
478772-NOZ534-12-08-12-46,963.2826
478772-NOZ534-12-16-14-07,1148.6919
478772-NOZ535-11-27-14-01,1255.7195
478772-NOZ535-11-28-12-31,934.80853
478772-NOZ536-11-28-14-16,1191.508
478772-NOZ536-12-18-14-57,1156.0769
478772-NOZ537-11-16-14-04,1171.2544
478772-NOZ537-11-17-14-14,1099.9224
478772-NOZ537-11-21-13-57,895.64795
478772-NOZ537-12-08-14-18,1113.6461
478772-NOZ537-12-16-17-54,1114.7719
478772-NOZ538-11-01-15-14,1251.516
478772-NOZ538-11-25-15-19,1141.2488
478772-NOZ538-11-27-15-30,1222.2397
478772-NOZ540-12-07-16-29,990.8078
478772-NOZ541-11-28-15-43,1048.0903
478772-NOZ541-12-18-16-17,1276.9149
478772-NOZ543-11-01-16-34,1005.0786
478772-NOZ543-11-25-16-42,1100.7832
478772-NOZ543-11-27-16-52,1159.4382
478772-NOZ544-11-27-18-21,1194.5834
478772-NOZ544-11-28-17-17,1078.1301
478772-NOZ545-12-07-17-39,935.7145
478772-NOZ546-11-25-18-20,1019.7832
478772-NOZ549-11-27-19-47,1168.7217
478772-NOZ550-11-27-21-05,1124.1073
478772-NOZ55J-11-15-18-29,1430.4763
478772-NOZ55J-11-21-18-28,1320.4595
478772-NOZ55J-12-06-18-44,1532.2792
478772-NOZ56U-11-14-19-13,1613.4747
478772-NOZ56U-11-16-19-03,1445.7924
478772-NOZ56U-12-07-19-08,1539.9728
478772-NOZ5AY-11-27-10-57,1135.6263
478772-NOZ5AY-11-28-09-20,1020.1661
478772-NOZ5PR-11-18-16-00,1141.6797
478772-NOZ601-11-24-05-35,1098.1616
478772-NOZ602-11-09-07-05,1097.2393
478772-NOZ602-11-16-06-02,1028.6046
478772-NOZ602-12-06-06-05,998.18475
478772-NOZ608-11-24-10-05,1116.299
478772-NOZ608-12-28-10-15,1151.5773
478772-NOZ609-11-09-08-18,1106.219
478772-NOZ609-11-16-07-25,1083.409
478772-NOZ609-12-06-07-23,1043.9987
478772-NOZ611-11-24-08-28,1085.6902
478772-NOZ611-12-28-08-43,1166.3608
478772-NOZ612-11-24-12-43,1214.6014
478772-NOZ617-11-24-11-21,1081.9751
478772-NOZ617-12-28-11-39,1176.2773
478772-NOZ625-11-24-14-02,1121.178
478772-NOZ626-12-27-16-51,1187.6321
478772-NOZ631-12-27-15-23,1180.2241
478772-NOZ638-11-23-20-28,1066.9736
478772-NOZ639-11-06-17-43,1192.1796
478772-NOZ639-12-09-17-32,1173.3483
478772-NOZ639-12-16-21-45,1145.7969
478772-NOZ639-12-30-17-42,1172.8445
478772-NOZ64N-12-23-17-53,1270.7606
478772-NOZ6CF-11-11-08-14,1524.2505
478772-NOZ6TC-11-11-17-22,1690.6838
478772-NOZ6TM-12-19-20-36,1239.7987
478772-NOZ9BH-11-17-15-36,1197.1204
478772-NOZ9BH-12-08-15-49,1156.0416
478772-NOZ9BH-12-19-16-57,1254.6237
478772-NOZ9BH-12-20-15-53,1230.7285
47878c-NOZ132-11-08-13-59,549.3209
47878c-NOZ132-11-11-14-02,449.27002
47878c-NOZ133-11-08-15-00,547.5018
47878c-NOZ133-11-11-15-05,554.14185
47878c-NOZ140-11-22-07-20,569.63086
47878c-NOZ140-11-23-06-59,582.8659
47878c-NOZ141-11-22-08-14,1281.0941
47878c-NOZ141-11-23-07-58,1244.873
47878c-NOZ144-11-22-15-43,562.4399
47878c-NOZ145-11-22-16-41,726.78296
47878c-NOZ194-11-27-18-56,1056.042
47878c-NOZ195-11-27-20-17,994.2857
47878c-NOZ1BG-11-16-06-05,1236.9438
47878c-NOZ1BG-12-14-06-01,1453.2192
47878c-NOZ270-12-27-07-43,912.3162
47878c-NOZ2DC-11-10-05-57,551.0458
47878c-NOZ2DC-12-07-06-11,588.22644
47878c-NOZ2UC-11-27-16-10,1153.9027
47878c-NOZ345-11-01-09-37,1372.5282
47878c-NOZ345-12-28-09-49,1404.8954
47878c-NOZ346-12-27-14-37,1595.0549
47878c-NOZ347-12-27-17-01,1566.6311
47878c-NOZ3JE-11-10-06-57,666.4626
47878c-NOZ3JE-12-07-07-02,522.63745
47878c-NOZ4HF-11-03-06-59,1004.0709
47878c-NOZ4HF-11-14-07-09,1074.9059
47878c-NOZ4HF-12-06-07-23,1043.6664
47878c-NOZ4HF-12-08-07-12,1160.1571
47878c-NOZ4RZ-11-01-07-37,1293.763
47878c-NOZ4RZ-12-28-07-55,1538.1472
47878c-NOZ530-11-15-09-58,994.2396
47878c-NOZ531-11-15-11-10,920.81067
47878c-NOZ534-11-15-12-42,999.7379
47878c-NOZ537-11-15-14-02,1197.86
47878c-NOZ540-11-15-16-04,995.09564
47878c-NOZ540-12-13-16-29,1168.4691
47878c-NOZ545-11-15-17-31,988.3187
47878c-NOZ545-12-13-17-44,1120.198
47878c-NOZ56U-11-15-18-55,1457.4366
47878c-NOZ56U-12-13-19-17,1550.8177
47878c-NOZ601-11-03-05-34,970.97327
47878c-NOZ601-11-14-05-33,1064.7155
47878c-NOZ601-12-06-05-32,949.9619
47878c-NOZ601-12-08-05-59,1086.3608
47878c-NOZ602-11-17-06-04,968.59155
47878c-NOZ605-11-02-06-42,1069.2444
47878c-NOZ605-11-07-06-35,1080.88
47878c-NOZ605-11-09-06-29,1062.6383
47878c-NOZ605-11-11-06-32,1104.1833
47878c-NOZ605-12-12-06-30,1065.1493
47878c-NOZ606-11-02-08-04,1024.6207
47878c-NOZ606-11-07-08-06,1304.3207
47878c-NOZ606-11-09-07-59,1115.4484
47878c-NOZ606-11-11-08-05,1210.6589
47878c-NOZ606-12-12-08-07,983.55457
47878c-NOZ608-11-03-09-47,1097.5579
47878c-NOZ608-11-14-09-46,1139.2888
47878c-NOZ608-12-06-09-43,948.6225
47878c-NOZ608-12-08-09-51,1078.9723
47878c-NOZ609-11-17-07-34,1059.8845
47878c-NOZ611-11-03-08-23,1098.2916
47878c-NOZ611-11-14-08-31,1083.5765
47878c-NOZ611-12-06-08-28,1016.95776
47878c-NOZ611-12-08-08-37,1106.7666
47878c-NOZ612-11-03-12-32,1115.502
47878c-NOZ612-12-06-12-28,1152.3135
47878c-NOZ612-12-08-12-38,1112.5834
47878c-NOZ614-12-11-14-37,1106.1387
47878c-NOZ617-11-03-11-06,1108.3644
47878c-NOZ617-12-06-10-58,1017.7926
47878c-NOZ617-12-08-11-10,1214.736
47878c-NOZ620-11-03-15-24,1206.4938
47878c-NOZ620-12-06-15-30,1028.8485
47878c-NOZ620-12-08-15-31,1081.4021
47878c-NOZ623-12-11-13-06,1057.1923
47878c-NOZ625-11-03-14-02,1239.4056
47878c-NOZ625-12-06-13-50,1075.9417
47878c-NOZ625-12-08-13-58,1157.3282
47878c-NOZ626-11-04-17-02,1179.8331
47878c-NOZ626-11-10-16-54,1259.4164
47878c-NOZ626-12-07-16-46,1025.8551
47878c-NOZ626-12-09-16-55,950.3622
47878c-NOZ631-11-04-15-32,1173.8608
47878c-NOZ631-11-10-15-32,1046.9718
47878c-NOZ631-12-07-15-31,1083.065
47878c-NOZ631-12-09-15-26,1258.2656
47878c-NOZ632-11-03-18-07,1183.242
47878c-NOZ632-12-06-18-17,1089.0878
47878c-NOZ632-12-08-18-11,973.0864
47878c-NOZ637-11-03-16-45,1236.8436
47878c-NOZ637-12-06-16-45,1150.0792
47878c-NOZ637-12-08-16-51,1055.7509
47878c-NOZ638-11-01-20-00,1013.4133
47878c-NOZ638-12-05-20-12,1009.4598
47878c-NOZ639-11-27-17-32,939.1624
47878c-NOZ639-11-30-17-26,1105.5457
47878c-NOZ7C-12-27-08-49,942.62616
47878c-NOZ8GN-11-18-07-11,1119.5057
47878d-NOZ132-11-07-14-02,590.19574
47878d-NOZ132-11-29-13-57,522.095
47878d-NOZ132-12-29-14-04,515.0037
47878d-NOZ133-11-07-14-53,534.5888
47878d-NOZ133-11-29-14-51,535.2385
47878d-NOZ133-12-29-14-58,558.3738
47878d-NOZ181-11-01-06-03,1036.6648
47878d-NOZ181-12-09-06-38,1045.2781
47878d-NOZ182-11-01-07-34,1051.1814
47878d-NOZ182-12-09-08-06,1041.2853
47878d-NOZ183-11-01-08-49,999.293
47878d-NOZ183-12-04-08-06,919.51904
47878d-NOZ183-12-09-09-28,1139.0381
47878d-NOZ183-12-25-10-41,1064.184
47878d-NOZ191-11-23-17-18,1024.1346
47878d-NOZ1BG-11-12-06-04,1371.774
47878d-NOZ1BG-12-06-06-15,1309.7576
47878d-NOZ1TT-11-15-14-39,1008.47974
47878d-NOZ1TT-11-25-14-47,1199.129
47878d-NOZ271-12-07-06-36,939.87
47878d-NOZ272-12-04-15-46,1070.3682
47878d-NOZ275-12-04-17-02,779.6939
47878d-NOZ276-12-18-13-42,929.52313
47878d-NOZ277-12-18-15-30,1053.4025
47878d-NOZ278-12-06-19-16,868.3248
47878d-NOZ2KT-12-06-16-26,1214.7817
47878d-NOZ345-11-15-09-32,1218.0226
47878d-NOZ345-11-28-09-43,1460.5989
47878d-NOZ346-11-09-14-35,1551.1342
47878d-NOZ346-11-14-14-40,1521.4838
47878d-NOZ347-11-09-16-32,1559.496
47878d-NOZ347-11-14-16-37,1442.2888
47878d-NOZ3DB-11-18-18-19,1325.0751
47878d-NOZ3J-11-18-15-26,1291.1768
47878d-NOZ4RZ-11-15-07-36,1377.9276
47878d-NOZ4RZ-11-28-07-46,1487.4601
47878d-NOZ50A-11-08-16-41,1617.7964
47878d-NOZ50A-11-27-16-42,1696.0374
47878d-NOZ50A-12-27-16-50,1430.9745
47878d-NOZ522-11-03-06-02,1125.6147
47878d-NOZ522-11-23-06-34,973.337
47878d-NOZ525-11-03-07-20,1011.3377
47878d-NOZ525-11-23-07-42,1064.1406
47878d-NOZ530-12-06-10-01,1053.9485
47878d-NOZ531-12-06-11-11,1076.4812
47878d-NOZ534-12-06-12-37,1079.8296
47878d-NOZ537-12-06-13-53,1050.8505
47878d-NOZ540-12-02-16-13,1192.9492
47878d-NOZ545-12-02-17-26,1176.512
47878d-NOZ55J-11-08-18-37,1259.9973
47878d-NOZ55J-11-27-18-49,1353.4584
47878d-NOZ55J-12-27-18-42,1420.8114
47878d-NOZ56U-11-11-19-08,1681.7415
47878d-NOZ56U-12-05-18-58,1437.215
47878d-NOZ5PY-11-15-16-03,1185.1783
47878d-NOZ5PY-11-25-16-11,1145.5405
47878d-NOZ602-11-14-06-06,983.9859
47878d-NOZ602-12-20-07-11,1056.4716
47878d-NOZ605-11-17-06-39,1075.7395
47878d-NOZ606-11-17-08-05,1035.2808
47878d-NOZ606-12-28-08-23,1061.6293
47878d-NOZ607-11-08-07-00,1090.6449
47878d-NOZ607-11-18-07-00,1178.481
47878d-NOZ607-11-30-06-58,1146.3342
47878d-NOZ608-11-05-09-10,1146.3728
47878d-NOZ608-11-06-09-44,1040.5585
47878d-NOZ608-12-30-09-52,1055.2378
47878d-NOZ609-11-14-07-27,1036.513
47878d-NOZ609-12-20-08-37,1088.1217
47878d-NOZ611-11-06-08-27,1113.6658
47878d-NOZ611-12-30-08-26,1159.6837
47878d-NOZ612-11-06-12-42,1188.0364
47878d-NOZ612-12-30-12-54,1166.6802
47878d-NOZ617-11-06-11-08,1031.7393
47878d-NOZ617-12-30-11-25,1151.4474
47878d-NOZ620-11-06-15-31,1057.4238
47878d-NOZ620-11-17-15-38,1135.683
47878d-NOZ620-12-30-15-55,1298.8995
47878d-NOZ625-11-06-14-10,989.0038
47878d-NOZ625-11-17-14-06,1144.8326
47878d-NOZ625-12-30-14-18,1095.122
47878d-NOZ628-11-15-17-29,1221.4594
47878d-NOZ628-11-25-17-29,1079.5735
47878d-NOZ632-11-06-18-21,1113.6917
47878d-NOZ632-11-07-19-55,1188.2185
47878d-NOZ632-11-17-18-25,1094.642
47878d-NOZ637-11-06-16-59,1125.8807
47878d-NOZ637-11-07-18-29,991.3231
47878d-NOZ637-11-17-16-57,1200.7034
47878d-NOZ638-11-28-20-07,1140.4454
47878d-NOZ645-11-25-18-49,1064.3872
47878d-NOZ647-11-06-19-40,1066.2736
47878d-NOZ648-11-06-21-05,1066.9469
47878d-NOZ6TM-12-02-19-02,1014.3337
47878d-NOZ6TM-12-08-19-13,1113.1135
47878d-NOZ9BH-11-23-15-55,1192.8768
47878d-NOZ9BH-12-09-16-22,1031.7991
47878d-NOZ9BH-12-21-15-45,1252.8976
4787a0-NOZ140-11-09-07-08,574.5692
4787a0-NOZ141-11-09-08-10,656.48126
4787a0-NOZ142-11-13-12-12,1472.0188
4787a0-NOZ143-11-13-14-38,624.10535
4787a0-NOZ144-11-07-15-51,591.7356
4787a0-NOZ144-11-09-15-50,561.4679
4787a0-NOZ145-11-07-16-47,656.32587
4787a0-NOZ145-11-09-16-44,1254.302
4787a0-NOZ181-12-17-10-02,1086.4343
4787a0-NOZ182-12-17-08-30,1205.427
4787a0-NOZ191-12-27-17-29,1139.9008
4787a0-NOZ1BG-11-29-05-59,1270.8732
4787a0-NOZ1BG-12-03-06-00,1444.6711
4787a0-NOZ1BG-12-20-06-08,1601.6866
4787a0-NOZ1TT-12-08-14-35,1084.8422
4787a0-NOZ270-11-17-07-28,921.179
4787a0-NOZ270-11-24-07-44,981.2321
4787a0-NOZ270-12-28-08-05,1004.4906
4787a0-NOZ271-11-17-06-10,920.1352
4787a0-NOZ271-11-24-06-09,960.4393
4787a0-NOZ271-11-26-07-34,801.8079
4787a0-NOZ271-12-14-06-28,858.46405
4787a0-NOZ276-12-05-16-52,1079.5284
4787a0-NOZ276-12-15-16-31,824.81506
4787a0-NOZ277-12-05-18-09,894.7901
4787a0-NOZ277-12-15-17-53,987.3852
4787a0-NOZ278-11-16-18-57,982.23816
4787a0-NOZ278-11-23-19-29,1136.4756
4787a0-NOZ278-11-25-18-59,1082.3997
4787a0-NOZ278-12-13-19-06,916.4839
4787a0-NOZ2DC-11-30-05-59,575.88947
4787a0-NOZ2DC-12-09-05-56,532.8089
4787a0-NOZ2GH-12-11-15-03,1123.256
4787a0-NOZ2UC-11-01-16-05,1086.9164
4787a0-NOZ345-12-31-11-23,1626.2172
4787a0-NOZ346-11-11-14-35,1658.4049
4787a0-NOZ346-12-29-16-30,1416.4121
4787a0-NOZ347-11-11-16-35,1572.2747
4787a0-NOZ347-12-29-21-05,1496.9076
4787a0-NOZ3JE-11-30-06-51,629.00183
4787a0-NOZ3JE-12-09-07-05,543.5767
4787a0-NOZ4RZ-12-31-09-26,1448.9
4787a0-NOZ50A-12-21-17-11,1498.2836
4787a0-NOZ530-12-13-10-07,829.85724
4787a0-NOZ531-12-13-11-17,904.7576
4787a0-NOZ534-12-13-12-54,998.7154
4787a0-NOZ537-12-13-14-17,858.54346
4787a0-NOZ538-11-03-15-25,1239.6237
4787a0-NOZ538-12-26-15-59,1118.8666
4787a0-NOZ538-12-28-15-34,1023.14136
4787a0-NOZ543-11-03-16-54,1183.5765
4787a0-NOZ543-12-26-17-12,1123.3538
4787a0-NOZ546-11-03-18-19,1235.8524
4787a0-NOZ546-12-28-18-39,1053.848
4787a0-NOZ549-11-03-19-32,952.0221
4787a0-NOZ549-12-28-19-47,1162.4613
4787a0-NOZ55J-12-21-19-15,1581.2123
4787a0-NOZ56U-11-28-18-54,1597.0422
4787a0-NOZ56U-12-02-19-10,1613.6152
4787a0-NOZ56U-12-19-20-06,1608.5381
4787a0-NOZ607-12-01-07-02,1012.72516
4787a0-NOZ607-12-12-07-06,1043.3967
4787a0-NOZ608-12-10-08-59,963.61084
4787a0-NOZ609-12-10-07-36,1096.1888
4787a0-NOZ624-12-11-16-33,1009.8333
4787a0-NOZ626-11-30-16-41,1001.9123
4787a0-NOZ628-12-08-17-41,1068.3682
4787a0-NOZ631-11-30-15-21,1032.3304
4787a0-NOZ638-11-29-20-03,1071.4188
4787a0-NOZ638-12-08-20-23,955.44604
4787a0-NOZ639-11-01-17-20,1023.5369
4787a0-NOZ639-11-24-17-28,1046.5221
4787a0-NOZ645-12-08-18-57,1127.3594
4787a0-NOZ7C-11-17-08-46,873.6486
4787a0-NOZ7C-11-24-08-55,946.5797
4787a0-NOZ7C-12-28-09-40,942.55786
4787a0-NOZ93E-11-16-17-29,1195.8079
4787b3-NOZ132-12-01-14-05,487.99042
4787b3-NOZ132-12-06-14-06,558.30524
4787b3-NOZ133-12-01-14-56,536.27954
4787b3-NOZ133-12-06-14-53,523.958
4787b3-NOZ144-12-29-15-16,588.79535
4787b3-NOZ145-12-29-16-12,1181.1013
4787b3-NOZ1BG-12-13-06-01,1399.2853
4787b3-NOZ1TT-12-05-14-43,1114.8309
4787b3-NOZ270-12-05-07-25,896.13763
4787b3-NOZ271-12-05-06-06,908.39264
4787b3-NOZ2DC-11-29-06-06,462.1358
4787b3-NOZ2DC-12-01-06-03,557.9433
4787b3-NOZ345-11-14-10-01,1492.5994
4787b3-NOZ345-11-19-11-22,1459.3229
4787b3-NOZ345-11-22-09-34,1365.768
4787b3-NOZ346-11-21-14-40,1678.2268
4787b3-NOZ347-11-21-16-38,1571.2733
4787b3-NOZ3JE-11-29-07-01,588.2512
4787b3-NOZ3JE-12-01-06-59,589.9796
4787b3-NOZ3VG-12-05-16-06,1002.8328
4787b3-NOZ4HF-11-28-07-04,1009.1102
4787b3-NOZ4HF-12-07-07-00,1091.7302
4787b3-NOZ4RZ-11-14-07-35,1613.6298
4787b3-NOZ4RZ-11-19-09-22,1469.1217
4787b3-NOZ4RZ-11-22-07-50,1632.8972
4787b3-NOZ50A-11-13-16-35,1579.1222
4787b3-NOZ50A-11-17-16-51,1579.1383
4787b3-NOZ521-11-11-05-30,1087.3992
4787b3-NOZ523-11-07-06-31,908.6747
4787b3-NOZ524-11-11-07-03,896.2484
4787b3-NOZ525-11-13-11-38,1258.431
4787b3-NOZ526-11-07-07-57,993.3976
4787b3-NOZ530-11-06-09-36,1117.4551
4787b3-NOZ531-11-06-08-11,1231.0663
4787b3-NOZ532-11-06-12-21,1253.2216
4787b3-NOZ532-11-07-11-01,1051.9512
4787b3-NOZ532-12-09-11-16,1265.1194
4787b3-NOZ534-11-13-13-21,1145.9836
4787b3-NOZ535-11-06-13-38,1247.6948
4787b3-NOZ535-11-07-12-30,956.66815
4787b3-NOZ535-12-09-12-51,1252.5929
4787b3-NOZ535-12-27-13-02,1141.9822
4787b3-NOZ536-11-07-14-18,933.8181
4787b3-NOZ536-12-09-14-27,1251.8254
4787b3-NOZ536-12-27-14-39,1083.6418
4787b3-NOZ537-11-13-14-43,1282.9413
4787b3-NOZ538-11-04-15-41,1267.795
4787b3-NOZ538-11-06-15-06,1165.1633
4787b3-NOZ541-11-07-15-45,1107.1431
4787b3-NOZ541-12-09-15-54,1179.891
4787b3-NOZ541-12-27-15-56,966.7203
4787b3-NOZ543-11-04-17-13,1229.7156
4787b3-NOZ543-11-06-16-42,1212.6888
4787b3-NOZ544-11-06-18-14,1150.1512
4787b3-NOZ544-11-07-17-09,1160.4608
4787b3-NOZ546-11-04-18-45,1229.326
4787b3-NOZ549-11-06-19-36,1265.0712
4787b3-NOZ550-11-06-21-03,1177.4703
4787b3-NOZ55J-11-13-18-43,1635.187
4787b3-NOZ55J-11-17-18-44,1447.8575
4787b3-NOZ56U-12-12-19-29,1640.3394
4787b3-NOZ5AY-11-06-10-49,1229.115
4787b3-NOZ5AY-11-07-09-16,1038.458
4787b3-NOZ601-11-23-05-33,957.4319
4787b3-NOZ601-11-28-05-29,1109.2129
4787b3-NOZ601-12-07-05-39,983.6969
4787b3-NOZ602-11-01-06-05,1080.0051
4787b3-NOZ602-11-21-06-04,1154.031
4787b3-NOZ605-11-24-06-37,1100.42
4787b3-NOZ605-11-30-06-30,1114.9214
4787b3-NOZ606-11-24-08-26,1017.54846
4787b3-NOZ606-11-30-08-03,1068.6493
4787b3-NOZ607-12-02-07-06,1006.5107
4787b3-NOZ607-12-08-07-20,1035.0282
4787b3-NOZ608-11-23-10-57,1179.4948
4787b3-NOZ608-11-28-09-47,1125.3029
4787b3-NOZ608-12-07-09-42,890.02563
4787b3-NOZ609-11-01-07-26,1013.47534
4787b3-NOZ609-11-21-07-26,1135.5776
4787b3-NOZ611-11-23-08-34,967.6734
4787b3-NOZ611-11-28-08-19,1069.6919
4787b3-NOZ611-12-07-08-18,1068.5721
4787b3-NOZ612-11-23-13-36,1111.321
4787b3-NOZ612-11-28-12-22,1000.04834
4787b3-NOZ612-12-03-12-33,1210.0219
4787b3-NOZ612-12-07-12-24,1093.7616
4787b3-NOZ617-11-23-12-07,1177.3738
4787b3-NOZ617-11-28-11-03,1111.2242
4787b3-NOZ617-12-07-10-58,1145.4056
4787b3-NOZ620-11-27-16-12,1166.1451
4787b3-NOZ620-11-28-15-21,1119.3667
4787b3-NOZ620-12-07-15-52,1095.4614
4787b3-NOZ625-11-27-14-32,1120.3505
4787b3-NOZ625-11-28-14-01,1014.2993
4787b3-NOZ625-12-03-14-02,1163.3578
4787b3-NOZ625-12-07-14-04,1097.1115
4787b3-NOZ626-11-23-17-40,1132.5698
4787b3-NOZ626-11-24-17-03,1055.4177
4787b3-NOZ626-11-25-16-58,1183.6936
4787b3-NOZ628-12-05-17-29,1036.9651
4787b3-NOZ631-11-23-15-28,916.9068
4787b3-NOZ631-11-24-15-21,1024.6693
4787b3-NOZ631-11-25-15-41,1069.5116
4787b3-NOZ632-11-27-18-52,911.2853
4787b3-NOZ632-11-28-18-10,1289.0382
4787b3-NOZ637-11-27-17-31,961.05304
4787b3-NOZ637-11-28-16-39,980.75397
4787b3-NOZ637-12-07-16-55,1045.3325
4787b3-NOZ638-11-22-20-25,1251.8221
4787b3-NOZ647-11-27-20-17,846.40765
4787b3-NOZ648-11-27-21-37,948.8493
4787b3-NOZ6TM-12-21-19-56,1306.91
4787b3-NOZ7C-12-05-08-41,921.32935
4787b3-NOZ8C-12-04-21-08,1106.8475
4787b3-NOZ9BH-12-04-12-17,1131.9231
4791ac-NOZ132-11-17-14-04,526.23663
4791ac-NOZ133-11-17-15-09,518.96985
4791ac-NOZ140-11-10-07-06,1279.9271
4791ac-NOZ140-11-11-07-13,556.41626
4791ac-NOZ141-11-10-08-06,542.2773
4791ac-NOZ141-11-11-08-08,527.52167
4791ac-NOZ144-11-24-15-12,580.5907
4791ac-NOZ145-11-24-16-08,611.76276
4791ac-NOZ183-11-20-07-53,922.3685
4791ac-NOZ191-11-16-17-08,1065.3662
4791ac-NOZ1BG-11-08-06-25,1365.4949
4791ac-NOZ1TT-11-27-14-34,1053.0829
4791ac-NOZ1TT-11-29-14-36,940.19495
4791ac-NOZ270-11-18-07-22,1027.6543
4791ac-NOZ270-11-22-09-01,1002.71643
4791ac-NOZ271-11-22-07-54,1030.1653
4791ac-NOZ272-11-20-15-39,959.3295
4791ac-NOZ275-11-20-16-48,905.80585
4791ac-NOZ278-11-21-19-01,917.43604
4791ac-NOZ2BE-11-13-12-33,1563.8469
4791ac-NOZ2KT-12-23-16-32,1138.7745
4791ac-NOZ2UC-12-12-16-22,973.1696
4791ac-NOZ345-11-13-10-22,1290.9502
4791ac-NOZ345-11-23-09-57,1350.0641
4791ac-NOZ345-12-09-10-04,1451.2471
4791ac-NOZ346-11-22-14-28,1278.3569
4791ac-NOZ347-11-22-16-32,1607.469
4791ac-NOZ357-12-23-23-01,1257.4116
4791ac-NOZ4RZ-11-13-08-17,1527.3489
4791ac-NOZ4RZ-11-23-08-25,1194.2185
4791ac-NOZ4RZ-12-09-07-50,1408.7358
4791ac-NOZ50A-12-09-17-14,1586.1488
4791ac-NOZ50A-12-19-17-19,1516.7731
4791ac-NOZ521-11-02-05-28,1062.4825
4791ac-NOZ521-11-03-05-26,1080.1494
4791ac-NOZ522-11-15-06-01,932.35864
4791ac-NOZ522-12-15-06-32,1087.633
4791ac-NOZ522-12-22-06-16,1145.6517
4791ac-NOZ523-11-04-06-31,1202.4481
4791ac-NOZ523-11-06-06-30,1006.811
4791ac-NOZ524-11-02-07-11,971.94507
4791ac-NOZ524-11-03-07-01,1183.4214
4791ac-NOZ525-11-15-07-18,951.6634
4791ac-NOZ525-12-15-07-45,1195.4106
4791ac-NOZ525-12-22-07-30,1022.5726
4791ac-NOZ526-11-04-08-04,1085.3917
4791ac-NOZ530-11-01-09-55,838.4553
4791ac-NOZ532-11-04-11-06,1243.9241
4791ac-NOZ535-11-04-12-52,1215.4203
4791ac-NOZ536-11-04-14-25,1130.4596
4791ac-NOZ538-11-30-15-21,900.73334
4791ac-NOZ540-11-18-16-19,1008.4748
4791ac-NOZ540-11-21-16-10,939.81683
4791ac-NOZ541-11-04-16-15,1214.8169
4791ac-NOZ543-11-30-16-41,973.10706
4791ac-NOZ544-11-04-17-41,1150.3113
4791ac-NOZ545-11-18-17-31,1088.5546
4791ac-NOZ545-11-21-17-25,995.553
4791ac-NOZ546-11-30-18-18,927.66455
4791ac-NOZ549-11-30-19-31,916.011
4791ac-NOZ55J-12-09-19-07,1545.5265
4791ac-NOZ55J-12-19-19-51,1575.793
4791ac-NOZ56U-11-07-18-54,1499.2404
4791ac-NOZ56U-12-23-20-48,1571.3807
4791ac-NOZ5AY-11-04-09-20,1171.8867
4791ac-NOZ5PY-11-27-16-06,1098.2583
4791ac-NOZ5PY-11-29-16-07,922.76776
4791ac-NOZ601-11-18-05-40,1058.5464
4791ac-NOZ612-11-17-12-44,1166.8536
4791ac-NOZ628-11-27-17-29,1008.87897
4791ac-NOZ628-11-29-17-28,981.83136
4791ac-NOZ628-12-29-18-14,1276.3308
4791ac-NOZ634-12-04-20-31,1026.9381
4791ac-NOZ639-12-12-17-36,1105.5192
4791ac-NOZ645-11-27-18-49,1116.6454
4791ac-NOZ645-11-29-18-46,939.4619
4791ac-NOZ645-12-05-18-55,935.7663
4791ac-NOZ645-12-29-19-35,1076.5238
4791ac-NOZ6TC-11-13-17-17,1515.3475
4791ac-NOZ6TM-11-18-19-02,1057.2517
4791ac-NOZ7C-11-18-08-40,841.4794
4791ac-NOZ7C-11-22-10-37,903.89105
4791ac-NOZ9BH-11-16-15-40,1035.1295
4791dd-NOZ140-11-03-07-11,520.4294
4791dd-NOZ141-11-03-08-10,576.45734
4791dd-NOZ142-11-06-13-41,601.92847
4791dd-NOZ143-11-06-14-34,596.80963
4791dd-NOZ144-11-04-15-48,698.5024
4791dd-NOZ145-11-04-16-48,582.14905
4791dd-NOZ181-11-21-06-12,1164.8816
4791dd-NOZ181-11-22-06-03,1008.87823
4791dd-NOZ182-11-09-07-35,1072.4437
4791dd-NOZ182-11-21-07-36,1050.1876
4791dd-NOZ182-11-22-07-50,1046.3945
4791dd-NOZ183-11-21-08-51,1119.7312
4791dd-NOZ183-11-22-08-58,990.13635
4791dd-NOZ183-12-27-09-37,1128.5424
4791dd-NOZ191-11-24-17-10,1117.0409
4791dd-NOZ191-12-06-17-02,1007.0305
4791dd-NOZ1BG-11-24-06-09,1442.3102
4791dd-NOZ1TT-11-10-14-34,1166.8282
4791dd-NOZ1TT-11-11-14-36,1197.6158
4791dd-NOZ1TT-11-28-14-34,1131.073
4791dd-NOZ1TT-12-01-14-47,1071.701
4791dd-NOZ270-11-10-07-30,838.04614
4791dd-NOZ270-11-15-07-27,965.5049
4791dd-NOZ270-11-28-07-30,943.21954
4791dd-NOZ270-12-01-07-28,976.57587
4791dd-NOZ271-11-10-06-07,1092.6835
4791dd-NOZ271-11-15-06-01,907.0259
4791dd-NOZ271-11-19-08-07,921.2077
4791dd-NOZ271-11-28-06-06,957.13385
4791dd-NOZ271-12-01-06-10,907.6234
4791dd-NOZ271-12-22-06-11,962.25696
4791dd-NOZ276-11-08-15-55,1042.5503
4791dd-NOZ276-12-11-13-44,1016.1565
4791dd-NOZ277-11-08-17-21,910.97107
4791dd-NOZ277-12-11-14-56,914.23535
4791dd-NOZ278-11-09-18-57,914.42786
4791dd-NOZ278-11-14-18-58,890.2042
4791dd-NOZ278-11-18-19-20,1139.4451
4791dd-NOZ278-11-30-18-57,897.0993
4791dd-NOZ278-12-21-20-03,1037.8987
4791dd-NOZ2DC-12-05-06-14,595.7096
4791dd-NOZ345-11-16-09-30,1252.7301
4791dd-NOZ345-11-17-11-53,1401.1743
4791dd-NOZ345-12-13-09-38,1498.2556
4791dd-NOZ345-12-22-09-54,1601.5148
4791dd-NOZ346-11-15-14-34,1498.0878
4791dd-NOZ347-11-15-16-31,1492.3077
4791dd-NOZ3JE-12-05-07-01,604.53217
4791dd-NOZ4RZ-11-16-07-34,1250.891
4791dd-NOZ4RZ-11-17-07-49,1450.042
4791dd-NOZ4RZ-12-13-07-42,1381.0505
4791dd-NOZ4RZ-12-22-07-46,1524.968
4791dd-NOZ50A-12-30-17-20,1517.3735
4791dd-NOZ530-11-24-10-05,1242.8867
4791dd-NOZ531-11-24-11-21,1066.6024
4791dd-NOZ534-11-24-12-46,1148.658
4791dd-NOZ536-11-13-14-15,1153.946
4791dd-NOZ537-11-24-14-02,1080.2916
4791dd-NOZ540-11-14-16-05,847.8152
4791dd-NOZ541-11-13-15-42,1255.8356
4791dd-NOZ545-11-14-17-19,884.34094
4791dd-NOZ55J-12-30-19-49,1584.9154
4791dd-NOZ56U-11-23-20-32,1529.5707
4791dd-NOZ5PY-11-10-16-05,1144.9672
4791dd-NOZ5PY-11-11-16-09,1099.939
4791dd-NOZ5PY-11-28-16-02,1061.388
4791dd-NOZ5PY-12-01-16-04,1061.0255
4791dd-NOZ607-12-06-07-12,1101.7407
4791dd-NOZ608-12-04-09-59,1176.0975
4791dd-NOZ611-12-04-08-38,1004.1328
4791dd-NOZ612-12-04-12-46,1142.1376
4791dd-NOZ617-12-04-11-11,1118.3654
4791dd-NOZ620-12-04-15-35,1136.5538
4791dd-NOZ625-12-04-14-16,1095.8381
4791dd-NOZ626-12-02-17-01,1038.4868
4791dd-NOZ626-12-05-16-46,1018.98267
4791dd-NOZ628-11-10-17-30,1228.5477
4791dd-NOZ628-11-11-17-30,1120.9457
4791dd-NOZ628-11-28-17-28,1039.9479
4791dd-NOZ631-12-02-15-27,1140.6329
4791dd-NOZ631-12-05-15-21,962.47253
4791dd-NOZ632-12-04-18-14,1114.957
4791dd-NOZ637-12-04-16-50,1100.8347
4791dd-NOZ638-12-01-20-15,1079.1539
4791dd-NOZ645-11-10-18-57,1215.736
4791dd-NOZ645-11-11-18-53,1134.3607
4791dd-NOZ645-11-28-18-42,1185.6904
4791dd-NOZ647-12-04-19-27,1134.6418
4791dd-NOZ648-12-04-21-03,989.16724
4791dd-NOZ6TM-11-08-18-48,1249.3898
4791dd-NOZ6TM-11-20-20-20,1138.7306
4791dd-NOZ6TM-11-21-18-46,1080.1356
4791dd-NOZ7C-11-10-08-39,1108.8646
4791dd-NOZ7C-11-15-08-35,927.13446
4791dd-NOZ7C-11-28-08-42,988.7001
4791dd-NOZ7C-12-01-08-38,814.4996
4791dd-NOZ8C-11-27-20-58,1040.4725
4791dd-NOZ9BH-11-21-15-58,1043.9465
4791dd-NOZ9BH-11-24-15-51,1178.0321
4791dd-NOZ9BH-11-27-12-25,1107.3906
47921c-NOZ132-11-04-14-08,566.667
47921c-NOZ133-11-04-16-06,606.75415
47921c-NOZ140-12-13-11-57,562.3466
47921c-NOZ140-12-14-07-25,578.65234
47921c-NOZ141-12-13-13-10,733.5517
47921c-NOZ141-12-14-08-19,688.2987
47921c-NOZ144-11-23-16-00,556.73505
47921c-NOZ144-11-25-15-50,575.4778
47921c-NOZ144-11-28-15-40,671.06537
47921c-NOZ144-12-14-15-47,560.90375
47921c-NOZ145-11-23-17-00,585.47394
47921c-NOZ145-11-25-16-44,1309.4974
47921c-NOZ1BG-11-18-06-08,1526.0526
47921c-NOZ1TT-11-03-14-38,1215.6746
47921c-NOZ345-12-08-09-39,1544.3252
47921c-NOZ345-12-26-10-26,1560.3577
47921c-NOZ346-11-20-14-43,1522.323
47921c-NOZ346-12-22-15-46,1596.7467
47921c-NOZ347-11-20-16-44,1341.537
47921c-NOZ347-12-22-17-51,1650.0752
47921c-NOZ44A-12-31-08-07,1103.864
47921c-NOZ4HF-11-17-07-02,1140.6871
47921c-NOZ4RZ-12-08-07-38,1458.8197
47921c-NOZ4RZ-12-26-08-36,1466.3607
47921c-NOZ50A-11-10-16-42,1534.9924
47921c-NOZ50A-12-20-17-27,1597.23
47921c-NOZ50A-12-28-18-12,1369.5109
47921c-NOZ521-11-14-05-33,1033.8295
47921c-NOZ523-11-09-06-25,1101.2539
47921c-NOZ523-11-15-06-24,1030.471
47921c-NOZ523-11-16-06-37,1055.6418
47921c-NOZ524-11-14-06-56,896.76886
47921c-NOZ526-11-09-07-54,1119.29
47921c-NOZ526-11-15-08-01,1023.02405
47921c-NOZ526-11-16-07-59,1074.1986
47921c-NOZ530-11-13-09-27,1211.5731
47921c-NOZ531-11-13-07-54,1168.2065
47921c-NOZ532-11-09-11-03,972.14716
47921c-NOZ532-11-13-12-39,1207.8129
47921c-NOZ532-11-15-11-03,1012.22687
47921c-NOZ532-11-16-10-59,1019.7134
47921c-NOZ535-11-09-12-29,968.9809
47921c-NOZ535-11-13-13-57,1245.4484
47921c-NOZ535-11-15-12-29,873.92096
47921c-NOZ535-11-16-12-36,1099.9038
47921c-NOZ536-11-09-14-14,910.1224
47921c-NOZ536-11-15-14-20,974.10925
47921c-NOZ538-11-11-15-33,1084.4619
47921c-NOZ538-11-13-15-22,1206.7296
47921c-NOZ541-11-09-15-39,986.58563
47921c-NOZ541-11-15-15-45,1063.5273
47921c-NOZ543-11-11-16-55,1188.1213
47921c-NOZ543-11-13-16-49,1184.8741
47921c-NOZ544-11-09-17-09,1044.0867
47921c-NOZ544-11-15-17-11,1246.7765
47921c-NOZ546-11-11-18-17,1228.212
47921c-NOZ547-11-09-18-25,880.6478
47921c-NOZ547-11-15-18-31,1021.38464
47921c-NOZ549-11-13-19-34,1227.8556
47921c-NOZ550-11-08-19-59,1153.0881
47921c-NOZ550-11-13-21-02,1083.705
47921c-NOZ550-11-15-19-54,1065.4462
47921c-NOZ55J-11-10-18-45,1219.0724
47921c-NOZ55J-12-20-19-28,1609.6265
47921c-NOZ55J-12-28-20-30,1527.4686
47921c-NOZ56U-11-17-19-00,1545.1149
47921c-NOZ5AY-11-09-09-19,995.11066
47921c-NOZ5AY-11-13-11-05,1188.165
47921c-NOZ5AY-11-15-09-19,1133.5428
47921c-NOZ5AY-11-16-09-18,1009.36163
47921c-NOZ5PY-11-03-16-03,1144.3217
47921c-NOZ601-11-17-05-32,856.25244
47921c-NOZ602-12-19-06-20,950.78235
47921c-NOZ602-12-21-06-37,1119.1575
47921c-NOZ605-11-04-06-52,1161.4728
47921c-NOZ606-11-04-08-16,945.02704
47921c-NOZ608-11-17-09-51,975.6144
47921c-NOZ609-11-05-07-39,1068.463
47921c-NOZ609-12-19-07-41,1133.2142
47921c-NOZ609-12-21-08-01,1113.9141
47921c-NOZ611-11-17-08-25,1121.2446
47921c-NOZ628-11-03-17-31,1084.3539
47921c-NOZ638-11-03-20-11,1169.5486
47921c-NOZ638-11-16-20-09,1133.7802
47921c-NOZ639-12-08-18-48,1086.7062
47921c-NOZ645-11-03-18-48,1107.2855
47921c-NOZ64N-12-15-17-01,1260.6812
479227-NOZ132-11-15-14-05,522.99927
479227-NOZ132-11-21-14-05,554.50854
479227-NOZ133-11-15-15-05,483.40778
479227-NOZ133-11-21-14-52,469.69156
479227-NOZ140-11-15-07-16,537.5039
479227-NOZ141-11-15-08-09,573.4171
479227-NOZ1BG-11-01-06-04,1368.722
479227-NOZ1BG-11-19-06-02,1242.6934
479227-NOZ1BG-12-22-06-09,1376.2181
479227-NOZ1TT-11-02-14-31,1030.115
479227-NOZ1TT-11-20-14-38,1047.9764
479227-NOZ1TT-12-14-14-43,999.75415
479227-NOZ1TT-12-22-15-40,1087.4159
479227-NOZ1TT-12-29-15-47,1039.203
479227-NOZ2FV-12-17-15-43,1042.8728
479227-NOZ2UC-11-10-16-09,1170.0992
479227-NOZ345-11-11-09-55,1675.1757
479227-NOZ346-11-03-14-35,1587.0688
479227-NOZ346-11-07-14-45,1596.1593
479227-NOZ347-11-03-16-36,1443.965
479227-NOZ347-11-07-16-42,1497.2528
479227-NOZ3J-11-17-15-46,1187.9052
479227-NOZ3LH-12-15-20-00,821.6287
479227-NOZ3TV-12-17-17-11,1264.5444
479227-NOZ3VG-12-22-17-14,1144.1324
479227-NOZ3VG-12-29-17-13,1126.366
479227-NOZ47Y-11-16-19-32,1027.1223
479227-NOZ4HF-11-16-07-12,988.4313
479227-NOZ4RZ-11-11-07-48,1340.482
479227-NOZ50A-11-11-16-37,1545.8271
479227-NOZ50A-12-07-16-47,1343.7534
479227-NOZ522-11-09-05-57,849.4944
479227-NOZ522-12-06-06-20,839.4525
479227-NOZ525-11-09-07-17,1125.3513
479227-NOZ525-12-06-07-40,1111.6072
479227-NOZ532-12-24-10-47,1052.1886
479227-NOZ534-12-21-12-43,1004.49396
479227-NOZ537-12-21-14-04,921.6187
479227-NOZ538-12-12-15-53,981.446
479227-NOZ538-12-20-15-34,1319.772
479227-NOZ540-11-13-16-18,892.2047
479227-NOZ540-11-23-17-01,970.4329
479227-NOZ540-12-21-16-24,1043.049
479227-NOZ543-12-12-17-09,1041.6147
479227-NOZ543-12-20-16-53,1183.35
479227-NOZ545-11-13-17-36,1137.9329
479227-NOZ545-11-23-18-23,933.8163
479227-NOZ545-12-21-17-48,1219.8801
479227-NOZ546-11-13-19-03,882.1846
479227-NOZ546-12-12-18-25,1033.6686
479227-NOZ549-12-12-19-35,1038.0544
479227-NOZ555-11-13-20-28,1105.3911
479227-NOZ55J-11-11-18-36,1476.4182
479227-NOZ55J-12-07-18-38,1405.7361
479227-NOZ56U-11-18-19-10,1537.951
479227-NOZ56U-12-21-20-16,1639.7278
479227-NOZ5PY-11-02-16-08,999.9904
479227-NOZ5PY-11-20-16-02,1155.559
479227-NOZ602-11-02-06-02,987.35223
479227-NOZ602-11-07-06-01,958.54877
479227-NOZ602-12-08-06-14,961.98303
479227-NOZ602-12-13-08-23,1085.6367
479227-NOZ602-12-14-06-13,963.8839
479227-NOZ605-11-22-06-33,998.13605
479227-NOZ606-11-22-08-25,949.64417
479227-NOZ607-12-16-07-24,899.6464
479227-NOZ607-12-23-07-17,1105.3921
479227-NOZ608-11-16-09-42,1004.7537
479227-NOZ609-11-02-07-39,1162.292
479227-NOZ609-11-07-07-29,1006.5315
479227-NOZ609-12-08-07-33,1098.2257
479227-NOZ609-12-13-12-55,1114.6542
479227-NOZ609-12-14-07-56,1023.33136
479227-NOZ611-11-16-08-25,1042.5273
479227-NOZ612-11-16-12-30,985.7005
479227-NOZ612-11-26-12-31,1050.0724
479227-NOZ612-12-17-12-50,1099.157
479227-NOZ617-11-16-11-06,1018.07477
479227-NOZ620-11-16-15-35,1078.6984
479227-NOZ625-11-16-14-09,1172.641
479227-NOZ625-11-26-13-57,1050.765
479227-NOZ625-12-17-14-07,1148.8197
479227-NOZ628-11-02-17-29,1043.2556
479227-NOZ628-11-20-17-35,1107.1198
479227-NOZ628-12-14-17-29,1049.4448
479227-NOZ628-12-22-18-53,1128.9817
479227-NOZ637-11-16-16-47,1121.9579
479227-NOZ638-11-20-20-41,1000.88055
479227-NOZ638-12-22-21-57,1053.793
479227-NOZ639-11-10-17-35,1122.8547
479227-NOZ645-11-02-18-46,955.1522
479227-NOZ645-11-15-19-05,1152.3989
479227-NOZ645-11-20-18-52,1115.9326
479227-NOZ645-12-14-18-48,1043.9291
479227-NOZ645-12-22-20-20,1085.768
479227-NOZ6CF-11-19-08-28,1624.9585
479227-NOZ8GN-11-17-07-09,1151.6111
479227-NOZ8ME-11-16-18-20,1181.3337
4792a6-NOZ132-11-14-14-05,527.6132
4792a6-NOZ133-11-14-15-26,585.18506
4792a6-NOZ140-11-30-07-02,532.2653
4792a6-NOZ140-12-01-06-59,1154.4507
4792a6-NOZ141-11-30-07-54,1266.4164
4792a6-NOZ141-12-01-08-00,607.289
4792a6-NOZ144-11-15-15-42,510.62247
4792a6-NOZ144-11-30-15-44,570.742
4792a6-NOZ145-11-15-16-38,1195.9296
4792a6-NOZ145-11-30-16-48,1161.465
4792a6-NOZ164-11-11-06-09,1239.5354
4792a6-NOZ191-11-06-13-41,1085.302
4792a6-NOZ191-12-18-14-40,1107.2268
4792a6-NOZ1BG-11-04-06-09,1583.5826
4792a6-NOZ1KD-11-16-14-04,1119.0159
4792a6-NOZ1TD-11-10-21-10,785.4586
4792a6-NOZ1TT-11-07-14-32,1114.1997
4792a6-NOZ1TT-12-19-14-56,1211.7788
4792a6-NOZ270-11-02-07-22,882.2682
4792a6-NOZ270-11-07-07-25,892.9802
4792a6-NOZ270-12-06-08-42,960.6263
4792a6-NOZ270-12-29-08-19,977.6107
4792a6-NOZ271-11-07-06-08,890.6878
4792a6-NOZ271-12-06-06-41,797.19495
4792a6-NOZ271-12-19-06-26,901.7898
4792a6-NOZ278-12-05-18-55,905.9987
4792a6-NOZ2DC-11-17-06-03,517.8469
4792a6-NOZ2DC-11-18-05-59,524.55206
4792a6-NOZ2GH-11-20-15-01,1051.4731
4792a6-NOZ345-11-25-09-42,1576.3381
4792a6-NOZ346-11-02-14-34,1402.4554
4792a6-NOZ346-11-04-14-36,1449.4764
4792a6-NOZ346-12-15-14-47,1621.0612
4792a6-NOZ346-12-16-16-20,1621.9347
4792a6-NOZ346-12-30-14-46,1550.2588
4792a6-NOZ347-11-02-16-31,1452.9393
4792a6-NOZ347-11-04-16-29,1525.6328
4792a6-NOZ347-12-15-16-45,1457.6505
4792a6-NOZ347-12-16-19-04,1678.4498
4792a6-NOZ347-12-30-17-50,1601.6042
4792a6-NOZ3JE-11-17-07-00,526.7307
4792a6-NOZ3JE-11-18-07-00,451.95642
4792a6-NOZ3VG-12-19-16-17,1154.3171
4792a6-NOZ4RZ-11-25-07-39,1552.3018
4792a6-NOZ50A-11-25-16-42,1529.1748
4792a6-NOZ522-12-08-06-12,1093.1903
4792a6-NOZ522-12-20-06-35,1010.02576
4792a6-NOZ525-12-08-08-03,1188.2001
4792a6-NOZ525-12-20-07-45,1125.4523
4792a6-NOZ526-11-10-08-19,967.7055
4792a6-NOZ530-11-08-09-45,927.1456
4792a6-NOZ530-11-23-10-59,943.8019
4792a6-NOZ531-11-08-11-06,1020.2557
4792a6-NOZ531-11-23-12-10,946.5861
4792a6-NOZ532-11-10-10-59,933.6776
4792a6-NOZ532-12-13-11-00,898.0747
4792a6-NOZ534-11-08-12-37,865.36096
4792a6-NOZ534-11-23-13-43,995.957
4792a6-NOZ535-11-10-12-28,1109.3232
4792a6-NOZ535-12-13-12-42,893.4082
4792a6-NOZ536-11-10-14-19,1018.0511
4792a6-NOZ536-11-27-14-21,1053.0377
4792a6-NOZ536-12-13-14-18,876.139
4792a6-NOZ537-11-08-13-56,1120.664
4792a6-NOZ537-11-23-15-08,1136.6875
4792a6-NOZ538-12-06-15-31,931.33624
4792a6-NOZ538-12-07-15-32,972.87634
4792a6-NOZ540-12-05-16-12,898.18604
4792a6-NOZ541-11-10-15-43,1200.8446
4792a6-NOZ541-11-27-15-44,1151.1434
4792a6-NOZ541-12-13-15-43,858.987
4792a6-NOZ543-12-06-16-55,1150.6927
4792a6-NOZ543-12-07-16-44,1149.9178
4792a6-NOZ544-11-10-17-14,1062.4188
4792a6-NOZ544-12-13-17-25,936.2536
4792a6-NOZ545-12-05-17-28,1076.2622
4792a6-NOZ546-12-06-18-12,903.9772
4792a6-NOZ546-12-07-18-19,1038.7716
4792a6-NOZ547-11-10-18-33,949.45544
4792a6-NOZ547-12-13-18-38,933.7673
4792a6-NOZ549-12-06-19-25,1166.7758
4792a6-NOZ549-12-07-19-27,1014.22876
4792a6-NOZ550-11-10-19-55,1112.8185
4792a6-NOZ55J-11-25-18-41,1400.577
4792a6-NOZ56U-11-03-19-04,1586.4478
4792a6-NOZ5AY-11-10-09-32,1041.4137
4792a6-NOZ5PY-11-07-15-58,955.11865
4792a6-NOZ602-11-23-06-46,1020.2881
4792a6-NOZ605-11-10-06-30,1104.8329
4792a6-NOZ605-11-14-06-30,1102.076
4792a6-NOZ606-11-14-08-04,1053.281
4792a6-NOZ609-11-23-07-54,1067.6946
4792a6-NOZ612-12-31-12-34,1209.8506
4792a6-NOZ614-11-13-13-49,1171.1682
4792a6-NOZ623-11-13-12-31,1082.997
4792a6-NOZ625-12-31-13-58,997.9097
4792a6-NOZ626-11-11-16-52,1243.3395
4792a6-NOZ626-11-13-17-05,1151.5729
4792a6-NOZ626-11-17-16-47,1034.2065
4792a6-NOZ628-11-07-17-32,1158.7524
4792a6-NOZ631-11-11-15-20,1043.7046
4792a6-NOZ631-11-13-15-30,1091.524
4792a6-NOZ631-11-17-15-24,1143.7999
4792a6-NOZ632-11-16-18-18,980.3845
4792a6-NOZ634-11-13-19-51,1150.5739
4792a6-NOZ638-11-09-20-06,1075.682
4792a6-NOZ643-11-13-18-25,1064.67
4792a6-NOZ645-11-07-18-53,1056.5629
4792a6-NOZ7C-11-02-08-37,931.46704
4792a6-NOZ7C-11-07-08-44,920.96655
4792a6-NOZ7C-12-06-09-57,855.8767
4792a6-NOZ7C-12-29-09-33,849.80817
4792a6-NOZ8C-11-06-21-23,901.05774
4792a6-NOZ8C-12-18-22-03,1027.2361
4792a6-NOZ8ME-12-18-19-01,1273.9547
4792a6-NOZ9BH-11-06-12-14,1188.185
4792a6-NOZ9BH-12-18-12-46,1243.3971
4792d3-NOZ181-11-19-08-53,1105.4861
4792d3-NOZ181-12-05-06-04,1125.8707
4792d3-NOZ181-12-06-06-05,933.1726
4792d3-NOZ182-11-19-07-27,1098.0171
4792d3-NOZ182-12-05-07-46,1094.9032
4792d3-NOZ183-12-05-09-06,976.56647
4792d3-NOZ183-12-06-09-25,1012.0563
4792d3-NOZ191-12-02-17-12,1176.8975
4792d3-NOZ191-12-05-17-11,994.5637
4792d3-NOZ191-12-11-14-32,1124.3369
4792d3-NOZ1BG-11-05-06-05,1503.787
4792d3-NOZ1BG-11-26-06-06,1346.4933
4792d3-NOZ1BG-11-30-06-00,1271.9822
4792d3-NOZ1TT-11-21-14-43,999.7972
4792d3-NOZ1TT-12-12-14-37,1021.5038
4792d3-NOZ1TT-12-18-14-45,1024.1584
4792d3-NOZ1TT-12-28-14-40,1061.3665
4792d3-NOZ270-11-21-08-03,894.5649
4792d3-NOZ270-12-12-07-34,1082.3245
4792d3-NOZ271-11-21-06-19,824.23425
4792d3-NOZ271-11-23-06-08,978.66034
4792d3-NOZ271-12-12-06-04,868.608
4792d3-NOZ276-11-18-16-09,977.12146
4792d3-NOZ276-12-09-17-36,1068.3711
4792d3-NOZ277-11-18-18-14,801.3772
4792d3-NOZ277-12-09-19-02,878.8784
4792d3-NOZ278-11-22-19-15,1085.3376
4792d3-NOZ2FV-12-10-16-13,1123.3868
4792d3-NOZ2UC-12-15-16-34,1026.3875
4792d3-NOZ345-11-03-09-51,1562.7432
4792d3-NOZ345-12-20-10-33,1295.7068
4792d3-NOZ346-12-07-14-47,1463.7303
4792d3-NOZ346-12-08-14-58,1356.6394
4792d3-NOZ346-12-19-14-55,1553.5607
4792d3-NOZ347-12-07-16-43,1408.0902
4792d3-NOZ347-12-08-16-50,1454.8235
4792d3-NOZ347-12-19-17-11,1445.6792
4792d3-NOZ3TV-12-10-17-26,942.3937
4792d3-NOZ3VG-12-12-16-03,1007.89813
4792d3-NOZ3VG-12-18-16-06,1163.6824
4792d3-NOZ3VG-12-28-16-06,1047.8445
4792d3-NOZ40A-12-09-13-57,1057.1925
4792d3-NOZ4RZ-11-03-07-58,1682.9749
4792d3-NOZ4RZ-12-20-08-08,1470.0972
4792d3-NOZ50A-12-13-17-00,1638.7749
4792d3-NOZ522-11-16-06-00,974.4544
4792d3-NOZ522-12-01-06-02,981.1379
4792d3-NOZ523-12-21-06-32,1110.2324
4792d3-NOZ523-12-22-06-34,1141.8528
4792d3-NOZ525-11-16-07-31,952.7081
4792d3-NOZ525-12-01-07-22,886.592
4792d3-NOZ526-12-21-08-20,1163.359
4792d3-NOZ526-12-22-08-07,1054.134
4792d3-NOZ530-11-22-10-15,923.8939
4792d3-NOZ531-11-22-11-24,1084.5287
4792d3-NOZ532-12-21-11-07,1147.911
4792d3-NOZ532-12-22-11-05,1014.85205
4792d3-NOZ534-11-22-12-43,854.46594
4792d3-NOZ534-12-20-12-46,1160.7224
4792d3-NOZ535-12-21-12-37,1006.9099
4792d3-NOZ535-12-22-12-35,1089.3102
4792d3-NOZ536-12-21-14-21,986.4111
4792d3-NOZ536-12-22-14-57,1162.5741
4792d3-NOZ537-11-22-14-04,984.66846
4792d3-NOZ538-11-24-15-29,1092.5319
4792d3-NOZ540-11-29-16-05,907.1014
4792d3-NOZ541-12-21-15-45,1045.447
4792d3-NOZ541-12-22-16-38,1134.5769
4792d3-NOZ543-11-24-16-41,1125.327
4792d3-NOZ544-12-21-17-26,1142.8048
4792d3-NOZ545-11-29-17-27,914.1172
4792d3-NOZ546-11-24-18-34,1110.9858
4792d3-NOZ547-12-21-18-38,1175.1935
4792d3-NOZ549-11-24-19-40,1053.5443
4792d3-NOZ550-12-21-20-49,1129.8555
4792d3-NOZ55J-12-13-18-42,1287.8113
4792d3-NOZ56U-11-04-19-07,1323.5359
4792d3-NOZ56U-11-25-19-07,1375.1804
4792d3-NOZ56U-11-29-18-54,1486.8529
4792d3-NOZ5AY-12-21-09-33,1154.4631
4792d3-NOZ5AY-12-22-09-25,1046.2062
4792d3-NOZ5PY-11-21-16-11,1148.1816
4792d3-NOZ5PY-11-30-15-53,1067.0292
4792d3-NOZ602-11-24-06-29,1013.91455
4792d3-NOZ602-11-29-06-08,989.7036
4792d3-NOZ605-12-15-07-09,1176.017
4792d3-NOZ606-12-15-08-39,1019.12225
4792d3-NOZ607-12-19-07-13,1048.3971
4792d3-NOZ609-11-24-07-48,1269.199
4792d3-NOZ609-11-29-07-24,1137.6038
4792d3-NOZ625-12-10-14-57,990.0226
4792d3-NOZ628-11-21-17-41,1026.9868
4792d3-NOZ628-11-30-17-26,976.0278
4792d3-NOZ628-12-12-17-39,925.67395
4792d3-NOZ628-12-18-17-31,982.0211
4792d3-NOZ628-12-28-17-38,1084.2834
4792d3-NOZ638-12-14-20-23,1080.7394
4792d3-NOZ638-12-18-20-14,1013.18384
4792d3-NOZ639-11-17-17-31,1005.8263
4792d3-NOZ639-12-15-17-49,1038.3054
4792d3-NOZ645-11-21-18-52,1121.4114
4792d3-NOZ645-11-30-18-42,1085.2208
4792d3-NOZ645-12-12-18-57,1018.13947
4792d3-NOZ645-12-18-18-54,1069.4158
4792d3-NOZ645-12-28-18-53,1072.6897
4792d3-NOZ68L-11-11-19-26,1605.6642
4792d3-NOZ6TM-12-04-20-10,1038.2228
4792d3-NOZ6TM-12-05-18-54,1013.90173
4792d3-NOZ7C-11-21-09-10,787.76117
4792d3-NOZ8402-12-10-13-41,918.48566
4792d3-NOZ8921-12-15-10-33,898.96277
4792d3-NOZ8C-11-20-21-12,994.0217
4792d3-NOZ8C-12-11-21-51,1030.8463
4792d3-NOZ9BH-11-20-12-29,1042.6434
4792d3-NOZ9BH-12-02-15-44,1111.4441
4792d3-NOZ9BH-12-05-15-56,1150.3932
4792d3-NOZ9BH-12-11-12-51,1014.20544
4792d3-NOZ9PL-11-18-07-35,1234.9619
4792db-NOZ132-12-19-14-05,545.949
4792db-NOZ132-12-20-13-57,431.877
4792db-NOZ133-12-19-14-57,544.8318
4792db-NOZ133-12-20-14-54,565.7115
4792db-NOZ140-11-14-07-24,581.84644
4792db-NOZ141-11-14-08-18,1332.1017
4792db-NOZ144-12-01-14-54,593.3528
4792db-NOZ144-12-02-15-46,557.59375
4792db-NOZ145-12-01-16-01,455.7191
4792db-NOZ145-12-02-16-45,655.553
4792db-NOZ181-11-16-06-02,967.14667
4792db-NOZ181-12-13-06-18,958.70746
4792db-NOZ182-11-16-07-36,1041.1537
4792db-NOZ182-12-13-07-35,1050.7296
4792db-NOZ183-11-16-08-48,977.51447
4792db-NOZ183-12-13-08-58,983.181
4792db-NOZ191-11-08-17-02,1124.4631
4792db-NOZ191-12-12-17-15,1023.55963
4792db-NOZ1TT-11-22-14-45,1137.2971
4792db-NOZ270-12-26-07-41,1019.43225
4792db-NOZ276-11-04-16-09,1139.6475
4792db-NOZ276-11-15-16-01,1032.9962
4792db-NOZ276-12-30-16-11,969.2564
4792db-NOZ277-11-04-17-29,1033.2781
4792db-NOZ277-11-15-17-28,886.2412
4792db-NOZ277-12-30-17-25,974.8454
4792db-NOZ2BE-11-16-12-27,1525.5176
4792db-NOZ2DC-12-15-06-22,586.4281
4792db-NOZ345-12-04-10-18,1442.8268
4792db-NOZ345-12-05-10-09,1540.8038
4792db-NOZ345-12-27-09-55,1609.2147
4792db-NOZ345-12-29-10-09,1397.3315
4792db-NOZ346-11-10-14-39,1372.1151
4792db-NOZ347-11-10-16-34,1346.199
4792db-NOZ4HF-12-14-07-04,1080.1732
4792db-NOZ4HF-12-16-07-13,1105.6035
4792db-NOZ4RZ-12-04-08-17,1432.8558
4792db-NOZ4RZ-12-05-07-41,1508.0535
4792db-NOZ4RZ-12-27-07-51,1456.1567
4792db-NOZ4RZ-12-29-08-12,1332.0452
4792db-NOZ50A-11-01-16-32,1468.6019
4792db-NOZ50A-11-02-16-38,1488.1051
4792db-NOZ50A-11-24-16-59,1556.532
4792db-NOZ50A-11-30-16-27,1398.1299
4792db-NOZ50A-12-04-16-35,1464.3029
4792db-NOZ530-12-16-11-40,1262.2189
4792db-NOZ531-12-16-13-13,1171.5022
4792db-NOZ538-11-29-15-14,1188.0337
4792db-NOZ540-12-23-16-21,1121.3721
4792db-NOZ543-11-29-16-36,973.749
4792db-NOZ545-12-23-17-34,1111.6512
4792db-NOZ546-11-29-18-15,919.91425
4792db-NOZ549-11-29-19-25,1010.66876
4792db-NOZ55J-11-01-18-27,1254.4572
4792db-NOZ55J-11-02-18-36,1557.6233
4792db-NOZ55J-11-24-18-40,1507.106
4792db-NOZ55J-11-30-18-28,1494.6996
4792db-NOZ55J-12-04-19-34,1674.3663
4792db-NOZ5PY-11-22-16-07,1050.3302
4792db-NOZ601-12-14-05-46,1081.6041
4792db-NOZ601-12-16-05-49,1131.0814
4792db-NOZ602-12-07-06-10,1005.7216
4792db-NOZ605-12-21-06-40,1093.5746
4792db-NOZ606-12-21-08-27,1175.9664
4792db-NOZ607-12-22-07-04,1023.50616
4792db-NOZ608-12-14-09-49,921.14453
4792db-NOZ609-12-07-07-19,1054.8531
4792db-NOZ611-12-14-08-23,1098.201
4792db-NOZ611-12-16-08-48,1079.3221
4792db-NOZ612-11-05-12-23,1142.7233
4792db-NOZ612-11-19-12-25,1005.96716
4792db-NOZ612-12-14-12-39,1171.0691
4792db-NOZ612-12-16-15-18,1098.5143
4792db-NOZ612-12-21-12-40,1190.8549
4792db-NOZ617-12-14-11-18,1171.1803
4792db-NOZ617-12-21-11-13,966.20844
4792db-NOZ620-12-16-19-41,1198.9445
4792db-NOZ625-11-05-14-01,972.81555
4792db-NOZ625-11-19-13-54,1087.0719
4792db-NOZ625-12-14-14-02,1091.3872
4792db-NOZ625-12-16-17-33,1164.614
4792db-NOZ626-12-15-16-50,1063.0779
4792db-NOZ626-12-21-17-15,1152.1285
4792db-NOZ628-11-22-18-10,1156.6257
4792db-NOZ631-12-15-15-35,991.6141
4792db-NOZ631-12-21-15-24,925.51965
4792db-NOZ632-12-14-18-02,1022.7873
4792db-NOZ632-12-16-22-56,1114.7458
4792db-NOZ637-12-16-21-02,1116.0663
4792db-NOZ638-12-13-20-27,1094.7655
4792db-NOZ645-11-22-19-19,986.35864
4792db-NOZ6TM-11-15-18-45,1023.43195
4792db-NOZ6TM-12-12-18-49,1073.3474
4792db-NOZ7C-12-26-08-52,1106.4722
4792db-NOZ9BH-11-08-15-34,1107.1362
4792db-NOZ9BH-12-12-15-46,1202.9957
47945c-NOZ132-12-23-13-58,566.81006
47945c-NOZ132-12-26-13-04,589.5644
47945c-NOZ132-12-27-14-24,562.1544
47945c-NOZ132-12-30-14-02,484.1888
47945c-NOZ133-12-23-14-56,547.0193
47945c-NOZ133-12-26-13-57,551.63416
47945c-NOZ133-12-27-15-40,574.72156
47945c-NOZ133-12-30-14-58,590.8647
47945c-NOZ144-12-13-15-57,511.65118
47945c-NOZ145-12-13-16-55,543.8258
47945c-NOZ181-11-03-06-05,954.415
47945c-NOZ181-12-12-06-01,1104.957
47945c-NOZ182-11-03-07-36,1157.0918
47945c-NOZ182-12-12-07-35,1015.0993
47945c-NOZ183-11-03-08-58,930.3877
47945c-NOZ183-12-12-08-57,1087.6484
47945c-NOZ1YA-12-08-15-01,1144.4191
47945c-NOZ270-12-09-07-35,1009.91754
47945c-NOZ271-12-09-06-21,901.73175
47945c-NOZ276-11-02-15-58,1008.95044
47945c-NOZ277-11-02-17-25,987.36273
47945c-NOZ278-12-08-19-14,982.2325
47945c-NOZ27C-12-09-08-42,896.5382
47945c-NOZ2DC-12-20-05-59,506.035
47945c-NOZ2DC-12-22-05-58,496.59134
47945c-NOZ2DC-12-28-06-16,588.654
47945c-NOZ2DC-12-29-06-02,499.4215
47945c-NOZ2PC-12-17-08-21,912.9608
47945c-NOZ2UC-11-25-16-13,1100.9618
47945c-NOZ345-11-08-09-33,1448.9321
47945c-NOZ345-12-06-10-57,1376.1992
47945c-NOZ345-12-07-09-46,1578.8463
47945c-NOZ346-12-05-14-53,1555.414
47945c-NOZ346-12-06-14-32,1500.5654
47945c-NOZ347-12-05-16-59,1527.7987
47945c-NOZ347-12-06-16-41,1551.0039
47945c-NOZ3JE-12-20-06-57,535.63635
47945c-NOZ3JE-12-22-06-52,460.2388
47945c-NOZ3JE-12-28-07-05,678.3903
47945c-NOZ3JE-12-29-06-58,558.3546
47945c-NOZ40A-12-08-13-31,1073.725
47945c-NOZ4RZ-11-08-07-29,1535.123
47945c-NOZ4RZ-12-06-08-25,1577.857
47945c-NOZ4RZ-12-07-07-47,1662.6917
47945c-NOZ521-11-04-05-29,1074.9763
47945c-NOZ523-11-05-06-14,1202.7756
47945c-NOZ524-11-04-07-15,1242.2837
47945c-NOZ524-11-05-07-32,1285.5856
47945c-NOZ525-11-06-11-27,1119.299
47945c-NOZ530-11-25-09-51,986.9701
47945c-NOZ531-11-05-08-48,1223.5912
47945c-NOZ531-11-25-11-15,1119.571
47945c-NOZ531-11-30-11-05,911.479
47945c-NOZ532-11-05-10-19,1166.8746
47945c-NOZ534-11-06-13-14,1056.4847
47945c-NOZ534-11-25-12-47,1061.1364
47945c-NOZ534-11-30-12-34,895.38416
47945c-NOZ537-11-06-14-41,1117.5295
47945c-NOZ537-11-25-14-06,1109.3466
47945c-NOZ540-11-06-16-12,1056.2664
47945c-NOZ545-11-06-17-38,1305.538
47945c-NOZ546-11-06-19-05,1157.4719
47945c-NOZ550-11-03-21-24,1133.2695
47945c-NOZ555-11-06-20-25,1253.5956
47945c-NOZ602-11-30-06-12,931.4423
47945c-NOZ602-12-05-06-02,1029.9097
47945c-NOZ605-12-19-06-33,1163.3112
47945c-NOZ605-12-23-06-48,1051.2964
47945c-NOZ605-12-27-07-09,1089.3368
47945c-NOZ605-12-30-06-40,1049.8502
47945c-NOZ606-12-19-08-20,1159.2855
47945c-NOZ606-12-23-08-17,1075.6167
47945c-NOZ606-12-27-08-47,1198.6656
47945c-NOZ606-12-30-08-21,1074.486
47945c-NOZ608-12-17-11-07,1154.8239
47945c-NOZ608-12-18-09-55,1177.6404
47945c-NOZ608-12-24-09-38,1018.1924
47945c-NOZ609-11-30-07-34,977.893
47945c-NOZ609-12-05-07-27,1031.3733
47945c-NOZ609-12-17-09-37,1130.4999
47945c-NOZ609-12-24-07-46,1187.0037
47945c-NOZ609-12-31-07-23,1095.2148
47945c-NOZ611-12-18-08-42,1182.3867
47945c-NOZ612-12-18-12-28,1044.4384
47945c-NOZ617-12-18-11-17,1193.2013
47945c-NOZ620-12-18-15-31,1182.1093
47945c-NOZ625-12-18-14-06,1179.426
47945c-NOZ626-12-26-17-27,1065.1143
47945c-NOZ626-12-28-17-06,1105.7693
47945c-NOZ631-12-26-15-50,1101.66
47945c-NOZ631-12-28-15-31,1111.7041
47945c-NOZ632-12-18-18-15,1186.2167
47945c-NOZ637-12-18-16-50,1227.0715
47945c-NOZ639-11-25-17-31,1011.8619
47945c-NOZ647-12-18-19-34,1167.6567
47945c-NOZ648-12-18-21-16,1235.5643
47945c-NOZ6TM-11-02-18-49,1096.1832
47945c-NOZ6TM-12-11-20-15,1311.8707
47947c-NOZ144-11-17-15-03,554.1702
47947c-NOZ145-11-17-16-08,1218.0745
47947c-NOZ181-11-26-09-00,1037.2377
47947c-NOZ182-11-02-07-34,1102.8442
47947c-NOZ182-11-26-07-47,1144.0922
47947c-NOZ191-11-11-17-13,1130.2446
47947c-NOZ1BG-12-30-07-28,1367.5813
47947c-NOZ1KD-11-18-14-22,1251.9645
47947c-NOZ1TT-11-09-14-32,1236.7272
47947c-NOZ270-12-14-08-19,1101.4575
47947c-NOZ271-12-17-07-43,885.8533
47947c-NOZ276-11-01-16-02,882.2947
47947c-NOZ276-11-25-16-03,899.5796
47947c-NOZ276-12-28-16-18,949.7566
47947c-NOZ277-11-01-17-19,839.91486
47947c-NOZ277-11-25-17-28,859.4701
47947c-NOZ278-12-16-23-57,1002.71045
47947c-NOZ2DC-12-02-06-04,557.57306
47947c-NOZ2DC-12-06-06-20,546.0185
47947c-NOZ346-11-06-14-30,1599.8507
47947c-NOZ347-11-06-16-34,1533.6125
47947c-NOZ3DB-11-16-18-14,1131.2935
47947c-NOZ3JE-12-02-06-56,550.91187
47947c-NOZ3JE-12-06-07-13,513.8516
47947c-NOZ4HF-12-05-07-06,1193.5222
47947c-NOZ51Q-11-18-08-38,1294.2375
47947c-NOZ522-11-10-06-07,994.4352
47947c-NOZ525-11-10-07-22,1158.0016
47947c-NOZ538-11-22-15-31,1031.7766
47947c-NOZ538-11-28-15-18,1152.7983
47947c-NOZ543-11-22-16-45,992.54865
47947c-NOZ543-11-28-16-34,1225.7803
47947c-NOZ546-11-22-18-20,933.2604
47947c-NOZ546-11-28-18-18,1181.7561
47947c-NOZ548-11-20-18-48,1125.0112
47947c-NOZ549-11-22-19-31,864.04803
47947c-NOZ549-11-28-19-33,1147.3984
47947c-NOZ553-11-20-20-03,1147.3188
47947c-NOZ56U-12-29-20-08,1535.8613
47947c-NOZ5PY-11-09-15-55,1064.5156
47947c-NOZ601-11-22-05-32,1107.37
47947c-NOZ601-12-05-05-50,1013.6843
47947c-NOZ605-11-08-06-27,1183.3188
47947c-NOZ605-12-01-06-28,969.83685
47947c-NOZ606-11-08-08-02,1134.3507
47947c-NOZ606-11-21-08-29,1135.8755
47947c-NOZ606-12-01-07-59,931.5828
47947c-NOZ607-11-09-07-07,1162.5679
47947c-NOZ607-12-07-07-33,1158.653
47947c-NOZ608-12-03-09-17,1032.9476
47947c-NOZ608-12-05-09-46,1163.03
47947c-NOZ609-12-03-07-45,1166.4136
47947c-NOZ611-12-05-08-19,1106.6653
47947c-NOZ612-11-12-12-22,1168.7247
47947c-NOZ612-12-05-12-33,1177.7361
47947c-NOZ617-12-05-11-05,1048.6295
47947c-NOZ620-12-05-15-25,1078.3778
47947c-NOZ625-11-12-13-58,1223.9707
47947c-NOZ625-12-05-14-04,1124.1316
47947c-NOZ626-11-08-16-53,1110.8525
47947c-NOZ626-11-21-16-46,1003.6911
47947c-NOZ628-11-09-17-40,1127.9667
47947c-NOZ631-11-08-15-25,982.38684
47947c-NOZ631-11-21-15-29,880.32806
47947c-NOZ632-12-05-18-10,971.93884
47947c-NOZ637-12-05-16-54,1009.49365
47947c-NOZ638-11-30-20-06,1044.5253
47947c-NOZ645-11-09-18-56,1180.54
47947c-NOZ648-11-20-21-39,1163.8772
47947c-NOZ64N-11-02-17-02,1267.2017
47947c-NOZ68L-11-13-20-45,1688.1254
47947c-NOZ6MH-11-18-11-32,1301.3573
47947c-NOZ6TM-11-01-18-53,1092.1211
47947c-NOZ7C-12-14-09-36,874.61316
47947c-NOZ9BH-11-11-15-42,1304.0826
47947c-NOZ9T-11-18-16-55,1184.6191
4794f2-NOZ132-12-16-14-20,551.18176
4794f2-NOZ133-12-16-15-26,498.74008
4794f2-NOZ181-11-04-06-01,1011.04443
4794f2-NOZ181-11-07-06-05,1173.487
4794f2-NOZ181-11-08-06-01,1022.1893
4794f2-NOZ182-11-08-07-33,1088.6428
4794f2-NOZ183-11-04-09-01,1138.7498
4794f2-NOZ183-11-07-08-49,1011.26086
4794f2-NOZ183-11-08-08-46,986.3898
4794f2-NOZ183-12-11-08-39,1168.4822
4794f2-NOZ191-11-07-17-04,1024.1147
4794f2-NOZ191-11-10-17-06,1139.6838
4794f2-NOZ191-11-22-17-06,959.73914
4794f2-NOZ191-12-01-17-04,1130.1077
4794f2-NOZ191-12-22-17-29,1040.6193
4794f2-NOZ1BG-11-10-06-01,1348.6423
4794f2-NOZ1BG-11-28-06-05,1425.6189
4794f2-NOZ1BG-12-01-06-05,1520.1962
4794f2-NOZ1TT-12-13-15-05,1091.0361
4794f2-NOZ270-11-01-07-30,1041.0726
4794f2-NOZ271-11-01-06-06,963.7913
4794f2-NOZ272-12-11-16-07,1057.4288
4794f2-NOZ275-12-11-17-44,835.9255
4794f2-NOZ276-11-17-15-58,982.7484
4794f2-NOZ276-11-23-18-36,1097.3741
4794f2-NOZ277-11-17-17-35,861.9374
4794f2-NOZ277-11-23-19-44,890.82385
4794f2-NOZ2BE-11-02-12-35,1432.2925
4794f2-NOZ2DC-12-19-06-00,506.34976
4794f2-NOZ345-11-02-09-29,1344.666
4794f2-NOZ345-11-20-10-19,1491.1821
4794f2-NOZ346-11-01-14-29,1374.1532
4794f2-NOZ347-11-01-16-33,1464.4723
4794f2-NOZ3JE-12-19-06-53,515.56793
4794f2-NOZ4RZ-11-02-07-35,1297.3657
4794f2-NOZ4RZ-11-20-08-17,1572.0468
4794f2-NOZ50A-11-16-16-42,1518.3517
4794f2-NOZ50A-12-05-16-51,1598.8302
4794f2-NOZ530-11-09-09-47,911.5582
4794f2-NOZ530-11-10-09-54,1218.3031
4794f2-NOZ530-12-01-09-52,792.6743
4794f2-NOZ530-12-05-10-20,1082.5856
4794f2-NOZ530-12-07-10-01,1027.2959
4794f2-NOZ531-11-09-11-05,990.1836
4794f2-NOZ531-11-10-11-04,1083.9227
4794f2-NOZ531-12-01-11-05,973.1832
4794f2-NOZ531-12-05-11-28,1010.26575
4794f2-NOZ531-12-07-11-14,1001.9247
4794f2-NOZ534-11-09-12-35,991.3955
4794f2-NOZ534-11-10-12-42,1223.6201
4794f2-NOZ534-12-01-12-50,1038.2664
4794f2-NOZ534-12-05-12-54,1058.5472
4794f2-NOZ534-12-07-12-37,1082.5273
4794f2-NOZ537-11-09-14-00,980.7551
4794f2-NOZ537-11-10-14-00,1256.6139
4794f2-NOZ537-12-01-14-03,983.6024
4794f2-NOZ537-12-05-14-06,1091.6737
4794f2-NOZ537-12-07-13-59,1033.1149
4794f2-NOZ538-11-23-15-43,1053.8887
4794f2-NOZ540-11-09-16-09,1118.8956
4794f2-NOZ540-11-30-16-17,940.8642
4794f2-NOZ540-12-09-16-14,1012.549
4794f2-NOZ543-11-23-16-56,1117.1908
4794f2-NOZ545-11-09-17-21,928.86914
4794f2-NOZ545-11-30-17-24,878.9048
4794f2-NOZ545-12-09-17-41,1165.2668
4794f2-NOZ55J-11-16-18-38,1298.8303
4794f2-NOZ55J-12-05-18-55,1274.597
4794f2-NOZ56U-11-09-18-49,1304.3037
4794f2-NOZ56U-11-27-20-09,1681.6643
4794f2-NOZ56U-11-30-18-55,1422.2659
4794f2-NOZ601-11-16-05-34,1011.4605
4794f2-NOZ601-12-15-05-51,1064.6143
4794f2-NOZ602-11-22-06-32,1192.6296
4794f2-NOZ605-12-14-06-41,958.50275
4794f2-NOZ605-12-16-06-43,985.3159
4794f2-NOZ606-12-14-08-05,1070.147
4794f2-NOZ606-12-16-08-43,1119.7316
4794f2-NOZ607-12-21-07-02,1081.1385
4794f2-NOZ608-12-15-09-49,1024.8433
4794f2-NOZ608-12-29-10-20,1135.8751
4794f2-NOZ609-11-22-07-42,1007.0813
4794f2-NOZ611-12-15-08-24,1028.9679
4794f2-NOZ611-12-29-08-27,1125.099
4794f2-NOZ612-12-15-12-33,1084.3179
4794f2-NOZ612-12-20-12-33,1107.7606
4794f2-NOZ612-12-29-14-02,1041.1687
4794f2-NOZ614-12-18-14-00,1029.5463
4794f2-NOZ617-12-15-11-06,1206.8755
4794f2-NOZ617-12-20-11-01,1013.20703
4794f2-NOZ617-12-29-11-41,1121.2959
4794f2-NOZ620-12-15-15-27,1017.49445
4794f2-NOZ620-12-20-15-29,1061.7379
4794f2-NOZ620-12-29-17-43,1155.1964
4794f2-NOZ623-12-18-12-35,1078.8055
4794f2-NOZ625-12-15-14-05,1051.3236
4794f2-NOZ625-12-20-14-00,1093.5314
4794f2-NOZ625-12-29-15-29,1172.9198
4794f2-NOZ626-12-18-17-02,1058.2651
4794f2-NOZ626-12-19-17-41,1143.9103
4794f2-NOZ626-12-30-17-00,1073.3044
4794f2-NOZ631-12-18-15-35,1026.3713
4794f2-NOZ631-12-19-15-34,992.4537
4794f2-NOZ631-12-30-15-40,1062.1371
4794f2-NOZ632-12-15-18-11,1109.0015
4794f2-NOZ632-12-20-18-23,1059.0715
4794f2-NOZ634-12-18-20-02,1108.4846
4794f2-NOZ637-12-15-16-43,954.21375
4794f2-NOZ637-12-20-16-48,1032.0544
4794f2-NOZ638-11-15-20-22,964.368
4794f2-NOZ643-12-18-18-24,988.31665
4794f2-NOZ6MH-11-19-10-08,1243.5087
4794f2-NOZ6TM-11-03-19-00,1279.8187
4794f2-NOZ6TM-11-06-20-05,1211.9089
4794f2-NOZ6TM-11-07-18-44,1066.0345
4794f2-NOZ6TM-12-09-19-05,1071.2615
4794f2-NOZ7C-11-01-08-39,1039.3422
4794f2-NOZ8404-12-16-19-37,1212.6831
4794f2-NOZ9BH-11-07-15-34,1198.0728
4794f2-NOZ9BH-11-10-15-30,1327.644
4794f2-NOZ9BH-11-22-15-41,1052.7466
4794f2-NOZ9BH-12-01-15-33,1178.581
47956b-NOZ132-11-03-13-55,546.90204
47956b-NOZ133-11-03-15-03,612.0058
47956b-NOZ133-12-11-17-04,514.81836
47956b-NOZ133-12-22-15-10,507.86368
47956b-NOZ134-12-11-18-07,512.6598
47956b-NOZ183-12-16-13-11,1287.6571
47956b-NOZ1BG-11-09-06-04,1311.5956
47956b-NOZ1BG-11-21-06-22,1368.2268
47956b-NOZ1TT-11-14-14-29,1187.3114
47956b-NOZ276-11-11-16-01,928.0692
47956b-NOZ276-12-29-17-32,895.77594
47956b-NOZ277-11-11-17-31,949.59973
47956b-NOZ277-12-29-18-40,918.2679
47956b-NOZ2UC-12-05-16-06,1019.3539
47956b-NOZ345-12-30-10-10,1653.632
47956b-NOZ346-11-23-15-21,1468.9814
47956b-NOZ346-11-24-14-50,1508.5302
47956b-NOZ347-11-23-17-11,1479.7118
47956b-NOZ4HF-11-02-07-13,1240.9666
47956b-NOZ4RZ-12-30-07-41,1500.6365
47956b-NOZ50A-11-28-16-46,1784.6483
47956b-NOZ521-12-08-05-46,1037.2905
47956b-NOZ521-12-09-05-45,996.64294
47956b-NOZ521-12-12-05-33,1056.7013
47956b-NOZ521-12-13-05-27,1114.2448
47956b-NOZ521-12-14-05-33,1073.424
47956b-NOZ521-12-15-05-51,1116.4459
47956b-NOZ523-11-10-06-36,963.1234
47956b-NOZ523-12-16-07-43,1085.3688
47956b-NOZ524-12-07-07-13,852.9546
47956b-NOZ524-12-08-07-00,950.8051
47956b-NOZ524-12-09-07-10,1048.7262
47956b-NOZ524-12-12-07-09,1125.8694
47956b-NOZ524-12-13-07-00,1161.4509
47956b-NOZ524-12-14-07-06,895.79596
47956b-NOZ524-12-15-07-10,1004.828
47956b-NOZ530-11-18-09-51,942.3234
47956b-NOZ530-11-28-10-04,1121.326
47956b-NOZ530-12-18-09-30,1155.6959
47956b-NOZ531-11-18-11-17,1175.1512
47956b-NOZ531-11-28-11-15,1134.1743
47956b-NOZ531-12-18-08-07,1131.681
47956b-NOZ532-12-16-14-40,1095.4459
47956b-NOZ534-11-18-12-53,1238.8431
47956b-NOZ534-11-28-12-37,1217.588
47956b-NOZ535-12-16-17-00,1259.2336
47956b-NOZ536-12-16-19-29,1277.2048
47956b-NOZ537-11-18-14-09,959.30286
47956b-NOZ537-11-28-13-58,1168.9504
47956b-NOZ538-11-10-15-21,1177.9624
47956b-NOZ540-11-08-16-28,1211.1685
47956b-NOZ541-12-16-20-57,1196.0564
47956b-NOZ543-11-10-16-42,1089.7838
47956b-NOZ544-12-16-22-58,1198.7767
47956b-NOZ545-11-08-17-43,1261.7979
47956b-NOZ546-11-10-18-12,1146.6727
47956b-NOZ548-12-04-18-28,1082.9835
47956b-NOZ549-11-10-19-30,1087.8513
47956b-NOZ550-11-09-19-59,1054.3247
47956b-NOZ553-12-04-19-43,1044.7024
47956b-NOZ55J-11-28-18-42,1320.9941
47956b-NOZ56U-11-08-19-06,1532.2906
47956b-NOZ56U-11-20-20-23,1471.2899
47956b-NOZ5AY-12-18-11-03,1158.6627
47956b-NOZ5PY-11-14-15-56,1025.7832
47956b-NOZ601-11-02-05-43,1057.5692
47956b-NOZ605-11-01-06-41,1111.6798
47956b-NOZ606-11-01-08-02,909.2002
47956b-NOZ607-11-04-07-03,1285.5632
47956b-NOZ607-11-23-07-05,1312.0936
47956b-NOZ608-11-02-09-54,1166.4071
47956b-NOZ608-12-26-10-34,1145.7922
47956b-NOZ611-11-02-08-37,1033.0453
47956b-NOZ611-12-26-08-27,1330.4802
47956b-NOZ612-11-02-12-22,1019.01245
47956b-NOZ612-12-26-13-27,1244.9594
47956b-NOZ617-11-02-11-05,985.33594
47956b-NOZ617-12-26-11-52,1156.7783
47956b-NOZ620-11-02-15-22,1136.8441
47956b-NOZ620-12-26-16-14,1130.6477
47956b-NOZ625-11-02-13-57,1123.3457
47956b-NOZ625-12-26-14-44,1226.8146
47956b-NOZ626-11-01-16-55,1113.9126
47956b-NOZ626-11-22-17-40,1113.9503
47956b-NOZ628-11-14-17-39,1185.3733
47956b-NOZ631-11-01-15-24,943.2696
47956b-NOZ632-11-02-17-57,1118.9147
47956b-NOZ637-11-02-16-37,1103.5288
47956b-NOZ637-12-26-17-34,1250.6476
47956b-NOZ638-12-20-20-17,1048.6829
47956b-NOZ639-11-18-17-33,1069.9429
47956b-NOZ639-12-05-17-30,1009.8758
47956b-NOZ645-11-14-19-11,1167.5804
479d40-NOZ140-12-08-07-28,601.92065
479d40-NOZ140-12-09-07-09,1145.2754
479d40-NOZ140-12-21-07-12,508.96646
479d40-NOZ141-12-08-08-30,548.6429
479d40-NOZ141-12-09-08-22,1248.8271
479d40-NOZ141-12-21-08-08,1296.3191
479d40-NOZ142-12-11-13-40,548.6514
479d40-NOZ143-12-11-14-39,817.28937
479d40-NOZ144-12-05-15-53,661.10974
479d40-NOZ144-12-12-16-10,560.7678
479d40-NOZ144-12-21-15-54,536.8556
479d40-NOZ144-12-22-15-28,616.8285
479d40-NOZ145-12-05-16-55,635.74994
479d40-NOZ145-12-12-17-22,522.9319
479d40-NOZ145-12-21-16-55,761.78253
479d40-NOZ145-12-22-16-36,1350.4081
479d40-NOZ183-11-27-07-47,933.49677
479d40-NOZ1BG-12-02-06-07,1441.791
479d40-NOZ270-11-29-07-16,1106.973
479d40-NOZ271-11-29-06-01,893.10815
479d40-NOZ272-11-13-15-33,1006.4202
479d40-NOZ272-11-27-15-37,1001.5304
479d40-NOZ275-11-13-16-48,905.85016
479d40-NOZ275-11-27-16-53,1026.0281
479d40-NOZ276-11-03-15-58,1065.9512
479d40-NOZ277-11-03-17-22,914.58093
479d40-NOZ278-11-28-18-52,1023.3582
479d40-NOZ345-12-17-15-20,1503.2687
479d40-NOZ346-11-29-14-44,1449.0016
479d40-NOZ346-12-02-14-48,1623.6155
479d40-NOZ347-11-29-16-40,1340.9271
479d40-NOZ347-12-02-16-41,1348.0897
479d40-NOZ4RZ-12-17-12-20,1599.5281
479d40-NOZ522-11-02-06-00,851.655
479d40-NOZ525-11-02-07-20,1302.1678
479d40-NOZ530-11-11-09-55,1158.9851
479d40-NOZ531-11-11-11-21,1227.7095
479d40-NOZ534-11-11-12-41,1107.3098
479d40-NOZ537-11-11-14-01,1267.1166
479d40-NOZ538-11-07-15-22,1069.4406
479d40-NOZ538-11-09-15-16,896.9064
479d40-NOZ538-11-15-15-14,1125.6012
479d40-NOZ540-11-28-16-13,970.6621
479d40-NOZ543-11-07-16-40,1022.2893
479d40-NOZ543-11-09-16-33,910.966
479d40-NOZ543-11-15-16-45,992.1672
479d40-NOZ545-11-25-17-42,1295.7373
479d40-NOZ545-11-28-17-25,1013.57434
479d40-NOZ546-11-07-18-16,1002.2912
479d40-NOZ546-11-09-18-16,944.9144
479d40-NOZ546-11-15-18-16,1146.8422
479d40-NOZ549-11-07-19-36,1007.8892
479d40-NOZ549-11-09-19-26,1004.2043
479d40-NOZ549-11-15-19-27,1035.4315
479d40-NOZ602-12-15-06-58,970.4019
479d40-NOZ608-12-31-08-51,1125.2142
479d40-NOZ609-12-15-08-13,1076.9924
479d40-NOZ6TM-11-25-19-09,1134.3961
479d40-NOZ7C-11-29-08-44,850.9418
479d40-NOZ8ME-12-06-18-13,1211.8245
479ee7-NOZ132-12-05-13-57,539.19434
479ee7-NOZ133-12-05-15-01,536.93036
479ee7-NOZ194-12-11-19-04,1157.2911
479ee7-NOZ195-12-11-20-21,1080.592
479ee7-NOZ1TT-12-04-14-33,1015.92993
479ee7-NOZ270-12-13-07-49,936.908
479ee7-NOZ271-12-13-06-33,878.5159
479ee7-NOZ276-12-23-17-03,963.0396
479ee7-NOZ276-12-27-18-07,1026.6992
479ee7-NOZ277-12-23-18-16,882.6083
479ee7-NOZ277-12-27-19-19,926.5013
479ee7-NOZ278-12-12-18-56,1024.383
479ee7-NOZ345-12-01-09-38,1567.2158
479ee7-NOZ345-12-14-09-38,1541.9729
479ee7-NOZ346-12-13-14-48,1333.0135
479ee7-NOZ347-12-13-16-35,1574.0391
479ee7-NOZ3LH-12-08-09-44,825.1994
479ee7-NOZ4DG-12-08-20-47,935.9349
479ee7-NOZ4RZ-12-01-07-45,1603.5658
479ee7-NOZ4RZ-12-14-07-43,1653.5156
479ee7-NOZ50A-12-08-16-54,1662.951
479ee7-NOZ50A-12-29-17-57,1692.86
479ee7-NOZ540-12-12-16-25,893.93054
479ee7-NOZ545-12-12-17-43,907.4399
479ee7-NOZ55J-12-08-18-49,1504.3319
479ee7-NOZ55J-12-29-23-25,1534.5813
479ee7-NOZ5PY-12-04-15-54,1048.0547
479ee7-NOZ605-12-05-06-42,1025.3387
479ee7-NOZ605-12-06-06-42,1027.8563
479ee7-NOZ605-12-07-06-38,1097.0332
479ee7-NOZ605-12-08-07-09,1092.4082
479ee7-NOZ606-12-05-08-06,1049.0405
479ee7-NOZ606-12-06-08-23,957.1579
479ee7-NOZ606-12-07-08-01,1126.5468
479ee7-NOZ606-12-08-08-20,1069.3893
479ee7-NOZ607-12-09-07-00,1050.6198
479ee7-NOZ626-12-06-16-53,1179.1544
479ee7-NOZ628-12-04-17-24,1021.20166
479ee7-NOZ631-12-06-15-30,1017.57275
479ee7-NOZ638-12-04-20-19,1026.297
479ee7-NOZ639-12-11-17-40,1137.0913
479ee7-NOZ645-12-04-18-47,1141.5137
479ee7-NOZ7C-12-13-08-58,933.5797
47a039-NOZ132-11-18-14-04,533.6241
47a039-NOZ133-11-18-15-01,554.374
47a039-NOZ140-11-29-07-00,1189.361
47a039-NOZ140-12-02-07-15,596.9849
47a039-NOZ140-12-16-07-36,517.53796
47a039-NOZ141-11-29-08-04,1286.079
47a039-NOZ141-12-02-08-11,720.58105
47a039-NOZ141-12-16-08-44,597.8159
47a039-NOZ142-12-04-13-32,559.5942
47a039-NOZ143-12-04-14-29,1379.3743
47a039-NOZ144-11-29-15-48,580.78815
47a039-NOZ144-12-15-16-04,615.42834
47a039-NOZ145-11-29-16-42,1282.159
47a039-NOZ145-12-15-16-57,663.3911
47a039-NOZ181-11-10-06-26,967.23584
47a039-NOZ182-11-10-07-53,1077.9749
47a039-NOZ183-11-10-09-17,1138.6403
47a039-NOZ1BG-12-12-06-06,1390.5493
47a039-NOZ1BG-12-21-06-54,1288.4688
47a039-NOZ1BG-12-28-06-35,1390.8945
47a039-NOZ1BG-12-31-06-19,1481.0309
47a039-NOZ1TT-11-04-14-44,1121.9121
47a039-NOZ1TT-11-17-14-40,972.59393
47a039-NOZ1TT-11-24-14-46,1159.6781
47a039-NOZ1TT-12-06-14-43,1224.0845
47a039-NOZ1TT-12-07-14-52,1102.385
47a039-NOZ271-11-16-06-01,1029.465
47a039-NOZ272-11-06-15-24,985.56836
47a039-NOZ275-11-06-16-46,848.9842
47a039-NOZ276-11-09-15-58,914.0288
47a039-NOZ276-11-14-15-55,1148.7012
47a039-NOZ277-11-09-17-31,1043.0319
47a039-NOZ277-11-14-17-24,968.6142
47a039-NOZ278-11-15-18-55,1047.1261
47a039-NOZ2DC-11-01-05-57,585.6494
47a039-NOZ345-12-18-10-29,1637.9424
47a039-NOZ345-12-19-10-26,1546.741
47a039-NOZ346-12-28-14-58,1651.1299
47a039-NOZ347-12-28-16-59,1544.4232
47a039-NOZ3JE-11-01-06-58,605.304
47a039-NOZ3LH-11-25-13-11,876.836
47a039-NOZ3LH-11-26-07-32,886.63257
47a039-NOZ4HF-11-21-07-07,950.5517
47a039-NOZ4RZ-12-18-08-28,1677.2238
47a039-NOZ4RZ-12-19-07-53,1698.9302
47a039-NOZ50A-12-18-17-38,1632.0443
47a039-NOZ50F-12-05-09-48,1191.8009
47a039-NOZ538-11-16-15-18,1031.8672
47a039-NOZ540-12-20-16-51,1122.5219
47a039-NOZ543-11-16-16-49,1055.8306
47a039-NOZ545-12-20-18-15,1192.6156
47a039-NOZ545-12-27-17-49,1069.7936
47a039-NOZ546-11-16-18-12,1092.9854
47a039-NOZ549-11-16-19-28,904.54926
47a039-NOZ550-12-23-21-38,1208.5664
47a039-NOZ55J-12-18-20-38,1582.1367
47a039-NOZ56U-12-11-20-06,1458.7683
47a039-NOZ56U-12-20-19-54,1561.2112
47a039-NOZ56U-12-27-19-16,1639.1696
47a039-NOZ56U-12-30-19-42,1422.7229
47a039-NOZ5PY-11-04-16-15,1143.8062
47a039-NOZ5PY-11-17-15-58,1061.5742
47a039-NOZ5PY-11-24-16-05,1190.2615
47a039-NOZ5PY-12-06-15-59,1136.3134
47a039-NOZ5PY-12-07-16-10,1046.4734
47a039-NOZ601-11-21-05-35,961.7664
47a039-NOZ605-11-03-06-40,911.84143
47a039-NOZ605-11-18-06-31,1041.6664
47a039-NOZ605-11-25-06-48,1247.2979
47a039-NOZ606-11-18-08-06,1052.1282
47a039-NOZ606-11-25-08-21,1122.6407
47a039-NOZ607-11-22-07-05,1144.8246
47a039-NOZ607-11-28-07-02,1082.4596
47a039-NOZ608-11-21-10-05,1161.3231
47a039-NOZ611-11-21-08-20,1128.6318
47a039-NOZ612-11-21-12-32,1060.0774
47a039-NOZ614-11-27-15-08,1219.0779
47a039-NOZ617-11-21-11-13,1131.2108
47a039-NOZ620-11-21-15-29,1063.2113
47a039-NOZ623-11-27-13-39,1292.2194
47a039-NOZ625-11-21-14-01,1070.578
47a039-NOZ628-11-04-17-39,1095.4669
47a039-NOZ628-11-17-17-32,1060.4554
47a039-NOZ628-11-24-17-45,1125.5135
47a039-NOZ628-12-06-17-23,1161.5005
47a039-NOZ628-12-07-17-33,998.4952
47a039-NOZ632-11-21-18-08,1042.82
47a039-NOZ637-11-21-16-41,1158.0076
47a039-NOZ638-11-17-20-15,1013.5413
47a039-NOZ638-11-24-20-29,1137.0017
47a039-NOZ639-12-21-17-34,1326.5059
47a039-NOZ645-11-04-18-54,1093.7344
47a039-NOZ645-11-17-18-46,1081.6919
47a039-NOZ645-11-24-18-58,1089.3512
47a039-NOZ645-12-06-18-42,1193.0425
47a039-NOZ645-12-07-18-47,1077.7164
47a039-NOZ6CF-11-16-08-06,1398.5902
47a039-NOZ6TM-11-09-18-55,1188.191
47a05e-NOZ133-11-20-15-59,588.2623
47a05e-NOZ134-11-20-17-00,554.1394
47a05e-NOZ164-12-16-06-21,1298.0377
47a05e-NOZ172-12-18-11-56,1659.5488
47a05e-NOZ182-12-30-07-36,1114.8336
47a05e-NOZ183-11-13-07-52,1082.5529
47a05e-NOZ183-12-30-09-03,1106.4286
47a05e-NOZ191-11-02-17-04,1013.07983
47a05e-NOZ1BG-12-10-06-07,1539.7688
47a05e-NOZ1TT-12-15-14-57,1115.6542
47a05e-NOZ270-12-07-07-22,850.8422
47a05e-NOZ270-12-15-07-35,805.8763
47a05e-NOZ271-12-15-06-24,975.2336
47a05e-NOZ276-11-06-13-22,897.2286
47a05e-NOZ277-11-06-14-35,983.23755
47a05e-NOZ278-12-14-18-54,871.54425
47a05e-NOZ2GH-12-18-15-15,1096.9357
47a05e-NOZ2UC-11-14-15-59,987.6355
47a05e-NOZ2UC-11-29-16-00,1065.3173
47a05e-NOZ3VG-12-13-16-31,1160.8107
47a05e-NOZ3VG-12-15-16-16,1218.8104
47a05e-NOZ4RZ-12-12-07-39,1542.4412
47a05e-NOZ50A-12-11-16-57,1630.542
47a05e-NOZ521-11-18-05-38,1125.2206
47a05e-NOZ521-11-21-05-30,1011.68225
47a05e-NOZ521-11-22-05-30,940.5317
47a05e-NOZ521-11-23-05-33,1037.0139
47a05e-NOZ521-11-24-05-29,987.32697
47a05e-NOZ521-11-25-05-30,1108.9913
47a05e-NOZ521-12-05-05-45,1023.1128
47a05e-NOZ521-12-06-05-29,969.8179
47a05e-NOZ521-12-07-05-45,1005.9527
47a05e-NOZ523-12-01-06-26,1122.7393
47a05e-NOZ523-12-02-06-50,1119.5785
47a05e-NOZ524-11-17-07-11,1061.4662
47a05e-NOZ524-11-18-07-04,1069.1185
47a05e-NOZ524-11-21-07-11,1126.0293
47a05e-NOZ524-11-22-07-10,889.5104
47a05e-NOZ524-11-23-07-24,1062.659
47a05e-NOZ524-11-24-07-09,1085.1704
47a05e-NOZ524-11-25-06-58,956.8
47a05e-NOZ524-12-05-07-07,1095.0718
47a05e-NOZ524-12-06-07-21,918.37445
47a05e-NOZ525-11-27-11-29,1179.4341
47a05e-NOZ526-12-01-08-09,1032.2721
47a05e-NOZ526-12-02-08-14,1015.61017
47a05e-NOZ530-12-04-09-27,1138.7019
47a05e-NOZ531-12-04-07-59,950.861
47a05e-NOZ532-12-01-10-54,1002.99536
47a05e-NOZ532-12-02-11-09,1044.8857
47a05e-NOZ534-11-27-13-43,1188.8566
47a05e-NOZ535-12-01-12-30,1027.0688
47a05e-NOZ535-12-02-12-37,1037.1311
47a05e-NOZ535-12-04-13-35,1144.0907
47a05e-NOZ536-12-01-14-17,1016.8824
47a05e-NOZ536-12-02-14-13,1197.0804
47a05e-NOZ537-11-27-15-06,1095.6884
47a05e-NOZ538-12-04-15-03,1093.4106
47a05e-NOZ540-11-11-16-13,1198.0061
47a05e-NOZ540-11-16-16-09,1140.9657
47a05e-NOZ540-11-27-16-29,1048.7178
47a05e-NOZ541-12-01-15-41,944.6854
47a05e-NOZ541-12-02-15-59,1170.6564
47a05e-NOZ543-12-04-16-38,1134.2852
47a05e-NOZ544-12-01-17-08,1097.7479
47a05e-NOZ544-12-02-17-26,1148.6611
47a05e-NOZ544-12-04-18-06,1195.7712
47a05e-NOZ545-11-11-17-34,1199.0232
47a05e-NOZ545-11-16-17-29,997.312
47a05e-NOZ545-11-27-17-44,954.5262
47a05e-NOZ546-11-27-19-05,1020.9135
47a05e-NOZ549-12-04-19-33,1055.4857
47a05e-NOZ550-11-30-20-02,1013.302
47a05e-NOZ550-12-04-20-59,1082.6224
47a05e-NOZ555-11-27-20-27,1178.1277
47a05e-NOZ55J-12-11-18-50,1478.6554
47a05e-NOZ56U-12-09-19-23,1584.6995
47a05e-NOZ5AY-12-01-09-22,1161.2455
47a05e-NOZ5AY-12-02-09-27,1162.7596
47a05e-NOZ5AY-12-04-10-52,1092.7697
47a05e-NOZ607-12-20-07-09,1038.7657
47a05e-NOZ612-12-19-12-36,1191.2874
47a05e-NOZ617-12-19-11-06,1136.404
47a05e-NOZ620-12-19-15-48,1109.0056
47a05e-NOZ624-12-18-16-34,912.0192
47a05e-NOZ625-12-19-14-09,1081.8978
47a05e-NOZ626-12-16-17-30,1199.4492
47a05e-NOZ628-12-13-17-44,1150.8276
47a05e-NOZ628-12-15-17-41,1057.0647
47a05e-NOZ631-12-16-15-46,1253.0151
47a05e-NOZ632-12-19-18-55,1101.9435
47a05e-NOZ637-12-19-17-16,1099.0394
47a05e-NOZ638-12-12-20-16,1113.9731
47a05e-NOZ638-12-15-20-25,1017.0804
47a05e-NOZ639-11-14-17-24,978.3025
47a05e-NOZ639-11-29-17-21,1058.5085
47a05e-NOZ645-12-13-18-54,1125.2043
47a05e-NOZ645-12-15-18-54,1108.2177
47a05e-NOZ6TC-11-04-17-10,1609.1614
47a05e-NOZ6TM-11-11-19-02,1245.5005
47a05e-NOZ7C-12-07-08-44,851.5799
47a05e-NOZ7C-12-15-08-50,873.471
47a05e-NOZ9BH-11-02-15-37,1170.1813
47a097-NOZ181-12-08-07-41,1057.7357
47a097-NOZ182-12-08-09-26,1082.8627
47a097-NOZ183-12-08-11-14,1123.5948
47a097-NOZ271-12-20-07-05,944.6603
47a097-NOZ276-12-07-16-11,933.59644
47a097-NOZ277-12-07-17-27,814.3454
47a097-NOZ278-12-19-20-13,1152.2975
47a097-NOZ345-12-21-10-29,1613.3496
47a097-NOZ346-12-09-15-26,1611.2037
47a097-NOZ346-12-20-15-14,1651.0265
47a097-NOZ347-12-09-17-14,1480.3639
47a097-NOZ347-12-20-17-57,1593.1984
47a097-NOZ4HF-11-01-06-57,988.10754
47a097-NOZ4RZ-12-21-07-46,1575.7643
47a097-NOZ522-12-14-06-27,1088.667
47a097-NOZ523-12-10-06-07,1011.0264
47a097-NOZ523-12-11-06-53,908.8377
47a097-NOZ523-12-28-06-49,1133.6134
47a097-NOZ523-12-29-06-32,1018.17224
47a097-NOZ523-12-30-06-26,1076.6268
47a097-NOZ523-12-31-06-02,1006.28357
47a097-NOZ524-12-10-07-29,1110.3992
47a097-NOZ524-12-31-07-28,869.60925
47a097-NOZ525-12-14-07-39,1185.6982
47a097-NOZ526-12-28-08-27,1128.3528
47a097-NOZ526-12-29-08-35,1086.5088
47a097-NOZ526-12-30-08-13,1086.8516
47a097-NOZ531-12-10-08-47,1191.8734
47a097-NOZ531-12-31-08-55,1174.0676
47a097-NOZ532-12-10-10-15,1113.7122
47a097-NOZ532-12-28-11-19,1178.9247
47a097-NOZ532-12-29-11-46,1169.0616
47a097-NOZ532-12-30-11-04,1084.605
47a097-NOZ532-12-31-10-15,1064.8269
47a097-NOZ535-12-28-12-38,1226.6077
47a097-NOZ535-12-29-13-05,1153.2582
47a097-NOZ535-12-30-12-39,1189.474
47a097-NOZ536-12-28-14-17,1104.5548
47a097-NOZ536-12-29-14-42,1078.9403
47a097-NOZ536-12-30-14-22,1113.7849
47a097-NOZ540-12-19-17-06,1137.1705
47a097-NOZ541-12-28-15-42,1144.2179
47a097-NOZ541-12-29-16-04,1207.9327
47a097-NOZ541-12-30-15-57,1176.4926
47a097-NOZ544-12-27-17-42,1032.7661
47a097-NOZ544-12-28-17-32,1083.8955
47a097-NOZ544-12-29-18-16,995.5871
47a097-NOZ544-12-30-17-23,1136.6003
47a097-NOZ545-12-19-18-26,1069.0742
47a097-NOZ548-12-18-19-49,1211.8484
47a097-NOZ550-12-09-19-34,1111.6458
47a097-NOZ553-12-18-21-05,936.6616
47a097-NOZ5AY-12-28-09-37,1171.6539
47a097-NOZ5AY-12-29-10-00,1202.2552
47a097-NOZ5AY-12-30-09-33,1215.2028
47a097-NOZ601-11-01-05-34,1052.4364
47a097-NOZ602-12-22-06-12,1157.5896
47a097-NOZ607-11-02-07-55,1199.0822
47a097-NOZ608-11-01-09-39,956.83966
47a097-NOZ609-12-22-07-41,1127.7098
47a097-NOZ60M-12-18-16-05,1209.7311
47a097-NOZ611-11-01-08-23,1054.0089
47a097-NOZ612-11-01-12-22,937.88696
47a097-NOZ617-11-01-10-56,1093.7722
47a097-NOZ6TM-12-07-18-46,1063.7354
47a0bf-NOZ132-12-02-14-02,616.9585
47a0bf-NOZ133-11-13-15-49,555.93463
47a0bf-NOZ133-12-02-14-57,540.7077
47a0bf-NOZ134-11-13-16-53,463.8653
47a0bf-NOZ140-12-06-07-02,579.2341
47a0bf-NOZ141-12-06-08-04,528.11304
47a0bf-NOZ144-12-06-16-16,645.60925
47a0bf-NOZ145-12-06-17-12,481.83978
47a0bf-NOZ191-12-29-17-44,1161.1104
47a0bf-NOZ271-12-23-06-24,1060.2365
47a0bf-NOZ276-11-27-13-30,1082.7544
47a0bf-NOZ276-12-26-16-31,966.29004
47a0bf-NOZ277-11-27-14-41,920.1436
47a0bf-NOZ277-12-26-17-40,927.9736
47a0bf-NOZ278-12-22-20-35,983.9995
47a0bf-NOZ2GH-12-04-15-02,1125.4154
47a0bf-NOZ345-12-23-10-24,1615.0775
47a0bf-NOZ4HF-11-04-07-10,1138.7689
47a0bf-NOZ4HF-11-22-07-16,1188.9758
47a0bf-NOZ4HF-11-29-07-01,987.49005
47a0bf-NOZ4RZ-12-23-07-39,1601.2351
47a0bf-NOZ521-11-15-05-24,981.3375
47a0bf-NOZ521-11-16-05-30,1118.9166
47a0bf-NOZ521-12-16-06-06,1095.772
47a0bf-NOZ522-11-01-05-58,988.7724
47a0bf-NOZ523-11-14-06-36,924.3419
47a0bf-NOZ523-11-17-06-27,999.6718
47a0bf-NOZ523-11-18-06-39,1148.3617
47a0bf-NOZ523-11-20-06-38,1075.7965
47a0bf-NOZ523-12-18-06-28,1123.2269
47a0bf-NOZ524-11-15-06-53,959.6869
47a0bf-NOZ524-11-16-07-05,1029.7079
47a0bf-NOZ524-12-16-07-37,1008.4632
47a0bf-NOZ525-11-01-07-25,1164.18
47a0bf-NOZ526-11-14-08-03,858.98004
47a0bf-NOZ526-11-17-07-54,950.8784
47a0bf-NOZ526-11-18-08-03,1173.844
47a0bf-NOZ532-11-14-11-01,902.69104
47a0bf-NOZ532-11-17-11-06,974.48114
47a0bf-NOZ532-11-18-11-12,1102.6243
47a0bf-NOZ532-12-15-11-41,943.03314
47a0bf-NOZ535-11-14-12-35,868.1045
47a0bf-NOZ535-11-17-12-36,1257.4058
47a0bf-NOZ535-11-18-12-41,1068.0917
47a0bf-NOZ535-12-15-12-55,999.85895
47a0bf-NOZ536-11-14-14-11,1000.9721
47a0bf-NOZ536-11-17-14-23,1186.6875
47a0bf-NOZ536-11-18-14-32,1110.8833
47a0bf-NOZ536-12-15-14-19,945.28143
47a0bf-NOZ540-12-22-16-49,1161.1565
47a0bf-NOZ541-11-14-15-43,1026.3043
47a0bf-NOZ541-11-17-15-54,1204.0826
47a0bf-NOZ541-11-18-15-59,1166.2853
47a0bf-NOZ544-11-14-17-14,1041.2555
47a0bf-NOZ544-11-17-17-15,1245.5557
47a0bf-NOZ544-11-18-17-32,1133.26
47a0bf-NOZ544-12-15-17-18,967.25543
47a0bf-NOZ545-12-22-18-04,1186.6533
47a0bf-NOZ547-11-17-18-35,945.6923
47a0bf-NOZ547-12-15-18-34,907.18915
47a0bf-NOZ550-11-11-19-23,1070.8585
47a0bf-NOZ550-11-17-20-20,1131.2418
47a0bf-NOZ550-12-15-20-19,1017.4535
47a0bf-NOZ5AY-11-14-09-24,961.0338
47a0bf-NOZ5AY-11-17-09-20,978.26086
47a0bf-NOZ5AY-11-18-09-28,1097.7554
47a0bf-NOZ601-11-04-05-42,1047.1818
47a0bf-NOZ601-11-29-05-38,1012.336
47a0bf-NOZ602-11-10-05-57,1058.7073
47a0bf-NOZ605-11-23-06-29,1064.4539
47a0bf-NOZ605-11-28-06-29,1133.8927
47a0bf-NOZ605-12-02-06-36,1061.6512
47a0bf-NOZ606-11-03-08-23,1038.665
47a0bf-NOZ606-11-23-08-32,1141.314
47a0bf-NOZ606-11-28-08-02,1029.4146
47a0bf-NOZ606-12-02-08-09,1051.5444
47a0bf-NOZ607-11-07-07-05,1237.5571
47a0bf-NOZ607-11-24-07-13,1151.414
47a0bf-NOZ607-12-05-07-05,952.5832
47a0bf-NOZ608-11-04-09-49,1056.3801
47a0bf-NOZ608-11-22-09-50,959.5151
47a0bf-NOZ608-11-29-09-44,969.5443
47a0bf-NOZ609-11-10-07-27,963.9456
47a0bf-NOZ611-11-04-08-27,1071.8676
47a0bf-NOZ611-11-22-08-26,966.34155
47a0bf-NOZ611-11-29-08-20,1052.292
47a0bf-NOZ612-11-04-12-36,1118.9636
47a0bf-NOZ612-11-22-12-29,1053.5098
47a0bf-NOZ612-11-29-12-22,951.99786
47a0bf-NOZ614-11-06-14-06,1057.2443
47a0bf-NOZ617-11-04-11-08,1192.841
47a0bf-NOZ617-11-22-11-01,939.485
47a0bf-NOZ617-11-29-11-00,967.8827
47a0bf-NOZ620-11-04-15-21,1106.6187
47a0bf-NOZ620-11-22-15-55,1213.998
47a0bf-NOZ620-11-29-15-24,1113.2836
47a0bf-NOZ623-11-06-12-44,1000.2983
47a0bf-NOZ624-12-04-16-30,924.8437
47a0bf-NOZ625-11-04-14-06,1052.0239
47a0bf-NOZ625-11-22-13-59,1090.033
47a0bf-NOZ625-11-29-14-00,1097.1951
47a0bf-NOZ626-11-03-16-53,1086.7123
47a0bf-NOZ626-11-06-17-01,1068.2435
47a0bf-NOZ631-11-03-15-27,1041.7795
47a0bf-NOZ631-11-06-15-31,931.22955
47a0bf-NOZ631-12-01-15-21,1047.0668
47a0bf-NOZ632-11-04-18-02,1079.1554
47a0bf-NOZ632-11-22-18-21,1127.7275
47a0bf-NOZ632-11-29-18-07,984.86145
47a0bf-NOZ634-11-06-19-50,991.8993
47a0bf-NOZ637-11-04-16-44,1222.3038
47a0bf-NOZ637-11-22-17-08,1141.9515
47a0bf-NOZ637-11-29-16-43,992.6783
47a0bf-NOZ638-11-27-20-19,1020.0963
47a0bf-NOZ643-11-06-18-28,1064.8085
47a185-NOZ181-11-25-06-04,1109.0222
47a185-NOZ181-12-16-07-20,978.9454
47a185-NOZ182-11-25-07-32,1174.402
47a185-NOZ183-11-25-08-50,1101.706
47a185-NOZ194-11-20-18-50,1169.2452
47a185-NOZ195-11-20-19-58,1166.9562
47a185-NOZ1BG-12-19-06-52,1502.9552
47a185-NOZ270-12-08-07-35,901.017
47a185-NOZ271-12-08-06-23,915.62646
47a185-NOZ276-11-20-13-39,1084.7603
47a185-NOZ276-11-28-16-07,1023.9711
47a185-NOZ277-11-20-14-52,901.8273
47a185-NOZ277-11-28-17-20,807.6026
47a185-NOZ278-12-07-19-46,978.0947
47a185-NOZ2DC-11-08-06-00,532.9497
47a185-NOZ2GH-11-13-15-02,1101.343
47a185-NOZ2UC-11-02-15-59,1076.5387
47a185-NOZ2UC-11-20-16-08,1157.3889
47a185-NOZ345-11-07-09-38,1448.8853
47a185-NOZ346-11-18-14-36,1519.8354
47a185-NOZ347-11-18-16-31,1491.1584
47a185-NOZ347-11-30-16-45,1469.4042
47a185-NOZ3JE-11-08-06-56,626.38617
47a185-NOZ4HF-11-11-07-01,1181.3547
47a185-NOZ4HF-11-15-06-57,1057.8976
47a185-NOZ4RZ-11-07-07-39,1585.7235
47a185-NOZ50A-11-06-16-37,1704.9888
47a185-NOZ523-12-04-06-31,1011.9149
47a185-NOZ536-12-04-14-27,1021.98236
47a185-NOZ538-12-02-15-33,1191.8209
47a185-NOZ538-12-13-15-55,1151.3417
47a185-NOZ540-12-16-18-14,1300.0131
47a185-NOZ541-12-04-15-41,1189.1636
47a185-NOZ543-12-02-16-48,1078.9998
47a185-NOZ543-12-13-17-12,1088.4299
47a185-NOZ545-12-16-20-02,1281.2102
47a185-NOZ546-12-02-18-24,1080.0753
47a185-NOZ546-12-13-18-35,1131.144
47a185-NOZ549-12-13-19-54,1039.4219
47a185-NOZ55J-11-06-18-38,1609.102
47a185-NOZ56U-12-18-20-35,1671.9794
47a185-NOZ601-11-11-05-38,932.03485
47a185-NOZ601-11-15-05-39,1126.5902
47a185-NOZ605-11-16-06-33,1145.5632
47a185-NOZ606-11-16-08-06,1090.3608
47a185-NOZ607-11-17-07-01,1056.6724
47a185-NOZ608-11-11-09-45,1154.6013
47a185-NOZ608-11-12-08-57,1089.856
47a185-NOZ608-11-15-09-39,934.7901
47a185-NOZ609-11-12-07-30,1048.013
47a185-NOZ611-11-11-08-24,1061.244
47a185-NOZ611-11-15-08-19,1042.4434
47a185-NOZ612-11-11-12-33,1254.4998
47a185-NOZ612-11-15-12-24,907.2367
47a185-NOZ617-11-11-11-11,1103.9103
47a185-NOZ617-11-15-10-55,1161.271
47a185-NOZ620-11-10-15-25,1184.1995
47a185-NOZ620-11-11-15-24,1242.8439
47a185-NOZ620-11-14-15-29,1169.8302
47a185-NOZ620-11-15-15-23,1071.9297
47a185-NOZ624-11-13-16-25,1110.9543
47a185-NOZ625-11-10-14-06,1125.4752
47a185-NOZ625-11-11-14-05,1252.5487
47a185-NOZ625-11-14-14-07,977.72253
47a185-NOZ625-11-15-14-07,1097.6532
47a185-NOZ632-11-10-18-06,1146.6334
47a185-NOZ632-11-11-18-11,1177.4243
47a185-NOZ632-11-14-18-07,1088.0991
47a185-NOZ632-11-15-18-13,1003.0095
47a185-NOZ637-11-11-16-45,1111.8585
47a185-NOZ637-11-14-16-46,1003.8255
47a185-NOZ637-11-15-16-37,973.1236
47a185-NOZ638-11-07-20-14,1037.9474
47a185-NOZ639-11-02-17-20,1031.1262
47a185-NOZ639-11-20-17-22,1012.1153
47a185-NOZ67-11-10-16-50,1103.61
47a185-NOZ6TM-11-24-19-39,1138.2596
47a185-NOZ6TM-12-15-19-52,1174.1814
47a185-NOZ7C-12-08-08-47,807.92926
47a1ef-NOZ132-12-08-14-07,503.10968
47a1ef-NOZ132-12-09-14-08,538.56067
47a1ef-NOZ132-12-12-14-06,559.14014
47a1ef-NOZ133-12-08-15-11,534.5499
47a1ef-NOZ133-12-09-15-08,634.3452
47a1ef-NOZ133-12-12-15-00,522.6464
47a1ef-NOZ140-11-16-07-02,506.89874
47a1ef-NOZ140-11-21-07-14,533.2809
47a1ef-NOZ140-11-24-07-14,543.7664
47a1ef-NOZ140-11-25-07-07,1152.9504
47a1ef-NOZ140-12-20-07-10,593.0412
47a1ef-NOZ140-12-22-07-32,586.6324
47a1ef-NOZ140-12-23-07-11,557.35187
47a1ef-NOZ141-11-16-08-10,526.8516
47a1ef-NOZ141-11-21-08-05,1162.0404
47a1ef-NOZ141-11-24-08-05,504.3089
47a1ef-NOZ141-11-25-08-06,753.68353
47a1ef-NOZ141-11-28-08-05,694.88104
47a1ef-NOZ141-12-20-08-08,672.3296
47a1ef-NOZ141-12-22-08-23,568.38275
47a1ef-NOZ141-12-23-08-04,1424.4509
47a1ef-NOZ142-11-20-13-39,1342.483
47a1ef-NOZ143-11-20-14-35,576.9276
47a1ef-NOZ144-11-16-14-25,1307.6484
47a1ef-NOZ144-11-18-14-26,1476.6682
47a1ef-NOZ144-12-20-15-52,564.9737
47a1ef-NOZ145-11-16-16-55,551.0593
47a1ef-NOZ145-11-18-16-45,1294.2074
47a1ef-NOZ145-12-20-16-51,1236.6058
47a1ef-NOZ191-11-09-16-59,1047.6301
47a1ef-NOZ194-12-18-19-27,1247.1403
47a1ef-NOZ195-12-18-20-52,976.7144
47a1ef-NOZ1KD-11-17-14-12,1219.6536
47a1ef-NOZ1TT-11-01-14-31,1086.789
47a1ef-NOZ1TT-11-13-14-32,1017.6012
47a1ef-NOZ2DC-12-14-06-12,562.87366
47a1ef-NOZ345-11-27-10-21,1307.0105
47a1ef-NOZ3JE-12-14-07-05,511.58633
47a1ef-NOZ47Y-11-17-19-30,1232.4728
47a1ef-NOZ4RZ-11-27-08-16,1352.4885
47a1ef-NOZ50A-11-07-16-37,1334.5459
47a1ef-NOZ51Q-11-17-08-22,1212.5938
47a1ef-NOZ522-12-05-06-03,1086.9863
47a1ef-NOZ523-11-03-06-28,1114.4977
47a1ef-NOZ523-12-17-06-02,1170.9219
47a1ef-NOZ525-12-05-07-22,1255.4478
47a1ef-NOZ526-11-03-08-00,1120.5883
47a1ef-NOZ530-11-07-09-59,960.8942
47a1ef-NOZ531-11-07-11-17,995.2529
47a1ef-NOZ532-11-03-11-52,926.0447
47a1ef-NOZ534-11-07-12-43,956.41785
47a1ef-NOZ535-11-03-13-38,1093.5964
47a1ef-NOZ537-11-07-14-02,1064.9396
47a1ef-NOZ538-12-19-15-43,1071.8295
47a1ef-NOZ543-12-19-17-02,1244.1431
47a1ef-NOZ550-12-17-01-17,1169.5864
47a1ef-NOZ55J-11-07-18-44,1298.7645
47a1ef-NOZ5AY-11-03-09-19,1191.6864
47a1ef-NOZ5DP-11-18-06-35,1195.5579
47a1ef-NOZ5PY-11-01-16-00,1036.0342
47a1ef-NOZ5PY-11-13-16-00,1001.0192
47a1ef-NOZ605-12-09-06-48,1112.9918
47a1ef-NOZ606-12-09-08-30,1124.2781
47a1ef-NOZ606-12-13-11-10,1148.6362
47a1ef-NOZ607-11-14-07-18,1152.5547
47a1ef-NOZ607-12-15-07-20,1055.1996
47a1ef-NOZ608-12-11-10-01,1008.7218
47a1ef-NOZ611-12-11-08-39,1158.6815
47a1ef-NOZ612-12-11-12-46,1107.1721
47a1ef-NOZ617-12-11-11-15,1172.4481
47a1ef-NOZ620-12-11-15-46,1056.2065
47a1ef-NOZ620-12-13-16-40,1260.9371
47a1ef-NOZ625-12-11-14-11,1002.0284
47a1ef-NOZ625-12-13-14-58,1163.433
47a1ef-NOZ628-11-01-17-30,1172.869
47a1ef-NOZ628-11-13-17-32,1173.9789
47a1ef-NOZ631-12-14-15-28,1049.4036
47a1ef-NOZ632-12-11-18-25,1060.4928
47a1ef-NOZ632-12-13-19-40,1086.8102
47a1ef-NOZ637-12-11-17-07,1246.4414
47a1ef-NOZ637-12-13-17-56,1054.6556
47a1ef-NOZ638-11-13-20-33,1177.1885
47a1ef-NOZ638-12-06-20-16,954.7399
47a1ef-NOZ639-12-18-18-02,1075.4719
47a1ef-NOZ645-11-01-18-58,1039.3228
47a1ef-NOZ645-11-13-19-26,1061.9918
47a1ef-NOZ647-12-11-19-39,1096.1134
47a1ef-NOZ648-12-11-21-02,1054.6821
47a1ef-NOZ8400-11-02-21-18,1120.6335
47a1ef-NOZ9BH-11-09-15-33,1073.6438
47a1ef-NOZ9T-11-17-16-50,1141.8793
47a218-NOZ140-12-12-07-11,616.4196
47a218-NOZ141-12-12-08-13,570.9102
47a218-NOZ144-12-09-16-31,584.8726
47a218-NOZ145-12-09-17-23,1296.6913
47a218-NOZ181-11-14-06-24,987.44794
47a218-NOZ181-11-15-06-01,1072.3516
47a218-NOZ181-11-24-06-05,1190.5015
47a218-NOZ182-11-14-07-53,1039.859
47a218-NOZ182-11-15-07-38,968.27484
47a218-NOZ182-11-24-08-00,1226.5383
47a218-NOZ182-12-29-08-06,1117.7805
47a218-NOZ183-11-14-09-07,996.28485
47a218-NOZ183-11-15-08-53,941.84656
47a218-NOZ183-11-24-09-07,1126.3644
47a218-NOZ183-12-29-09-25,1115.9814
47a218-NOZ191-11-14-17-10,997.50867
47a218-NOZ1BG-12-05-06-01,1466.4696
47a218-NOZ276-11-10-15-53,1042.2119
47a218-NOZ276-12-02-15-57,987.3889
47a218-NOZ277-11-10-17-25,1004.5001
47a218-NOZ277-12-02-17-20,837.76465
47a218-NOZ345-12-11-10-16,1425.6986
47a218-NOZ4HF-11-18-07-15,1056.6287
47a218-NOZ4RZ-12-11-08-14,1437.9266
47a218-NOZ523-12-14-06-52,1016.51807
47a218-NOZ523-12-19-06-28,1167.0071
47a218-NOZ523-12-20-06-26,1011.15247
47a218-NOZ525-12-26-07-24,1138.3217
47a218-NOZ526-12-14-08-21,1013.2738
47a218-NOZ526-12-19-08-12,897.9924
47a218-NOZ526-12-20-07-58,1022.9631
47a218-NOZ530-12-02-10-13,1130.319
47a218-NOZ531-12-02-11-19,1091.7002
47a218-NOZ532-12-14-11-01,850.67194
47a218-NOZ532-12-18-12-42,1025.6508
47a218-NOZ532-12-19-11-04,971.9517
47a218-NOZ532-12-20-11-09,955.16943
47a218-NOZ534-12-02-12-42,1114.7377
47a218-NOZ535-12-14-12-31,1035.4257
47a218-NOZ535-12-18-13-57,1102.9591
47a218-NOZ535-12-19-12-31,1090.6566
47a218-NOZ535-12-20-12-41,1239.5177
47a218-NOZ536-12-14-14-19,1004.2346
47a218-NOZ536-12-19-14-22,1115.2919
47a218-NOZ536-12-20-14-26,1200.9885
47a218-NOZ537-12-02-13-55,1131.8351
47a218-NOZ538-12-18-15-29,1089.4352
47a218-NOZ541-12-14-15-46,1007.7959
47a218-NOZ541-12-19-15-45,916.31433
47a218-NOZ541-12-20-15-45,1164.2808
47a218-NOZ543-12-18-17-02,1275.8557
47a218-NOZ544-12-18-18-29,1311.394
47a218-NOZ544-12-19-17-34,1064.1971
47a218-NOZ544-12-20-17-46,1307.3577
47a218-NOZ547-12-20-18-57,1280.0974
47a218-NOZ548-11-27-18-35,1170.2722
47a218-NOZ549-12-18-19-38,1204.8696
47a218-NOZ550-12-13-20-25,1045.4127
47a218-NOZ550-12-18-21-06,1126.6909
47a218-NOZ550-12-20-20-20,1252.7928
47a218-NOZ550-12-30-19-33,1002.5776
47a218-NOZ553-11-27-19-57,1221.0552
47a218-NOZ56U-12-04-20-01,1485.3607
47a218-NOZ5AY-12-14-09-26,1068.2115
47a218-NOZ5AY-12-19-09-28,1169.033
47a218-NOZ608-11-18-10-03,1146.1171
47a218-NOZ608-11-19-08-57,1014.67065
47a218-NOZ608-11-20-09-46,1378.9478
47a218-NOZ609-11-19-07-35,1093.5192
47a218-NOZ611-11-18-08-35,1194.2905
47a218-NOZ611-11-20-08-24,1101.0189
47a218-NOZ612-11-18-12-40,1096.15
47a218-NOZ612-11-20-12-41,1035.8086
47a218-NOZ617-11-18-11-19,1127.9231
47a218-NOZ617-11-20-11-06,1136.5146
47a218-NOZ620-11-18-15-42,1092.7739
47a218-NOZ620-11-20-15-48,1116.2202
47a218-NOZ625-11-18-14-07,1080.7759
47a218-NOZ625-11-20-14-01,1039.6361
47a218-NOZ632-11-18-18-32,1090.1998
47a218-NOZ632-11-20-18-28,1113.5942
47a218-NOZ637-11-18-16-52,1125.1357
47a218-NOZ637-11-20-17-02,1162.8928
47a218-NOZ639-12-07-17-28,1061.1948
47a218-NOZ647-11-20-19-40,1239.5809
47a218-NOZ6TM-11-13-20-12,1223.1984
47a218-NOZ6TM-11-14-18-42,1127.0714
47a218-NOZ6TM-11-23-19-49,1116.1193
47a22c-NOZ133-12-04-15-57,633.3504
47a22c-NOZ134-12-04-16-58,584.0292
47a22c-NOZ140-11-17-07-06,532.57477
47a22c-NOZ140-11-18-07-14,532.27704
47a22c-NOZ141-11-17-08-01,1284.5812
47a22c-NOZ141-11-18-08-19,1269.2008
47a22c-NOZ144-11-11-15-46,564.4399
47a22c-NOZ144-11-14-15-50,506.32306
47a22c-NOZ145-11-11-16-48,660.3209
47a22c-NOZ145-11-14-16-46,1399.468
47a22c-NOZ271-11-02-06-23,1132.3761
47a22c-NOZ276-12-01-15-57,1167.3843
47a22c-NOZ277-12-01-17-20,773.2361
47a22c-NOZ278-11-01-18-44,844.0681
47a22c-NOZ2UC-11-04-16-05,1051.0953
47a22c-NOZ2UC-12-13-16-13,1017.23004
47a22c-NOZ2UC-12-27-16-17,1280.0989
47a22c-NOZ345-12-16-10-50,1533.3737
47a22c-NOZ44A-11-11-07-58,1222.86
47a22c-NOZ4RZ-12-16-07-59,1615.1531
47a22c-NOZ50A-12-15-18-01,1516.5304
47a22c-NOZ50A-12-16-19-02,1475.9054
47a22c-NOZ521-11-01-05-29,1114.2305
47a22c-NOZ522-11-07-06-06,1061.389
47a22c-NOZ522-11-30-06-05,1059.1248
47a22c-NOZ522-12-21-06-17,928.8181
47a22c-NOZ523-12-03-06-00,1143.4785
47a22c-NOZ523-12-05-06-40,993.1032
47a22c-NOZ523-12-06-06-30,976.35767
47a22c-NOZ523-12-07-06-36,809.1757
47a22c-NOZ523-12-08-07-03,1077.1445
47a22c-NOZ523-12-09-06-39,1088.9941
47a22c-NOZ524-11-01-06-58,1030.7389
47a22c-NOZ524-12-03-07-32,1149.7269
47a22c-NOZ525-11-07-07-20,1193.46
47a22c-NOZ525-11-30-07-26,1246.6824
47a22c-NOZ525-12-11-13-43,1197.1849
47a22c-NOZ525-12-21-07-31,1086.8474
47a22c-NOZ526-12-05-08-07,1015.4171
47a22c-NOZ526-12-06-08-30,1077.8379
47a22c-NOZ526-12-07-08-03,1097.5311
47a22c-NOZ526-12-08-08-27,915.7302
47a22c-NOZ526-12-09-08-16,880.424
47a22c-NOZ530-11-04-09-57,1322.0839
47a22c-NOZ531-11-01-11-26,1050.9005
47a22c-NOZ531-11-04-11-14,1152.8271
47a22c-NOZ531-12-03-08-51,1300.3142
47a22c-NOZ532-12-03-10-14,1160.3777
47a22c-NOZ532-12-05-10-58,1061.8452
47a22c-NOZ532-12-06-11-04,980.77527
47a22c-NOZ532-12-07-11-05,1120.2634
47a22c-NOZ532-12-08-11-11,1068.5751
47a22c-NOZ534-11-01-12-36,957.4635
47a22c-NOZ535-12-05-12-38,1034.2257
47a22c-NOZ535-12-06-12-40,933.38763
47a22c-NOZ535-12-07-12-40,997.53546
47a22c-NOZ535-12-08-12-31,1043.6139
47a22c-NOZ536-12-05-14-15,1085.7161
47a22c-NOZ536-12-06-14-17,942.4926
47a22c-NOZ536-12-07-14-33,987.6761
47a22c-NOZ536-12-08-14-13,1134.8868
47a22c-NOZ536-12-11-15-25,1192.7089
47a22c-NOZ537-11-01-13-56,815.9424
47a22c-NOZ537-11-04-14-00,1201.0332
47a22c-NOZ538-11-08-15-20,1179.0924
47a22c-NOZ541-12-05-15-44,1072.926
47a22c-NOZ541-12-06-15-43,944.6162
47a22c-NOZ541-12-07-15-44,1007.2585
47a22c-NOZ541-12-11-16-43,1183.3086
47a22c-NOZ543-11-08-16-44,1012.4451
47a22c-NOZ544-12-05-17-18,1046.448
47a22c-NOZ544-12-06-17-17,997.72894
47a22c-NOZ544-12-07-17-11,993.7671
47a22c-NOZ544-12-09-17-35,1159.9523
47a22c-NOZ546-11-08-18-11,1167.4331
47a22c-NOZ547-12-06-18-29,908.29016
47a22c-NOZ547-12-07-18-27,898.30273
47a22c-NOZ549-11-08-19-28,955.0062
47a22c-NOZ550-12-02-19-44,1175.1832
47a22c-NOZ550-12-06-19-59,892.36
47a22c-NOZ550-12-07-20-05,946.16077
47a22c-NOZ55J-12-15-20-03,1464.6372
47a22c-NOZ55J-12-16-21-18,1411.6816
47a22c-NOZ59B-11-18-10-48,1219.6387
47a22c-NOZ5AY-12-05-09-19,1065.7542
47a22c-NOZ5AY-12-06-09-47,1065.349
47a22c-NOZ5AY-12-07-09-26,923.845
47a22c-NOZ5AY-12-08-09-39,1104.6982
47a22c-NOZ5AY-12-09-09-26,1066.9988
47a22c-NOZ5PR-11-20-16-04,1197.6066
47a22c-NOZ606-12-22-08-25,1089.2811
47a22c-NOZ612-12-22-12-46,1060.7595
47a22c-NOZ617-12-22-11-14,1305.7582
47a22c-NOZ620-12-22-16-06,1144.6517
47a22c-NOZ625-12-22-14-11,1159.4492
47a22c-NOZ639-11-04-17-25,1177.0104
47a22c-NOZ639-11-22-17-49,1089.2142
47a22c-NOZ639-12-13-17-46,1095.4141
47a22c-NOZ639-12-27-17-43,961.3279
47a22c-NOZ6CF-11-02-08-01,1483.2043
47a31a-NOZ132-11-22-14-04,563.03625
47a31a-NOZ132-11-24-13-56,514.4764
47a31a-NOZ132-11-25-14-05,523.2364
47a31a-NOZ132-11-28-13-55,501.52435
47a31a-NOZ133-11-22-14-52,402.102
47a31a-NOZ133-11-24-14-55,535.59686
47a31a-NOZ133-11-25-15-04,585.8569
47a31a-NOZ133-11-28-14-57,480.02255
47a31a-NOZ181-12-03-08-53,1057.3497
47a31a-NOZ181-12-21-06-11,1033.6338
47a31a-NOZ182-12-03-07-34,1024.2856
47a31a-NOZ191-11-03-17-04,1163.8983
47a31a-NOZ1BG-11-03-06-01,1459.076
47a31a-NOZ271-11-30-06-00,849.2571
47a31a-NOZ276-12-20-16-04,855.89075
47a31a-NOZ277-12-20-17-29,985.84827
47a31a-NOZ278-11-29-18-50,949.03876
47a31a-NOZ2DC-11-25-06-05,527.4926
47a31a-NOZ2DC-12-08-06-15,567.646
47a31a-NOZ2KT-12-18-16-09,1164.15
47a31a-NOZ2UC-12-01-16-12,1097.6858
47a31a-NOZ345-11-21-09-57,1373.0322
47a31a-NOZ346-12-12-14-45,1564.1307
47a31a-NOZ347-12-12-16-42,1521.4203
47a31a-NOZ3JE-11-25-07-00,734.8957
47a31a-NOZ3JE-12-08-07-52,585.3759
47a31a-NOZ3TV-12-09-20-12,1100.2676
47a31a-NOZ4HF-12-09-07-00,1172.4436
47a31a-NOZ4RZ-11-21-08-02,1622.5028
47a31a-NOZ50A-11-20-16-44,1573.3228
47a31a-NOZ522-11-08-06-10,995.7608
47a31a-NOZ525-11-08-07-29,1168.6569
47a31a-NOZ530-11-02-09-52,971.19147
47a31a-NOZ530-11-03-09-59,1281.8313
47a31a-NOZ530-12-19-10-01,1011.7727
47a31a-NOZ531-11-02-11-08,843.88184
47a31a-NOZ531-11-03-11-15,940.02747
47a31a-NOZ531-12-19-11-14,1004.8074
47a31a-NOZ534-11-02-12-38,1199.4801
47a31a-NOZ534-11-03-12-36,1109.4318
47a31a-NOZ534-12-19-12-45,896.72723
47a31a-NOZ537-11-02-13-54,1087.2494
47a31a-NOZ537-11-03-13-55,1177.6976
47a31a-NOZ537-12-19-14-00,1021.87775
47a31a-NOZ538-12-14-15-38,1024.305
47a31a-NOZ540-11-02-16-12,1005.0607
47a31a-NOZ545-11-02-17-25,995.1791
47a31a-NOZ546-12-14-18-10,962.9892
47a31a-NOZ548-11-13-18-38,1140.0436
47a31a-NOZ549-12-14-19-26,934.1275
47a31a-NOZ553-11-13-20-01,1146.937
47a31a-NOZ55J-11-20-18-37,1580.4991
47a31a-NOZ56U-11-02-18-52,1436.4633
47a31a-NOZ601-12-09-05-36,928.5487
47a31a-NOZ602-12-12-06-15,1177.879
47a31a-NOZ607-11-29-06-58,1132.7217
47a31a-NOZ608-11-26-09-04,1200.9387
47a31a-NOZ608-11-27-09-47,1053.2582
47a31a-NOZ608-12-09-10-02,1151.674
47a31a-NOZ609-11-26-07-29,1116.2557
47a31a-NOZ609-12-12-07-31,1159.6722
47a31a-NOZ611-11-27-08-22,1137.9619
47a31a-NOZ611-12-09-08-21,1098.688
47a31a-NOZ612-11-27-13-56,1170.7152
47a31a-NOZ612-12-09-12-41,1149.4686
47a31a-NOZ617-11-27-11-11,1174.7814
47a31a-NOZ617-12-09-11-19,1199.8501
47a31a-NOZ620-12-09-15-56,1029.0704
47a31a-NOZ625-12-09-14-14,1089.9281
47a31a-NOZ626-11-27-17-06,1130.5267
47a31a-NOZ626-12-08-17-17,1106.605
47a31a-NOZ631-11-27-15-40,1157.0057
47a31a-NOZ631-12-08-15-33,1065.0605
47a31a-NOZ632-12-09-18-37,1036.3788
47a31a-NOZ634-11-27-19-59,979.68756
47a31a-NOZ637-12-09-17-10,1148.3191
47a31a-NOZ638-11-21-20-04,1219.2686
47a31a-NOZ638-12-07-20-18,1154.0493
47a31a-NOZ639-12-01-17-23,989.1572
47a31a-NOZ643-11-27-18-32,1082.2352
47a31a-NOZ6TM-12-20-19-17,1259.0087
47a31a-NOZ9BH-11-03-15-34,1167.174
47a32e-NOZ133-11-27-15-51,551.13367
47a32e-NOZ134-11-27-17-04,459.02194
47a32e-NOZ181-11-11-06-02,1188.3984
47a32e-NOZ181-11-18-06-10,1189.4344
47a32e-NOZ182-11-11-07-35,1227.4332
47a32e-NOZ182-11-18-07-41,1137.6409
47a32e-NOZ183-11-06-07-49,962.19244
47a32e-NOZ183-11-11-08-57,1148.5536
47a32e-NOZ183-11-18-08-59,1199.3558
47a32e-NOZ183-12-18-07-55,1116.5707
47a32e-NOZ191-11-15-16-56,1017.81744
47a32e-NOZ1BG-11-02-06-00,1298.0334
47a32e-NOZ1TT-11-16-14-37,1050.4548
47a32e-NOZ1TT-12-27-14-43,1139.8717
47a32e-NOZ1TT-12-30-14-33,1041.7333
47a32e-NOZ270-11-08-07-26,968.3598
47a32e-NOZ270-11-16-07-32,959.7534
47a32e-NOZ271-11-08-06-06,881.0462
47a32e-NOZ272-12-18-15-50,971.9673
47a32e-NOZ275-12-18-17-09,892.2292
47a32e-NOZ278-11-07-18-59,992.1709
47a32e-NOZ345-11-09-09-27,1568.8893
47a32e-NOZ346-11-08-14-27,1596.1365
47a32e-NOZ346-11-13-14-36,1642.9912
47a32e-NOZ347-11-08-16-33,1373.6077
47a32e-NOZ347-11-13-16-35,1614.6141
47a32e-NOZ3VG-12-30-16-01,1100.187
47a32e-NOZ4RZ-11-09-07-32,1458.0078
47a32e-NOZ521-11-28-05-24,1081.8774
47a32e-NOZ522-11-14-06-12,938.49255
47a32e-NOZ522-12-19-06-14,868.41907
47a32e-NOZ523-11-29-06-29,944.67596
47a32e-NOZ523-11-30-06-25,1033.7928
47a32e-NOZ524-11-28-07-20,1189.661
47a32e-NOZ525-11-14-07-33,1281.3367
47a32e-NOZ525-12-19-07-30,1168.4636
47a32e-NOZ526-11-29-07-53,888.5297
47a32e-NOZ526-11-30-07-50,1000.96246
47a32e-NOZ532-11-29-11-06,911.14716
47a32e-NOZ532-11-30-10-49,1025.6047
47a32e-NOZ535-11-29-12-29,966.23584
47a32e-NOZ535-11-30-12-31,1031.5599
47a32e-NOZ536-11-29-14-23,1025.54
47a32e-NOZ538-11-21-15-32,1029.6158
47a32e-NOZ538-12-15-15-30,1067.6188
47a32e-NOZ540-11-01-16-25,1169.3131
47a32e-NOZ540-11-04-16-14,1322.6084
47a32e-NOZ540-11-07-16-10,1186.1266
47a32e-NOZ541-11-29-15-41,1067.2963
47a32e-NOZ541-11-30-15-41,1007.3291
47a32e-NOZ543-11-21-16-40,875.56586
47a32e-NOZ543-12-15-16-49,1108.2429
47a32e-NOZ544-11-29-17-09,1119.7609
47a32e-NOZ544-11-30-17-19,1180.8645
47a32e-NOZ545-11-01-17-33,1020.2116
47a32e-NOZ545-11-04-17-35,964.9842
47a32e-NOZ545-11-07-17-29,1184.951
47a32e-NOZ546-11-21-18-13,1017.03955
47a32e-NOZ546-12-15-18-26,996.4727
47a32e-NOZ547-11-29-18-23,950.7638
47a32e-NOZ547-11-30-18-27,968.26556
47a32e-NOZ549-11-21-19-24,1105.8203
47a32e-NOZ549-12-15-19-34,873.1275
47a32e-NOZ550-11-25-19-28,1138.7103
47a32e-NOZ550-11-29-20-06,1059.902
47a32e-NOZ56U-11-01-18-48,1352.4717
47a32e-NOZ5AY-11-29-09-23,943.48615
47a32e-NOZ5PY-11-16-15-56,1041.7812
47a32e-NOZ607-11-03-07-01,1193.0386
47a32e-NOZ628-11-16-17-30,1089.8517
47a32e-NOZ628-12-27-18-45,1144.103
47a32e-NOZ628-12-30-17-43,1200.5588
47a32e-NOZ638-11-02-20-08,1320.4564
47a32e-NOZ639-11-23-17-51,1146.6594
47a32e-NOZ645-11-16-18-49,1063.2694
47a32e-NOZ645-12-27-20-02,1066.8903
47a32e-NOZ645-12-30-19-06,1009.8023
47a32e-NOZ6TM-11-10-19-02,1322.233
47a32e-NOZ6TM-11-17-19-27,1096.7123
47a32e-NOZ6TM-12-16-23-03,1260.6786
47a32e-NOZ7C-11-08-08-39,910.25916
47a32e-NOZ7C-11-16-08-49,866.2494
47a32e-NOZ93E-11-17-18-03,1246.588
47a32e-NOZ9BH-11-15-15-32,1135.4014
47a3b0-NOZ140-11-01-06-59,567.9487
47a3b0-NOZ140-11-02-07-06,503.92938
47a3b0-NOZ140-11-04-07-18,602.19116
47a3b0-NOZ140-11-07-07-14,504.0827
47a3b0-NOZ140-11-08-07-11,530.3144
47a3b0-NOZ141-11-01-07-58,605.6885
47a3b0-NOZ141-11-02-08-01,1275.981
47a3b0-NOZ141-11-04-08-13,1394.2592
47a3b0-NOZ141-11-07-08-14,1198.9111
47a3b0-NOZ141-11-08-08-07,456.75534
47a3b0-NOZ144-11-01-15-43,1318.0537
47a3b0-NOZ144-11-02-15-53,569.66693
47a3b0-NOZ144-11-03-15-12,427.16
47a3b0-NOZ144-11-08-15-48,482.31555
47a3b0-NOZ144-11-10-15-13,549.51105
47a3b0-NOZ145-11-01-16-48,1280.9427
47a3b0-NOZ145-11-02-16-45,747.15063
47a3b0-NOZ145-11-03-16-12,1332.0319
47a3b0-NOZ145-11-08-16-43,478.58255
47a3b0-NOZ145-11-10-16-10,643.9053
47a3b0-NOZ181-11-17-06-02,950.09863
47a3b0-NOZ181-11-29-05-59,1019.97125
47a3b0-NOZ182-11-17-07-35,1167.1082
47a3b0-NOZ182-11-29-07-34,1053.951
47a3b0-NOZ182-12-01-07-42,1102.6648
47a3b0-NOZ183-11-17-08-51,1083.0687
47a3b0-NOZ183-11-29-08-49,1046.5159
47a3b0-NOZ183-12-01-08-49,1094.8464
47a3b0-NOZ191-11-28-17-04,1179.6768
47a3b0-NOZ270-11-25-07-30,842.506
47a3b0-NOZ271-11-25-06-09,957.148
47a3b0-NOZ276-11-16-15-55,933.3164
47a3b0-NOZ276-11-30-15-52,924.851
47a3b0-NOZ277-11-16-17-20,785.9708
47a3b0-NOZ277-11-30-17-22,961.40735
47a3b0-NOZ278-11-24-19-09,1023.192
47a3b0-NOZ2UC-12-23-16-12,1075.8645
47a3b0-NOZ345-11-06-10-14,1628.6462
47a3b0-NOZ345-12-02-09-42,1520.4786
47a3b0-NOZ42U-11-11-07-06,1090.3939
47a3b0-NOZ4RZ-11-06-08-18,1430.6537
47a3b0-NOZ4RZ-12-02-07-41,1503.1056
47a3b0-NOZ50A-11-29-16-40,1688.0576
47a3b0-NOZ50A-12-02-16-47,1524.9437
47a3b0-NOZ522-11-21-05-58,939.16345
47a3b0-NOZ525-11-21-07-16,1212.2317
47a3b0-NOZ530-12-23-10-14,1171.7517
47a3b0-NOZ531-12-23-11-26,1110.7627
47a3b0-NOZ534-12-23-12-49,1192.7478
47a3b0-NOZ537-12-23-14-24,1144.1389
47a3b0-NOZ540-11-24-16-25,1007.41296
47a3b0-NOZ545-11-24-17-39,1232.729
47a3b0-NOZ545-12-28-17-31,1155.7513
47a3b0-NOZ548-12-11-18-49,1261.3701
47a3b0-NOZ54Z-11-11-12-38,1234.2041
47a3b0-NOZ553-12-11-20-03,1256.1245
47a3b0-NOZ55J-11-29-18-33,1215.184
47a3b0-NOZ55J-12-02-18-44,1249.117
47a3b0-NOZ60M-11-11-15-29,1284.6222
47a3b0-NOZ639-12-23-17-29,1117.2135
47a3b0-NOZ6TM-11-16-18-47,1245.3632
47a3b0-NOZ6TM-11-28-18-50,1089.9832
47a3b0-NOZ6TM-11-30-18-47,1209.1255
47a3b0-NOZ7C-11-25-08-44,953.9733
47a3b0-NOZ8ME-11-11-18-10,1241.0634
47a3b0-NOZ9BH-11-28-15-39,1273.444
47a50d-NOZ142-11-27-13-53,555.9771
47a50d-NOZ143-11-27-14-46,1293.0774
47a50d-NOZ144-12-27-15-52,603.3528
47a50d-NOZ144-12-28-15-53,545.64484
47a50d-NOZ144-12-30-15-54,478.74564
47a50d-NOZ145-12-27-17-10,584.5695
47a50d-NOZ145-12-28-16-56,776.4022
47a50d-NOZ145-12-30-16-55,523.4807
47a50d-NOZ181-11-05-08-55,1000.70435
47a50d-NOZ194-12-04-18-49,1182.2216
47a50d-NOZ195-12-04-20-09,1162.9664
47a50d-NOZ1BG-11-22-06-05,1471.2073
47a50d-NOZ1BG-11-25-06-17,1691.3207
47a50d-NOZ1BG-12-09-06-26,1549.7366
47a50d-NOZ1TT-12-09-14-39,968.71954
47a50d-NOZ270-11-09-07-26,847.83527
47a50d-NOZ276-12-04-13-42,1115.5525
47a50d-NOZ276-12-19-16-54,911.0465
47a50d-NOZ277-12-04-14-44,866.5696
47a50d-NOZ277-12-19-18-14,843.64954
47a50d-NOZ2UC-12-04-16-07,1081.0494
47a50d-NOZ2UC-12-06-16-40,1251.4622
47a50d-NOZ2UC-12-20-16-18,1160.2604
47a50d-NOZ346-11-25-14-41,1580.0477
47a50d-NOZ346-12-25-14-55,1480.5619
47a50d-NOZ347-11-25-16-30,1575.3118
47a50d-NOZ347-12-25-16-51,1343.4991
47a50d-NOZ3VG-12-09-16-03,1100.2133
47a50d-NOZ42U-12-15-07-12,1112.6956
47a50d-NOZ50A-12-12-16-49,1619.8263
47a50d-NOZ525-11-20-11-42,1072.1095
47a50d-NOZ534-11-20-13-34,1256.3702
47a50d-NOZ534-12-12-12-55,1089.705
47a50d-NOZ536-11-06-14-18,1053.3706
47a50d-NOZ537-11-20-14-53,1122.1317
47a50d-NOZ537-12-12-14-08,1027.8315
47a50d-NOZ540-11-20-16-29,1151.1852
47a50d-NOZ545-11-20-17-38,1173.1199
47a50d-NOZ546-11-20-19-31,1236.5262
47a50d-NOZ550-11-18-19-28,1201.8816
47a50d-NOZ555-11-20-20-37,1159.3647
47a50d-NOZ55J-12-12-18-35,1205.3386
47a50d-NOZ56U-11-21-19-16,1519.6719
47a50d-NOZ56U-11-24-19-12,1246.9314
47a50d-NOZ5PR-11-17-16-07,1163.2549
47a50d-NOZ628-12-09-17-40,1122.2972
47a50d-NOZ639-12-04-17-25,1169.9719
47a50d-NOZ639-12-06-17-48,1110.0409
47a50d-NOZ639-12-20-17-41,1071.4294
47a50d-NOZ639-12-22-18-07,1280.4137
47a50d-NOZ645-12-09-18-53,1176.1722
47a50d-NOZ66Y-12-18-18-24,1147.8481
47a50d-NOZ7C-11-09-08-41,957.6931
47a50d-NOZ8ME-12-15-20-18,1213.2098
47a50d-NOZ96F-12-15-22-32,1047.147
47a518-NOZ132-12-15-14-22,577.641
47a518-NOZ133-12-15-15-15,558.42456
47a518-NOZ164-12-15-06-36,1248.8755
47a518-NOZ1BG-11-14-06-16,1404.8448
47a518-NOZ1BG-11-23-05-56,1146.7357
47a518-NOZ1BG-12-17-07-08,1654.0776
47a518-NOZ1TT-11-08-14-31,1038.6635
47a518-NOZ1YA-12-16-17-45,1177.2347
47a518-NOZ271-11-12-07-35,838.5668
47a518-NOZ271-11-18-06-28,889.4331
47a518-NOZ276-12-08-16-16,874.5492
47a518-NOZ277-12-08-17-38,856.46783
47a518-NOZ278-11-11-18-57,963.4713
47a518-NOZ278-11-17-19-18,1179.9187
47a518-NOZ2BE-11-01-12-36,1561.3195
47a518-NOZ2DC-12-12-05-59,566.573
47a518-NOZ2DC-12-16-06-11,597.2376
47a518-NOZ2DC-12-21-05-58,517.61346
47a518-NOZ2UC-11-09-16-06,1255.5817
47a518-NOZ2UC-12-28-16-10,1080.5879
47a518-NOZ345-11-18-09-44,1520.1262
47a518-NOZ3JE-12-12-07-01,477.34607
47a518-NOZ3JE-12-16-08-34,631.1239
47a518-NOZ3JE-12-21-06-52,526.4859
47a518-NOZ4RZ-11-18-07-53,1557.8992
47a518-NOZ50A-11-18-16-41,1559.9255
47a518-NOZ522-12-07-06-18,1032.8643
47a518-NOZ525-12-07-07-35,1127.1721
47a518-NOZ536-11-20-14-31,1127.1925
47a518-NOZ538-12-22-16-12,1263.3229
47a518-NOZ540-11-22-16-32,889.98505
47a518-NOZ541-11-20-15-44,1115.0275
47a518-NOZ543-12-22-17-34,1156.496
47a518-NOZ545-11-22-17-37,1010.67725
47a518-NOZ55J-11-18-18-37,1463.1388
47a518-NOZ56U-11-13-20-05,1387.9761
47a518-NOZ56U-11-22-19-05,1232.8724
47a518-NOZ56U-12-16-23-56,1618.0276
47a518-NOZ5PY-11-08-16-00,973.48883
47a518-NOZ605-12-20-06-36,906.85516
47a518-NOZ605-12-22-06-39,1068.3927
47a518-NOZ606-12-20-08-12,1170.209
47a518-NOZ607-11-15-07-18,1150.7942
47a518-NOZ608-12-13-13-31,1123.4587
47a518-NOZ611-12-13-12-01,1053.0143
47a518-NOZ612-11-14-12-35,1088.1006
47a518-NOZ620-12-21-15-47,1159.3455
47a518-NOZ625-12-21-14-16,1165.6385
47a518-NOZ626-11-14-16-46,1039.179
47a518-NOZ626-12-11-17-41,1117.2828
47a518-NOZ626-12-12-17-01,1098.3241
47a518-NOZ626-12-13-16-58,1111.5173
47a518-NOZ626-12-20-17-07,1298.2797
47a518-NOZ628-11-08-17-24,1120.3473
47a518-NOZ631-11-14-15-27,1070.4169
47a518-NOZ631-12-11-15-58,1001.9401
47a518-NOZ631-12-12-15-31,942.84827
47a518-NOZ631-12-13-15-26,1114.869
47a518-NOZ631-12-20-15-27,1177.4731
47a518-NOZ632-12-21-19-02,1193.8326
47a518-NOZ634-12-11-20-12,1068.8036
47a518-NOZ637-12-21-17-06,1228.7504
47a518-NOZ638-12-19-20-20,982.5153
47a518-NOZ639-11-09-17-23,1030.2029
47a518-NOZ639-12-28-17-30,1013.3697
47a518-NOZ639-12-29-19-14,1104.7529
47a518-NOZ643-12-11-18-56,1180.4142
47a518-NOZ645-11-08-18-44,1077.7539
47a518-NOZ6TC-11-01-17-09,1672.7882
47a531-NOZ132-12-13-14-31,602.3263
47a531-NOZ133-11-06-15-50,618.8301
47a531-NOZ133-12-13-15-33,542.4063
47a531-NOZ134-11-06-17-05,499.1668
47a531-NOZ140-12-07-07-22,532.4319
47a531-NOZ140-12-15-07-28,736.56647
47a531-NOZ141-12-07-08-15,1332.5125
47a531-NOZ141-12-15-08-25,536.6428
47a531-NOZ144-12-07-16-28,577.2339
47a531-NOZ144-12-16-16-10,577.211
47a531-NOZ144-12-19-15-52,562.036
47a531-NOZ145-12-07-17-28,541.35114
47a531-NOZ145-12-16-17-19,569.50806
47a531-NOZ145-12-19-16-52,1298.1898
47a531-NOZ181-12-02-06-05,1040.342
47a531-NOZ182-12-02-07-43,902.24634
47a531-NOZ183-12-02-09-09,1101.0583
47a531-NOZ1TT-12-11-15-27,1193.2311
47a531-NOZ276-11-13-13-22,976.6329
47a531-NOZ277-11-13-14-39,905.1591
47a531-NOZ2GH-12-25-14-58,1208.7593
47a531-NOZ3VG-12-11-16-42,1108.1112
47a531-NOZ4HF-12-12-07-07,1013.3876
47a531-NOZ521-11-07-05-32,1054.983
47a531-NOZ521-11-09-05-29,1189.5074
47a531-NOZ521-11-10-05-29,1147.9141
47a531-NOZ521-11-17-05-29,1104.2913
47a531-NOZ523-11-08-06-33,1128.5258
47a531-NOZ523-11-11-06-28,1150.5392
47a531-NOZ523-11-12-06-00,1080.7736
47a531-NOZ523-11-13-06-30,1043.9103
47a531-NOZ523-11-19-06-01,1103.1498
47a531-NOZ523-11-21-06-52,1122.1587
47a531-NOZ523-11-22-06-25,1160.0569
47a531-NOZ523-11-23-06-29,1110.1185
47a531-NOZ523-11-24-06-34,935.9057
47a531-NOZ523-11-25-06-49,1194.9529
47a531-NOZ523-11-27-06-29,1038.5153
47a531-NOZ524-11-07-07-07,1130.1232
47a531-NOZ524-11-09-06-59,1149.7761
47a531-NOZ524-11-10-06-59,934.97284
47a531-NOZ524-11-12-07-21,898.54004
47a531-NOZ524-11-19-07-22,972.1743
47a531-NOZ526-11-08-08-04,1078.319
47a531-NOZ526-11-11-08-00,992.0503
47a531-NOZ526-11-21-08-29,1136.4578
47a531-NOZ526-11-22-08-14,1193.931
47a531-NOZ526-11-23-08-45,962.6395
47a531-NOZ526-11-24-08-23,1007.1698
47a531-NOZ530-11-20-09-26,1052.7349
47a531-NOZ531-11-12-08-37,936.21436
47a531-NOZ531-11-19-08-37,1184.3333
47a531-NOZ531-11-20-08-00,1042.7611
47a531-NOZ532-11-08-10-59,999.00775
47a531-NOZ532-11-11-11-04,1155.5328
47a531-NOZ532-11-12-10-08,1236.0775
47a531-NOZ532-11-19-10-06,1202.2836
47a531-NOZ532-11-20-12-25,1133.2197
47a531-NOZ532-11-21-11-12,1076.1089
47a531-NOZ532-11-22-11-12,1001.59766
47a531-NOZ532-11-23-11-10,1065.8651
47a531-NOZ532-11-24-11-11,940.9814
47a531-NOZ532-11-25-11-14,1073.2996
47a531-NOZ535-11-08-12-27,986.8347
47a531-NOZ535-11-11-12-31,1122.3774
47a531-NOZ535-11-20-13-37,1036.6532
47a531-NOZ535-11-21-12-35,876.82153
47a531-NOZ535-11-22-12-29,886.76056
47a531-NOZ535-11-23-12-30,959.01263
47a531-NOZ535-11-24-12-34,1079.0366
47a531-NOZ535-11-25-12-32,1174.8951
47a531-NOZ536-11-08-14-15,946.7747
47a531-NOZ536-11-11-14-14,1226.0914
47a531-NOZ536-11-16-14-59,1129.1655
47a531-NOZ536-11-21-14-17,931.62463
47a531-NOZ536-11-22-14-23,1061.0117
47a531-NOZ536-11-23-14-32,1197.1727
47a531-NOZ536-11-24-14-29,1014.72064
47a531-NOZ536-11-25-14-26,1179.6029
47a531-NOZ538-11-18-15-22,1054.4103
47a531-NOZ538-11-20-15-15,1190.7614
47a531-NOZ541-11-08-15-42,1098.21
47a531-NOZ541-11-11-15-48,1225.4248
47a531-NOZ541-11-16-16-31,1206.878
47a531-NOZ541-11-21-15-38,905.9613
47a531-NOZ541-11-22-15-46,1185.7139
47a531-NOZ541-11-23-15-45,1213.3647
47a531-NOZ541-11-24-15-47,1073.6417
47a531-NOZ541-11-25-15-55,1135.0483
47a531-NOZ543-11-18-16-41,1128.4967
47a531-NOZ543-11-20-16-39,1082.3226
47a531-NOZ544-11-08-17-14,1114.9117
47a531-NOZ544-11-11-17-20,1202.2015
47a531-NOZ544-11-16-17-43,1190.5122
47a531-NOZ544-11-20-18-25,1047.6707
47a531-NOZ544-11-21-17-16,884.7945
47a531-NOZ544-11-22-17-51,1069.228
47a531-NOZ544-11-23-17-45,1171.2183
47a531-NOZ544-11-24-17-14,1129.5734
47a531-NOZ544-11-25-17-20,1173.1908
47a531-NOZ545-12-30-17-52,1207.653
47a531-NOZ546-11-18-18-19,1026.7025
47a531-NOZ547-11-16-18-53,969.25
47a531-NOZ547-11-22-18-57,1068.4716
47a531-NOZ547-11-23-18-51,941.74554
47a531-NOZ547-11-24-18-30,1043.0553
47a531-NOZ549-11-20-19-45,1121.5634
47a531-NOZ550-11-04-20-06,1034.018
47a531-NOZ550-11-16-20-15,1188.9945
47a531-NOZ550-11-20-21-09,1020.59143
47a531-NOZ550-11-22-20-25,1183.1649
47a531-NOZ550-11-23-20-16,1109.6779
47a531-NOZ550-11-24-20-12,1035.1948
47a531-NOZ5AY-11-08-09-23,860.9565
47a531-NOZ5AY-11-11-09-18,1198.8167
47a531-NOZ5AY-11-20-10-46,1026.4556
47a531-NOZ5AY-11-21-09-32,992.8773
47a531-NOZ5AY-11-22-09-19,975.8034
47a531-NOZ5AY-11-23-09-52,1115.0638
47a531-NOZ5AY-11-24-09-32,987.9129
47a531-NOZ5AY-11-25-09-49,1197.2498
47a531-NOZ601-12-12-05-30,969.3674
47a531-NOZ602-11-15-06-15,961.2617
47a531-NOZ607-12-14-07-20,1053.4913
47a531-NOZ608-12-12-09-57,1164.8573
47a531-NOZ609-11-15-07-36,1055.7104
47a531-NOZ611-12-12-08-31,1108.2644
47a531-NOZ612-12-12-12-48,1037.1161
47a531-NOZ617-12-12-11-17,1112.9314
47a531-NOZ620-12-12-15-30,1073.4829
47a531-NOZ620-12-23-15-39,1172.6844
47a531-NOZ625-12-12-14-05,986.8362
47a531-NOZ628-12-11-18-00,1108.5017
47a531-NOZ632-12-12-18-07,1166.3467
47a531-NOZ632-12-23-18-47,1115.544
47a531-NOZ637-12-12-16-42,992.37823
47a531-NOZ637-12-23-16-48,1125.1566
47a531-NOZ638-12-11-20-50,1090.8812
47a531-NOZ645-12-11-19-22,1189.8276
47a531-NOZ64N-12-06-17-24,1200.2681
47a531-NOZ6TM-12-30-19-25,1047.6624
47a7a8-NOZ181-12-15-06-30,1123.4564
47a7a8-NOZ182-12-15-07-43,1100.7247
47a7a8-NOZ182-12-28-07-45,1082.1731
47a7a8-NOZ183-12-15-09-00,1157.4506
47a7a8-NOZ183-12-28-09-08,1113.4965
47a7a8-NOZ270-11-03-07-29,911.2442
47a7a8-NOZ271-11-03-06-08,1061.3395
47a7a8-NOZ276-11-07-16-03,840.97644
47a7a8-NOZ276-12-21-16-31,970.28076
47a7a8-NOZ277-11-07-17-22,900.3105
47a7a8-NOZ277-12-21-17-52,1018.7043
47a7a8-NOZ278-11-02-19-06,1008.92175
47a7a8-NOZ2DC-11-28-06-09,595.9123
47a7a8-NOZ2DC-12-30-06-12,575.2516
47a7a8-NOZ2GH-11-27-15-39,1134.2611
47a7a8-NOZ2KT-11-02-16-12,1298.5997
47a7a8-NOZ2UC-11-03-16-02,1174.7189
47a7a8-NOZ2UC-11-11-16-04,1232.7595
47a7a8-NOZ345-11-05-11-21,1548.1
47a7a8-NOZ345-11-10-09-47,1529.1074
47a7a8-NOZ346-11-16-14-35,1490.2385
47a7a8-NOZ346-11-17-14-39,1494.4849
47a7a8-NOZ347-11-16-16-36,1509.233
47a7a8-NOZ347-11-17-16-33,1481.4419
47a7a8-NOZ3JE-11-28-06-57,578.40607
47a7a8-NOZ3JE-12-30-07-05,592.76794
47a7a8-NOZ4HF-11-25-07-04,1074.6205
47a7a8-NOZ4HF-11-30-07-02,1279.708
47a7a8-NOZ4HF-12-01-06-58,1013.27686
47a7a8-NOZ4HF-12-02-07-06,836.8821
47a7a8-NOZ4RZ-11-05-09-28,1253.7346
47a7a8-NOZ4RZ-11-10-07-42,1599.5052
47a7a8-NOZ50A-11-09-16-36,1661.8727
47a7a8-NOZ50A-11-14-16-36,1519.6819
47a7a8-NOZ523-12-12-06-36,1086.7703
47a7a8-NOZ526-12-12-08-03,1073.697
47a7a8-NOZ526-12-13-07-57,868.47156
47a7a8-NOZ530-12-11-10-04,1157.596
47a7a8-NOZ531-12-11-08-48,1184.7153
47a7a8-NOZ532-12-11-13-18,1164.2721
47a7a8-NOZ532-12-12-11-20,1120.661
47a7a8-NOZ535-12-11-14-29,1137.3966
47a7a8-NOZ535-12-12-12-35,976.31696
47a7a8-NOZ536-12-12-14-23,1197.5106
47a7a8-NOZ538-12-09-15-28,991.21533
47a7a8-NOZ538-12-11-16-04,1045.1469
47a7a8-NOZ541-12-12-15-54,1059.8507
47a7a8-NOZ543-12-09-16-46,1141.1154
47a7a8-NOZ543-12-11-17-22,1206.5488
47a7a8-NOZ544-11-03-18-47,1273.7584
47a7a8-NOZ544-12-11-18-47,1164.6255
47a7a8-NOZ544-12-12-17-17,1104.0243
47a7a8-NOZ546-12-09-18-18,1064.0326
47a7a8-NOZ547-11-03-19-57,1175.9434
47a7a8-NOZ548-11-06-18-32,1021.09357
47a7a8-NOZ549-12-11-19-58,1093.8967
47a7a8-NOZ550-12-11-21-12,1159.3278
47a7a8-NOZ553-11-06-19-56,1084.841
47a7a8-NOZ55J-11-09-18-39,1455.6029
47a7a8-NOZ55J-11-14-18-34,1428.5121
47a7a8-NOZ5AY-12-11-11-26,1178.5397
47a7a8-NOZ5AY-12-12-09-20,1028.3041
47a7a8-NOZ5AY-12-13-09-17,1060.687
47a7a8-NOZ601-11-25-05-37,1068.5659
47a7a8-NOZ601-11-30-05-37,1000.63794
47a7a8-NOZ601-12-01-05-35,1128.483
47a7a8-NOZ601-12-02-05-31,1031.3633
47a7a8-NOZ605-11-29-06-34,1080.043
47a7a8-NOZ605-12-29-06-30,1070.1846
47a7a8-NOZ606-11-29-07-56,1039.8236
47a7a8-NOZ606-12-29-08-45,1152.8114
47a7a8-NOZ608-11-25-09-58,1164.9874
47a7a8-NOZ608-12-01-09-46,944.7803
47a7a8-NOZ608-12-02-10-17,1227.4115
47a7a8-NOZ611-11-25-08-30,1075.8463
47a7a8-NOZ611-12-01-08-21,1096.5133
47a7a8-NOZ611-12-02-08-32,1108.5931
47a7a8-NOZ612-11-25-12-40,1109.3245
47a7a8-NOZ612-11-30-12-18,1135.6237
47a7a8-NOZ612-12-01-12-41,1093.0828
47a7a8-NOZ612-12-02-12-47,1090.9283
47a7a8-NOZ612-12-28-13-11,1151.8167
47a7a8-NOZ614-12-04-14-00,984.3372
47a7a8-NOZ617-11-25-11-13,1135.6387
47a7a8-NOZ617-11-30-10-55,1086.1646
47a7a8-NOZ617-12-01-11-08,1224.0708
47a7a8-NOZ617-12-02-11-26,1178.2126
47a7a8-NOZ620-11-24-15-57,1165.646
47a7a8-NOZ620-11-25-15-26,1139.9349
47a7a8-NOZ620-11-30-15-29,979.0537
47a7a8-NOZ620-12-01-15-29,1063.9655
47a7a8-NOZ620-12-02-15-36,1170.5635
47a7a8-NOZ620-12-28-16-20,1201.2595
47a7a8-NOZ623-12-04-12-31,1102.3165
47a7a8-NOZ624-11-27-16-54,1096.6128
47a7a8-NOZ625-11-25-14-06,1019.1986
47a7a8-NOZ625-12-01-14-03,1248.614
47a7a8-NOZ625-12-02-14-08,1099.4268
47a7a8-NOZ625-12-28-14-41,1096.8777
47a7a8-NOZ626-11-28-16-44,1065.1573
47a7a8-NOZ626-11-29-16-55,1085.2753
47a7a8-NOZ626-12-04-17-03,1078.9437
47a7a8-NOZ626-12-29-17-15,1160.0571
47a7a8-NOZ631-11-28-15-24,1138.7274
47a7a8-NOZ631-11-29-15-27,1002.3548
47a7a8-NOZ631-12-04-15-32,1016.15643
47a7a8-NOZ631-12-29-15-22,1237.1636
47a7a8-NOZ632-11-24-18-41,1284.8308
47a7a8-NOZ632-11-25-18-12,1149.2557
47a7a8-NOZ632-11-30-18-03,978.9632
47a7a8-NOZ632-12-02-18-11,1056.7805
47a7a8-NOZ637-11-24-17-10,1169.8859
47a7a8-NOZ637-11-25-16-46,1086.9222
47a7a8-NOZ637-11-30-16-46,1060.8293
47a7a8-NOZ637-12-01-16-42,1035.8402
47a7a8-NOZ637-12-02-16-53,1079.515
47a7a8-NOZ639-11-03-17-28,1216.5385
47a7a8-NOZ639-11-11-17-38,979.76154
47a7a8-NOZ643-12-04-18-17,1048.1422
47a7a8-NOZ6TM-12-14-18-45,1118.4132
47a7a8-NOZ7C-11-03-08-44,819.1394
4aca0a-NOZ181-12-19-06-08,1091.6562
4aca0a-NOZ276-12-22-16-53,1184.6359
4aca0a-NOZ277-12-22-18-16,855.83154
4aca0a-NOZ538-12-29-16-10,1031.9249
4aca0a-NOZ543-12-29-17-34,1219.7074
4aca0a-NOZ546-12-29-19-16,1150.1469
4aca0a-NOZ549-12-29-20-31,1137.1176
4aca0a-NOZ6TM-12-18-20-20,1124.4811
4aca42-NOZ1YA-12-17-13-01,1112.7336
4aca42-NOZ639-12-19-17-41,1251.0009
4aca46-NOZ345-11-29-09-30,1299.6072
4aca46-NOZ346-11-28-14-42,1544.9637
4aca46-NOZ347-11-28-16-40,1549.4126
4aca46-NOZ4RZ-11-29-07-30,1410.1606
4aca46-NOZ538-12-01-15-35,1193.8055
4aca46-NOZ549-12-01-16-57,1071.6512
4aca46-NOZ602-12-01-06-06,972.55756
4aca46-NOZ609-11-28-07-29,1087.1791
4aca46-NOZ609-12-01-07-29,1177.2183
4aca47-NOZ270-11-04-07-25,933.50415
4aca47-NOZ271-11-05-07-46,946.64355
4aca47-NOZ271-11-09-06-13,1087.0145
4aca47-NOZ278-11-04-18-55,1100.2269
4aca47-NOZ278-11-08-18-52,1008.8769
4aca47-NOZ7C-11-04-08-45,1045.7802
4aca4a-NOZ2UC-11-16-16-01,1144.467
4aca4a-NOZ639-11-16-17-20,1082.6082
4aca4e-NOZ194-11-13-18-54,1191.7118
4aca4e-NOZ195-11-13-20-18,1171.6857
4aca4e-NOZ1BG-11-07-05-59,1575.5858
4aca4e-NOZ271-11-04-06-14,949.0085
4aca4e-NOZ278-11-03-18-59,1073.1854
4aca4e-NOZ2UC-11-13-16-04,1066.0288
4aca4e-NOZ345-11-24-09-53,1495.3749
4aca4e-NOZ4RZ-11-24-08-12,1602.6965
4aca4e-NOZ538-11-17-15-22,1013.7132
4aca4e-NOZ540-11-03-16-17,1196.8691
4aca4e-NOZ543-11-17-16-46,1017.8105
4aca4e-NOZ545-11-03-17-35,1117.4391
4aca4e-NOZ546-11-17-18-24,1132.4054
4aca4e-NOZ549-11-17-19-43,1064.9824
4aca4e-NOZ56U-11-06-19-59,1606.2612
4aca4e-NOZ639-11-13-17-28,1129.6766
4aca4f-NOZ191-12-16-19-50,1055.5266
4aca4f-NOZ346-12-18-14-54,1616.3202
4aca4f-NOZ347-12-18-17-50,1550.6005
4aca4f-NOZ40T-12-16-06-13,1007.886
4aca4f-NOZ534-12-11-13-35,1264.4974
4aca4f-NOZ537-12-11-15-01,1168.2834
4aca4f-NOZ540-12-11-16-24,1154.8024
4aca4f-NOZ545-12-11-17-37,1056.9681
4aca4f-NOZ546-12-11-19-11,1109.0886
4aca4f-NOZ555-12-11-20-31,962.6566
4aca4f-NOZ9BH-12-16-17-59,1234.2318
